Id,Name,Gender,Age
R1,Geraldine Speer,M,20
R2,Predato- Trump,M,20
R3,coolguy,M,20
R4,Ron cohen,M,20
R5,chris w,M,20
R6,One Percent Takers,M,20
R7,vpnvpninsvpn,M,20
R8,Michelle,M,20
R9,Tom Suozzi,M,20
R10,TD Opines,M,20
R11,Danny ,M,20
R12,C DOT R,M,20
R13,Geof Hamlin,M,20
R14,Tim Byers,M,20
R15,Thomas Shea,M,20
R16,Gary Greenberg,M,20
R17,Vito,M,20
R18,Dr. X Nova,M,20
R19,JJK,M,20
R20,eu4ria1,M,20
R21,@googeliart.bsky.social ,M,20
R22,Rocky Road,M,20
R23,LA,M,20
R24,Diana O,M,20
R25,The Vin Man,M,20
R26,The Matt McNeil Show,M,20
R27,Nolan Benedict,M,20
R28,Tango,M,20
R29,IncognitoNewt,M,20
R30,Doc Dayz,M,20
R31,"Vote Biden to save our democracy,our Freedoms",M,20
R32,John Martinlives,M,20
R33,Robin Messing,M,20
R34,don roberts,M,20
R35,DJ mellofello,M,20
R36,James Barnfield,M,20
R37,Joe Pugh,M,20
R38,Denise,M,20
R39,Johnny Freedom,M,20
R40,DAPPER DON DHARSHI  K A M I L ,M,20
R41,TheResistance,M,20
R42,Puppy,M,20
R43,Dan Schaefer,M,20
R44,Biggest,M,20
R45,Bo Snerdley,M,20
R46,BarrosLuco,M,20
R47,New York LI Republican ,M,20
R48,robjceo,M,20
R49,FloridaSandy,M,20
R50,Daisy Vance,M,20
R51,Yourconscience,M,20
R52,Miketvee13,M,20
R53,   NewsCat NO DMs   ,M,20
R54,Sanity Lane,M,20
R55,w.o.,M,20
R56,andrew March,M,20
R57,    ,M,20
R58,FormerRepublican,M,20
R59,Satsuki Hime,M,20
R60,Robert Howell ,M,20
R61,Bryan Castillo DC51st,M,20
R62,Amien,M,20
R63,paul worth,M,20
R64,Irving Pine,M,20
R65,superdavebeastula,M,20
R66,Oregon Republican ,M,20
R67,drainpipe,M,20
R68,Doc1323,M,20
R69,Tom Odell,M,20
R70,305Jits,M,20
R71,VERTEDERO,M,20
R72,John,M,20
R73,Mr. Deplorevole Disgraziato.,M,20
R74,Curly Bill Brocius,M,20
R75,Freedom of Speech ,M,20
R76,EnlightenedPaddy,M,20
R77,American Outlaw ,M,20
R78,KylieB,M,20
R79,The Drunk Republican,M,20
R80,Senga,M,20
R81,Greg,M,20
R82,Wondermentalista ,M,20
R83,Michelle4Flirt,M,20
R84,nuked350,M,20
R85,Byron Perkins,M,20
R86,"Erick Hayden, CEO",M,20
R87,ShawneesMan,M,20
R88,JohnCT/FL,M,20
R89,e,M,20
R90,Proud Latina Republican,M,20
R91,Andrew McAdoo,M,20
R92,Deborah Tilden,M,20
R93,Jeep guy,M,20
R94,Thomas Consolo,M,20
R95,Carolyn Sutton,M,20
R96,jade,M,20
R97,AKA DeeK,M,20
R98,FreedomFighter,M,20
R99,CommonSenseWA ,M,20
R100,Lisa Miller,M,20
R101,Rebecca Taylor,M,20
R102,Gtmag10,M,20
R103,D Osborne,M,20
R104,Booker G. Washington,M,20
R105,River Jensen,M,20
R106,Holly,M,20
R107,Carson Carpenter,M,20
R108,The Masterclass,M,20
R109,Donna ,M,20
R110,Onika Tanya Maximoff ,M,20
R111,House of Fire and Blood,M,20
R112,VFG Movie Reviews,M,20
R113,MAD LIB,M,20
R114,Cuddles Doctor G,M,20
R115,Gregor Hast ,M,20
R116,THM,M,20
R117,R Thomas Behnke,M,20
R118,Oso Republicano,M,20
R119,NY Persona Fans who are Republican Caucus ,M,20
R120,Kal - Lets make character matter again.,M,20
R121,VOTE  ,M,20
R122,Susan,M,20
R123,David Jonny Locke,M,20
R124,Ungovernable ,M,20
R125,Arguably Wrong,M,20
R126,Janey Kopecky,M,20
R127,Mary Jane Anderson,M,20
R128,LoveLucy ,M,20
R129,in their way,M,20
R130,Kara Dreamer,M,20
R131,THANK YOU MR. MUSK,M,20
R132,Mike Heffernan,M,20
R133,Em Cohen gazafunds.com,M,20
R134,Linda Greene,M,20
R135,Hannahlehigh,M,20
R136,TheBlueEyesWhiteAccountantCard,M,20
R137,stkbacca@att.net,M,20
R138,Sammy Marble,M,20
R139,Terry MAGA,M,20
R140,E-MOW-G,M,20
R141,Snap Crackel and Pop 86,M,20
R142,Ritch Barron,M,20
R143,Dont tread on me,M,20
R144,Richland County Democratic Party,M,20
R145,Jay Rogers ,M,20
R146,Daniel Bragg,M,20
R147,Florida Federation of Republican Women FFRW,M,20
R148,Your Independent Voice,M,20
R149,Mike Garcia Stan,M,20
R150,TIM Ray,M,20
R151,Shari,M,20
R152,DM,M,20
R153,ForAmerica,M,20
R154,Vindex,M,20
R155,DADDIEK,M,20
R156,Darth Vexitus,M,20
R157,John Arnold,M,20
R158,The Angry Patriot,M,20
R159,Jahhh,M,20
R160,Mary Miller Stan,M,20
R161,amerikanexile,M,20
R162,Russ,M,20
R163,Dave Hale - Concerned Republican,M,20
R164,Stephanie Dennis,M,20
R165,Dr. AJ Chrysanthemum,M,20
R166,BELLADONNA SAYS...,M,20
R167,Robert Watkins,M,20
R168,ZBreakingNewz,M,20
R169,"Son of David, Servant of The Most High",M,20
R170,Calicocaleb,M,20
R171,Jim Sheehy,M,20
R172,Kintaro.03,M,20
R173,WomensRights,M,20
R174,Forsyth County Republican Party,M,20
R175,Joe mama,M,20
R176,AJ Kerbel Disabled Republican Vote Red,M,20
R177,Robert MacIntosh,M,20
R178,Sherman Putterman,M,20
R179,Sen Kennedy ,M,20
R180,LeikusOrNot ,M,20
R181,MichaelUSA20 ,M,20
R182,Spunky0613,M,20
R183,Susan R,M,20
R184,Harry Burnsworth,M,20
R185,Marly Z Jurado,M,20
R186,Republican Anarchist Caucus ,M,20
R187,Ernest Reyes,M,20
R188,Karl Noel,M,20
R189,Shade Phosphorus,M,20
R190,Austin 2.0,M,20
R191,Tyrion Lannister - Hand of the King,M,20
R192,sam,M,20
R193,Jose Hernandez,M,20
R194,Pam Adkisson,M,20
R195,Grateful American MAGA/MAHA/DOGE,M,20
R196,Alfred C. Martino,M,20
R197,Jose Ortal,M,20
R198,The Dave,M,20
R199,MorningMorning,M,20
R200,Domestic Terrorist Grandma,M,20
R201,Country Girl,M,20
R202,anordinaryperson,M,20
R203,Eric Mrozek ,M,20
R204,Wehriskat ,M,20
R205,Binturong,M,20
R206,MarkEMark,M,20
R207,Jonathan P. Henderson,M,20
R208,George Wept,M,20
R209,Postal Sage,M,20
R210,karenhecht81@aol.com,M,20
R211,Magsfolly,M,20
R212,Kric ,M,20
R213,Alex Jones Cat,M,20
R214,Dr. Christina Johns,M,20
R215,Bear,M,20
R216,Ace,M,20
R217,Freedom is not free,M,20
R218,Kimberly Ferguson,M,20
R219,Sharon.,M,20
R220,Grumpy Old Al,M,20
R221,@MemphisGators58,M,20
R222,Steven Kale,M,20
R223,W.  Pro Israel Reagan Republican,M,20
R224,Voss749,M,20
R225,pascal molineaux,M,20
R226,Not Ryan,M,20
R227,CharlesinCT,M,20
R228,Drew Petersen: ANTIFA Director sarcasm you hope,M,20
R229,Immigrant Gay Republican ,M,20
R230,ClassicConservative ,M,20
R231,WayBeyond1984,M,20
R232,Ella R. Hall,M,20
R233,MBrooks,M,20
R234,Robert Davi,M,20
R235,Electric Sheep,M,20
R236,Virgilio Abueva,M,20
R237,kevinandre,M,20
R238,Brad Cummings,M,20
R239,Michelle,M,20
R240,Mike Thomas,M,20
R241,Robbie Sherwood,M,20
R242,Mountainstrong,M,20
R243,Vesper X,M,20
R244,tmckay,M,20
R245,Anti-MAGA Coalition ,M,20
R246,Super Bikino,M,20
R247,prydaone,M,20
R248,Kyle Schumann,M,20
R249,Suzanne Hoskins,M,20
R250,Gerald P,M,20
R251,Phoebej Vote out every last damn Republican ,M,20
R252,Doug Smith,M,20
R253,"Mark, Choose Kindness",M,20
R254,ang Pea,M,20
R255,LulabelleBlue ,M,20
R256,Sara  PETA KILLS,M,20
R257,"Dennis, Actual Antifascist",M,20
R258,Brad Connolly,M,20
R259,JoeyBonanno,M,20
R260,On the Cusp,M,20
R261,@RPh,M,20
R262,adrian f samuel,M,20
R263,Zachary Johnson,M,20
R264,Jack Brady,M,20
R265,LUHTF,M,20
R266,Edwin Madrigal,M,20
R267,JusPlainTalk101,M,20
R268,mary elizabeth,M,20
R269,JoeMomma,M,20
R270,Rick B,M,20
R271,Robert,M,20
R272,News World Wide,M,20
R273,Matheus Bonatto,M,20
R274,Mary D,M,20
R275,Guyjustin,M,20
R276,Mark Greko ,M,20
R277,TECH1,M,20
R278,NoCal.Chris,M,20
R279,Roe 70,M,20
R280,Izaskun Astoreka Lizarralde yes,M,20
R281,Brad38,M,20
R282,Gay Republican,M,20
R283,Paul DeAngelo,M,20
R284,JoltusManus,M,20
R285,John NHS FBPE TORYLIARS   ,M,20
R286,Draft Environmental Impact Report,M,20
R287,Republican Dave Roberts Fan,M,20
R288,Drew Bradsha,M,20
R289,ShadyJD,M,20
R290,John Ellis,M,20
R291,CAP1023,M,20
R292,Jim braselton,M,20
R293,Matt Bevan,M,20
R294,Greek,M,20
R295,Zap,M,20
R296,Avatar  @backavatar on ,M,20
R297,Tim Little,M,20
R298,Einsteins Daddy,M,20
R299,Cosmic Cowboy,M,20
R300,Capt. Gnarly,M,20
R301,OnlyPunsCEO,M,20
R302,A K,M,20
R303,Donnia,M,20
R304,Robin Newton,M,20
R305,Arthur Bloom,M,20
R306,-livier-,M,20
R307,Banks arent too big to fail,M,20
R308,Matthew Case,M,20
R309,Douglas Godfrey,M,20
R310,Anthony Terlizzi,M,20
R311,Jim Girard,M,20
R312,Lisa Freedman,M,20
R313,Chris Todd,M,20
R314,DeeF,M,20
R315,Marlene Lundquist,M,20
R316,CantSilenceBusbee,M,20
R317,Morons Are Governing America - Fascism is here,M,20
R318,Enzo the Baker,M,20
R319,Donna Yost,M,20
R320,Toby Tartaglione ,M,20
R321,JimBob McBoatFace,M,20
R322,Michael Fulmer,M,20
R323,Saras Politics,M,20
R324,Alex Vassar ,M,20
R325,Adil Haque,M,20
R326,Resolutely Sane,M,20
R327,jeremy,M,20
R328,deleted,M,20
R329,Jon Ralston,M,20
R330,Jumbo Elliott,M,20
R331,Norma mcdonald,M,20
R332,Frank White,M,20
R333,phil,M,20
R334,Matthew Bell,M,20
R335,Noah Formica,M,20
R336,sb17,M,20
R337,Florida Jolt,M,20
R338,Connie Dodson,M,20
R339,Casual LavaringX ,M,20
R340,Richard Pierce,M,20
R341,Chief,M,20
R342,Shut Up Drew,M,20
R343,cass,M,20
R344,Republican Politics Enjoyer,M,20
R345,CompassDrifter,M,20
R346,Andy Hough,M,20
R347,Harrison Blackburn,M,20
R348,Heavenly Motherr ,M,20
R349,Andy Anderson,M,20
R350,Stank McNasty,M,20
R351,Michael Burke,M,20
R352,Ultra MAGA Republican,M,20
R353,RN- prolife-Republican-100 Italian-,M,20
R354,Yeshua,M,20
R355,nick fierro,M,20
R356,AL Khammas,M,20
R357,Christopher Dowling,M,20
R358,Vicky Falls,M,20
R359,Matt,M,20
R360, POWER 2024 ,M,20
R361,Cynthia,M,20
R362,Andy,M,20
R363,Patricia,M,20
R364,Keith Miskie,M,20
R365,Jennifer Scott ,M,20
R366,D notabot s New Pic AKA Duckie ,M,20
R367,Opinionated Times,M,20
R368,TrueLiberal,M,20
R369,Dub Bwyer,M,20
R370,Kathy Cheperka,M,20
R371,Ricky Mac,M,20
R372,Sealtori,M,20
R373,Victoria Brownworth,M,20
R374,Jo Nomas,M,20
R375,G-LANT,M,20
R376,WeCannotBeSilent ,M,20
R377,Joanne Graves,M,20
R378,Vinny Machado,M,20
R379,Kvitka ,M,20
R380,American Eagle ,M,20
R381, Lauren Ashley Davis - OG Meidas Might ,M,20
R382,Domnic,M,20
R383,JDB,M,20
R384,The Cuban Dude,M,20
R385,old crank,M,20
R386,Freedom,M,20
R387,SirK   ,M,20
R388,The Unsilent Majority,M,20
R389,Led Zep,M,20
R390,Joshua Davis,M,20
R391,NYERINFL4,M,20
R392,Magoo,M,20
R393,Disaffected Elephant,M,20
R394,Salvatore Lucania,M,20
R395,Barbara,M,20
R396,sho2daPan,M,20
R397,Conservatism DNA,M,20
R398,Tim Bryant,M,20
R399,"Mega MAGA Republican Maplefritos, Esq. ",M,20
R400,Pufferfish Populist ,M,20
R401,Mario Areni,M,20
R402,Fernando de la Riva,M,20
R403,Salty Republican Rocker II,M,20
R404,Plaidypus,M,20
R405,Rep. Frederica Wilson,M,20
R406,DiscussWithBob  ,M,20
R407,Jacob ,M,20
R408,Gemini  Vibes,M,20
R409,ALL WE DO IS WIN ,M,20
R410,Dr Malady,M,20
R411,Alex Ballingall ,M,20
R412,Hows she cuttin,M,20
R413,steven,M,20
R414,Hannitys Guilty Conscience,M,20
R415,"Republican Party of Monroe County, WI",M,20
R416,Joseph,M,20
R417,Mary Miller,M,20
R418,,M,20
R419,Terri Green,M,20
R420,OldielocksNmo50,M,20
R421,Maya,M,20
R422,desert redbird ,M,20
R423,JEB,M,20
R424,Rufus the Exile,M,20
R425,UrbanistaRamon,M,20
R426,RepublicanRJL,M,20
R427,brandy rodgers,M,20
R428,Jacob McCandles,M,20
R429,Bill Adler,M,20
R430,Reinforced Human,M,20
R431,Dave  @incogneatos.bsky.social,M,20
R432,The Lawrence Times,M,20
R433,Liquor Pickled,M,20
R434,Sunshiny,M,20
R435,TRG,M,20
R436,Psalm Bravo,M,20
R437,BounceHouseGrillin,M,20
R438,Ohiomom,M,20
R439,YourMothersMustache,M,20
R440,LisaFLA8,M,20
R441,rareone,M,20
R442,Popitics,M,20
R443,Daniel Reid,M,20
R444,San Mateo County Republican Party,M,20
R445,Carolyn Hinds  FreePalestine CongoInCrisis,M,20
R446,Captain Caveman,M,20
R447,Truthstorm for America -WE ARE THE NEWS,M,20
R448,NTD News,M,20
R449,Kei,M,20
R450,Andy Sappington,M,20
R451,Monica Hendricks,M,20
R452,Munso Kahn,M,20
R453,ABrown,M,20
R454,LibertyFreedom,M,20
R455,John Armentrout,M,20
R456,Paul,M,20
R457,adam davis,M,20
R458,dogmatic 556,M,20
R459,OregonRancher  @oregonrancher.bsky.social,M,20
R460,Tyler Block ,M,20
R461,Tracking the Australian Right Wing,M,20
R462,The Lion,M,20
R463,Titmouse ,M,20
R464,,M,20
R465,DatChiGuy,M,20
R466,Alexandre Saradjian,M,20
R467,True Red Republican,M,20
R468,GuardianAxiom,M,20
R469,Republican Llama ,M,20
R470,Princess Buttercup II,M,20
R471,L ,M,20
R472,TRT Afrika,M,20
R473,KatLadyNE,M,20
R474,Andrew Smothers,M,20
R475,Republican Mom,M,20
R476,Jim Bouse,M,20
R477,,M,20
R478,bbsaabaru,M,20
R479,Just1Conservative,M,20
R480,Rob,M,20
R481,Regina Dramatica  ,M,20
R482,KAMI,M,20
R483,Whit,M,20
R484,ChainSnacha ,M,20
R485,Rusty Rockefeller,M,20
R486,Ben,M,20
R487,Donnell Williams,M,20
R488,Awake Patriot,M,20
R489,Epic,M,20
R490,Xavier Rojas,M,20
R491,VitaroSSJ,M,20
R492,Kimberly Moore,M,20
R493,Rob C,M,20
R494,Lain  oh my my my ,M,20
R495,High Horse,M,20
R496,Lori LMNLA,M,20
R497,Rick Atkinson,M,20
R498,Susan Robbins,M,20
R499,CTW,M,20
R500,Thomas Anderson,M,20
R501,Angry Husky,M,20
R502,XRPJourney,M,20
R503,Michael Drew ,M,20
R504,JustJW,M,20
R505,MarCare,M,20
R506,FinanceFeeds,M,20
R507,Momma,M,20
R508,urmotha,M,20
R509, ,M,20
R510,Gods Nunchuks,M,20
R511,S Robinson ,M,20
R512,Connor,M,20
R513,bbuckley,M,20
R514,Wind Info,M,20
R515,LawOrder ,M,20
R516,TheNakedTruthReport,M,20
R517,Ken Rush,M,20
R518,Steve-o,M,20
R519,Creamy Giblets,M,20
R520, THE WAC ,M,20
R521,The Generalissimo,M,20
R522,Better Scotusblog,M,20
R523,Cody,M,20
R524,Paul G,M,20
R525,James Mullen,M,20
R526,B.W. Macky,M,20
R527,Dylan Heflin,M,20
R528,Josh Stine Sr.,M,20
R529,1stBitcoin,M,20
R530,The Conservative American Peruvian roots,M,20
R531,John Fulton,M,20
R532,falconeddie9,M,20
R533,Maya Ezra,M,20
R534,some other jeff,M,20
R535,Ron Logue,M,20
R536,West Virginia Watch  bsky @westvirginiawatch.com,M,20
R537,Rebecca W,M,20
R538,Guylaine,M,20
R539,The Guardian,M,20
R540,danee010.stx,M,20
R541,Kristopher Williams,M,20
R542, Ruth  Taylor ,M,20
R543,D B Brown,M,20
R544,chalkboard teacher,M,20
R545,vamos,M,20
R546,Jon for President Trump- MAGA REPUBLICAN ,M,20
R547,XboxLive Republican,M,20
R548,SneakyBeaky,M,20
R549,Optimistic Prime,M,20
R550,James Anderson,M,20
R551,Yikes,M,20
R552,Douglas Baggett,M,20
R553,Marianne,M,20
R554,Robert Nelson,M,20
R555,M U G A I N B I O,M,20
R556,Dan,M,20
R557,Windmill Measles,M,20
R558,Boudreaux,M,20
R559,Randy Ingram,M,20
R560,Do You Grok ,M,20
R561,Pat Pat is short for Patricia,M,20
R562,Goose,M,20
R563,Politic-tees,M,20
R564,cathy Lynne,M,20
R565,Mitchell,M,20
R566,Maggie-Mae ,M,20
R567,Bigheavy3413,M,20
R568,PhanpyPampy,M,20
R569,305Votes,M,20
R570,HonestLee2020,M,20
R571,Jcon1,M,20
R572,People are finally waking up to Republican B.S.,M,20
R573,Marymarge,M,20
R574,PJ  Fightn the daily diatribe,M,20
R575,Normal,M,20
R576,True Patriot Voice,M,20
R577,WorleyGIG,M,20
R578,Bonjolee ,M,20
R579,CEG3,M,20
R580,Imal Oser,M,20
R581,BBsMom2003 ,M,20
R582,John Joyce Stan,M,20
R583,Zophie,M,20
R584,Angie Guthrie,M,20
R585,Suzanne@cookinmaama,M,20
R586,maths tutor 20,M,20
R587,Gary L Shults,M,20
R588,Tha Kaptin,M,20
R589,Marguerite Fair Talk Show Artist,M,20
R590,Every circus needs a Carney,M,20
R591,annie1946,M,20
R592,Papo,M,20
R593,P0tH3adPun15her92 On XBL,M,20
R594,Dripdrip,M,20
R595,jwmgregory,M,20
R596,Moby Dick,M,20
R597,rdr ,M,20
R598,Al Carbo,M,20
R599,Republican Women of Mercer County ,M,20
R600,RobJ5731,M,20
R601,Delbert Earl Myers,M,20
R602,Jerm,M,20
R603,Otto,M,20
R604,Roscoe The Republican,M,20
R605,Ginny Fidler ,M,20
R606,Charles Chiedu,M,20
R607,ideogenetic,M,20
R608,The Bear Pundit,M,20
R609,Barkley,M,20
R610,Sixbeats,M,20
R611,Sabrina,M,20
R612,sparkles,M,20
R613,kelly flowers,M,20
R614,A,M,20
R615,Flashygalflushing ,M,20
R616,59Corvette,M,20
R617,OverBenthousand,M,20
R618,Second Hand News 45-47,M,20
R619,Dusty Bootes,M,20
R620,JackSplatt,M,20
R621,CommonSense,M,20
R622,Freedom Sticks,M,20
R623,conservative Republican Veteran,M,20
R624,Its X MF,M,20
R625,Malcolm C,M,20
R626,Sara Tonyn,M,20
R627,MaryJoanParc,M,20
R628,Bruce Thomson,M,20
R629,Meghan ,M,20
R630,Republican Party of Duval County,M,20
R631,HairyLip,M,20
R632,Dennis Smith,M,20
R633,Tim Wirtz,M,20
R634,ShermansMarch,M,20
R635,Joyreaper,M,20
R636,Hachi,M,20
R637,Roberto Rodriguez,M,20
R638,nikka,M,20
R639,Based Media,M,20
R640,X-tangot296,M,20
R641,Republican Reflections,M,20
R642,The Patriot Hammer,M,20
R643,David Timmons,M,20
R644,Shane Bagley,M,20
R645,Robert L Morgan,M,20
R646,Carol Hopke     carolhopke.bsky.com ,M,20
R647,mordicai,M,20
R648,Resist hateful GOP policies,M,20
R649,Life is School/Former Republican Mark 12:28-31,M,20
R650,Joseph Frusci,M,20
R651,Lily INDIGO   ,M,20
R652,Ted B,M,20
R653,MinnieDArc,M,20
R654,Ben Idan,M,20
R655,Brian Hahn,M,20
R656,GGT,M,20
R657,Banana Republican,M,20
R658,Edward Lovelock,M,20
R659,Tyler Chacon,M,20
R660,TheRealTPaine,M,20
R661,Swamp Monster,M,20
R662,Mr. Bob ,M,20
R663,Mel J,M,20
R664,Doug Michalek,M,20
R665,Ralph Hartman,M,20
R666,Brian Riley,M,20
R667,kp,M,20
R668,ProudRepublican99,M,20
R669,.,M,20
R670,yorkshirepud,M,20
R671,Allan Margolin,M,20
R672,john doe,M,20
R673,Auston Bunsen,M,20
R674,Sharp stick in the eye,M,20
R675,TK-422 Currently-At-My-Post,M,20
R676,yaminashi,M,20
R677,rabidnarcissists,M,20
R678,Jamie Sears,M,20
R679,Jack H. Knox,M,20
R680,Ann Meyerno blue checkrepublican,M,20
R681,Sumner,M,20
R682,Thomas Lenigan,M,20
R683,Antonia Harris/Walz 2024,M,20
R684,Onliesteverwho,M,20
R685,Ashley Cox,M,20
R686,Victor Stater,M,20
R687,MiddleAmericaMS  ,M,20
R688,,M,20
R689,xbaysiebs,M,20
R690,Debbie,M,20
R691,Rawhisk,M,20
R692,bkresistor,M,20
R693,Let Freedom Ring,M,20
R694,Ed T.,M,20
R695,GatewayMAGA,M,20
R696,"Electile Dysfunction, M.D.",M,20
R697,Titan,M,20
R698,Shawn the Plumber ,M,20
R699,Talt 3rd of his Name,M,20
R700,HardDaysNight,M,20
R701,A K Noorian,M,20
R702,Mike Coombs,M,20
R703,I. Cutchacockov,M,20
R704,whoopsie,M,20
R705,Dave Koch,M,20
R706, ,M,20
R707,Goo,M,20
R708,Super Panican Bro,M,20
R709,mark toner,M,20
R710,Metacore GX,M,20
R711,The Father of All Dad Jokes,M,20
R712,Loggerhead,M,20
R713,,M,20
R714,The Civil Liberal,M,20
R715,Rod Carrillo,M,20
R716,jordan.,M,20
R717,catsrule,M,20
R718,TheCharmingAvenger,M,20
R719,Democratic Republican PH     ,M,20
R720,Gary Shockley,M,20
R721,Individual1Tower,M,20
R722,randy hess,M,20
R723,,M,20
R724,Justice is Served,M,20
R725,SaltyGonads,M,20
R726,Mike,M,20
R727,DoubleOCause,M,20
R728,TheBigMan,M,20
R729,Clinto Pete,M,20
R730,Kurt,M,20
R731,Tyler Boliver,M,20
R732,MissMarz1776,M,20
R733,Fritz B Flarko,M,20
R734,EZ Rider,M,20
R735,Pseudoknotted ,M,20
R736,Shirley Hinze for WI 6th Assembly,M,20
R737,David G Brown,M,20
R738,JSTaylor,M,20
R739,LIGHTNINGLADY36,M,20
R740,Katherine Turay DM,M,20
R741,Steven O ,M,20
R742,LMCANE,M,20
R743,Carolina  Libertas ,M,20
R744,"Randall Wiggins, IV",M,20
R745,djconn,M,20
R746,Florence,M,20
R747,TsarWil0,M,20
R748,Rhys,M,20
R749,Mike White,M,20
R750,Republican Canadian Girl,M,20
R751,Donna,M,20
R752,SMf Concwest,M,20
R753,Elicia Brand IStandWithIsrael.,M,20
R754,Mario Cruisin,M,20
R755,BrenHeath,M,20
R756,Bonnie O,M,20
R757,SDB007,M,20
R758,Cyber Optimus One,M,20
R759,Shelly,M,20
R760,George Mokray,M,20
R761,ConservativeGirl,M,20
R762,"William D. Gill, Sr.",M,20
R763,JGalt,M,20
R764,HaShems Favorite Son,M,20
R765,Cherry Cola,M,20
R766,Just Alice,M,20
R767,wethepeoplealaska,M,20
R768,Mike D.,M,20
R769,Dash Dobrofsky,M,20
R770,Donna Laws,M,20
R771,An Phoblacht Bhocht ,M,20
R772,RemV,M,20
R773,Liberty Union,M,20
R774,RepublicanVET,M,20
R775,Kurt  R PA ,M,20
R776,Joshua@Seattle,M,20
R777,The Puerto Rican Talking Head,M,20
R778,Never voted for a republican,M,20
R779,555Ego,M,20
R780,Lukas Swanson,M,20
R781,x a n d e r,M,20
R782,K-Money Talks Politics,M,20
R783,Jambug McClain,M,20
R784,TheFixx,M,20
R785,stschryer,M,20
R786,gorgia blue,M,20
R787,,M,20
R788,Deanna Frabotta,M,20
R789,Bennett Finfluencer,M,20
R790,PWspoon,M,20
R791,Kevin Kershner,M,20
R792,TuscanVines ,M,20
R793,ZAMZAM NEWS,M,20
R794,Rhonda Gregory,M,20
R795,GrindGod,M,20
R796,Charles BisbeeMD,M,20
R797,Sean Kress,M,20
R798,Golf Fan,M,20
R799,Michael Cribbs,M,20
R800,Oliver Darko,M,20
R801,Yes,M,20
R802,ConnollyistRager,M,20
R803,poleticks,M,20
R804,Geery,M,20
R805,"Kamala is the Nominee. , LetsWin @KHive",M,20
R806,Damian Sloan,M,20
R807,Travis,M,20
R808,fresafresca,M,20
R809,Nuclear Dave,M,20
R810,DyzygySyzygy,M,20
R811,Iowa Young Republicans  ,M,20
R812,Gaga Took a Sharp Fucking Left,M,20
R813,Phillip McHawk,M,20
R814,Neal Williams,M,20
R815,RepublicanDore,M,20
R816,Ziggyfly Jen ,M,20
R817,Kirk Watson,M,20
R818,Rose RepublicanNative Floridian,M,20
R819,Republican Zoomers and Millennials,M,20
R820,JD Wood,M,20
R821,Nancybf,M,20
R822,Angry Beast @angrybeast@digitalcourage.social,M,20
R823,Justin Higgins,M,20
R824,im bald and hysterical and i cannot be trusted,M,20
R825,Juan F. Torres III,M,20
R826,Ron Hunte,M,20
R827,Pragmatic Thinking,M,20
R828,Darren Mayle,M,20
R829,rennygames,M,20
R830,JA Tell,M,20
R831,SearchCz,M,20
R832,Damage Control,M,20
R833,rikard nilsson,M,20
R834,Mariana,M,20
R835,Bob,M,20
R836,Angel resists,M,20
R837,taxpayinmercan,M,20
R838,matthew calderoni,M,20
R839,Carlos P.Teixeira,M,20
R840,John Cutler,M,20
R841,james tucker,M,20
R842,Augusta Trueluck,M,20
R843,henrypillsbury,M,20
R844,Mr. Controversial ,M,20
R845,HappyNana,M,20
R846,Karin Charmley.BIDEN/HARRIS ,M,20
R847,Kyheim,M,20
R848,Mike Belcher,M,20
R849,Publius Bellicus,M,20
R850,Black Butterfella  MitiEve,M,20
R851,MrDanMan48,M,20
R852,Robert Knox republican,M,20
R853,Alan Dershowitz,M,20
R854,Briana,M,20
R855,mama T ,M,20
R856,Dianne Kirk,M,20
R857,Michael W. Bunner,M,20
R858,Reecey,M,20
R859,Lady J,M,20
R860,Arrest Trump ,M,20
R861,lanny woods,M,20
R862,I Voted For This ,M,20
R863,Eric Schwartz,M,20
R864,Millennial Bellwether,M,20
R865,John Nobles,M,20
R866,Robert Rodgers,M,20
R867,MAGA Republican,M,20
R868,Stand4FlagNA,M,20
R869,Ernest A. Canning,M,20
R870,Cleon,M,20
R871,Forrest McPherson,M,20
R872,Chris Meyer,M,20
R873,2025 NYC City Council D1 Republican Party,M,20
R874,ThePersistence,M,20
R875,Francisco Villanueva,M,20
R876,721waves ,M,20
R877,Den Lusk,M,20
R878,Trumpster007,M,20
R879,James Breen,M,20
R880,Edlaff,M,20
R881,"Terry Varkony, PhD",M,20
R882,@Firefinger,M,20
R883,MeidasTouch,M,20
R884,Hans Gruber the Great,M,20
R885,Brian Conway,M,20
R886,Neal McCarthy,M,20
R887,Saint Jane,M,20
R888,Laura Madden,M,20
R889,BrooklynDadDefiant,M,20
R890,HoleePokes,M,20
R891,Henry Gallucio,M,20
R892,rosesarered,M,20
R893,JasonMiller,M,20
R894,DareL,M,20
R895,Populist Republican,M,20
R896,Darla Sloan,M,20
R897,GortRules,M,20
R898,Samuel Taylor,M,20
R899,Republicanhypocrisy,M,20
R900,jason chen,M,20
R901,Mazama,M,20
R902,Moe Dimanche,M,20
R903,Robert Luther,M,20
R904,Keith McCreary,M,20
R905,Bombukei,M,20
R906,Marion Cobretti,M,20
R907,Practical Joe,M,20
R908,Jay,M,20
R909,therealjec71,M,20
R910,Dawn Smejkal,M,20
R911,Judy J,M,20
R912,dmjustify66,M,20
R913,Former Faithful Republican,M,20
R914,Daniel Kahl,M,20
R915,Lueen Jodoin,M,20
R916,Alec,M,20
R917,,M,20
R918,Northern Sage,M,20
R919,Jeff Pohgeeyouee,M,20
R920,Ty M,M,20
R921,Jamie,M,20
R922,,M,20
R923,SonofaBiscuiteatr,M,20
R924,AuntRosy,M,20
R925,carole shirley,M,20
R926,The Gen Z Republican,M,20
R927,Adam Oney,M,20
R928,Verity 4,M,20
R929,SFella,M,20
R930,oscar uchiha,M,20
R931,Gary Stephens,M,20
R932, ,M,20
R933,David the Republican,M,20
R934,LibertysBelle ,M,20
R935,OldMisterChris,M,20
R936,DB,M,20
R937,MountainMan280,M,20
R938,the vessel,M,20
R939, ,M,20
R940,Bald Man,M,20
R941,Mike   ,M,20
R942,ShirleyQ,M,20
R943,WSW -  SEO ,M,20
R944,Myra BoxOffice MovieTalk and Factcheck,M,20
R945,The country you deserve.,M,20
R946,Dirk Marais.,M,20
R947,Brian8502 ,M,20
R948,Cancellation Chronicles,M,20
R949,Paul Franklin,M,20
R950,Trumpalooza,M,20
R951,Josh Hughes,M,20
R952,Zacho,M,20
R953,Diana Manister,M,20
R954,Xenya Smith,M,20
R955,DonOLD Dunce,M,20
R956,Paulie Pittinger,M,20
R957,Daniel,M,20
R958,Slim,M,20
R959,Steve,M,20
R960,Debbie Dingell Stan,M,20
R961,Timothy Bugg,M,20
R962,Professor G,M,20
R963,chilly charlie owen,M,20
R964,Lori,M,20
R965,Ms Information,M,20
R966,Ed Cox,M,20
R967,Joe Sondag,M,20
R968,Charlie,M,20
R969,Bloomberg,M,20
R970,AnnTW,M,20
R971,Kristina Ramirez,M,20
R972,Cassandra Today commentary,M,20
R973,Historys Greatest Monster,M,20
R974,Brian Taylor,M,20
R975,Bloomberg Politics,M,20
R976,just so you know,M,20
R977,AVAX OG 9000 ,M,20
R978,JJ,M,20
R979,Dale Cooper ,M,20
R980,Gene Bryant,M,20
R981,Lex,M,20
R982,Oblique,M,20
R983,Scott MacKay,M,20
R984,Gerty The Witch,M,20
R985,The Big Homie,M,20
R986,Julie Brooklyn BABY WOKE AF ,M,20
R987,Lezig BB26 ,M,20
R988,WCJB TV20 News,M,20
R989,Draganbladex,M,20
R990,Lorraine M. Herger,M,20
R991,AceMoney,M,20
R992,KCL,M,20
R993,Bob Johnson,M,20
R994,Dripped Out Trade Unionists,M,20
R995,J-Roq  ,M,20
R996,Mark Ellis,M,20
R997,FranklinFromFlorida407,M,20
R998,Left of Black,M,20
R999,Michael Freeman,M,20
R1000,Pat Napier,M,20
R1001,Ya Bish,M,20
R1002,Nao Moean,M,20
R1003,Abelaski,M,20
R1004,Doug Barden,M,20
R1005,Beezer,M,20
R1006,Iggy,M,20
R1007,William Anderton,M,20
R1008,Travers,M,20
R1009,Lynn Wilson,M,20
R1010,Kurt Biedlingmaier,M,20
R1011,India in New York,M,20
R1012,Kamonald J Trumpis,M,20
R1013,  ,M,20
R1014,Observer2952,M,20
R1015,Shakur Young,M,20
R1016,Jordan Work,M,20
R1017, Save,M,20
R1018,Resonate then Pivot,M,20
R1019,PinkiesBrain,M,20
R1020,Cathy1697,M,20
R1021,JoseRamRod ,M,20
R1022,Trevor Parsons,M,20
R1023,MasturbationExpert,M,20
R1024,JamesM is heading to Bluesky,M,20
R1025,Dorin Leeds,M,20
R1026,Teri,M,20
R1027,Andy a.k.a. Jin   StandWithUkraine,M,20
R1028,James Majere ,M,20
R1029,Jason Hughes,M,20
R1030,True Red  White Canadian ,M,20
R1031,Shelby Varney,M,20
R1032,TexasNana,M,20
R1033,DX DeMuro,M,20
R1034,Steve Vladeck,M,20
R1035,Firesign ,M,20
R1036,Emily MJ Torres,M,20
R1037,Garcia Wade,M,20
R1038,Rob ,M,20
R1039,Judith Bouvier,M,20
R1040,Jamie Schrenk,M,20
R1041,Linda Drake,M,20
R1042,Democrats,M,20
R1043,September Breeze,M,20
R1044,Ramukrivus,M,20
R1045,253DawgNight,M,20
R1046,TheStatesman,M,20
R1047,Jason Huguenard,M,20
R1048,Liberty Den,M,20
R1049,Odoabuchi Emeka,M,20
R1050,CC concerned citizen. ,M,20
R1051,Susan,M,20
R1052, Expert on being a woman,M,20
R1053,Tigger,M,20
R1054,MIL1,M,20
R1055,Brandon Lee,M,20
R1056,David,M,20
R1057,jesus giraldo,M,20
R1058,Romeo Santos,M,20
R1059,Republican Memorial Tributes 32,M,20
R1060,Michael Osborne,M,20
R1061,@speedkills,M,20
R1062,Jean J. Brown,M,20
R1063,Naliq Aula,M,20
R1064,Julian,M,20
R1065,Supitstrav,M,20
R1066,Julie Sweet ,M,20
R1067,Christian Lamar,M,20
R1068,AGZC,M,20
R1069,Lee,M,20
R1070,nigeen,M,20
R1071,thepronto,M,20
R1072,Donald Whitlock,M,20
R1073,Admiral Haze,M,20
R1074,Al Moreira,M,20
R1075,You Are Dumb AF,M,20
R1076,G.C. Bendixen,M,20
R1077,Jett012720,M,20
R1078,Malkia Nyuki ,M,20
R1079,My Daily Politics  Follow For More,M,20
R1080,Ben Higdon,M,20
R1081,Ben Johnson,M,20
R1082,Late Stage null Tom,M,20
R1083,Tim New,M,20
R1084,Sandra Reyes,M,20
R1085,Alan Holt,M,20
R1086,Spike,M,20
R1087,Joe Gundisalv,M,20
R1088,Amber Waves ,M,20
R1089,"PZ Mikki Bench.MEP,WGSGC",M,20
R1090,Vaughn Bowdry,M,20
R1091,Philip Van Cleave VCDL,M,20
R1092,John Berger,M,20
R1093,V,M,20
R1094,Gabriel Gray,M,20
R1095,Chaos Lover Mr. Brass,M,20
R1096,Paul Mooney ,M,20
R1097,WarriorWoman,M,20
R1098,Dystopian,M,20
R1099,Sherthim,M,20
R1100,Bernard Macarius,M,20
R1101,Gatekeeper,M,20
R1102,Paul Horn,M,20
R1103,Republican Grandma-Just my opinion,M,20
R1104,Christy,M,20
R1105,Joe Fish Hawk,M,20
R1106,avis prede ,M,20
R1107,MarG,M,20
R1108,Phil Humber,M,20
R1109,StefStillHere and BlueskyPARODY,M,20
R1110,KM,M,20
R1111,CouchKiller,M,20
R1112,thaGravyisreal,M,20
R1113,Robert No Trump Trotner ,M,20
R1114,Non Ridiculam,M,20
R1115,Ryan,M,20
R1116,FJ,M,20
R1117,CannaTime,M,20
R1118,MBailey,M,20
R1119,TheRobinHoodPulpit,M,20
R1120,wth,M,20
R1121,fj777,M,20
R1122,SoCal Trumper ,M,20
R1123,Iggy the Incubus  envtuber ,M,20
R1124, Liberty  Lady ,M,20
R1125,Andrew He/Him,M,20
R1126,Reno,M,20
R1127,KelsJo,M,20
R1128,elaine r scott,M,20
R1129,VVu,M,20
R1130,Laurie,M,20
R1131,Randy Smith,M,20
R1132,Wnderr  ,M,20
R1133,C C,M,20
R1134,Chris Dee Fella,M,20
R1135,Aunti circle,M,20
R1136,kdrhod,M,20
R1137,Don,M,20
R1138,Ltd,M,20
R1139,"Victoria Delaney, Ph.D.",M,20
R1140,YOWA JESUS CHRIST: The Memphis Mayne ,M,20
R1141,Muslims for Republican Party,M,20
R1142,RD,M,20
R1143,PayPerViewPirate,M,20
R1144,LAussieBoy,M,20
R1145,Dulcinea    ,M,20
R1146,Joe Sigona,M,20
R1147,Constitutional Backer 1st Amendment,M,20
R1148,tjthomas-gibson,M,20
R1149,baybreeze,M,20
R1150,John Shea,M,20
R1151,meself,M,20
R1152,Free the Sheeple,M,20
R1153,Michelle Cook,M,20
R1154,anthony clark,M,20
R1155,PammyCantSleepAtNightAGAIN,M,20
R1156,Kevin Graff,M,20
R1157,DEMEXITHARD,M,20
R1158,Yoel Gebregiorgis   ,M,20
R1159,Minnie Trump Won MAGA Republican,M,20
R1160,Kirito Republican,M,20
R1161,Cara,M,20
R1162,Dave Ball David Ball back-up account,M,20
R1163,KMTruckeritsme,M,20
R1164,Bones ,M,20
R1165,Alan,M,20
R1166,Moses,M,20
R1167,Beacon of Half Truth ,M,20
R1168,Unsalted Walnuts,M,20
R1169,FuckYourFeelings,M,20
R1170,Trump4Prison2024,M,20
R1171,Down and out Nashville,M,20
R1172,Winnie the Flu ,M,20
R1173,Kurt of Texas,M,20
R1174,brian hunter,M,20
R1175,George Kaelin,M,20
R1176,Col,M,20
R1177,"All politicians suck, regardless the flavor.",M,20
R1178,Urban Homestead,M,20
R1179,Eat Ezekiel Cannabis Leafthen God Heals Nations,M,20
R1180,Juicy Jay,M,20
R1181,Stevie Mat,M,20
R1182,PiffPiffin,M,20
R1183,Pensacola Republican,M,20
R1184,Ellen,M,20
R1185,George Garcia,M,20
R1186,Lulz,M,20
R1187,TRUTH DEFENDER,M,20
R1188,Rhett,M,20
R1189,Joey Perez,M,20
R1190,Ted Buffee,M,20
R1191,Lioness Deb,M,20
R1192,Conservative Republican Sisters,M,20
R1193,Black Republican,M,20
R1194,Fight the Kakistocracy,M,20
R1195,Republican Engineer,M,20
R1196,John Dunton-Downer,M,20
R1197,Beth,M,20
R1198,Marcus Pitre ,M,20
R1199,eanderPete Actual/parody,M,20
R1200,New York Conservative Republican,M,20
R1201,William,M,20
R1202,Betsy Henderson,M,20
R1203,Grand Old Partisan,M,20
R1204,Pissed Off Republican,M,20
R1205,jason,M,20
R1206,carol Demicvo,M,20
R1207,Carson Krow,M,20
R1208,Jack  Jackofferson ,M,20
R1209,Holl Oates,M,20
R1210,Dianna Arnold,M,20
R1211,Pat,M,20
R1212,alex keaton,M,20
R1213,Rachael ,M,20
R1214,Kyle Longjohns,M,20
R1215,Linicy,M,20
R1216,chas whittam,M,20
R1217,GamblingGoose,M,20
R1218,Jack but not THAT Jack,M,20
R1219,I am X eat my Xs,M,20
R1220,pilotfella,M,20
R1221,Running Nak3d,M,20
R1222,Ronald Klijn,M,20
R1223,JJ McRoberts,M,20
R1224,Mia R Culpepper2,M,20
R1225,Patch from the Chat,M,20
R1226,Steve Pierce,M,20
R1227,TBAKE3K  Black Republican,M,20
R1228,MagnoliaRose,M,20
R1229,Zack556,M,20
R1230,donedidit,M,20
R1231,Chris,M,20
R1232,Becky ,M,20
R1233,Anders slund,M,20
R1234,Daniel Fogle,M,20
R1235,Dorothy Scheler nee Heinkle,M,20
R1236,Universally Blocked ,M,20
R1237,Standup For Equality For ALL,M,20
R1238,Nidia,M,20
R1239,anne puwu,M,20
R1240,datafirstguy,M,20
R1241,Shock Wave ,M,20
R1242,Zitocafe,M,20
R1243,Lana Thomas,M,20
R1244,Ruben Medrano,M,20
R1245,Nick Johnson,M,20
R1246,Conservative Candor,M,20
R1247,Sean Thornton,M,20
R1248,Craig Wright,M,20
R1249,Jess,M,20
R1250,cian ,M,20
R1251,Lynnez  Rib Gone Rogue,M,20
R1252,Lowell - A Spiritist on a Journey,M,20
R1253,tammy elton,M,20
R1254,Mountain,M,20
R1255,Paul ronan,M,20
R1256,Katherine-AZ for Madam President Harris,M,20
R1257,Kris Stuebs,M,20
R1258,Graveyard Whistler,M,20
R1259,Gregorio the MAGAlorian,M,20
R1260,"Electrical Eng.  Solar, Cell Towers, EVCS, etc...",M,20
R1261,Jim dube,M,20
R1262,rational conservative,M,20
R1263,Dennis Koch,M,20
R1264,King Kobra,M,20
R1265,Jeffrey Venner,M,20
R1266,TheWiseElder,M,20
R1267,Maddie COUNTRY GREATER THAN Convicted Felon Trump,M,20
R1268,Row,M,20
R1269,Magnolia Viper,M,20
R1270,FloppyButtholeJuice,M,20
R1271,Susan Misa,M,20
R1272,Proud American,M,20
R1273,Deb Mallery,M,20
R1274,Claudia Aldrich,M,20
R1275,Jen Horn,M,20
R1276,JohnnyVomits,M,20
R1277,MikOdea,M,20
R1278,Bird Mama,M,20
R1279,Robert Cerny,M,20
R1280,catie   ,M,20
R1281,Ivan Gerig,M,20
R1282,storminnorman usmc,M,20
R1283,chickenranch,M,20
R1284,Jeannie Satoris,M,20
R1285,james50eric2005@gmail.com,M,20
R1286,Proud Vietnam Vet,M,20
R1287,Joseph Pittman,M,20
R1288,AvonB,M,20
R1289,Iron Hammer ,M,20
R1290,Rick Rangel,M,20
R1291,Almost Sick Of It All E. Morelock ,M,20
R1292,Rohit Joy,M,20
R1293,BethElisa ,M,20
R1294,AL,M,20
R1295,Curtis Maurand,M,20
R1296,Rusty Ballstud,M,20
R1297,Linda Martin,M,20
R1298,Chris G,M,20
R1299,OBAPC Media Group,M,20
R1300,@republican2016,M,20
R1301,Kennedy Dry,M,20
R1302,Apache06,M,20
R1303,Carol Jean Mclaughli,M,20
R1304,Keith ODonnell,M,20
R1305,BRIDGET YANKOWITZ,M,20
R1306,JigglePhysicist,M,20
R1307,Autistic Angel,M,20
R1308,Dark Republican,M,20
R1309,achoo,M,20
R1310,Peggy James,M,20
R1311,ry ,M,20
R1312,Spiny Norman 0326,M,20
R1313,Writedressjack,M,20
R1314,VamanosBrandon,M,20
R1315,Keith Perkins,M,20
R1316,Darthballz619,M,20
R1317,AbdulazizNosair,M,20
R1318,CNBC Analysis,M,20
R1319,JOSEF HARPER,M,20
R1320,anthony,M,20
R1321,Carolyn Young,M,20
R1322,Guyver II,M,20
R1323,Balzs Timr,M,20
R1324,GeekKinDad,M,20
R1325,Tammy Wright,M,20
R1326,   ,M,20
R1327,Joseph Davis,M,20
R1328,SnarkierAlterEgo,M,20
R1329,ManDork,M,20
R1330,Kate Smith no DM,M,20
R1331,Scott Simanski,M,20
R1332,Daniel Collier,M,20
R1333,pain,M,20
R1334,Popeyes Here,M,20
R1335,Shines2God,M,20
R1336,-Flike-Nigma-,M,20
R1337,Aleksee DFL-MN,M,20
R1338,Tom Trujillo,M,20
R1339,Hoodie4u,M,20
R1340,herm,M,20
R1341,Jill,M,20
R1342,Elaine Carmichael,M,20
R1343,Michael Deglue,M,20
R1344,s norquist,M,20
R1345,Oremus4Pacem,M,20
R1346,David Doak,M,20
R1347,alemo77,M,20
R1348,CrowdPleaser,M,20
R1349,nvm,M,20
R1350,Servant of the Lord Jesus Christ,M,20
R1351,Dr. Jeannine Cullum,M,20
R1352,,M,20
R1353,Ral McGangbang,M,20
R1354,Fred HikesBikesCamps ,M,20
R1355,Clint Cronin,M,20
R1356,Ken Stefanide,M,20
R1357,patrick sands,M,20
R1358,Brodie,M,20
R1359,Christopher Watts,M,20
R1360,mashkiki93,M,20
R1361,Cindy Lubinsky,M,20
R1362,Mark Dupuy,M,20
R1363,L84,M,20
R1364,Rula,M,20
R1365,Republican CPA,M,20
R1366,William Hamill,M,20
R1367,Dhead2023,M,20
R1368,Meanest Man,M,20
R1369,Janet the Writer,M,20
R1370,ModerateMela,M,20
R1371,Caroline Kliby,M,20
R1372,Alan Hooley,M,20
R1373,BlueCookie,M,20
R1374,Nunya Bisnis ,M,20
R1375,chriscjackson on Bluesky,M,20
R1376,laura ,M,20
R1377,Arlene Burch,M,20
R1378,Klaus Haberler,M,20
R1379,Chris Culbertson,M,20
R1380,LOKI,M,20
R1381,Heidi,M,20
R1382,John Buck,M,20
R1383,GenZ Republican,M,20
R1384,@Women-power.bsky.social,M,20
R1385,Donna williamson,M,20
R1386,poofey one ,M,20
R1387,Palmer3rd,M,20
R1388,El Gato,M,20
R1389,pointing out the obvious,M,20
R1390,keith,M,20
R1391,HOAs are evil,M,20
R1392,IndianRepublican,M,20
R1393,Carolyn B IStandWithUkraine,M,20
R1394,Tim526,M,20
R1395,Chris Bullivant,M,20
R1396,douglas krieser,M,20
R1397,elonsdyedhairpluglaminatedface,M,20
R1398,Jim Williams,M,20
R1399,JimmyButtz,M,20
R1400,John Ekdahl,M,20
R1401,Alex Banister,M,20
R1402,Sir Ricardo M,M,20
R1403,Frank Drebin,M,20
R1404,Bill Herring,M,20
R1405,Republican Teacher ,M,20
R1406,Everrush,M,20
R1407,Cisco Kid,M,20
R1408,New England Republican ,M,20
R1409,FLDARKSIDE,M,20
R1410,Ben Dover,M,20
R1411,Kyle Sindlinger,M,20
R1412,PNW Thistle,M,20
R1413,ConstitutionalRepublican,M,20
R1414,Shelton Bradford,M,20
R1415,wil@64469,M,20
R1416,CertifiablyMAGA,M,20
R1417,Ray Smith,M,20
R1418,Robin Hines,M,20
R1419,Kathy ,M,20
R1420,Richard Thomas,M,20
R1421,NewYearsj9,M,20
R1422,Badbird28,M,20
R1423,insufferable,M,20
R1424,The Dirty Llama,M,20
R1425,Alex Lee,M,20
R1426,Divider Decider  Harris/Walz 2024 ,M,20
R1427,Critter,M,20
R1428,Maine born,M,20
R1429,Ghost Nappa,M,20
R1430,DP,M,20
R1431,Bruce Thompson,M,20
R1432,WhiskeyPatriot,M,20
R1433,Yosarian2,M,20
R1434,PRAYER X10,M,20
R1435,frmrRepublican,M,20
R1436,Keith Boykin,M,20
R1437,BIG DADDY VADER,M,20
R1438,Wegners Groceries,M,20
R1439,Gram Slattery,M,20
R1440,G cupcake F,M,20
R1441,Eric Kleefeld,M,20
R1442,Tiare,M,20
R1443,rich vague NY152 ,M,20
R1444,jaybakerAZ,M,20
R1445,Peter Vlahos,M,20
R1446,Edna Shepherd,M,20
R1447,Wall Street Republican,M,20
R1448,NeonHero88,M,20
R1449,Amit,M,20
R1450,doug kunz,M,20
R1451,-.,M,20
R1452,Edward Costello,M,20
R1453,Maple,M,20
R1454,SassyPants,M,20
R1455,Steve Schulz,M,20
R1456,Alana Hoff,M,20
R1457,IceCreamConvos.com,M,20
R1458,antipsychosoup,M,20
R1459,CavalgarOTigre,M,20
R1460,Barbara Rawding,M,20
R1461,Silver Lochness,M,20
R1462,Boston Republican,M,20
R1463,Dustin Capers,M,20
R1464,Tipsy Bellows,M,20
R1465,Dan Morrison,M,20
R1466,Sandy,M,20
R1467,Ian Mac Dougall,M,20
R1468,J.,M,20
R1469,kenny jones,M,20
R1470,BrownAndProudTxWoman,M,20
R1471,fanodan13,M,20
R1472,Dan Murphy,M,20
R1473,Rusty Fairbanks,M,20
R1474,Maura,M,20
R1475,Name unavailable,M,20
R1476,AlRepublican,M,20
R1477,uncle David,M,20
R1478,Derek Walters,M,20
R1479,Glen,M,20
R1480,Jewel C,M,20
R1481,Bloom.,M,20
R1482,I    ,M,20
R1483,TRUTH SEEKERS,M,20
R1484,The Artist Formally Known As Nobody,M,20
R1485,TexasPatriot,M,20
R1486,Zest Appeal ,M,20
R1487,Bobby Vasireddi,M,20
R1488,The Captain,M,20
R1489,K Waldock,M,20
R1490,justinglenn.bsky.social,M,20
R1491, AcornKtn  ,M,20
R1492,Angie De La Vega,M,20
R1493,Tim Conway,M,20
R1494,Agrist,M,20
R1495,HuskerTJ ,M,20
R1496,Patricia A. Scalise,M,20
R1497,Juan Resists,M,20
R1498,Nuvolition,M,20
R1499,April is practicing self-care,M,20
R1500,Nuh Uh,M,20
R1501,high priestess of tomatoes,M,20
R1502,Ben Around,M,20
R1503,Overhand curve,M,20
R1504,Kristi 1611 AV  ,M,20
R1505,Belinda Ballard,M,20
R1506,CowtownCat,M,20
R1507,@shilderi.bsky.social,M,20
R1508,Jay Ford,M,20
R1509,Kevin Moore,M,20
R1510,E-Ordz - Themistokles,M,20
R1511,Jerry Edward,M,20
R1512,Lamp Post,M,20
R1513,tina barajas,M,20
R1514,mixmaxThoCo,M,20
R1515,Rashan Reeves,M,20
R1516,justsayin,M,20
R1517,We Know Your Game ,M,20
R1518,pparadoxdan,M,20
R1519,MamaBobbie ,M,20
R1520,Demon,M,20
R1521,Blank,M,20
R1522, R A V E N ,M,20
R1523,Will Cook,M,20
R1524,Louis Vuitton Madara,M,20
R1525,Uber Eats Driver Park of Shame,M,20
R1526,FuhCureFeelins,M,20
R1527,S. RC105 Harp,M,20
R1528,Nancy Combest Bowling,M,20
R1529,DeafBlind Leadership Now,M,20
R1530,Zumbass,M,20
R1531,JBCandid2u,M,20
R1532,Richard Milo Walters,M,20
R1533,Ty,M,20
R1534,ncaa fan,M,20
R1535,Zorek Richards,M,20
R1536,JK,M,20
R1537,Fixing Bread Prices,M,20
R1538,K9BIS   Standing for democracy,M,20
R1539,SGT602 ,M,20
R1540,Don Williams,M,20
R1541,Higuys Milhouse,M,20
R1542,Jon Carlos Hardwick,M,20
R1543,Holly Williams,M,20
R1544,Philly Girl 4ever ,M,20
R1545,Dr. Bone-eating Vulture ,M,20
R1546,Would.,M,20
R1547,Ashwin Dollar ,M,20
R1548,Roderick,M,20
R1549,Mariam,M,20
R1550,Civic Duty,M,20
R1551,krissie,M,20
R1552,IndieAuthors: Aveah Niley Sarah Lohmann Lia Harlow,M,20
R1553,Ms Cotton Pants,M,20
R1554,Tim Morgan,M,20
R1555,Rico BUSco ,M,20
R1556,Maryland Election Integrity Group,M,20
R1557,The Colony: thecolony.bsky.social,M,20
R1558,AvuncularDave,M,20
R1559,C.J. Monte,M,20
R1560,Deborah Giggey,M,20
R1561,,M,20
R1562,Judge Roy Bean,M,20
R1563,PubliusVP,M,20
R1564,JWill,M,20
R1565,Solus,M,20
R1566,Michael Pruser,M,20
R1567,The Rogue Republican,M,20
R1568,z,M,20
R1569,Hober in Tn ,M,20
R1570,Clarence Thomas the Tank Engine,M,20
R1571,conservative memes,M,20
R1572,biftechnoir,M,20
R1573,Dark Hood,M,20
R1574,Alex Sanglez,M,20
R1575,Fred Stasek,M,20
R1576,The New York Independent,M,20
R1577,Angela Goies,M,20
R1578,Dusty Riley,M,20
R1579,Common Sense 1,M,20
R1580,R k Sindhi,M,20
R1581,Steven Shaw ,M,20
R1582,Ishtar Nyte,M,20
R1583,Catherine E. Cullen,M,20
R1584,Steve Holbert,M,20
R1585,Sandmon,M,20
R1586,Tesp,M,20
R1587,Roll with Reagan ,M,20
R1588,Delona Woods,M,20
R1589,Salem Toronto N3,M,20
R1590,Ryan Graham,M,20
R1591,Newscast Now,M,20
R1592,Former Republican Members of Congress for Harris,M,20
R1593,TheRealLJanell,M,20
R1594,Linda Stohon,M,20
R1595,Dean Booth  ,M,20
R1596,NBC 6 South Florida,M,20
R1597,NYgrape87,M,20
R1598,Alixxa  bsky in bio,M,20
R1599,Bayern Redneck,M,20
R1600,jmeras,M,20
R1601,Rev High Priestess,M,20
R1602,dentalfairie,M,20
R1603,Republican shame,M,20
R1604,Chat With Me Linda B,M,20
R1605,Saltygirl72,M,20
R1606,Keith Stahmer,M,20
R1607,dave,M,20
R1608,Washington County Democratic Committee,M,20
R1609,Ryan Dion,M,20
R1610,justin bonn,M,20
R1611,KiwiTexan  ,M,20
R1612,Sue Floyd,M,20
R1613,Olivia C. - Conservative,M,20
R1614,HisWay,M,20
R1615,bvchi1980,M,20
R1616,Janine Curran,M,20
R1617,coy Redland,M,20
R1618,token karen VAADOS/Nigerian if ur hiring,M,20
R1619,Katy Steele,M,20
R1620,Josh,M,20
R1621,@GoodbyX,M,20
R1622,Recovering Republican,M,20
R1623,Enki and Enlil,M,20
R1624,Ruth B G,M,20
R1625,niceguyeddie,M,20
R1626,Rhinoceros,M,20
R1627,Republican,M,20
R1628,NEED IT GONE 4Seasons Services LLC. Junk Removal,M,20
R1629,jim,M,20
R1630,AlyinCali,M,20
R1631,AkilezHeel,M,20
R1632,MKB,M,20
R1633,,M,20
R1634,Pat Callaghan,M,20
R1635,Rodger Fisher,M,20
R1636,Winston Churchill,M,20
R1637,Jay Miller,M,20
R1638,harsha,M,20
R1639,Matt and Amie ,M,20
R1640,Emily Miller,M,20
R1641,nut bunnies,M,20
R1642,CurlyQ ,M,20
R1643,Magajunkie1776,M,20
R1644,calvin-is-tired.bsky.social,M,20
R1645, for Brenda,M,20
R1646,MMT MoralMoneyTime liftism 1st liftist,M,20
R1647,Smart Is Simple,M,20
R1648,KaosuM,M,20
R1649,S. Diaz,M,20
R1650,Old School Republican,M,20
R1651,HAiiii ,M,20
R1652,Henry Bishop,M,20
R1653,Sam Waldo,M,20
R1654,Fresno County Republican Party,M,20
R1655,Ken OHara,M,20
R1656,Link Lauren,M,20
R1657,ERoz,M,20
R1658,Lady in the White Coat,M,20
R1659,Richard Henderson,M,20
R1660,Sid the Sloth,M,20
R1661,CalmCanuck     ,M,20
R1662,Will Robathan,M,20
R1663,Clifford Spencer,M,20
R1664,This is what happened to America blood red,M,20
R1665,Gabe Woolley,M,20
R1666,Justme   ,M,20
R1667,Brian Dougherty,M,20
R1668,The Republican insight,M,20
R1669,HopeByrnesBitches,M,20
R1670,Wendy aka Deplorable Freedomfighter,M,20
R1671,Grumpy Old Guy,M,20
R1672,Micheline S ,M,20
R1673,Tom,M,20
R1674,Love me some big balls,M,20
R1675,adam,M,20
R1676,werd3691,M,20
R1677,Deeps,M,20
R1678,DaltonRussell,M,20
R1679,ozarkjack.bsky.social,M,20
R1680,Matt Nedostup,M,20
R1681,sora10umi,M,20
R1682,Born ToTweet,M,20
R1683,Ty McCullough,M,20
R1684,USAF-Republican-Veteran,M,20
R1685,Rick Cooley,M,20
R1686,Greg Wofford,M,20
R1687,annalista,M,20
R1688,Zomb Zomb,M,20
R1689,CravensEye,M,20
R1690,Hansel Krankepantzen ,M,20
R1691,D Cole,M,20
R1692,"Andrea R MD, @andrear9md.bsky.social",M,20
R1693,RISE Republican,M,20
R1694,VitaMan,M,20
R1695,Kiara,M,20
R1696,hello,M,20
R1697, Melissa Enchanted,M,20
R1698,SBG for life,M,20
R1699,See Ya,M,20
R1700,Goob Guy,M,20
R1701,KT,M,20
R1702,Raz,M,20
R1703,AusSeaStephNowOnBlueSky,M,20
R1704,Tim Rush,M,20
R1705,EXTREME MAGA REPUBLICAN,M,20
R1706,,M,20
R1707,Andrew,M,20
R1708,Rj,M,20
R1709,PolyAlerts NOT AFFILIATED WITH POLYMARKET,M,20
R1710,fkinjackass,M,20
R1711,Tony Shaffer,M,20
R1712,YachtPalmBeach,M,20
R1713,Goodjoe512906,M,20
R1714,aarp,M,20
R1715,OG,M,20
R1716,Mike Corleone,M,20
R1717,Linda Tilsen,M,20
R1718,jd,M,20
R1719,The Gay Republican ,M,20
R1720,Loudnoises,M,20
R1721,DanaZhukova,M,20
R1722,clark,M,20
R1723,Scott Human Scum Faust,M,20
R1724,Kev  ,M,20
R1725,John Abruzzi,M,20
R1726,Hank Scott,M,20
R1727,BlueTexan,M,20
R1728,Stephanie,M,20
R1729,Michael Lee,M,20
R1730,Norms Official Parody Account NoDemUnder1k,M,20
R1731,Adiel Lucky Beneviento ,M,20
R1732,Health and Home ,M,20
R1733,Robert Griggs ,M,20
R1734,PENCIL NECK TO PRISON,M,20
R1735,Josh Mosh  ,M,20
R1736,Robyn Miller,M,20
R1737,Scott Ervin,M,20
R1738,Anna - Never give up. No matter what is going on,M,20
R1739,slimpimpster,M,20
R1740,NSFW Data Guy,M,20
R1741,Roberto Balcker,M,20
R1742,Rick Adams,M,20
R1743,Chattyporter,M,20
R1744,Cyane,M,20
R1745,goobly,M,20
R1746,Mikey,M,20
R1747,POPPO,M,20
R1748,,M,20
R1749,Pedian /21M,M,20
R1750,Scott,M,20
R1751,GPT- Ern Malley,M,20
R1752,gabrielle,M,20
R1753,REPUBLICAN@100,M,20
R1754,"Soraya, Maga Republican",M,20
R1755,SpriteLee1948,M,20
R1756,Sewards Folly was no folly,M,20
R1757,Rebecca,M,20
R1758,Bismarc,M,20
R1759,la aguila,M,20
R1760,ScamuraiShodown,M,20
R1761,Democrat Soldier,M,20
R1762,reds56,M,20
R1763,Begaria,M,20
R1764,WellKnitTech,M,20
R1765,christian ijin link,M,20
R1766,ray,M,20
R1767,Iamantifa,M,20
R1768,Rude Dawg,M,20
R1769,Unpopular opinion.,M,20
R1770,Sara Spector,M,20
R1771,Art,M,20
R1772,LASD Chief Patrick Jordan Retired,M,20
R1773,Ross Gilroy,M,20
R1774,Jack Vanderbilt   ,M,20
R1775,conserv58,M,20
R1776,Steve Folker,M,20
R1777,Murphy Walsh,M,20
R1778,Reminder Publishing,M,20
R1779,Beep,M,20
R1780,Videos That WOW,M,20
R1781,Neil Mayo,M,20
R1782,@jeffreycain.bsky.social,M,20
R1783,FireResist2,M,20
R1784,News Corpse,M,20
R1785,Lord Jesus Christ Have Mercy On Me A Sinner,M,20
R1786,Marcia Todd,M,20
R1787,Chuck Pinkerton,M,20
R1788,Local Communist,M,20
R1789,,M,20
R1790,Lucas Gauthier,M,20
R1791,Joecoolvette,M,20
R1792,Joe Many,M,20
R1793,Maga Republican,M,20
R1794,Tolga Naldemirci ,M,20
R1795,Henry Thomas,M,20
R1796,Mark Chadwick,M,20
R1797,Will Whitez,M,20
R1798,Republican Is Hypocrisy,M,20
R1799,Frank J. Fleming,M,20
R1800,Shamma ,M,20
R1801,NoAmnesty Jennifer,M,20
R1802,Daisy ,M,20
R1803,NevadanforLife,M,20
R1804,J,M,20
R1805,DitchTheFokkedUpTreasonQAnonCaucus ,M,20
R1806,Aruna,M,20
R1807,Bernadette,M,20
R1808,Jaime Harrison,M,20
R1809,Dr Anna Ruspa,M,20
R1810,Sepia,M,20
R1811,Linda Pease,M,20
R1812,Samantha,M,20
R1813,Fandads @C2E2,M,20
R1814,GeneralFORtruth,M,20
R1815,wanita osgood,M,20
R1816,Native Texan,M,20
R1817,Brian Thompson deserved it,M,20
R1818,TheFederalistWifey,M,20
R1819,KS Man,M,20
R1820,a republic IS a democracy,M,20
R1821,e,M,20
R1822,William Britz,M,20
R1823,Daniel Hernandez,M,20
R1824,Will,M,20
R1825,MIZ1990,M,20
R1826,Jeff  ,M,20
R1827,Jus Sayin,M,20
R1828,Aggie,M,20
R1829,Alfred,M,20
R1830,Nassau County Young Democrats,M,20
R1831,De.Republican,M,20
R1832,Garbage Queen,M,20
R1833,Todd Nisley,M,20
R1834,Mike Hatfield,M,20
R1835,In This Together ,M,20
R1836,Ultra MAGA Christian Conservative Republican,M,20
R1837,Pike Maynter,M,20
R1838,Unclebuck,M,20
R1839,Aziliz Williamson,M,20
R1840,stacy,M,20
R1841,Idiots of Pullman,M,20
R1842,KingsCourt Network,M,20
R1843,Chris,M,20
R1844,Nick Mastro,M,20
R1845,Annemette,M,20
R1846,Republican ,M,20
R1847,stevecpcu,M,20
R1848,samme mckain,M,20
R1849,Dani,M,20
R1850,Darlene Holland,M,20
R1851,Larry Jenkins,M,20
R1852,Idaho Republican,M,20
R1853,HERMIT-SAL,M,20
R1854,TXTrumpGalNo Filter,M,20
R1855,Madam Cha0s,M,20
R1856,Super Squirrel,M,20
R1857,Autumn Wolf,M,20
R1858,Minstrel Psycho,M,20
R1859,Pamra Thurman,M,20
R1860,@Sh..ab,M,20
R1861,Beaux Jangles,M,20
R1862,Sabre Exe,M,20
R1863,Liza Ramsay,M,20
R1864,StopLyingto.US,M,20
R1865,ANTI-White People Aktion,M,20
R1866,Adamjam99,M,20
R1867,Kathleen Lynn,M,20
R1868,Joe Schaeffer,M,20
R1869,FrenchRepublican ,M,20
R1870,Texanguy,M,20
R1871,Phydeauz,M,20
R1872,Mustafaman,M,20
R1873,New Republican from the 51st State,M,20
R1874,Eli,M,20
R1875,Jim Wilson,M,20
R1876,Face Man,M,20
R1877,Norvskalden,M,20
R1878,Emperor,M,20
R1879,SiouxZQ,M,20
R1880,Theresa Price,M,20
R1881,Truth-Be-Told KHive,M,20
R1882,True Patriot Bill 1776,M,20
R1883,T. Carty,M,20
R1884,Laura Canuck  ,M,20
R1885,T Lcill,M,20
R1886,Corn Cob Tariffed,M,20
R1887,Gary Kaltbaum,M,20
R1888,John Molak,M,20
R1889,Daniel ,M,20
R1890,CharlieSue  Use Some Common Sense,M,20
R1891,Jen,M,20
R1892,Agility Master,M,20
R1893,Francisca,M,20
R1894,RuOk,M,20
R1895,Jesse Burkhart,M,20
R1896,NYOB,M,20
R1897,Recky Rodriguez,M,20
R1898,RubyRubyRuby,M,20
R1899,Izengabe,M,20
R1900,"Susan  Whitney  E Pluribus Unum Out of Many,One",M,20
R1901,Cris,M,20
R1902,Living in Scorched America ran by greedy oligarchy,M,20
R1903,47talk,M,20
R1904,Robert Kurdek,M,20
R1905,J.T.,M,20
R1906, GodsWarriorUSA ,M,20
R1907,Brad Magness,M,20
R1908,Black Republican ,M,20
R1909,End33Madness52,M,20
R1910,Nathan Drawbridge,M,20
R1911,Tyde,M,20
R1912,salty republican,M,20
R1913,No Woke Zone,M,20
R1914,Ronni Nicole KPSS,M,20
R1915,Larry Alan Thrne ,M,20
R1916,Clyde,M,20
R1917,AMI ,M,20
R1918,Suburban antifa mom OpenBorders she/they,M,20
R1919,JeffD,M,20
R1920,Gary Woodhead,M,20
R1921,Jody D,M,20
R1922,janet childress,M,20
R1923,RavenTwoActual,M,20
R1924,Kirk,M,20
R1925,alnaqulike,M,20
R1926,Johann Tetzel,M,20
R1927,Kyle,M,20
R1928,B Bonde,M,20
R1929,Republican Sex Scandals Tracker,M,20
R1930,"David Pingitore, Jr.",M,20
R1931,Mircea Einstein -   ,M,20
R1932,Patricia Watts,M,20
R1933,Carmona,M,20
R1934,MortalCassie ,M,20
R1935,Jack Campbell,M,20
R1936,Cobby,M,20
R1937,ndweiss ND. Jezebel. Brokedown palace.,M,20
R1938,NO VOID,M,20
R1939,Gabriel Knight,M,20
R1940,John Reichel,M,20
R1941,Calib Pratt MD,M,20
R1942,Ari Goldberg,M,20
R1943,Don ,M,20
R1944,Patriot Lady,M,20
R1945,ScottG. ,M,20
R1946,Crafty,M,20
R1947,cacouteau,M,20
R1948,Republican defector,M,20
R1949,Mr. Hunter,M,20
R1950,The Hippie Republican,M,20
R1951,Alan Covington,M,20
R1952,Simon Templar,M,20
R1953,Posey Thomas,M,20
R1954,Mighty Hams,M,20
R1955,The Apostle of Peace,M,20
R1956,oldaggie9332,M,20
R1957,Hunter355212,M,20
R1958,FLDawg Vent,M,20
R1959,Live Free,M,20
R1960,Michael,M,20
R1961,taylor - she/her,M,20
R1962,Jack Gatt,M,20
R1963,Sizzle Chest Rockwell,M,20
R1964,AmandaMarieBrinkleyBecome A Peace Activist,M,20
R1965,thatpockettrash,M,20
R1966,Julia Blough,M,20
R1967,Fellow Traveler. ,M,20
R1968,litscrib,M,20
R1969,Abe K,M,20
R1970,Mercedes Fan,M,20
R1971,guchyslam,M,20
R1972,sue hynes,M,20
R1973,SilenceBeDamned,M,20
R1974,Lamarr Brockway,M,20
R1975,Oswald,M,20
R1976,Ricky Rydell,M,20
R1977,La Baliverna,M,20
R1978,Jacki Is An American Patriot  ,M,20
R1979,Bud Montang,M,20
R1980,Luis Barreto,M,20
R1981,Deborah,M,20
R1982,Chris Miller,M,20
R1983,Mercurius,M,20
R1984,BDSaf,M,20
R1985,J ,M,20
R1986,DebbieL,M,20
R1987,Mr. Newberger,M,20
R1988,Rich,M,20
R1989,tim,M,20
R1990,Y G B S M,M,20
R1991,Bing Col,M,20
R1992,Susan Hutyra,M,20
R1993,Jiyong Yang,M,20
R1994,Leesan Villa,M,20
R1995,Tina Koskima ,M,20
R1996,Couch,M,20
R1997,ThrowingStones,M,20
R1998,Mal Reynolds,M,20
R1999,The Pentagon,M,20
R2000,Baddie Long Legs,M,20
R2001,Yuta,M,20
R2002,Upside,M,20
R2003,JoanOfSarc ,M,20
R2004,PJ,M,20
R2005,President Diaper,M,20
R2006,jon charles baker,M,20
R2007,Justin baker ,M,20
R2008,John White,M,20
R2009,Bam,M,20
R2010,Freedom of Speech,M,20
R2011,The Way,M,20
R2012,GeofPende,M,20
R2013,Jackie Sloane,M,20
R2014,RR Edmonds,M,20
R2015,pamcee52,M,20
R2016,Arcadian ,M,20
R2017,Mankosmash,M,20
R2018,Eugene Chin,M,20
R2019,Justin Kase,M,20
R2020,Tracy Hernandez,M,20
R2021,Tagetes,M,20
R2022,    ,M,20
R2023,Ozzyman,M,20
R2024,"Hillbillylogic, 62 Disruptive",M,20
R2025,Gary Goldstein,M,20
R2026,Jon Frankie Hyers,M,20
R2027,L,M,20
R2028,HIM,M,20
R2029,Luc J. Gagnon ,M,20
R2030,Katsuey,M,20
R2031,Amanda Coleman,M,20
R2032,MyersZotos,M,20
R2033,Primitive animal.,M,20
R2034,DJ the heart whisperer,M,20
R2035,"Irwin M Fletcher, Esq.",M,20
R2036,TR MN,M,20
R2037,Republican Party of New Mexico,M,20
R2038,imhereforthememes,M,20
R2039,Grambo,M,20
R2040,CitizenJournalist ULTRAAbbreviated,M,20
R2041,WolfMan,M,20
R2042,Sugaree1963,M,20
R2043,Rebel Reiver,M,20
R2044,Depression Ahead not Clinical,M,20
R2045,nahte,M,20
R2046,PD,M,20
R2047,Alan Altmann,M,20
R2048, Dana ,M,20
R2049,Cathy McEl,M,20
R2050,Dam Ian,M,20
R2051,Canadian Republican  ,M,20
R2052,VonStockhausen,M,20
R2053,Critics Groups for Equality in Media,M,20
R2054,LineProphet.com,M,20
R2055,Samantha McDonald,M,20
R2056,LionsGoBlue,M,20
R2057,Crimson Republican,M,20
R2058,Timothy Mote,M,20
R2059,Derrick Twyman,M,20
R2060,  ,M,20
R2061,FREESPEECHTROLL,M,20
R2062,ally,M,20
R2063,RAM,M,20
R2064,Mary Anne Rogers,M,20
R2065,Iron Brigade,M,20
R2066,JH191,M,20
R2067,Malcolm Shabazz,M,20
R2068,April Nicole,M,20
R2069,Dina LetFreedomReign,M,20
R2070,@gissisim.com on BlueSky,M,20
R2071,Kenneth Muratore,M,20
R2072,Gomie,M,20
R2073,JerseyGirl51,M,20
R2074,Greg Nicholls,M,20
R2075,Tammy Clark,M,20
R2076,eric carman,M,20
R2077,Patti Jo,M,20
R2078,Skye Ranger Nick ,M,20
R2079,JR,M,20
R2080,I Voted For This,M,20
R2081,LMJ,M,20
R2082,Louisiana Firearms,M,20
R2083,Missouri GOP,M,20
R2084,A guy,M,20
R2085,William T,M,20
R2086,ao duy luan,M,20
R2087,Anti-Proxy War Liberty Lambs ,M,20
R2088,MikeTysonRepublican,M,20
R2089,Dhruv,M,20
R2090,die hard conservative,M,20
R2091,Amy2u,M,20
R2092,Preston Davis ,M,20
R2093,TrumpsterDumpster,M,20
R2094,American Kulak: Hegel is a Putz,M,20
R2095,Kathy - Republican/Christian/Mom/Latina,M,20
R2096,BruceRayCarr 2024 FOREVER,M,20
R2097,Never Ron Only Pete,M,20
R2098, PENNSYLVANIA IS TRUMP,M,20
R2099,Jim DeFede,M,20
R2100,Stephen Decatur,M,20
R2101,E.L.,M,20
R2102,DougJBalloon,M,20
R2103,Vote Blue ,M,20
R2104,Rick The Bass Player - PEACE  LOVE NOW,M,20
R2105,Miss Norma Jeane   ,M,20
R2106,Dana S USA land of the freeT1,M,20
R2107,Pete Frankly,M,20
R2108,Justin Thyme   ,M,20
R2109,Andrew D.,M,20
R2110,LiveTruthAlways,M,20
R2111,Frank Pavone,M,20
R2112,Miss Violet,M,20
R2113,Jutta Agrait,M,20
R2114,Deplorable Mike,M,20
R2115,JESSE JAMES,M,20
R2116,Steve Evenly Naked,M,20
R2117,Keith Nelson,M,20
R2118,Joe Moe,M,20
R2119,No BS,M,20
R2120,Bryan Hauer,M,20
R2121,PressReleaseCentral ,M,20
R2122,Justme23,M,20
R2123,"Sunflower Says, Do Not Comply",M,20
R2124,FightForDemocracy,M,20
R2125,Sam Mitha,M,20
R2126,North Carolina Education Workers Union,M,20
R2127,Dale Neal Ultra Maga Trump 2024,M,20
R2128,Trump Won  Thank you America  ,M,20
R2129,James Bentley,M,20
R2130,OmaResists  ,M,20
R2131,ovid,M,20
R2132,Mack,M,20
R2133,Xena Warrior Queen Je ne regrette rien,M,20
R2134,Stephen Hatfield,M,20
R2135,Jack Torrances Typewriter ,M,20
R2136,kit lange,M,20
R2137,wheredkittygo,M,20
R2138,Chuck Rittiman,M,20
R2139,cal,M,20
R2140,Todd Andrews,M,20
R2141,Veritas Aequitas,M,20
R2142,Sara   FraudsterSocialSecurityBenificiary,M,20
R2143,Vkessper,M,20
R2144,Jason J,M,20
R2145,USA Trump Man ,M,20
R2146,Vote Out Republicans  Lock Drump Up,M,20
R2147,Coming Home Coalition,M,20
R2148,Deacon Jones Undefeated like my team,M,20
R2149,Stephen Weightman,M,20
R2150,Jody Tanner,M,20
R2151,Sunshine Time,M,20
R2152,SuGrant,M,20
R2153,CISSP33,M,20
R2154,"MARENA V. Lake Havasu, AZ ",M,20
R2155,Dennis R White,M,20
R2156,MammaBear,M,20
R2157,Save The Truth,M,20
R2158,Sharon Wolf,M,20
R2159,notrumpfascism.bsky.social,M,20
R2160,TER,M,20
R2161,KY ,M,20
R2162,Kenneth Rambach,M,20
R2163,Arden,M,20
R2164,OldishBird,M,20
R2165,No Longer the Original HP,M,20
R2166,Emily Thompson,M,20
R2167,Mike Betts,M,20
R2168,Caroline clarke,M,20
R2169,chris boom,M,20
R2170,Snizzy,M,20
R2171,Frequencies Colliding,M,20
R2172,ecstatic eagles fan,M,20
R2173,Sallieann Brinton,M,20
R2174,Greg Buster,M,20
R2175,Zechman74,M,20
R2176,Flower Child ,M,20
R2177,Bill  Connie,M,20
R2178,Dara Zane Scully Evans,M,20
R2179,Stephen Mason,M,20
R2180,BR549,M,20
R2181,donna johnson,M,20
R2182,Relgation / Tribulations en Guyane Franaise,M,20
R2183,TexasChica,M,20
R2184,abraham adams,M,20
R2185,TriumphText TRUMP 88022,M,20
R2186,Kevin Traver,M,20
R2187,EWGIII,M,20
R2188,corn pop,M,20
R2189,Shitlib Supreme ,M,20
R2190,"Jerry Bohl, Jr.",M,20
R2191,Trump,M,20
R2192,Joey c.,M,20
R2193,AA,M,20
R2194,Liz Whitmer Gereghty @lizwg.bsky.social,M,20
R2195,Michael Sperry,M,20
R2196,b costco,M,20
R2197,mary,M,20
R2198,Gary Trump,M,20
R2199,DeLora Evans,M,20
R2200,New England Laurie,M,20
R2201,Proud TRUMPlican MAGA,M,20
R2202,Pam bell,M,20
R2203,Gary Mayfield,M,20
R2204,Tommyboy Garbage,M,20
R2205,Joe Smith,M,20
R2206,PAIndy lady,M,20
R2207,Smitty Smat,M,20
R2208,OMalleys mom,M,20
R2209,Michael Muzio,M,20
R2210,B. G. Dalena,M,20
R2211,Animals Rock,M,20
R2212,Igotquestions,M,20
R2213,AMM,M,20
R2214,GOP Clown Car,M,20
R2215,Ken Locke,M,20
R2216,chuck ferrer,M,20
R2217,Axe it now,M,20
R2218,Rob,M,20
R2219,Ernie Johnson,M,20
R2220,Thank God for Trump,M,20
R2221,bogartblue,M,20
R2222,David Pyne,M,20
R2223,laur,M,20
R2224,ULTRA MAGA - Take America Back,M,20
R2225,kopps,M,20
R2226,The Libertarian  ,M,20
R2227,We Must Be The Light,M,20
R2228,Reenie,M,20
R2229,Sarcastic Prodigy,M,20
R2230,catherine,M,20
R2231,Ron Cunningham...Shall Not Be Infringed,M,20
R2232,Marilyn Mann,M,20
R2233,JasonsGrrl,M,20
R2234,MB,M,20
R2235,Garrettx,M,20
R2236,Robin Melito,M,20
R2237,Jane Dont,M,20
R2238,SugarRay,M,20
R2239,The Golden Age,M,20
R2240,Kevin,M,20
R2241,goatwhsprr,M,20
R2242,Samies,M,20
R2243,Wendy Patterson,M,20
R2244,your dad,M,20
R2245,G Dawg King of Maryland,M,20
R2246,Elon musk .I am the real POTUS,M,20
R2247,MoreInCommon ProudlyWoke FascistsOut,M,20
R2248,Sheryl Glick,M,20
R2249,Joanmarie,M,20
R2250,Kashish Chauhan,M,20
R2251,something witty,M,20
R2252,Michael Cromwell,M,20
R2253,Roger Fossette,M,20
R2254,skate,M,20
R2255,Bryan Shatto,M,20
R2256,President Lisa Trump ,M,20
R2257,BamaGirl84,M,20
R2258,PJS,M,20
R2259,Eric Marinbach,M,20
R2260,Common Sense Justice,M,20
R2261,Beebo Baldassarri,M,20
R2262,Dessa Masterson,M,20
R2263,Steve Done,M,20
R2264,joesman,M,20
R2265,Imports are a Benefit  Exports are a Cost,M,20
R2266,Idefix,M,20
R2267,KCSteel,M,20
R2268, Ken J,M,20
R2269,James Scales,M,20
R2270,Henry Johnny,M,20
R2271,Trussia,M,20
R2272,Jeffenberg,M,20
R2273,"Im not a smart man, but...",M,20
R2274,Happy American,M,20
R2275,John X Chappell,M,20
R2276,konrad.evilempire.eth  ,M,20
R2277,Jean Lane Wood,M,20
R2278,educated derelict,M,20
R2279,Kaathy,M,20
R2280,Cece0,M,20
R2281,Nancy from Oregon,M,20
R2282,GKM  ,M,20
R2283,Jos Freitas,M,20
R2284,Kerry Lawley,M,20
R2285,Im a-Paul-edEmpathy ShortageAZ is a Dry Crazy,M,20
R2286,FirstLadyGOP ,M,20
R2287,DJS POSTS,M,20
R2288,Jeff Richardson,M,20
R2289,walden,M,20
R2290,Vaxxed and Happy. Votes Blue,M,20
R2291,JC,M,20
R2292,jkuhlmedia,M,20
R2293,Mr. Dantastic,M,20
R2294,Ga Peach Cindy Dawn,M,20
R2295,Brigitte Gabriel,M,20
R2296,Judy Gregg,M,20
R2297,Lulu Cats,M,20
R2298,MishuPishu,M,20
R2299,Trump Hall,M,20
R2300,A Milwaukee Catholic,M,20
R2301,Carol Reed Feiler,M,20
R2302,Vets 4 Donald Trump,M,20
R2303,James Ferguson,M,20
R2304,RaffDk,M,20
R2305,Red patriot,M,20
R2306,G. Singleton,M,20
R2307,Groktavious GrokBot McGrokkenstein - xi/xe/xu,M,20
R2308,Jan Fancy Lee,M,20
R2309,VarukaSalt ,M,20
R2310,Trump Girl,M,20
R2311,Jas Rugbo,M,20
R2312,spayer,M,20
R2313,Jackie,M,20
R2314,Tim Liebrock,M,20
R2315,The Green Book,M,20
R2316,Ron Rosenbaum,M,20
R2317,Nik,M,20
R2318,JeanneMK,M,20
R2319,Proud WHITE FEMALE Conservative Trump supporter,M,20
R2320,RyanFJBLGB,M,20
R2321,Reggie Rowell,M,20
R2322,Laura from SoCal,M,20
R2323,Tokenn ,M,20
R2324,polkabear,M,20
R2325,PowerEE Guy,M,20
R2326,Tina,M,20
R2327,armymom,M,20
R2328,FunnyBusiness,M,20
R2329,Gloria Forrester Lucioni,M,20
R2330,LLeise,M,20
R2331,mamie Selman,M,20
R2332,Denvertigrz,M,20
R2333,Eve Polastri - Makeup Studio,M,20
R2334,StandUnited1776Matthew,M,20
R2335,Juan Carlos Wandemberg Boschetti Ph.D.,M,20
R2336,SoFloGuy80,M,20
R2337,Mary G,M,20
R2338,sherry pasquarello,M,20
R2339,JRS,M,20
R2340,Talcum X,M,20
R2341,PJFlyers    ,M,20
R2342,Michele Goess,M,20
R2343,jcs911,M,20
R2344,Ed and his woman Never Ever trump,M,20
R2345,Ydennekde,M,20
R2346,PT Latham,M,20
R2347,Debbiddy ,M,20
R2348,TruthSeeker,M,20
R2349,Federal Agency for Finacial Oversight,M,20
R2350,Niv ,M,20
R2351,Eddie Lee,M,20
R2352,RSBN ,M,20
R2353,Joseph Morace,M,20
R2354,Lil deebo,M,20
R2355,Ernest Calhoun,M,20
R2356,Cookin Mama,M,20
R2357,Proud Canadian  ,M,20
R2358,James,M,20
R2359,Brucie,M,20
R2360,TRUMP GREMISTA   MAKE GREMIO GREAT AGAIN,M,20
R2361,Tom Santos,M,20
R2362,Trespatines1,M,20
R2363,D Verret,M,20
R2364,Rob Hoffman No longer redacted,M,20
R2365,Smarten Smith,M,20
R2366,Freedom of Speech Guy,M,20
R2367,Bill Wilgus ,M,20
R2368,The Libertarian Middle,M,20
R2369,Jann Kott,M,20
R2370,Robert Guist,M,20
R2371,steak/fajitapronounced vegeta,M,20
R2372,Paul Hrabec,M,20
R2373,Chris Dorner,M,20
R2374,Don Bishop,M,20
R2375,edgar,M,20
R2376,The Grim Reaper,M,20
R2377,Jamie Maloney,M,20
R2378,407 Magic  Bucs,M,20
R2379,gaijingirl2004 Bronx Leftist/Green.  ,M,20
R2380,Steve Valuch,M,20
R2381, RealLFFL,M,20
R2382,Chris Topher,M,20
R2383,Barb Peckham,M,20
R2384,Trevis Farthing,M,20
R2385,2StarP,M,20
R2386,"Ted, just Ted",M,20
R2387,Robert Rapata,M,20
R2388,Zano,M,20
R2389,ConspiracyJunkie,M,20
R2390,Carol Skarlat,M,20
R2391,IamStillHereBugger ,M,20
R2392,BCF,M,20
R2393,Shawn,M,20
R2394,JacktheCat,M,20
R2395,The Kash Man,M,20
R2396,ANN SISCO 1 1,M,20
R2397,Baruch BenGershonh,M,20
R2398,Aussie Born,M,20
R2399,Ned Livingstone,M,20
R2400,Tr Thc VN,M,20
R2401,Ricky Clay,M,20
R2402,Xolodog,M,20
R2403,michelle wrathell,M,20
R2404,Barbara Caban Homer,M,20
R2405,Brian Rundle  ,M,20
R2406,GrandmaCarol,M,20
R2407,Louis Hooffstetter,M,20
R2408,Max D. Wheeler,M,20
R2409,Genevieve,M,20
R2410,Musketeer,M,20
R2411,Linda Pantano,M,20
R2412,PFFVEVIL DEEP STATE CENSORING TRUMP SUPPORTERS FU,M,20
R2413,judy morris,M,20
R2414,LaShonLuv Deplorable Magadonian Listless Vessel,M,20
R2415,Dr Ellen RipleyFDJT 1619 DC51,M,20
R2416,Rass,M,20
R2417,Sharp,M,20
R2418,Maytrix,M,20
R2419,Poivrot Farci,M,20
R2420,90Jane4Trump,M,20
R2421,Sandra FabbriMom,M,20
R2422,DigitalSass,M,20
R2423,TamaraH,M,20
R2424,Desus Nices burner account,M,20
R2425,Carlos GO VOTE ,M,20
R2426,Miqueridoescorpion,M,20
R2427,Angela ,M,20
R2428,Mark Winters,M,20
R2429,Kick Em All Out,M,20
R2430,Carmine43,M,20
R2431,Sargasm,M,20
R2432,David LaDuke,M,20
R2433,RayinMichigan,M,20
R2434,TheXFactor,M,20
R2435,Trumpyoo,M,20
R2436,Stephen,M,20
R2437, ,M,20
R2438,Lord Robert Guadalupe,M,20
R2439,Gei,M,20
R2440,its all a scam,M,20
R2441,Nigel,M,20
R2442,Christ is King,M,20
R2443,Eric Hinkle,M,20
R2444,Emily Gibbs,M,20
R2445,Thomas Hasslen,M,20
R2446,A.Dub,M,20
R2447,"Cinnamon Bun ,",M,20
R2448,The Bumble,M,20
R2449,Wyatt McPatriot,M,20
R2450,Mel,M,20
R2451,Soon to Leave This Hellscape,M,20
R2452,Original Spike1962,M,20
R2453,Susan Ives,M,20
R2454,Provost Atticus,M,20
R2455,Yoshua Gilbert,M,20
R2456,Ken Lonquest,M,20
R2457,The Eye in the Sky Paying Attention,M,20
R2458,Raymarie,M,20
R2459,Giacomo Volpe ,M,20
R2460,Trump 45 47,M,20
R2461,Robert McLaughlin,M,20
R2462,,M,20
R2463,"Jordan, President Trump Supporter, Vegan Patriot",M,20
R2464,,M,20
R2465,Patricia McNeal,M,20
R2466,Faith over Fear Trump 2024 or B4,M,20
R2467,Ali Adair ,M,20
R2468,Mark Lewis,M,20
R2469,BriBri,M,20
R2470,Valerie Morrison - America First,M,20
R2471,Raul Sanchez,M,20
R2472,Lola Wood,M,20
R2473,Karla,M,20
R2474,Al Sadius,M,20
R2475,Marito ,M,20
R2476,MXMXMX,M,20
R2477,Ruth Cheatham,M,20
R2478,Punkin3,M,20
R2479,1.0 American/Man,M,20
R2480,George William,M,20
R2481,Celia,M,20
R2482,iznril,M,20
R2483,Proud Trump Supporter,M,20
R2484,Matt Morris,M,20
R2485,Mike D,M,20
R2486,Rla,M,20
R2487,Oakland Niner ,M,20
R2488,Amy,M,20
R2489,"For God, Family  Country ",M,20
R2490,RabidEagle,M,20
R2491,News News News,M,20
R2492,Debbie ,M,20
R2493,Ellie A,M,20
R2494,Johnny James,M,20
R2495,Steve Hart,M,20
R2496,Brandon Larson,M,20
R2497,Mark Poloncarz,M,20
R2498,Alex De St Germain,M,20
R2499,RU4USA,M,20
R2500,Trump2024nomatterwhat,M,20
R2501,Welcome to MAGA world.,M,20
R2502,Edward Rodriguez,M,20
R2503,Jason the commenter,M,20
R2504,Miss Freda,M,20
R2505,Simon Dub,M,20
R2506,Dave Koffer,M,20
R2507,Gigi J. Trump,M,20
R2508,Radio Cuervo Latin 2,M,20
R2509,Cheryl ChamplinCalen,M,20
R2510,Operation Unknown ,M,20
R2511,PSU7893,M,20
R2512,Francine,M,20
R2513,Lumpy Dumpy,M,20
R2514,Brianna Macey,M,20
R2515,Plainview8585,M,20
R2516,PATRIOTIC LADY,M,20
R2517,Tamara Morley Tami,M,20
R2518,edward turello,M,20
R2519,pat taylor,M,20
R2520,Jay Stone,M,20
R2521,ElleF,M,20
R2522,Sherry Touchton,M,20
R2523,I,M,20
R2524,DE Conservative 23,M,20
R2525,axnerj,M,20
R2526,Judge Death,M,20
R2527,Border Patriot,M,20
R2528,SwissArmyTenor,M,20
R2529,Christian Caryl,M,20
R2530,Not Woke,M,20
R2531,Nativenolagal,M,20
R2532,IAO,M,20
R2533,ALEJANDRO OLMOS,M,20
R2534,Rae Venn,M,20
R2535,Not Today Colonizer  LandBack,M,20
R2536,BitingOnTinfoil,M,20
R2537,Dia,M,20
R2538,Jessica Zimmer,M,20
R2539,Marcus,M,20
R2540,Luke MD,M,20
R2541,America First Conservative,M,20
R2542,EyesWideOpen,M,20
R2543,Angrman,M,20
R2544,Best Neighbor,M,20
R2545,American,M,20
R2546,Free Out West,M,20
R2547,Cale Scheidegger,M,20
R2548,Anti trust laws,M,20
R2549,Anti-Woke,M,20
R2550,Ellen Mongan,M,20
R2551,butxh,M,20
R2552,IHeartDagny,M,20
R2553,Karlucha,M,20
R2554,Diane P,M,20
R2555,Hobson MCCain Jr.,M,20
R2556,RobUnapologetic Trump Loyalist,M,20
R2557,Gambino,M,20
R2558,Hopeful Patriot,M,20
R2559,Dixie s America  Trump,M,20
R2560,CHS,M,20
R2561,Ripley ,M,20
R2562, Rhody ,M,20
R2563,Guy LaBar,M,20
R2564,Chuck Griggs,M,20
R2565,Tartufi ,M,20
R2566,Trent Lalonde   ,M,20
R2567,Kay Haydon,M,20
R2568,Richard Batchelor,M,20
R2569,The Chosen One,M,20
R2570,We deserve whats happening now.,M,20
R2571,The Rake,M,20
R2572,Evyn Alexander,M,20
R2573,RJBIII,M,20
R2574,Mara,M,20
R2575,Brownie Gurl,M,20
R2576,ann,M,20
R2577,NyanTrump,M,20
R2578,Queen Chimerazilla  ,M,20
R2579,Steve Pran,M,20
R2580,James Tate,M,20
R2581,Jason Overstreet,M,20
R2582,Clem,M,20
R2583,Right hand man,M,20
R2584,Sweden4Trump,M,20
R2585,Its Trumps World ,M,20
R2586,Person Experiencing Texan-ness,M,20
R2587,Jazz Drummer,M,20
R2588,alumi misomer,M,20
R2589,Raymond C Maitland,M,20
R2590,Shelby Grace OShea,M,20
R2591,Tero Kuittinen,M,20
R2592,K. Z. Snow,M,20
R2593,Trump Victory,M,20
R2594,@72ps,M,20
R2595,KadaCombs,M,20
R2596,,M,20
R2597,bruce harriman,M,20
R2598,Sapper,M,20
R2599,ABC News Live,M,20
R2600,Al Greens Pimp Cane,M,20
R2601,Matthew Edmonson,M,20
R2602,Linda Catalina,M,20
R2603,Adub,M,20
R2604,Kentucky Spirits  ,M,20
R2605,TPBlue ,M,20
R2606,Nancy A Banker,M,20
R2607,Holy Smokes,M,20
R2608,Matthew     ,M,20
R2609,Clutch Cargo Cult.,M,20
R2610,Cooler heads  ,M,20
R2611,Cheap  Crass,M,20
R2612,"Carolyn Barber, MD",M,20
R2613,Helios Eusebio ,M,20
R2614,Bq11,M,20
R2615,X-ing eXes,M,20
R2616,DefenderofChrist,M,20
R2617,"gigimac.bsky.social, Pro , Fck Putin  Trump.",M,20
R2618,Christian Eidem ,M,20
R2619,Clint Johnson,M,20
R2620,Alex Jones TV,M,20
R2621,John Elkins Sr,M,20
R2622,Linda Mitchell,M,20
R2623,Mike Lamb,M,20
R2624,Lawton,M,20
R2625,OVBoss,M,20
R2626,Newman,M,20
R2627,Terie Milburn,M,20
R2628,Acerths Ace Thirsk  ,M,20
R2629,whiteaglesoring,M,20
R2630,Robert Taylor,M,20
R2631,El Trump Rex,M,20
R2632,Chili Dog,M,20
R2633,Nick,M,20
R2634,double standard,M,20
R2635,slyweazal,M,20
R2636,DoctorBritain,M,20
R2637,Gary Hollis,M,20
R2638,Trump.AI,M,20
R2639,Joe Six-Pack,M,20
R2640,Vice Man,M,20
R2641,Marc Xavier Adams,M,20
R2642,Jackie Jaxster,M,20
R2643,Daniel Towey,M,20
R2644,RedNoteid- Burnzotron123,M,20
R2645,Mike Walz,M,20
R2646,DEMOCRATIC American Flag Patriot,M,20
R2647,Criptotime,M,20
R2648,Brett Murphy,M,20
R2649,BestisYettoCome,M,20
R2650,Sick and Tired,M,20
R2651,TRUMP WON ,M,20
R2652,Joanne,M,20
R2653,wek,M,20
R2654,Jose W,M,20
R2655,Donald Trump Christ follower,M,20
R2656,T ,M,20
R2657,Ali Molina,M,20
R2658,RufusXavier,M,20
R2659,TenTun 2001,M,20
R2660,Nicky ,M,20
R2661,Reid Ribble,M,20
R2662,phil-i-am,M,20
R2663,Loren Bordeaux,M,20
R2664,Just another Florida deplorable,M,20
R2665,Lujan,M,20
R2666,Brian D Brown,M,20
R2667,David ProChoice  LGBTQ,M,20
R2668,Em,M,20
R2669,Anna Khachiyan,M,20
R2670,Rogelio DaPrince,M,20
R2671,Bryan Bernicky ,M,20
R2672,Molly Pitcher,M,20
R2673,Heitor Santana,M,20
R2674,Mercedes Schlapp,M,20
R2675,Claudio Ortizbelgoff,M,20
R2676,Ashley Berryhill ,M,20
R2677,"Kathi, spay/neuter your pets",M,20
R2678,anonimobits,M,20
R2679,Denise Parsons,M,20
R2680,XX1133122111,M,20
R2681,Angus Johnston,M,20
R2682,musicandsportsguy,M,20
R2683,Konspiracy,M,20
R2684,RiftTV,M,20
R2685,Wendall,M,20
R2686,HonestJohn,M,20
R2687,Gonzalo Agustin Fernandez de Azcarate,M,20
R2688,Robin Hager,M,20
R2689,coloRADo American Girl,M,20
R2690,Dudeman,M,20
R2691,Donna Archibald ,M,20
R2692,Lisbeth,M,20
R2693,Coleman Moreing,M,20
R2694,M. A. Cummings,M,20
R2695,"Clumsy Ninja  ,  ",M,20
R2696,Scarcely Saved,M,20
R2697,Trump Cultist Clownery,M,20
R2698,Maj Djinn,M,20
R2699,Robert Dienert,M,20
R2700,Alan Cornett,M,20
R2701,Zeeshan Hussain Cheema  ,M,20
R2702,Conservative Patriot ,M,20
R2703,clkiwce,M,20
R2704,Jerry Schwartz,M,20
R2705,pammie,M,20
R2706,alisone,M,20
R2707,TRUMP 2024-- Fuck-JBFKHFDNCGENX,M,20
R2708,The Sarcasticat,M,20
R2709,PC Tunney,M,20
R2710,Alka Selzer,M,20
R2711,Helen Aguirre Ferr,M,20
R2712,Rushbaby12,M,20
R2713,THE GOOSE GIRL  Sylvias mother said... ,M,20
R2714,pugster,M,20
R2715,Jessica Vaugn,M,20
R2716,Phoebe Black,M,20
R2717,Gary   ,M,20
R2718,DonKeebalz,M,20
R2719,Kkjj,M,20
R2720,Jeffrey Deitrick,M,20
R2721,Hernando Jose Martinez,M,20
R2722,vince eboundane,M,20
R2723,JRN,M,20
R2724,Charles,M,20
R2725,Bill Navari,M,20
R2726,Chipmaster69,M,20
R2727,Mark Pyron,M,20
R2728,Missileman,M,20
R2729,scar,M,20
R2730,Lady di  A Baby WhispererCrypto Princess,M,20
R2731,OldHippieBoomerU Trump UltraMAGAMAHA USA,M,20
R2732,Mike Balboni,M,20
R2733,Google Sayanim,M,20
R2734,RandomHappyAmerican,M,20
R2735,Pangloss,M,20
R2736,StreamCatcher Chris,M,20
R2737,One of Trumps Army,M,20
R2738,Greg Krieg,M,20
R2739,Jackie Curry,M,20
R2740,Consumer,M,20
R2741,  Wiffleball Tony ,M,20
R2742,,M,20
R2743,Pro-life.,M,20
R2744,Mischelynn Scarlatelli,M,20
R2745,Julenejp,M,20
R2746,reeg,M,20
R2747,Maribeth Cordesman,M,20
R2748,Jihn,M,20
R2749,Kristy Christensen ,M,20
R2750,ModeratesNeedToRunTheUS,M,20
R2751,Juxtapose,M,20
R2752,Iurich xVx,M,20
R2753,Leasha Knight ,M,20
R2754,Rock Man,M,20
R2755,We The People,M,20
R2756,HalaArafa,M,20
R2757,amg,M,20
R2758,Bryan B.,M,20
R2759,KnightBreed,M,20
R2760,Unsalvageable,M,20
R2761,gdiloren,M,20
R2762,Just An Ordinary Guy,M,20
R2763,Thomas Russ,M,20
R2764,Boycott Tesla ,M,20
R2765,Tim Rust,M,20
R2766,Emek Echo,M,20
R2767,NoMonkeyBusiness,M,20
R2768,Merlene Peay,M,20
R2769,Nancy,M,20
R2770,"Random Normie, Citizen of the Golden Age.",M,20
R2771,trish I dissent smith ,M,20
R2772,Jenny Diver  JusticeMatters FBR VOTE BLUE,M,20
R2773,Craven Morehead,M,20
R2774,LibertyGrace,M,20
R2775,Benita,M,20
R2776,FiddleyFud,M,20
R2777,Dawud Ibn Adham,M,20
R2778,,M,20
R2779,violet,M,20
R2780,Turtle,M,20
R2781,Cesar Fernandez-Ch.,M,20
R2782,Allan,M,20
R2783,CharlesNotBronson,M,20
R2784,Idealistme ,M,20
R2785,The Greatest Showman,M,20
R2786,TONE,M,20
R2787,Vernon Radway,M,20
R2788,Jane ,M,20
R2789,@osvaldosantoss,M,20
R2790,CryptoGoneWild,M,20
R2791,neosho tiger,M,20
R2792,MoviesandSports,M,20
R2793,Chase,M,20
R2794,LR,M,20
R2795,Chinese Peasant,M,20
R2796,Matthew Schilling,M,20
R2797,Ellmann,M,20
R2798,Fern J. Goodman,M,20
R2799,Just here for the show,M,20
R2800,Winifred J Cain,M,20
R2801,BotLigmaJohnson,M,20
R2802,Mimi,M,20
R2803,Jerry Jones Jr,M,20
R2804,Blazingprojects,M,20
R2805,Mr.Omar       ,M,20
R2806,Obese Blind American Pocahontas,M,20
R2807,talindo,M,20
R2808,Derek OShea,M,20
R2809,Ellys grandma,M,20
R2810,Wyldepepper  of Biancas KHive ,M,20
R2811,Zerkzees,M,20
R2812,Milton Streets,M,20
R2813,NikkiRivers45,M,20
R2814,Miranda Allen,M,20
R2815,Michael fox,M,20
R2816,YouCanCallMeDee,M,20
R2817,Willy,M,20
R2818,R3LLIKBOON,M,20
R2819,omegahpla ... TRUMP,M,20
R2820,Flynn Zone ,M,20
R2821,Raymond K. Azar ,M,20
R2822,WD HAMMER,M,20
R2823,Eli Afriad   parody,M,20
R2824, Rude Fulk  ,M,20
R2825,BadMadRichard,M,20
R2826,Cobalt,M,20
R2827,Bizarro Trump,M,20
R2828,Michael Scott,M,20
R2829,AUGUSTINE CHIDUBEM,M,20
R2830,Kenny,M,20
R2831,Steve Laughlin,M,20
R2832,Jenasus,M,20
R2833,Scott M. Callan,M,20
R2834,Jeff,M,20
R2835,Jeff McCray,M,20
R2836,Joyce Sipprell,M,20
R2837,Teen Burger,M,20
R2838,Hoodiemarky,M,20
R2839,Ang,M,20
R2840,Trump Lost,M,20
R2841,Don McD,M,20
R2842,Deplorable Blacks for Trump,M,20
R2843,Nikki,M,20
R2844,dpadams6,M,20
R2845,Trumps online war machine,M,20
R2846,Dancin Dave,M,20
R2847, BoPatriot ,M,20
R2848,Ron Crumpton ,M,20
R2849,Warpenwar,M,20
R2850,TYLER,M,20
R2851,John Petkov ,M,20
R2852, Trump 2024 ,M,20
R2853,CryptosYachtBroker,M,20
R2854,Matias Mari 329450,M,20
R2855,SOUTHSIDE ROYALTY,M,20
R2856,tRump is a LOSER,M,20
R2857,Thierry Philippet,M,20
R2858,monsieur moutarde,M,20
R2859,Michael Blakley,M,20
R2860,Sara  ,M,20
R2861,ShaJoa41,M,20
R2862,Rick G. Rosner,M,20
R2863,red jacket,M,20
R2864,Charles X Proxy,M,20
R2865,Alice Francis,M,20
R2866,TECHNOCORP ,M,20
R2867,Cindy James Briggs,M,20
R2868,Kamala Clown World,M,20
R2869,WallyCleaver,M,20
R2870,Pat carbone,M,20
R2871,RightSideAmerican,M,20
R2872,Scott Keeler,M,20
R2873,PBPBS1,M,20
R2874,Vlad the Inhaler,M,20
R2875,EyesForTrump,M,20
R2876,Angela Murnin,M,20
R2877,The Sausage King of Ashland,M,20
R2878,KaTetDihn2024,M,20
R2879,MOIZ ESUFALLY,M,20
R2880,Ex baller,M,20
R2881,Mongo53,M,20
R2882,Its Just Numbers,M,20
R2883,A,M,20
R2884,Ken Hardin,M,20
R2885,Tammy Cato,M,20
R2886,Ron Kaiser,M,20
R2887,mail2dawn,M,20
R2888,gary,M,20
R2889,Anella Writes,M,20
R2890,All Things Crime,M,20
R2891,glorys Donald J. Trump 47/Kennedy MAGA/MAHA,M,20
R2892,Arnold Murphy,M,20
R2893,Leggo Brando,M,20
R2894,SchrodingersDocuments,M,20
R2895,cassius,M,20
R2896,Cheryl Sparkman,M,20
R2897,Lissa aka Cowboy Killa ,M,20
R2898,Jeremy Baker,M,20
R2899,David Mendez,M,20
R2900,Jeff Richter,M,20
R2901,Laurie O,M,20
R2902,"OhShit...Irish Lord, Viking King",M,20
R2903,Todd,M,20
R2904,JOEL THALL,M,20
R2905,McHNP,M,20
R2906,Divaofthedemic,M,20
R2907,Brian Day,M,20
R2908,RevolutionaryPatriot,M,20
R2909,Judy Judy Judy ,M,20
R2910,Island Life,M,20
R2911,Ted,M,20
R2912,Thomas Gibbar,M,20
R2913,Jason Jones,M,20
R2914,Jimmy Lee,M,20
R2915,Jake Iverson,M,20
R2916,Apple Lamps,M,20
R2917,Marcpatriot,M,20
R2918,Ivonne Kinser,M,20
R2919,Buksterlin,M,20
R2920,Fares Adam,M,20
R2921,John Fox,M,20
R2922,Amy Hopkins,M,20
R2923,Kyle York,M,20
R2924,CMFFL82,M,20
R2925,Diana Krummel,M,20
R2926,Aniroc.Barr,M,20
R2927,Du. Lus Alberto Zambon,M,20
R2928,Kdubb,M,20
R2929,WLMKs Grandpa,M,20
R2930,Agerico De Villa,M,20
R2931,nini,M,20
R2932,Noneya,M,20
R2933,proud liberal,M,20
R2934,madelaine irene,M,20
R2935,rustin mahan,M,20
R2936,Goodvibes,M,20
R2937,Doug Kalka,M,20
R2938,marilyn pickens,M,20
R2939,PSSN3,M,20
R2940,Eleanor Estavillo,M,20
R2941,Heather Greaves,M,20
R2942,Corey Smith,M,20
R2943,tenaci,M,20
R2944,Shina Bam  ,M,20
R2945,SaveAslave,M,20
R2946,Denning,M,20
R2947,Tad Toring,M,20
R2948,Grant H,M,20
R2949,Revoke The 16th,M,20
R2950,BEIRE ONE ORTIZ,M,20
R2951,Villager Greene Preservation Society,M,20
R2952,NavyNursePractitioner retired,M,20
R2953,Andy Dai,M,20
R2954,HuggyBear,M,20
R2955,Albezi9,M,20
R2956,Mojo,M,20
R2957,Bonnie Kaster,M,20
R2958,Carolyn Casey,M,20
R2959,Brian,M,20
R2960,TRUMP WATCH by InspoNews - Federico Cardella,M,20
R2961,sEaN GoHabsGo ,M,20
R2962,Reese Pond,M,20
R2963,Golden Age Of America,M,20
R2964,Nancy S. Price,M,20
R2965,SYBILLE FORTIN,M,20
R2966,kathy,M,20
R2967,Ed-Lane,M,20
R2968,investor 61,M,20
R2969,HansMom,M,20
R2970,Gregory Fowler,M,20
R2971,Pam Donovan,M,20
R2972,Ms.Renay,M,20
R2973,Trump overturned Roe,M,20
R2974,Mark W. Smith/2A Scholar,M,20
R2975,Clarence Thomas Worst Nightmare,M,20
R2976,Trevor Fitzgibbon,M,20
R2977,RadioSilent,M,20
R2978,Daniel Rebolledo,M,20
R2979,jenn mcdavitt,M,20
R2980,NJBeachBuggy,M,20
R2981,Keysdweller,M,20
R2982,S0L,M,20
R2983,Ajay Chand,M,20
R2984,Alejandro Guzman,M,20
R2985,Vote Hard Again,M,20
R2986,William Goldrick,M,20
R2987,Tijuanasmalls ,M,20
R2988,Denrael,M,20
R2989,SmartChick resist ,M,20
R2990,David Rea,M,20
R2991,Steve S. ,M,20
R2992,Kim,M,20
R2993,Dave Hunter,M,20
R2994,Bet,M,20
R2995,TPS Report  ,M,20
R2996,Deb,M,20
R2997,David Prather,M,20
R2998,Lou Penrose,M,20
R2999,Mary Jane,M,20
R3000,Holden,M,20
R3001,RLR,M,20
R3002,Kristine Lund,M,20
R3003,Kamala Harris  Joe Biden Parody,M,20
R3004,Prom King,M,20
R3005,KeoweeGal,M,20
R3006,kytVll,M,20
R3007,Mark Dobler,M,20
R3008,Rapture Watchman  ,M,20
R3009,Jimmy D,M,20
R3010,C21,M,20
R3011,Matthew Leo Birzer P.E.,M,20
R3012,SlickRick1972,M,20
R3013,The Tariff Man Can ,M,20
R3014,Matthew Ross,M,20
R3015,Bruce Dinger,M,20
R3016,super Man,M,20
R3017,DonaldTrump Fan ,M,20
R3018,David Guajardo,M,20
R3019,CoachLife,M,20
R3020,Patsy McDaniel,M,20
R3021,Veggie Dave,M,20
R3022,Target War Room,M,20
R3023,KimHawk,M,20
R3024,RUUPTOIT,M,20
R3025,The Autarch,M,20
R3026,IntegralAnswers,M,20
R3027,Paul Le Meur,M,20
R3028,Arsys Cats,M,20
R3029,Jay Gaudinier,M,20
R3030,Dark Hyacinth,M,20
R3031,Trump Barbado,M,20
R3032,DG I Voted For Trump,M,20
R3033,Yoghurt the Greek,M,20
R3034,Bella K USE YOUR VOICE,M,20
R3035,"Papi Pizza, that guy.",M,20
R3036,Anthony Wilson ,M,20
R3037,Chandler Land,M,20
R3038,Joshua Baker,M,20
R3039, TRUMP 2024 GO OUT AND VOTE ,M,20
R3040,Fuck Arkansas,M,20
R3041,djheadrick,M,20
R3042,golfur,M,20
R3043,David Anderson,M,20
R3044,Consider Me Deactivated - FUCK TRUMP,M,20
R3045,Catherine Jefferson ergoone.bsky.social,M,20
R3046,Deej,M,20
R3047,OpenDebates,M,20
R3048,Sheri akaSolana,M,20
R3049,Lady Shadowban ,M,20
R3050,Hugh c,M,20
R3051,pbpianoman,M,20
R3052,SOB I Am IN,M,20
R3053,Jane Wisdom,M,20
R3054,officebob,M,20
R3055,Jo Reitkopp ,M,20
R3056,Daemon Palyaco,M,20
R3057,John Hyman,M,20
R3058,Trump for ADX Florence 2024 ,M,20
R3059,TheBeerBrewer,M,20
R3060,PauL L. Muckle.,M,20
R3061,jokelley,M,20
R3062,  ,M,20
R3063,aka,M,20
R3064,Pass The Mic,M,20
R3065,cobaltblue,M,20
R3066,follow me for nuance news,M,20
R3067,Shilpa Verma,M,20
R3068,AmericanWoman,M,20
R3069,LionHearted,M,20
R3070,Curiosity Curator,M,20
R3071,Skankhunt42,M,20
R3072,Truth Hurts,M,20
R3073,misophonia nervosa,M,20
R3074,We LOVE Trump,M,20
R3075,Cyndi Custer,M,20
R3076,Debbi Wynne,M,20
R3077,Dr Mariana Claire Marinovic ,M,20
R3078,captive dreamer,M,20
R3079,Jenny Frecklington-Jones OnBlueSkySocialAlso,M,20
R3080,Dictator Don Shithispants Trump,M,20
R3081,mob,M,20
R3082,JES,M,20
R3083,Trump speeches by Alice,M,20
R3084,AtomicAJ74,M,20
R3085,Kano,M,20
R3086,Tom S,M,20
R3087,carol fernandez,M,20
R3088,darlene seeger,M,20
R3089,John Ziegler,M,20
R3090,GLORIA BREDEHOEFT,M,20
R3091,2cents,M,20
R3092,gunsandrockets,M,20
R3093,PDP00000001 ,M,20
R3094,Bahamas124,M,20
R3095,annetravel1,M,20
R3096,Mary Shilow,M,20
R3097,Bee Bee ,M,20
R3098,Rusty Antel ,M,20
R3099,Free Trump Official,M,20
R3100,Ladyred VetsResistSupportSquadron,M,20
R3101,Michael Sparger,M,20
R3102,jeffersonG,M,20
R3103,OREN,M,20
R3104,Joel,M,20
R3105,Robert Kjelsrud,M,20
R3106,Pat Sealy,M,20
R3107,dinoraye,M,20
R3108,MirrorMan,M,20
R3109,Sally Canfield ,M,20
R3110,Barbara Hoffmann,M,20
R3111,XY can NEVER equal XX,M,20
R3112,Emmawatsonssaggytits,M,20
R3113,Sheryl Toth,M,20
R3114,BEEKIND,M,20
R3115,Ari M. Eden,M,20
R3116,Bill Randol,M,20
R3117,chuckm. moving to bsky.social ,M,20
R3118,Marlene Robertson,M,20
R3119,Mr. Pop Tart,M,20
R3120,Kat Hart,M,20
R3121,Jeff The Jefe,M,20
R3122,T Anderson ,M,20
R3123,Peace and Love to all the good people,M,20
R3124,Jonathan,M,20
R3125,The voice of reason,M,20
R3126,MAGAGATOR,M,20
R3127,GSY,M,20
R3128,Mase55,M,20
R3129,SamSung,M,20
R3130,BleachOD,M,20
R3131,OctoMatt2,M,20
R3132,Michael McMillan,M,20
R3133,TRUMP COUNTRY USA/@LauraLeeBordas,M,20
R3134,ApolloPhoebus,M,20
R3135,Dharamraj Yadav,M,20
R3136,Clint Brooks ,M,20
R3137,vlo vlo,M,20
R3138,Brotha FromAnothaMotha,M,20
R3139,Lucy Wells,M,20
R3140,Peter,M,20
R3141,giggitty08,M,20
R3142,Pansophic.,M,20
R3143,Rick Myles,M,20
R3144,Carmine,M,20
R3145,Rico,M,20
R3146,Javeenci,M,20
R3147,Donald J. Trump Parody,M,20
R3148,charles alvarado,M,20
R3149,Vinayakjeev,M,20
R3150,More Than,M,20
R3151,Lisa Marie,M,20
R3152,KAR120C,M,20
R3153,Hawthorne Abendsen III ,M,20
R3154,Harry Assman,M,20
R3155,Equalizer,M,20
R3156,America First,M,20
R3157,Steph  TRUMP 45-47 ,M,20
R3158,Michael Downard,M,20
R3159,Ben Taylor,M,20
R3160,Garry B,M,20
R3161,Sam DeMarco ,M,20
R3162,Dan noringer,M,20
R3163,Frank Ferriolo,M,20
R3164,Dianne Seguin,M,20
R3165,taco enthusiast,M,20
R3166,Pat Fuller KeeperOfTheFlame  ,M,20
R3167,Gazpacho Policewoman   ,M,20
R3168,Douhood,M,20
R3169,David V Kiser,M,20
R3170,Winston Johnson ,M,20
R3171,Patriot princess,M,20
R3172,Kim Watson aka CatWoman,M,20
R3173,No More Trump,M,20
R3174,America,M,20
R3175,"Ronald D. Harrison, Jr., M.Div., M.Ed., Ed.S.",M,20
R3176,Ed McBride ,M,20
R3177,Veronica Rose,M,20
R3178,TheBadgerJohn,M,20
R3179,SheilaProud Patriot,M,20
R3180,    ,M,20
R3181,Shumei@,M,20
R3182,Jeffery Moore,M,20
R3183,Tam Robertson,M,20
R3184,Harley D Smith,M,20
R3185,GamePolitik,M,20
R3186,martybecker123,M,20
R3187,connumist nation,M,20
R3188,Pizza and Tariff expert,M,20
R3189,BinNA,M,20
R3190,Stacy Adelizzi,M,20
R3191,Justifi,M,20
R3192,Renae M.,M,20
R3193,BPGlass,M,20
R3194,Sue,M,20
R3195,edna wilkinson,M,20
R3196,J M Maine,M,20
R3197, THEE Crones for KamalaHarris2024 ,M,20
R3198,Julie Fraser ,M,20
R3199,Steven M.Y.,M,20
R3200,Kelly Ribar,M,20
R3201,Gary  Bernice Macyk,M,20
R3202,Camel Fox,M,20
R3203,Brandon,M,20
R3204,Autos Pueblo,M,20
R3205,Jen C,M,20
R3206,Kevin Smith,M,20
R3207,Jason Gots,M,20
R3208,DJW,M,20
R3209,Bill Bange,M,20
R3210,die behind the wheel,M,20
R3211,Forrest Story,M,20
R3212,Here For Trump,M,20
R3213,jlkinok,M,20
R3214,John Smith,M,20
R3215,young yun,M,20
R3216,Donald Brascoe,M,20
R3217,Xelen,M,20
R3218,AOC Parody,M,20
R3219,Suzanne Bird,M,20
R3220,Beth Varney,M,20
R3221,Barbara May,M,20
R3222,Tommy G Goodman,M,20
R3223,West Coast Muppet,M,20
R3224,Disaffected Scientist,M,20
R3225,SharonKP AUDIT EVERYTHING,M,20
R3226,Joey franko,M,20
R3227,Rhonda Norman Taylor,M,20
R3228,victor correa,M,20
R3229,LaSanya Rucker,M,20
R3230,Robespierre,M,20
R3231,PornHideout.com,M,20
R3232,Linda Little,M,20
R3233,Conservative Cali,M,20
R3234,"Dr. Venkman, 2 PhDs",M,20
R3235,Mike Rose Research,M,20
R3236,Miss M,M,20
R3237,Straight White Male,M,20
R3238,TJ,M,20
R3239,Tracy Henning,M,20
R3240,Vicki Chism,M,20
R3241,Debra Schwager,M,20
R3242,lady4liberty,M,20
R3243,LMurray,M,20
R3244,WitchKingOfAngmar,M,20
R3245,Patsy Hall Laufer,M,20
R3246,Pro2kall,M,20
R3247,Magnum PI,M,20
R3248,Lawrence Brian Schwartz,M,20
R3249,Pamela Burton,M,20
R3250,OReilly,M,20
R3251,DeplorableMe,M,20
R3252,George Takei,M,20
R3253,Kimberly Cromwell,M,20
R3254,MagicalNature,M,20
R3255,Nicolette,M,20
R3256,USA News,M,20
R3257,Investing in Americas Future.,M,20
R3258,Leo The Lion,M,20
R3259,Denise,M,20
R3260,Landon,M,20
R3261,Liberty 7 USA,M,20
R3262,Mattie,M,20
R3263,Winston Smith,M,20
R3264,Donald Convicted Felon Trump,M,20
R3265,Anabomb25,M,20
R3266,Richard Lennon,M,20
R3267,ABC22  FOX44,M,20
R3268,Harpazo,M,20
R3269,Holy Bullies,M,20
R3270,Stephen The Yellow Dart Schutt,M,20
R3271,Diane Bosan,M,20
R3272,34 for 34,M,20
R3273,Stephen Hopkins,M,20
R3274,T. M.,M,20
R3275,Cosisiwa Shamatari,M,20
R3276,al.x.t,M,20
R3277,TheDebWorkout,M,20
R3278,Freedom Lover,M,20
R3279,Fred,M,20
R3280,Peter Kemzura,M,20
R3281,White Oak,M,20
R3282,14th Amendment Section 3 NOW,M,20
R3283,Save America Trump 2024,M,20
R3284,Jeremy Vance,M,20
R3285,PawPawG,M,20
R3286,Renee Hanselman,M,20
R3287,Mark,M,20
R3288,Evi1986,M,20
R3289,Jean-Paul,M,20
R3290,Jarvis,M,20
R3291,Joseph Rizzuto,M,20
R3292,mitrajoon,M,20
R3293,Cairnsrule,M,20
R3294,Ifka,M,20
R3295,Warlock Woods,M,20
R3296,Leon Puissegur,M,20
R3297,Patty Carroll,M,20
R3298,Terminator,M,20
R3299,Ron Pinkham,M,20
R3300,Lola for Trump ,M,20
R3301,Cash Loren,M,20
R3302,SumoWonderDog,M,20
R3303,Joe Caruso,M,20
R3304,Degen Max,M,20
R3305,Sarah Hickey,M,20
R3306,Deborah ULTRA MAGA - RTR President Trump Won,M,20
R3307,scott McCall,M,20
R3308,AngeBleuGG,M,20
R3309,mosquito eater ,M,20
R3310,m1ke.r0ckz ,M,20
R3311,Marty Diana,M,20
R3312,Worlds Biggest Trump Hater,M,20
R3313,Gina Sourjohn,M,20
R3314,moongalcan ,M,20
R3315,Harley 883,M,20
R3316,atanyrate,M,20
R3317,Dubious Sources,M,20
R3318,Bernard,M,20
R3319,C.L,M,20
R3320,Xponet,M,20
R3321,Crusader4US,M,20
R3322,CLBurns,M,20
R3323,Jim Collins,M,20
R3324,Quinn,M,20
R3325,DW,M,20
R3326,Inches Woods,M,20
R3327,Bone Crusher,M,20
R3328,Wildlife,M,20
R3329,Yitsys Gma,M,20
R3330,Trump is Weird,M,20
R3331,Jeanne Haston,M,20
R3332,       ,M,20
R3333,NanLee Marie Carissimi,M,20
R3334,Piyush Mittal ,M,20
R3335,Richard,M,20
R3336,Taylor,M,20
R3337,CALIRaider,M,20
R3338,My name is Steve,M,20
R3339,Riley the Dog,M,20
R3340,Devyl4377,M,20
R3341,Melody,M,20
R3342,OsComSam,M,20
R3343,Sam ,M,20
R3344,reality wit,M,20
R3345,Bill,M,20
R3346,@DBrianSteele1,M,20
R3347,4GodFamilyCountry,M,20
R3348,Cordell Baker,M,20
R3349,karen,M,20
R3350,Kris Alexander,M,20
R3351,NJ Trump lover,M,20
R3352,Frank Luntz,M,20
R3353,JustChris,M,20
R3354,Demogenes Aristophanes,M,20
R3355,Chris Robinson,M,20
R3356,Dennis C. Hayes,M,20
R3357,Brenda Oravec,M,20
R3358,kudeta,M,20
R3359,Talk is Cheap     ,M,20
R3360,Anne-Marie Christman ,M,20
R3361,GodaldTrump,M,20
R3362,RICKIE ADEY STOP TRUMP-RESIST PROJECT2025,M,20
R3363,Giao Vu,M,20
R3364,Michael Cala,M,20
R3365,Dirty Lefty,M,20
R3366,Billy,M,20
R3367,James Dunlap,M,20
R3368,Katherine,M,20
R3369,Brenda Ague,M,20
R3370,HRS,M,20
R3371,Cheryl,M,20
R3372,DJenson,M,20
R3373,Karen Bearss,M,20
R3374,Trump is Elons Reek,M,20
R3375,Lyn Powell,M,20
R3376,Brad Moore,M,20
R3377,serena williams,M,20
R3378,Young Connington ,M,20
R3379,Standing up for truth and for freedom marcia,M,20
R3380,Wilfred Langley,M,20
R3381,Daniel Kim,M,20
R3382,Jonnjo,M,20
R3383,Leamon Burgart,M,20
R3384,Pelleteria 1,M,20
R3385,Music Man,M,20
R3386,Boberrooney,M,20
R3387,Just a Silly Guy,M,20
R3388,couchbrandon ,M,20
R3389,user8484995958,M,20
R3390,Vincent Sylvain,M,20
R3391,Kim ,M,20
R3392,Gee Y-not,M,20
R3393,GoldadorMom,M,20
R3394,LoveNgrace2025,M,20
R3395,UNIBLAB,M,20
R3396,Chris Godwin,M,20
R3397,Bill Mitchell,M,20
R3398,BR5-49,M,20
R3399,MissKitty,M,20
R3400,Matt L,M,20
R3401,Reggie Lewis,M,20
R3402,Martha Johnson 1776 I SUPPORT DONALD J TRUMP 2024,M,20
R3403,Florida Man,M,20
R3404,Stan Liptzin,M,20
R3405,Chris Treanor,M,20
R3406,carolina santiago,M,20
R3407,Shane Daugherty,M,20
R3408,Johanne Martin,M,20
R3409,JosieT,M,20
R3410,Carrie Gilbert,M,20
R3411,Emperor of Ephebophilia,M,20
R3412,Minnesota Lady America First,M,20
R3413,RetrogradeAmnesia,M,20
R3414,Harry Stamper,M,20
R3415,jj falcon,M,20
R3416,john gaydos,M,20
R3417,Tom Sabanick,M,20
R3418,kjames011,M,20
R3419,Tom for Justice,M,20
R3420,Interested in Trouble,M,20
R3421,Linda Robinson,M,20
R3422,Carrie Majorie,M,20
R3423,Ammar Moussa,M,20
R3424,JohnnyUtah Rides Again,M,20
R3425,Bob Starr,M,20
R3426,Max Burkanov,M,20
R3427,Roots  Reason,M,20
R3428,Living The Dream,M,20
R3429,ritzy gypsy,M,20
R3430,SDe ComoEs,M,20
R3431,dean lovell,M,20
R3432,JTG,M,20
R3433,Andy Strong,M,20
R3434,F.Thomas,M,20
R3435,Notorious,M,20
R3436,Donna Papadopoulos,M,20
R3437,Jim Bagley,M,20
R3438,Pat Hamilton,M,20
R3439,Blah me ,M,20
R3440,justin,M,20
R3441,CBG1,M,20
R3442,Putin Validus,M,20
R3443,chuck schutrick,M,20
R3444,gil malonzo,M,20
R3445,Mira,M,20
R3446,The.Mothership,M,20
R3447,Todd Kupferer,M,20
R3448,agentgirl1776,M,20
R3449,Snot Shot,M,20
R3450,Aaron Roberts,M,20
R3451,Dbora,M,20
R3452,CorpulaceChris,M,20
R3453,Dave Plumb,M,20
R3454,AugustaWeaverJohnson ,M,20
R3455,TheKnowsNose,M,20
R3456,Sabine,M,20
R3457,RU Graphics,M,20
R3458,TKM,M,20
R3459,Independent American,M,20
R3460,abay731 Betty,M,20
R3461,Tammy,M,20
R3462,GK,M,20
R3463,Never Trump,M,20
R3464,AdImpact Politics,M,20
R3465,Andrew Fink,M,20
R3466,Eddie,M,20
R3467,Guru,M,20
R3468,L Scott,M,20
R3469,Nasim Behrouz   ,M,20
R3470,AHez,M,20
R3471,Fck Trump,M,20
R3472,Cat T.,M,20
R3473,Daryl James  ,M,20
R3474,Victor Carson,M,20
R3475,buckwild,M,20
R3476,Huldra Nix,M,20
R3477,A.J.,M,20
R3478,Yolder,M,20
R3479,niner,M,20
R3480,Dr Bud Prizeman,M,20
R3481,Moment of Truth,M,20
R3482,M.Wells,M,20
R3483,Cynthia,M,20
R3484,PJnZoe NorCal Gal,M,20
R3485,Tigermom,M,20
R3486,Speedway,M,20
R3487,steve kelly,M,20
R3488,RoseMarie DaSilva,M,20
R3489, Just Deb ,M,20
R3490,Iris,M,20
R3491,Donald trump is a dumb piece of shit,M,20
R3492,Oli5734,M,20
R3493,The Real Vandy Deb ,M,20
R3494,NotaFedJed  Fighting for MN,M,20
R3495,JWwasright,M,20
R3496,T Koz,M,20
R3497,Chris Ortiz,M,20
R3498,Kat Nett,M,20
R3499,Drickkcird,M,20
R3500,Paspourca,M,20
R3501,DirtyFork,M,20
R3502,Bonnie Patterson,M,20
R3503,Paulo,M,20
R3504,Nat Turners Rifle FBA,M,20
R3505,Steve Sunich,M,20
R3506,jls081777,M,20
R3507,Four Seasons Total Landscaping,M,20
R3508,The Void Which Binds,M,20
R3509,Michael Santopadre,M,20
R3510,Chickwithacape,M,20
R3511,Tristian,M,20
R3512,Alma Llanera,M,20
R3513,umichvoter ,M,20
R3514,Cathy,M,20
R3515,A Verdade Est L Fora,M,20
R3516,Star Trump: The AI Generation,M,20
R3517,Scott Miller,M,20
R3518,Brian Stevens,M,20
R3519,Nick Freitas,M,20
R3520,Elgin Charles,M,20
R3521,TxLib,M,20
R3522,Nanette Morales,M,20
R3523,Susancha23,M,20
R3524,Aaron Rawlins,M,20
R3525,aznnorth,M,20
R3526,OctobersOwn,M,20
R3527,Denny Utter,M,20
R3528,Troy stull,M,20
R3529,White Fang,M,20
R3530,ADAN HUSSEIN HaqXpert ,M,20
R3531,Goose Man,M,20
R3532,Matt Cover,M,20
R3533,MattWGraver,M,20
R3534,Trump Won Popular Vote,M,20
R3535,Micah Ware,M,20
R3536,TrumpOnly,M,20
R3537,Lady,M,20
R3538,Panagiotis Karampourniotis,M,20
R3539,In Trump We Trust,M,20
R3540,Melissa,M,20
R3541,floop,M,20
R3542,John Davis,M,20
R3543,"Steven. Stop Trump, save us all.",M,20
R3544,Parlay Stooge,M,20
R3545,JP,M,20
R3546,Alexis Casalinguistics ,M,20
R3547,Jen  IstandwithIsrael  ,M,20
R3548,Darlla16 ,M,20
R3549,Twilight Surfers Development,M,20
R3550,Ali Bolley,M,20
R3551,Bc1776,M,20
R3552,antwon,M,20
R3553,Nachamu ,M,20
R3554,BRENT H,M,20
R3555,Ceachell49,M,20
R3556,barbara scantlan,M,20
R3557,The Flying Horses,M,20
R3558,,M,20
R3559,Dave Zubas,M,20
R3560,montrezmusic  RoadTrip,M,20
R3561,RaidersSixersYankees,M,20
R3562,Science Bob McGwier,M,20
R3563,Art Candee ,M,20
R3564,Steve Caldwell is on Bluesky he / him,M,20
R3565,MJ Stock Trader,M,20
R3566,Old Gringa,M,20
R3567,Willie Roberson,M,20
R3568,T-Bass,M,20
R3569,Sam Peak,M,20
R3570,Al Cappuccino,M,20
R3571,Rose,M,20
R3572,Larry Cassidy,M,20
R3573,Arkam,M,20
R3574,Nannette,M,20
R3575,TMc,M,20
R3576,FLOTUS Report,M,20
R3577,Jeffrey James,M,20
R3578,democrat no more,M,20
R3579,Kentucky Kirby,M,20
R3580,James Campbell,M,20
R3581,TrumPonzista,M,20
R3582,Timothy,M,20
R3583,HumphreyBohun,M,20
R3584,SlimDawg,M,20
R3585,gaybaristapaulforpresident,M,20
R3586,Robertus Trump,M,20
R3587,Cotsdi,M,20
R3588,Karen LoPresti,M,20
R3589,Mr. Matt,M,20
R3590,Life is good with a Chocolate  Lab,M,20
R3591,Joseph Mattera,M,20
R3592,JainJock,M,20
R3593,James Mullins,M,20
R3594, ,M,20
R3595,David Richardson,M,20
R3596,Quantavious,M,20
R3597,D. Self ,M,20
R3598,Dr. Fishfinder,M,20
R3599,Dean Sam,M,20
R3600,Sheila Newell Wood,M,20
R3601,Fire Pie ,M,20
R3602,Peter McKenna,M,20
R3603,Dave Miller,M,20
R3604,Nondelusional Oregonian,M,20
R3605,Kyle Velez,M,20
R3606,Immigrants for TRUMP 2024,M,20
R3607,Don Ready,M,20
R3608,Jeff Scott,M,20
R3609,Ruffing it,M,20
R3610,Julia Howell,M,20
R3611,Jackie Ramondelli,M,20
R3612,UglyZuckling,M,20
R3613,sunsetmasker,M,20
R3614,BlueRadio,M,20
R3615,Charlie-2010,M,20
R3616,Big Mike for Trump,M,20
R3617,Amen Oneill,M,20
R3618,MRJB ,M,20
R3619,Eagle Dancer,M,20
R3620,Dr. Matthimus Coleus,M,20
R3621,Madame President Stan Account,M,20
R3622,Farmer Thom,M,20
R3623,Think for Yourself,M,20
R3624,President Elect Bob Ross,M,20
R3625,chic coop2,M,20
R3626,Mike Marko,M,20
R3627,BlueLibras,M,20
R3628,Cynthia Skuce,M,20
R3629,SpanishQueenIn,M,20
R3630,Brent,M,20
R3631,Notta Sheep,M,20
R3632,Louis Lobasso,M,20
R3633,Prosecutor vs Felon,M,20
R3634,ajax,M,20
R3635,Profesor Avils CierrenPorFuera ,M,20
R3636,Matthew Thomas,M,20
R3637,Freedom Fighter ,M,20
R3638,VonAllens America,M,20
R3639,Politicalmom,M,20
R3640,"Jeffrey, Birth Canal Baby",M,20
R3641,Ed Kaufman,M,20
R3642,Mimi WeLoveYouCatherine,M,20
R3643,milly,M,20
R3644,FORMER MOD SHOVED RIGHT,M,20
R3645,Not a dumb blonde,M,20
R3646,InjusticeinKY,M,20
R3647,Connie,M,20
R3648,Broomall,M,20
R3649,DadBot27,M,20
R3650,I stand with Israel,M,20
R3651,John M. Ahern,M,20
R3652,Lynn Chu,M,20
R3653,Kasandroid  ,M,20
R3654,   ,M,20
R3655,Arizona Millennial,M,20
R3656,phillysportzfanatic,M,20
R3657,seanmcnamara,M,20
R3658,Paula,M,20
R3659,Suburban Mom for Trump,M,20
R3660,Aetius,M,20
R3661,PCM,M,20
R3662,Sweet T,M,20
R3663,Dan Bitner,M,20
R3664,Chuck Callesto,M,20
R3665,Willow,M,20
R3666,Bill Swartzell,M,20
R3667,VPL,M,20
R3668,MagaNonnie,M,20
R3669,Bobs Listless Vessel of Deplorable TACOS//SCI,M,20
R3670,Ron Webster,M,20
R3671,Cathode F-5E Tiger II,M,20
R3672,SoloSoul2025,M,20
R3673,larzzt ,M,20
R3674,Left Baiter,M,20
R3675,Milt,M,20
R3676,That Brown Tan ,M,20
R3677,This Guy,M,20
R3678,Starryder,M,20
R3679,Pastalu,M,20
R3680,The Other Me,M,20
R3681,Stand4Truth,M,20
R3682,rics tta Hre,M,20
R3683,Cherie,M,20
R3684,Rea,M,20
R3685,Jann Scott TV,M,20
R3686,Jeneanne,M,20
R3687,AshleyK,M,20
R3688,Fuster Clucked -ANTIFA treasurer,M,20
R3689,"Jane Snage, M.A. ",M,20
R3690,Jerry Anderson Ink,M,20
R3691,Constitutionally concerned fed up Floridian ,M,20
R3692,Fake News,M,20
R3693,Sam C Harvey Jr,M,20
R3694,Athena - multi fauceted defense system,M,20
R3695,Trump Hotels Jobs,M,20
R3696,California Patriot,M,20
R3697,Jesus Wept,M,20
R3698,Repetitiveuser,M,20
R3699,NoTrumpPardon.com,M,20
R3700,Rey LoweIffert,M,20
R3701,Just the News,M,20
R3702,Panda Crush,M,20
R3703,John Spartan  ,M,20
R3704,Shmovid1984,M,20
R3705,RS,M,20
R3706,STF ,M,20
R3707,Go Sports Stuff,M,20
R3708,Michael P Waite,M,20
R3709,DirtySouth,M,20
R3710,Salibu506,M,20
R3711,Love Joy ,M,20
R3712,Gerry Houlihan,M,20
R3713,Otter@DitchMoscowMitch,M,20
R3714,AndyFella  CarneyForPM Stand with Ukraine,M,20
R3715,SuzAtTheLibrary,M,20
R3716,Beverly Donley  ,M,20
R3717,M4A,M,20
R3718,Upton Bell,M,20
R3719,....  ,M,20
R3720,Constantin Opel,M,20
R3721,Krondis,M,20
R3722,Zeppenwolf ,M,20
R3723,"THE BULL OF SHEEPSHEAD BAY - BROOKLYN, NEW YORK.",M,20
R3724,Bort,M,20
R3725,360 TN Sports,M,20
R3726,Sue Manzo,M,20
R3727,Greg Writer,M,20
R3728,james garretson,M,20
R3729,KLFY NEWS 10,M,20
R3730,Broken Media,M,20
R3731,Carey,M,20
R3732,@therealscottyY,M,20
R3733,ALL BALL SPORTS,M,20
R3734,Gregg N,M,20
R3735, ,M,20
R3736,Purple Crow / Arthur Fleck ,M,20
R3737,Jim Bandy JB,M,20
R3738,Ki,M,20
R3739,Lisa Blackerby Wells,M,20
R3740,pigmagneto,M,20
R3741,Dump Trump Banish Muslims.,M,20
R3742,Gogayn,M,20
R3743,shrzzle,M,20
R3744,Jennifer Hawker,M,20
R3745,Marvlous  ,M,20
R3746,Marlhex,M,20
R3747,TrumpMustWin,M,20
R3748,Guapo,M,20
R3749, A Poison Spider ,M,20
R3750,Carole 5 P.,M,20
R3751,TopoMAGA1,M,20
R3752,Stinson Norwood,M,20
R3753,Light ,M,20
R3754,Gungz,M,20
R3755,My Political Opinion,M,20
R3756,pewpewpew12,M,20
R3757,D. Stamos/Helodriver,M,20
R3758,mbstick9,M,20
R3759,NELSON BULDIER,M,20
R3760,CTwhiteneck,M,20
R3761,Virginia Marple,M,20
R3762,Kathie Short,M,20
R3763,flywithkamala.bsky.social,M,20
R3764,LiberalsSuck,M,20
R3765,State Senator RaShaun Kemp,M,20
R3766,Jason Kiser,M,20
R3767,Prospector,M,20
R3768,LPT38261,M,20
R3769,Meisthankful,M,20
R3770,BORDER CLOSED Mom of 4.,M,20
R3771,Fox of Finance,M,20
R3772,Susan Pivar,M,20
R3773, Zero Dark Twenty-Nine ,M,20
R3774,hummingbird,M,20
R3775,Joseph Kapiyulik,M,20
R3776,BowTied BowTier,M,20
R3777,FT Commodities,M,20
R3778, Slava Ukraini ,M,20
R3779,Rich Jones,M,20
R3780,Jake,M,20
R3781,Independent,M,20
R3782,Arabs For Progress ,M,20
R3783,Big Perm,M,20
R3784,Sun Belt Politics,M,20
R3785,Cathie,M,20
R3786,Ms City,M,20
R3787,Gary Nunn ,M,20
R3788,Kailani Mana ,M,20
R3789,Mountain Man,M,20
R3790,lovac82,M,20
R3791,GardenLover ,M,20
R3792,Angela Travis,M,20
R3793,Nathan Turner,M,20
R3794,Snowy  ,M,20
R3795,Fred A. Garrison @theAthletic,M,20
R3796,Ashleigh,M,20
R3797,Jose Pizarro,M,20
R3798,Dough.Solana,M,20
R3799,Caroline,M,20
R3800,BoilingPoint Live,M,20
R3801,Philip Colehamer,M,20
R3802,Terry Tcheng,M,20
R3803,My InfoLinda K. Marr,M,20
R3804,LESLIE DYER,M,20
R3805,Pamela Fidler,M,20
R3806,Gin Cabrera,M,20
R3807,Sunny117,M,20
R3808,Mel Woods,M,20
R3809, ,M,20
R3810,Maddie Gallo,M,20
R3811,That Deplorable Pesky Girl,M,20
R3812,Mike Shadow,M,20
R3813,Franelero del Grunge,M,20
R3814,kc,M,20
R3815,Darbo,M,20
R3816,MsPacNWer         ,M,20
R3817,Boris Trump,M,20
R3818,Trumps Ear,M,20
R3819,TrumpTrain,M,20
R3820,SherryK,M,20
R3821,Queenie 1927,M,20
R3822,Monte Cristo,M,20
R3823,Garbage Patriot,M,20
R3824,SeansHeart ,M,20
R3825,Roger Rogerson,M,20
R3826,Malcom Fowler,M,20
R3827,Maynardisatool,M,20
R3828,Bryan Key,M,20
R3829,vinny bellone,M,20
R3830,William DeMusey billandkarendemusey,M,20
R3831,Prodigy-100,M,20
R3832,   ,M,20
R3833,Sergeant Pope,M,20
R3834,chrys pqrs,M,20
R3835,Nanso44,M,20
R3836,Christine Guno,M,20
R3837,"R. Campbell, Jr.",M,20
R3838,PLEASE STAND BYTHE FOURTH TURNING is coming...,M,20
R3839,NuclearMaga,M,20
R3840,Ronald Staples,M,20
R3841,Gentleman321,M,20
R3842,Noot,M,20
R3843,BostonKimmie,M,20
R3844,Jason Webster,M,20
R3845,,M,20
R3846,David Kyle,M,20
R3847,Jorge B.,M,20
R3848,Gloria Moretz,M,20
R3849,Joe PBMAGA  TRUMP WON  Patriot 66,M,20
R3850,drcycle,M,20
R3851,Trump Fan,M,20
R3852,Vanessa Besteda,M,20
R3853,naomi kane,M,20
R3854,David Bane,M,20
R3855,Mamas on a coffee break,M,20
R3856,TX,M,20
R3857,JRainh2o,M,20
R3858,CathyTrump,M,20
R3859,greektrick,M,20
R3860,Skiggles,M,20
R3861,Pamala McBrayer,M,20
R3862,Frankie ,M,20
R3863,3dogdays,M,20
R3864,Brown Butter Evangelist ,M,20
R3865,Peg Messer,M,20
R3866,Tyler Scott Ward,M,20
R3867,World On Fire Media,M,20
R3868,Big Bad John,M,20
R3869,Leftist cant handle the truth,M,20
R3870,Grant M,M,20
R3871,David Smith,M,20
R3872,USA Trust Trump,M,20
R3873,Hlle auf Erden - The Echo of a Distant Time ,M,20
R3874,Brad,M,20
R3875,Vivian Russo,M,20
R3876,JenBNYC America Kings,M,20
R3877,Lucy Lawless,M,20
R3878,MaskedbyMorant,M,20
R3879,Bianca Ware,M,20
R3880,John Liberties,M,20
R3881, pmlahaye,M,20
R3882,Trish23,M,20
R3883,Anas Writing Nook,M,20
R3884,Steve Massey,M,20
R3885,ARAOK MAGA  Ignorance ,M,20
R3886,"Cry harder, Im thirsty.",M,20
R3887,ErinKN,M,20
R3888,transparentman,M,20
R3889,Phlorida Phanatic,M,20
R3890,Heff,M,20
R3891,Cheryl McCracken,M,20
R3892,empathy4all,M,20
R3893,Tyler Lloyd,M,20
R3894,D.Trump X-E.Musk Pi.Network,M,20
R3895,Project Constitution,M,20
R3896,Jo ,M,20
R3897,Roger Stone,M,20
R3898,Don Whitaker,M,20
R3899,RVSHEED IS ONLINE,M,20
R3900,shea44890,M,20
R3901,Captain Obvious,M,20
R3902,Jason C,M,20
R3903,PRESIDENT TRUMP WON,M,20
R3904,Zeke,M,20
R3905,Jeanne C,M,20
R3906,Wayne Steinlein,M,20
R3907,Russ J Rampton,M,20
R3908,TransOdius,M,20
R3909,Rosemarie,M,20
R3910,America First Coachman,M,20
R3911,Unique,M,20
R3912,Chikacintli,M,20
R3913,KatzyAnn5@yahoo.com,M,20
R3914,Mellomom2,M,20
R3915,G,M,20
R3916,todd jackson,M,20
R3917,Larry Luv,M,20
R3918,Greg Todd ,M,20
R3919,Elisabetta Piqu,M,20
R3920,Animichael,M,20
R3921,Lenny,M,20
R3922,Josh/ElevatedMugetsu,M,20
R3923,Mary l,M,20
R3924,Preston Akromis,M,20
R3925,Baevip54,M,20
R3926,Kimberly Purtill,M,20
R3927,Timothy Williams,M,20
R3928,Sandi Sarno,M,20
R3929,Trump 2024 ,M,20
R3930,JSGaetano,M,20
R3931,Captain Stu,M,20
R3932,JuicyJuuce,M,20
R3933,hot rod ,M,20
R3934,Cher Lord,M,20
R3935,Professional Ganesha,M,20
R3936,Blake Adams,M,20
R3937,Biard MacGuineas,M,20
R3938,Heather,M,20
R3939,F X ,M,20
R3940,Zim,M,20
R3941,Lety,M,20
R3942,R2DHue   ,M,20
R3943,USA  TRUMP 2024 ,M,20
R3944,MB SFLYT,M,20
R3945,Patti Rivers,M,20
R3946,Don Johnson,M,20
R3947,widged,M,20
R3948,KnottBob,M,20
R3949,HoodConservative,M,20
R3950,Orange Wave 24,M,20
R3951,Keith Kolich,M,20
R3952,Eileen,M,20
R3953,Tami Trump,M,20
R3954,leawsome9,M,20
R3955,Seven Spanish angels,M,20
R3956,Bob Haessly,M,20
R3957,Colin,M,20
R3958,marley cooper,M,20
R3959,kathleen  price,M,20
R3960,TAKE BACK THE PANAMA CANAL,M,20
R3961,JustTess VOTE BLUE,M,20
R3962,kryptos,M,20
R3963,Aimee,M,20
R3964,Chris Niland,M,20
R3965,Judicial Corruption is Everywhere,M,20
R3966,Robyn ODonnell,M,20
R3967,Allie C,M,20
R3968,Jesse,M,20
R3969,Maria Lopez,M,20
R3970,Steve Levin,M,20
R3971,Anne Ballentine,M,20
R3972,Wow girl,M,20
R3973,Trump Devotion Syndrome TDS,M,20
R3974,Quite Openly Jewish ,M,20
R3975,Good vs Evil,M,20
R3976,Edward Paeschel,M,20
R3977,Tina Harris,M,20
R3978,Trump Has Won In A Landslide v3.0,M,20
R3979,Belikebill,M,20
R3980,Eddie O,M,20
R3981,Magorzata Oziomek,M,20
R3982,Dee,M,20
R3983,Stan Speer,M,20
R3984,Pounce de Len,M,20
R3985,Smitty,M,20
R3986,DeplorablesNJ,M,20
R3987,The UNYQUEEN,M,20
R3988,Odawg1981,M,20
R3989,Jimmy Nash ,M,20
R3990,MagMan,M,20
R3991,El Nacional,M,20
R3992,Buckie Rogered  together,M,20
R3993,RedChick BlueState,M,20
R3994,Gentry of the Century,M,20
R3995,Hammancheez,M,20
R3996,tony delewese,M,20
R3997,Rachel,M,20
R3998,Angel-atTimes,M,20
R3999,Lars,M,20
R4000,Seamus Von Mulsow,M,20
R4001,Herbert Holzbauer,M,20
R4002,Jim Jennings,M,20
R4003,Athena,M,20
R4004,Korzzo,M,20
R4005,4TrumpNTulsa,M,20
R4006,Richieblue,M,20
R4007,ike onroe,M,20
R4008,OC MILITAINMENT TV,M,20
R4009,Ronald Trump,M,20
R4010,Lone Star American,M,20
R4011,Saurons Private Attorney,M,20
R4012,Mrs Crown,M,20
R4013,Ron Stauffer,M,20
R4014,Trump Justice,M,20
R4015,TakingOutTheTrash,M,20
R4016,Jean-SPCL,M,20
R4017,ME,M,20
R4018,Cry-Tard Hunter,M,20
R4019,Drivewayhawk,M,20
R4020,sushisucker1,M,20
R4021,Rhonda Petrella,M,20
R4022,Alexander,M,20
R4023,Sandy Bass,M,20
R4024,Jeff Patterson,M,20
R4025,Wizeguy,M,20
R4026,CallMeFloyd.ETH,M,20
R4027,Spring because after WINTER comes hear me ROAR,M,20
R4028,WrestleZone,M,20
R4029,Jeff Palmer,M,20
R4030,EagleEye,M,20
R4031,Donald J. Trump the real President 2020-2024.,M,20
R4032,Sam Quiros ,M,20
R4033,"Mekupelet3, MD",M,20
R4034,patrick,M,20
R4035,Art Cheater,M,20
R4036,Daddys Boo,M,20
R4037,cliff,M,20
R4038,Poundcake,M,20
R4039,Trashy Trump Supporter ,M,20
R4040,tim mason,M,20
R4041,Save The World,M,20
R4042,Gypsy B,M,20
R4043,Hanne Stenstad,M,20
R4044,TaceGod,M,20
R4045,Oblivion,M,20
R4046,Master Jedi Jon  ,M,20
R4047,Wandy Arce ,M,20
R4048,Philip,M,20
R4049,Belinder,M,20
R4050,lennyandcompany,M,20
R4051,K,M,20
R4052,POOKIE FOR TRUMP ,M,20
R4053,Heidi ,M,20
R4054,Eduardo Preciado,M,20
R4055,JOSE,M,20
R4056,ChrisUniverse ,M,20
R4057,Michael Tubbs,M,20
R4058,Stephen Brandt,M,20
R4059,ReneeLouise.eth ,M,20
R4060,jim grady,M,20
R4061,Walter Sobchak,M,20
R4062,DELREYGUY,M,20
R4063,Gilles C.,M,20
R4064,Patty Van Ha,M,20
R4065,Robert Thornton,M,20
R4066,Trust,M,20
R4067,Melvyn Wright,M,20
R4068,joan,M,20
R4069,Earn My Vote,M,20
R4070,winaz,M,20
R4071,B3Percenter,M,20
R4072,gbl,M,20
R4073,Cheesed Hammer,M,20
R4074,Paul Villarreal AKA Vince Manfeld,M,20
R4075,Pajarito de Soto,M,20
R4076,Fran Riedemann,M,20
R4077,Achala Jethmalani,M,20
R4078,Annie RU Ok,M,20
R4079,JNC,M,20
R4080,Trump Posts on ,M,20
R4081,Wealth Turtle  ,M,20
R4082,TimeStamper ,M,20
R4083,Jackie Kaoticsocialist on BLSKY,M,20
R4084,Dave Nicholson,M,20
R4085,Just My Opinion,M,20
R4086,My Dogs Name Is Katie,M,20
R4087,OLD GRAY WOLF,M,20
R4088,Joyboy ,M,20
R4089,100 Buckeye 4ever,M,20
R4090,,M,20
R4091,ClarkeBlue,M,20
R4092,Michael Torres,M,20
R4093,Elena Corti,M,20
R4094,MAGA Ceci,M,20
R4095, Ed Hunter,M,20
R4096,Cathy Crowe,M,20
R4097,Brian ,M,20
R4098,Nick Watts,M,20
R4099,Steve Christy,M,20
R4100,Biff Smallberries,M,20
R4101,georger,M,20
R4102,PatrioticEagle,M,20
R4103,Granny V,M,20
R4104,Jr.. Bengals. Reds. Bearcats. I Voted For This,M,20
R4105,xxxMAGABELEIVERxxx,M,20
R4106,Mr. PYG,M,20
R4107,Amber For Fair Justice For ALL,M,20
R4108,Mac,M,20
R4109,Jon Furda,M,20
R4110,Trump 1Amylynnn,M,20
R4111,Loralie Hursman,M,20
R4112,Michael Fairbanks,M,20
R4113,Anne,M,20
R4114,Pepperz,M,20
R4115,Hajji A. Davis Wokest Woke Anti Trump Leftist,M,20
R4116,Peter Rondash,M,20
R4117,Ruben Garcia,M,20
R4118,John Dowson,M,20
R4119,jeromatherapy,M,20
R4120,Melanie Hutchinson,M,20
R4121,RobinFitzsimm10,M,20
R4122,Steven Kirk,M,20
R4123,QueenBee,M,20
R4124,Michael Joseph Murray,M,20
R4125,Bernard Joyce,M,20
R4126,Berezino Bandit,M,20
R4127,BaEZeRA,M,20
R4128,Ajo,M,20
R4129,Leah,M,20
R4130,PClaflin,M,20
R4131,MkeMom,M,20
R4132,blairmc,M,20
R4133,Mint Master Crit,M,20
R4134,Bojanglesbojangles,M,20
R4135,T.Parker,M,20
R4136,Perceptron,M,20
R4137,Dumb F Caller ,M,20
R4138,Red5oul,M,20
R4139,James Alley,M,20
R4140,PPopePeK,M,20
R4141,trafal1357,M,20
R4142,Midwest Mary,M,20
R4143,Lisa Mondello,M,20
R4144,GreatQuake,M,20
R4145,Trump Enjoyer,M,20
R4146,Dodo ,M,20
R4147,Jill Brannan,M,20
R4148,azulitooo ,M,20
R4149,Capt Gongshow,M,20
R4150,Ben Banklin,M,20
R4151,andre diedhiou,M,20
R4152,Richie Trump,M,20
R4153,alwaysforever,M,20
R4154,Apexpredatory,M,20
R4155,Bye,M,20
R4156,Trump Chihuahua,M,20
R4157,Art Vandelay,M,20
R4158,Wavy,M,20
R4159,Steve Rhodes,M,20
R4160,HAH,M,20
R4161,Yuval David,M,20
R4162,Trump/VanceTRUE AMERICAN PATRIOT Ticket,M,20
R4163,Stephen Luongo,M,20
R4164,@michaelrvw1,M,20
R4165,Clingdaddy,M,20
R4166,Clint Eastwood LXIX,M,20
R4167,JoeKon1,M,20
R4168,The Dude,M,20
R4169,DeniseMAGA EXTREMIST 2nd account,M,20
R4170,  ,M,20
R4171,Dogmom. WeThePeople LOVE PRESIDENT TRUMP47,M,20
R4172,Julien OBoul,M,20
R4173,Stephen Rega,M,20
R4174,smm,M,20
R4175,Mountain Mama,M,20
R4176,Delmas Didier,M,20
R4177,"Seun Okae   x, x",M,20
R4178,Richard Smit ,M,20
R4179,bobby putman,M,20
R4180,Lost at Sea,M,20
R4181,Lily,M,20
R4182,Just Joe,M,20
R4183,BoriWO,M,20
R4184,Rich Allenser,M,20
R4185,Rohan Patel,M,20
R4186,unregulatedspeech,M,20
R4187,Gerard,M,20
R4188,Oldageandtreachery,M,20
R4189,Robert L. Peters,M,20
R4190,Viktory ,M,20
R4191,CMO2go,M,20
R4192,HaveYouSeen,M,20
R4193,Jean G Whitney,M,20
R4194,Mark Bess,M,20
R4195,Jake Duesenberg - Truth Hurts Show,M,20
R4196,Cutris,M,20
R4197,Rocky Flintstone,M,20
R4198,Crypto Cay ,M,20
R4199,Michele W. Miller also Michele Weinstat Miller,M,20
R4200,Dalene Stadler,M,20
R4201,Cameron,M,20
R4202,Ioaferhead ,M,20
R4203,MAGA made me start voting Democratic,M,20
R4204,Sheryl Payne,M,20
R4205,Ibrahim Reyes,M,20
R4206,"Dr. Howard R. D. Gordon, MPH",M,20
R4207,Sarah Reese Jones,M,20
R4208,Lennox Bennett,M,20
R4209,Scott Aller,M,20
R4210,Lawrence Richardson,M,20
R4211,Corvex,M,20
R4212,Jinx,M,20
R4213,Banner18,M,20
R4214,laboitex,M,20
R4215,John Shepherd  Stephen       ,M,20
R4216,MAI AnDong 8,M,20
R4217,Triley Cross,M,20
R4218,Debbie Ball,M,20
R4219,ALEX,M,20
R4220,Pammy  CHOO CHOO,M,20
R4221,Sleepysb,M,20
R4222,Uri TETO DAY IS EVERYDAY,M,20
R4223,Noble Predictive Insights,M,20
R4224,Larry P. ,M,20
R4225,Mike Meyers,M,20
R4226,James Henry,M,20
R4227,charles willis,M,20
R4228,Shane,M,20
R4229,The Conservative Thought,M,20
R4230,Peter Panda,M,20
R4231,Impeach Trump a 3rd Time,M,20
R4232,WayneOfPayne,M,20
R4233,Disciple of Jesus,M,20
R4234,UnionFreaxOOG,M,20
R4235,Sooner1,M,20
R4236,Ray Holybee,M,20
R4237,LaMomma,M,20
R4238,DFarkle 2020 Trump 2024,M,20
R4239,Mrs. Pepperpot,M,20
R4240,Trump Taj Ma Wall,M,20
R4241,irishgirl4ever,M,20
R4242,Joyce Adams,M,20
R4243,Evan Parsons,M,20
R4244,Dom 7,M,20
R4245,Robert Armour,M,20
R4246,de Vere,M,20
R4247,JKE,M,20
R4248,Tattooedpain,M,20
R4249,davey5311   ,M,20
R4250,Genius Parks,M,20
R4251,O Pacheco,M,20
R4252,Angie Rios,M,20
R4253,Silence DoGood,M,20
R4254,sean,M,20
R4255, We The People ,M,20
R4256,Palmers Member ask trump,M,20
R4257,Eva Helena Persson,M,20
R4258,Attina FFXIV,M,20
R4259,Fortune Meshchain.Ai  DeSpeed ,M,20
R4260,Mandi,M,20
R4261,@Tesla Tesla,M,20
R4262,Sandra Nicacio ,M,20
R4263,BMA,M,20
R4264,PC Guy,M,20
R4265,mountainviews,M,20
R4266,Plugged in news,M,20
R4267,Felix Felix,M,20
R4268,Karthik Ramaswamy,M,20
R4269,MeMyselfEyeRolls,M,20
R4270,Judgy67,M,20
R4271,Trinity,M,20
R4272,Marcelo,M,20
R4273,Qazeem,M,20
R4274,bella4001,M,20
R4275,Stone,M,20
R4276,crimsonbelle74 ,M,20
R4277,DonaldTrumpsHugeArse,M,20
R4278,Christine Torres,M,20
R4279,Dean,M,20
R4280,,M,20
R4281,Velo,M,20
R4282,Maverick,M,20
R4283, PITT Penn Mom ,M,20
R4284,CatAsTrophy,M,20
R4285,Moe,M,20
R4286,Anita Jenkins,M,20
R4287,KJ Wetherholt,M,20
R4288,Heather Thomas,M,20
R4289,Cuzza Muzza ,M,20
R4290,Michael Marro,M,20
R4291,Mark Simmons,M,20
R4292,Johnson,M,20
R4293,Wren,M,20
R4294,MAGAMOM,M,20
R4295,JD Vances Eyeliner,M,20
R4296,Darko Groyper,M,20
R4297,Maurelis,M,20
R4298,Lulu,M,20
R4299,Fromafar,M,20
R4300,judyann451,M,20
R4301,JD Vance Vance Revolution,M,20
R4302,warytrader,M,20
R4303,Susan Wilson I Stand With Ukraine ,M,20
R4304,Sports Fan,M,20
R4305,Real Campus Conservative ,M,20
R4306,Roman latoski sr,M,20
R4307,adelfa,M,20
R4308,John Orlando ,M,20
R4309,LivyButterfly Sniper,M,20
R4310,Donna W,M,20
R4311,Duruji Magnus,M,20
R4312,Tracy Becker,M,20
R4313,JPResse,M,20
R4314,JD Vances Couch,M,20
R4315,Todd,M,20
R4316,EZ,M,20
R4317,Larkspur 58,M,20
R4318,Dena Fredrickson,M,20
R4319,Joy Dudley Mullins,M,20
R4320,RADIO RIC,M,20
R4321,America Primero,M,20
R4322,annned,M,20
R4323,raw2016,M,20
R4324,Linda Brown,M,20
R4325,ImmeforwhoIam America first,M,20
R4326,AF Groyper Max,M,20
R4327,Lalo.A,M,20
R4328,Ryan Byrd,M,20
R4329,Stand Up For Truth,M,20
R4330,Janice bailey,M,20
R4331,jewel,M,20
R4332,Christopher Dickey ,M,20
R4333,Mike Hertz,M,20
R4334,Cheryl Sandecki,M,20
R4335,Doug,M,20
R4336,LTD ,M,20
R4337,Binggreen,M,20
R4338,Danielle Lambert,M,20
R4339,Election Integrity  more,M,20
R4340,Jim Chrizier,M,20
R4341,toddlambert.com @ ,M,20
R4342,PAMELA HENSLEY,M,20
R4343,les deplorable ,M,20
R4344,Cheryl L Abbate,M,20
R4345,TheAmericat3 ,M,20
R4346,@commonlogic71,M,20
R4347,Cheryl Craigo,M,20
R4348,Geri McClimens,M,20
R4349,"JD Vance, Supreme Holy God-Emperor of Earth",M,20
R4350,Marilyn Wallis,M,20
R4351,Zaphod Beeblevaxxed,M,20
R4352,d0n77ru57,M,20
R4353,oTTo  Nairb,M,20
R4354,Seed Oil Drinkers Against JD Vance,M,20
R4355,Miltiadis,M,20
R4356,Eric J. Williams,M,20
R4357,judy Thomaswick,M,20
R4358,YoursINegritude,M,20
R4359,Lets go Brandon ,M,20
R4360,Linda,M,20
R4361,JayB,M,20
R4362,Diana Says,M,20
R4363,Catsycats4womensrights,M,20
R4364,Luisito,M,20
R4365,Mike Walker,M,20
R4366,usnaw90,M,20
R4367,jude,M,20
R4368,Lucky Molly,M,20
R4369,PEAcock,M,20
R4370,Gillis9Rose,M,20
R4371,SeekTruth,M,20
R4372,jeffmoore,M,20
R4373,DJT4Lyfe,M,20
R4374,Micaela,M,20
R4375,Brenda,M,20
R4376,pizzmoe,M,20
R4377,Win4723,M,20
R4378,Mahasen DeSilva,M,20
R4379,Plunderbund,M,20
R4380,Frankie T,M,20
R4381,jerry bilodeau,M,20
R4382,MAGArita Quiteria,M,20
R4383,Peggy Keil,M,20
R4384,Just Me,M,20
R4385,Kubas,M,20
R4386,MagaMomma,M,20
R4387,Nancy Martin,M,20
R4388,Dijana Stanic,M,20
R4389,TREE-WOKE-AF,M,20
R4390,Im just here for the ambiance,M,20
R4391,Kris Maon,M,20
R4392,Suzanne Guggenheim ULTRAMAGA  NEVERGIVEUP ,M,20
R4393,BeeGreen,M,20
R4394,HardyOnTheBeach,M,20
R4395,Jon Nichols,M,20
R4396,RaptorR700,M,20
R4397,Damian Ranger,M,20
R4398,The Resistor Sister,M,20
R4399,Public Observer,M,20
R4400,The Right is Wrong AF @therightiswrongaf.bsky.soci,M,20
R4401,"Junkybuns, I dont like you either",M,20
R4402,postcon,M,20
R4403,Russell Drew,M,20
R4404,J Sadowsky,M,20
R4405,Meidas Rick ,M,20
R4406,skybluemarguerita,M,20
R4407,Howard Snooks,M,20
R4408,InGoodTrouble,M,20
R4409,Michael Eddy,M,20
R4410,Fokoleta Fokoleta,M,20
R4411,Tony Printz,M,20
R4412,Christopher Columbus,M,20
R4413,joe allen,M,20
R4414,Jennifer Slayer,M,20
R4415,Robin Duemke,M,20
R4416,"AvaArmstrong,Author",M,20
R4417,Donna Featherstone,M,20
R4418,Kim Eckert,M,20
R4419,Based Illinoisan,M,20
R4420,Sally Lamore,M,20
R4421,ed,M,20
R4422,Secret Wanderer ,M,20
R4423,Alex Thompson,M,20
R4424,Horace Augustine,M,20
R4425,Claudia S,M,20
R4426,JD Vance Parody,M,20
R4427,DARAUG,M,20
R4428,ULTRA MAGA AMERICAN POLLY,M,20
R4429,AllTheOtherGoodNamesAreTaken,M,20
R4430,On the run,M,20
R4431,OH,M,20
R4432,SMT,M,20
R4433,Jameson2,M,20
R4434,Nancy Chester,M,20
R4435,Sandy Taylor,M,20
R4436,RYLEIGH,M,20
R4437,@Jerry Blowers @brexitfx,M,20
R4438,JD Vance,M,20
R4439,VanceCoin,M,20
R4440,Dav Castaneda,M,20
R4441,FoolsTalk,M,20
R4442,Greatone,M,20
R4443,Jackie24,M,20
R4444,MrCastle,M,20
R4445,TS Nelson,M,20
R4446,Matt Couch,M,20
R4447,Julie McMillian ,M,20
R4448,KLSG23,M,20
R4449,Dan Sadler,M,20
R4450,Freereign,M,20
R4451,John Ekonomou,M,20
R4452,Shepherd,M,20
R4453,Grrriff,M,20
R4454,Peaches,M,20
R4455,"Tara Dublin, Rock Star Author  Podcast Host",M,20
R4456,Nick Kayal,M,20
R4457,Randy Meyer,M,20
R4458,RavenLight,M,20
R4459,25 bravo,M,20
R4460,Ibe,M,20
R4461,Ken,M,20
R4462,carolyn camp,M,20
R4463,Susan Anderson,M,20
R4464,Richard Andrew Pera ,M,20
R4465,Lawrence Hurley,M,20
R4466,Anthony Verna no blue check mark,M,20
R4467,Slippy Field M.D. Esq. field with slips,M,20
R4468,ana10g,M,20
R4469,Sandra Kicklighter,M,20
R4470,The Patriot Oasis,M,20
R4471,JusticeNow ,M,20
R4472,Evrafter,M,20
R4473,Martin000008,M,20
R4474,Justice S.,M,20
R4475,S,M,20
R4476,Mamma B,M,20
R4477,J Andrews,M,20
R4478,Kamala HQ,M,20
R4479,Reggie,M,20
R4480,Cher Freedom,M,20
R4481,Komrade Konrad,M,20
R4482,AM,M,20
R4483,Jim Weldin,M,20
R4484,cerwinlive,M,20
R4485,DAWN JOHNSON-RUSSELL,M,20
R4486,Sean Donovan,M,20
R4487,Michael ,M,20
R4488,Twisted,M,20
R4489,TDJ,M,20
R4490,Michael Hustus ,M,20
R4491,lillycat821,M,20
R4492,Joseph De Rosa,M,20
R4493,E W STIGGS  MAGAbitcoin Buythedip,M,20
R4494,Joewo01,M,20
R4495,Traditionalism For America,M,20
R4496,Denise1222,M,20
R4497,PatriotSteve IStandWithTrump,M,20
R4498,Buckeye Girl,M,20
R4499,A Blue Dot on a Blue Planet,M,20
R4500,Melissa Shaw,M,20
R4501,Yvonne Smith,M,20
R4502,BTFD,M,20
R4503,Ron Mexico,M,20
R4504,Scott Morefield,M,20
R4505,Fifilaroach,M,20
R4506,Wilbur,M,20
R4507,Free Speech is a Minority Right,M,20
R4508,Zerofox Levtogiv,M,20
R4509,Nola Yovich,M,20
R4510,Helen,M,20
R4511,CAPTJAY,M,20
R4512,Estifonio,M,20
R4513,sweetdee,M,20
R4514,Gorn,M,20
R4515,Diane Howe,M,20
R4516,Wes,M,20
R4517,"amy rothenfeld: proud dem, vote blue",M,20
R4518,J. D.,M,20
R4519,Vince F,M,20
R4520,David Wheeler,M,20
R4521,Lynn Nicholson,M,20
R4522,Cruzs Missing Spine making America DRUMPF again,M,20
R4523,Nunya Bizness 1776 TOM,M,20
R4524,Jordan,M,20
R4525,Shelly Haselrick,M,20
R4526,Trenton ,M,20
R4527,curtis hiott,M,20
R4528,Stop,M,20
R4529,1stSgt of Marines,M,20
R4530,BadgerGuy,M,20
R4531,Freedom Fighter,M,20
R4532,Zaheer,M,20
R4533,CyBeast,M,20
R4534,Peanut,M,20
R4535,D,M,20
R4536,ReneeS,M,20
R4537,TheRealDeal,M,20
R4538,Gabriel Iacoboni,M,20
R4539,Lying interlopers and felons are in The WhiteHouse,M,20
R4540,Marcos Aurelios,M,20
R4541,DJ,M,20
R4542,Cindy,M,20
R4543,nate l ,M,20
R4544,Jeff Hall,M,20
R4545,Lynn,M,20
R4546,LissieB,M,20
R4547,SandiRF,M,20
R4548,Roch9339,M,20
R4549,tpljr,M,20
R4550,Pat Doherty,M,20
R4551,Adam Lee,M,20
R4552,Lucy Newton,M,20
R4553,Joseph Smith,M,20
R4554,BigMom,M,20
R4555,Edith Morales,M,20
R4556,KTP NJ Woman,M,20
R4557,FREEDOM WARRIOR ,M,20
R4558,Quinn Sysmith,M,20
R4559,Heather Cordasco,M,20
R4560,KConservanurse,M,20
R4561,Harley King,M,20
R4562,Doc...,M,20
R4563,David B1boomer,M,20
R4564,Tariffron LeScamtis,M,20
R4565,FoxyFarmer,M,20
R4566,Kelli ,M,20
R4567,Mr Samson,M,20
R4568,Bond...Eva Bond is back,M,20
R4569,LADYZ,M,20
R4570,Nathan Greene,M,20
R4571,Occidentus,M,20
R4572,Red Thistle,M,20
R4573,stormtrooper,M,20
R4574,Siris,M,20
R4575,Nathan Tocco,M,20
R4576,34 JasonDvorak6 Dillingham Watkins,M,20
R4577,Subedei,M,20
R4578,Melissa  ,M,20
R4579,APRIl sCOTt TEXIT,M,20
R4580,mike grit,M,20
R4581,Minuteman  ,M,20
R4582,1 Conservative Mom,M,20
R4583,Bar b,M,20
R4584,Free State of Van Zandt,M,20
R4585,Loren ,M,20
R4586,Matthew J. Kirk,M,20
R4587,Kim Opperman Public Figure,M,20
R4588,Nick Brownfield,M,20
R4589,Atari Overlord,M,20
R4590,Leo Fayard,M,20
R4591,@zmotonmesa,M,20
R4592,Net Bee,M,20
R4593,@297ArubaLover,M,20
R4594,Logan Dailey,M,20
R4595,Deplorable Dawner,M,20
R4596,RLatimer,M,20
R4597,RJ Zimmerman,M,20
R4598,JD Vances Sephora plug,M,20
R4599,Simon Jester 531,M,20
R4600,JD Vance 2028,M,20
R4601,VENCE Community Solana,M,20
R4602,Comrade Mal Kudanis,M,20
R4603,Libbey Dean,M,20
R4604,Cathyanne Martin,M,20
R4605,Gwen Moody,M,20
R4606,Carol Lucero,M,20
R4607,griffa072 ,M,20
R4608,CDeezNaughts,M,20
R4609,Mayerlin Viveros Quiroz,M,20
R4610,Elmer Spud,M,20
R4611,Saltyminion,M,20
R4612,Ronda Jackson,M,20
R4613,Not a Fan of Liberals,M,20
R4614,Lets clean up DC,M,20
R4615,Kingdaz28,M,20
R4616,Cascade Bear,M,20
R4617,Carrie,M,20
R4618,Kelly Girl ,M,20
R4619,Jim Rankin,M,20
R4620,Will Curley,M,20
R4621,Aaron M Wells,M,20
R4622,B3ASTXL,M,20
R4623,jd vances couch cushion,M,20
R4624,Stacy Bacon,M,20
R4625,Alan F Jr,M,20
R4626,J H,M,20
R4627,TheyMightBeBastards,M,20
R4628,Jacks House Radio Free NAFO,M,20
R4629,NahBabyNah,M,20
R4630,Linda Gaskill,M,20
R4631, Country Over Party,M,20
R4632,Ahmjus Ayn,M,20
R4633,tucson bob,M,20
R4634,Ian Hansen ,M,20
R4635,Sharon,M,20
R4636,LionTC,M,20
R4637,Steve Mladen Renko.,M,20
R4638,conservativeinsights.net,M,20
R4639,andy collins,M,20
R4640,Natalie Flick,M,20
R4641,Derick,M,20
R4642,"Fortunato TinoTinoco, III",M,20
R4643,Holistic Health,M,20
R4644,PBS News,M,20
R4645,MJ3D - LEE moln lab,M,20
R4646,Branka Rosenfeld ,M,20
R4647,JRio,M,20
R4648,Francis Marion,M,20
R4649,TJ Fighter4Freedom,M,20
R4650,Craig A. Cooney,M,20
R4651,W,M,20
R4652,Gary petboss,M,20
R4653,Dale Kingston,M,20
R4654,JD Vance Official,M,20
R4655,AHeintz,M,20
R4656,Savage Planet,M,20
R4657,Tim Hannan,M,20
R4658,Monica ,M,20
R4659,Tim Savage,M,20
R4660,The Ultimate Critic,M,20
R4661,realfabi24,M,20
R4662,singin salkoc,M,20
R4663,Sue N ,M,20
R4664,Culture War Survivor,M,20
R4665,csd ,M,20
R4666,Hessman Robert,M,20
R4667,Sandy Stedman,M,20
R4668,Lady Idaho,M,20
R4669,FrankRW,M,20
R4670,Dorin Popa,M,20
R4671,Arthur,M,20
R4672,Twitoris.,M,20
R4673,Heri Wittine,M,20
R4674,Bobbie Denney,M,20
R4675,BobertSubtle,M,20
R4676,ET Cooley,M,20
R4677,Mary B Risher,M,20
R4678,Paul  ,M,20
R4679,corey,M,20
R4680,KanDo ,M,20
R4681,Jen Eubanks,M,20
R4682,x,M,20
R4683,Tim Schreiner,M,20
R4684,Keith ,M,20
R4685,Chris P. Bacon,M,20
R4686,Facts  Furious,M,20
R4687,Tracy Tucker,M,20
R4688,Stinson,M,20
R4689,Beverly,M,20
R4690,kimmie,M,20
R4691,Zack,M,20
R4692,@1nampaboy,M,20
R4693,Jeff Simpson,M,20
R4694,Erik,M,20
R4695,JD Vances Postmenopausal Cat Sitter,M,20
R4696,Cole Mike Watson,M,20
R4697,Joey Tranchina,M,20
R4698,"Mukund Gnanadesikan, MD",M,20
R4699,martysalo,M,20
R4700,James Madisons nephew,M,20
R4701,JP Sanders,M,20
R4702,Tony Rorschach,M,20
R4703,Joey,M,20
R4704,yerp,M,20
R4705,Edmund Blackadder,M,20
R4706,anabel campbell,M,20
R4707,Rodney,M,20
R4708,@HotPitFungus27,M,20
R4709,Rtgoddess2,M,20
R4710,MissCumbrianwalker1 IStandWithsrael,M,20
R4711,Timothy E. Pickens,M,20
R4712,Christine Manly,M,20
R4713,JARG,M,20
R4714,Terri Tiedt,M,20
R4715,Miles,M,20
R4716,NeverGiveUp ,M,20
R4717,DailyShot,M,20
R4718,Beck,M,20
R4719,Publius,M,20
R4720,FreightRaider,M,20
R4721,Fr. Paul,M,20
R4722,Austin Billyiard,M,20
R4723,Lisa Klein,M,20
R4724,Patrick Lumumba,M,20
R4725,Carol Thomas  ,M,20
R4726,C. Dale Brittain,M,20
R4727,bobopapal,M,20
R4728,Liz Mair,M,20
R4729,Dexter Wright,M,20
R4730,rlyn,M,20
R4731,Martoma,M,20
R4732,Jeffrey Kahn,M,20
R4733,Nolan E. Scott,M,20
R4734,FionaHillsAccent,M,20
R4735,Adam Parkhomenko,M,20
R4736,Mr. Tengu,M,20
R4737,Helen Smith,M,20
R4738,ImpossibleK,M,20
R4739,Sam Schulman,M,20
R4740,Honey in Houston,M,20
R4741,V.Streifel,M,20
R4742,GeronL,M,20
R4743,Proudly Based. ,M,20
R4744,SCMcGee Never Give Up On Hope,M,20
R4745,Mark Alkire,M,20
R4746,Rex Richardson,M,20
R4747,Jetcitywarrior,M,20
R4748,Foxwatcher@army.com,M,20
R4749,Dan Biehl,M,20
R4750,Care Bear,M,20
R4751,JD Byrider Vance,M,20
R4752,martee,M,20
R4753,CJ WALDON,M,20
R4754,Brian Swope,M,20
R4755,TucsonBlonde ,M,20
R4756,Charles seniceros Seniceros,M,20
R4757,Jeff Sykes,M,20
R4758,Dr. Susan Bushinski,M,20
R4759,Alicia Kessenich,M,20
R4760,Market Memetics,M,20
R4761,Merissa Hansen,M,20
R4762,@NewDayUSA,M,20
R4763,Original,M,20
R4764,Channel 1 Network News Worldwide,M,20
R4765,Ronin Eternales,M,20
R4766,The Reveille Herald,M,20
R4767,Lady Jane Grey,M,20
R4768,JD Vance Memecoin ETH,M,20
R4769,Destiny Hero Plasma Angry Arc,M,20
R4770,Dr. Jain,M,20
R4771,Eric Michael Garcia,M,20
R4772,D for D ,M,20
R4773,JennyCohn  ,M,20
R4774,Gavin Cooper,M,20
R4775,"Rob Boyd, Esq",M,20
R4776,Kevin Rainville,M,20
R4777,ladybug,M,20
R4778,ColleenF1957,M,20
R4779,Vicki Jaden,M,20
R4780,Generic US Voter,M,20
R4781,Hazerlight,M,20
R4782,bones,M,20
R4783,I.R. Cohen   ,M,20
R4784,Campbell,M,20
R4785,C. Anthony Null,M,20
R4786,Robert Elisberg,M,20
R4787,Lothar Hill,M,20
R4788,Mickey McWilliams,M,20
R4789,Margaret Coker,M,20
R4790,Richard H,M,20
R4791,Phng IN,M,20
R4792,LisbethC-I-L by hate,M,20
R4793,Kelly Ann,M,20
R4794,lisa m,M,20
R4795,ThumpForTrump3.0,M,20
R4796,Plain white wrapper,M,20
R4797,Dora B,M,20
R4798,Christopher Devine,M,20
R4799,305Nole,M,20
R4800,Jim Raynor,M,20
R4801,Spiritualist,M,20
R4802,N. E. Golovin,M,20
R4803,Sentient72,M,20
R4804,Ramona Dula,M,20
R4805,Just Faith,M,20
R4806,Mearl,M,20
R4807,lily lumpwich,M,20
R4808,Mr Yoyito mostly NAFO account,M,20
R4809,aeon,M,20
R4810,Aznas Sword,M,20
R4811,AxionJAX,M,20
R4812,senschuh,M,20
R4813,Sweet Pablo,M,20
R4814,Sandy Cheeks,M,20
R4815,Ben Potter,M,20
R4816,Davis.democratic.club,M,20
R4817,David Suslenskiy ,M,20
R4818,Jim Albertine,M,20
R4819,Ayesha de Queiroz,M,20
R4820,John Dandridge,M,20
R4821,The Poppicoque,M,20
R4822,the Righteousness of Christ,M,20
R4823,Ragnar Danneskjld ,M,20
R4824, The Liberal Conservative Heathen ,M,20
R4825,Menami Ryosan  ,M,20
R4826,Prometheuss Revenge,M,20
R4827,edie,M,20
R4828,Dave Czaja unindicted citizen ,M,20
R4829,Typewriters Quiet,M,20
R4830,emily morgan polaski,M,20
R4831,milkchaser,M,20
R4832,Alice Dusseau,M,20
R4833,Pro America Politics,M,20
R4834,Global Haber,M,20
R4835,Kirsten Slatko,M,20
R4836,CogniStrength ,M,20
R4837,Lippy McGirk    NO DMs,M,20
R4838,AI Bet Guru,M,20
R4839,JovanHuttonPulitzer    ,M,20
R4840,Cthulhu Loves You,M,20
R4841,Sean O,M,20
R4842,Patrick OBlivion,M,20
R4843,Maria Regina Shay,M,20
R4844,TurtleDove aka @MichelleKatherineOrts on TS,M,20
R4845,Liz Sisk,M,20
R4846,Jackstraw,M,20
R4847,PageBoo,M,20
R4848,Random Thoughts from mlmucci.bsky.social,M,20
R4849,cameron keith lowes,M,20
R4850,Rocco,M,20
R4851,Ken G,M,20
R4852,Debbie Cooper,M,20
R4853,Michael Huggins,M,20
R4854,Chris Sosa,M,20
R4855,GOPwned,M,20
R4856,CaptainAldon,M,20
R4857,Jeannie M. West,M,20
R4858,Meryl Kornfield,M,20
R4859,NoName,M,20
R4860,Leon Gustave Tenzin wangchuk Sergei Stuart,M,20
R4861,same handle on Bluesky,M,20
R4862,William Rowley,M,20
R4863,beleth,M,20
R4864,Texxas Jam,M,20
R4865,Marcos Grainger - @marcosgrainger.bsky.social,M,20
R4866,@natedog155,M,20
R4867,jshay17739,M,20
R4868,Julie PopOut ,M,20
R4869,kami mihan,M,20
R4870,Rick S,M,20
R4871,Tomasina Molto,M,20
R4872,Mr. Yo,M,20
R4873, Vhlajndra,M,20
R4874,Beth MacLellan,M,20
R4875,Erika Ferrari,M,20
R4876,Weaponizd1,M,20
R4877,Resident,M,20
R4878,SWAY BLVCKavelli,M,20
R4879,Alain Trahan ,M,20
R4880,Cubania Total,M,20
R4881,Brian Butcher,M,20
R4882,ShowMePotatoSalad,M,20
R4883,DesolateTotality,M,20
R4884,Niccoli ,M,20
R4885,BetterDaysAhead2025,M,20
R4886,yanliujp,M,20
R4887,kat S,M,20
R4888,RV Patriots,M,20
R4889,LifeSkills,M,20
R4890,Kathleen Hoffman,M,20
R4891,Ol DocShaw Ride or die with Trump,M,20
R4892,Bitterfly,M,20
R4893,Polly St George aka Amazing Polly,M,20
R4894,Ullr,M,20
R4895,informed by few,M,20
R4896,Kfir-Ariel,M,20
R4897,Ruth Woodford Sandon,M,20
R4898,Brandon,M,20
R4899,Soccer Dad ,M,20
R4900,EugeneVDebs,M,20
R4901,smackemwhackem,M,20
R4902,USAlpha,M,20
R4903,Demetris Crawford,M,20
R4904,Laura Robinson,M,20
R4905,CSPAN,M,20
R4906,Politically Motivated,M,20
R4907,Lara  WomenForTrump,M,20
R4908,California for Biden 2020,M,20
R4909,RA-Expression,M,20
R4910,toldyou,M,20
R4911,QuirkyLlama,M,20
R4912,Dr. LittleBrownGirl ,M,20
R4913,Voter,M,20
R4914,FUCK trump NFU2 ,M,20
R4915,Jaaa,M,20
R4916,Ronduh Santis,M,20
R4917,The Living Embodiment of Kendricks Hate,M,20
R4918,Oshka  ,M,20
R4919,MVPolar Bear Pete Alonso,M,20
R4920,DelSanity,M,20
R4921,Mr. Smith,M,20
R4922,Toyota Yaris Varoufakis,M,20
R4923,MichelleBYoung,M,20
R4924,JD Vances Couch,M,20
R4925,JoJo,M,20
R4926,Tony Baloney,M,20
R4927,Mary Coates ,M,20
R4928,Hopeful Theism,M,20
R4929,Mal Thomas,M,20
R4930, POLI.SCI.TI.ZEN for HarrisWalz ,M,20
R4931,Pastor of Muppets,M,20
R4932,"Whats a name, anyways",M,20
R4933,Joe Eurell ,M,20
R4934,Simon Biddle,M,20
R4935,AtticusFinch,M,20
R4936,Elaine Veatch Morley,M,20
R4937,Constituent C formerly Keystone Politic,M,20
R4938,Shapiro 2026 and 2028 ,M,20
R4939,Ketchup bottle repairman ,M,20
R4940,Pink Patent,M,20
R4941,William Palmer,M,20
R4942,TURBOCHARGER,M,20
R4943,Eden E. Johnson,M,20
R4944,Jon Pike,M,20
R4945,NO---TO---COMMUNISM---MAGA,M,20
R4946,Rose  Anzule ,M,20
R4947,Jessico Bowman,M,20
R4948,The ULTRA Craftsman ,M,20
R4949,Steven Stark,M,20
R4950,yoni soprano,M,20
R4951,JMmotown,M,20
R4952,  ,M,20
R4953,Republic of FAFO,M,20
R4954,,M,20
R4955,Isaiah Jackson Fan Club,M,20
R4956,Jimbobo,M,20
R4957,Sanity First ,M,20
R4958,Julie Epley Davis,M,20
R4959,Jareds Jacket,M,20
R4960,Mostly Peaceful Latinas,M,20
R4961,Windy Palmer,M,20
R4962,Margaret Miller,M,20
R4963,Stephen Xian ,M,20
R4964,Xenoblade X era ,M,20
R4965,Craig Nelson,M,20
R4966,Robert Michael,M,20
R4967,Howard . ,M,20
R4968,Liberals Leaving,M,20
R4969,Tom Williams,M,20
R4970,Nana Donna,M,20
R4971,Hadassah M Cohen,M,20
R4972,Wendy Smith,M,20
R4973,Krysti,M,20
R4974,Lew,M,20
R4975,Lupos Dad ,M,20
R4976,  - RBF ,M,20
R4977,Marge Roussell,M,20
R4978,Jossy,M,20
R4979,QueenLaCheefah,M,20
R4980,Desantismander,M,20
R4981,Susan Resistor Sister,M,20
R4982,UnitedWeStand,M,20
R4983,sb,M,20
R4984,The Big Guy get 10,M,20
R4985,Rachel Alexander,M,20
R4986,Michael Qualizza,M,20
R4987,Squirrel Nut,M,20
R4988,Kelvia,M,20
R4989,LoloBean,M,20
R4990,JMD,M,20
R4991,JustMe,M,20
R4992,St. Ignatius of Loyola Respecter Bot,M,20
R4993,PatriotTakes ,M,20
R4994,Philene Cashin,M,20
R4995,Brian ODrinkin,M,20
R4996,VisuallyBetter,M,20
R4997,Mel  CR: Priory of the Orange Tree,M,20
R4998,Karl Fortner,M,20
R4999,Gramps,M,20
R5000,DaddyShark,M,20
R5001,JP Fox,M,20
R5002,Truth,M,20
R5003,Joseph Jewell stands with the people Palestine,M,20
R5004,TGV ENTERTAINMENT,M,20
R5005,Kaden Patel,M,20
R5006,Sister Toldjah ,M,20
R5007,Rooted n routes,M,20
R5008,Wordsmith,M,20
R5009,Barbara Green,M,20
R5010,Tame Bear,M,20
R5011,Jeff H,M,20
R5012,Malory Archers Scotch ,M,20
R5013,Reygo2 ,M,20
R5014,Truth Matters,M,20
R5015,Xrrep,M,20
R5016,Hallmark has my heartSusie,M,20
R5017,Sean Mitchell  ,M,20
R5018,MotorMac76,M,20
R5019,Joe battista,M,20
R5020,Mitt,M,20
R5021,poppy,M,20
R5022,Foxfur,M,20
R5023,James Katchen -,M,20
R5024,JD Vances Wins,M,20
R5025,Rachel Jones,M,20
R5026,Fred Bauer,M,20
R5027,Tampon Tim,M,20
R5028,Brett,M,20
R5029,PD Rod,M,20
R5030,Not today Satan,M,20
R5031,Buckeye Firearms Association,M,20
R5032,Rick Reed,M,20
R5033,"Karen P. Stevens PhD, RN, CNE",M,20
R5034,Gilda Jill-duh,M,20
R5035,Phatkez,M,20
R5036,kym dusek,M,20
R5037,Randyluv,M,20
R5038,Rob DenBleyker,M,20
R5039,CashDeplorable,M,20
R5040,BTEric,M,20
R5041,Wilson,M,20
R5042,Nol,M,20
R5043,Brent Cutburth,M,20
R5044,Joe   ,M,20
R5045,Jordon Jindra,M,20
R5046,Bobbie,M,20
R5047,nerdnfter.sol,M,20
R5048,Americanparent2,M,20
R5049,Savannah,M,20
R5050,Vivian DeGrave,M,20
R5051,Patty G,M,20
R5052,Lucy,M,20
R5053,dennis,M,20
R5054,Lester McClintock,M,20
R5055,Kris in Hawaii,M,20
R5056,Amy G Dala,M,20
R5057,mike haas,M,20
R5058,Carlos Locatelli,M,20
R5059,Cecilia Calabrese,M,20
R5060,TheHeb ,M,20
R5061,RedHatQueen,M,20
R5062,Michelle Michelle,M,20
R5063,josette caruso,M,20
R5064,TNendzone,M,20
R5065,Jeffrey Levin ,M,20
R5066,Joshua Willis,M,20
R5067,Steve H,M,20
R5068,i vote Democrat because Im American,M,20
R5069,Todd Haden,M,20
R5070,Belle,M,20
R5071,jstlk,M,20
R5072,Shade,M,20
R5073,Tobysmypup,M,20
R5074,Just a random dude,M,20
R5075,JOLLYROGER,M,20
R5076,Malcolm Middle,M,20
R5077,SeptemberV  ,M,20
R5078,The OPEN Daily,M,20
R5079,Average GOP,M,20
R5080,drdej,M,20
R5081,Chudi Obi,M,20
R5082,J. Velasco,M,20
R5083,Lainelaine66 ,M,20
R5084,mazie brougher,M,20
R5085,Bill Labovitz,M,20
R5086,Jareds Thumbs ,M,20
R5087,Abdurahman Hassan,M,20
R5088,danny 28,M,20
R5089,SpaceCadet,M,20
R5090,Swiggy87,M,20
R5091,Kenneth Wells,M,20
R5092,Lassie,M,20
R5093,MSgtBill1976,M,20
R5094,JustTheFacts ,M,20
R5095,Bambino21,M,20
R5096,Carolyn Eastaughffe,M,20
R5097,Anita Zike,M,20
R5098,"Trickle-Down Failed, Tax the Rich",M,20
R5099,Nor-Cal Granny,M,20
R5100,Astro Corgi,M,20
R5101,SLAVA UKRAINI .... To the heroes  glory,M,20
R5102,Rhonda ,M,20
R5103,Ben Stephens,M,20
R5104,Willy Pete,M,20
R5105,Ret Paladin,M,20
R5106,TheLizVariant,M,20
R5107,Kevin K,M,20
R5108,ACO,M,20
R5109,Girl Father,M,20
R5110,mary a martin ,M,20
R5111,Lori Glascoe,M,20
R5112,John Burkhart,M,20
R5113,Jofbold,M,20
R5114,Helen Self,M,20
R5115,Ruby Ranger,M,20
R5116,Jeremys Razor ,M,20
R5117,dlh2409,M,20
R5118,Robert V.,M,20
R5119,Johnny be fella,M,20
R5120,"V, Dutch Mermaid ",M,20
R5121,KenK,M,20
R5122,SewAlways,M,20
R5123,VoteVets,M,20
R5124,Sheryl Coyne,M,20
R5125,NBC10 Philadelphia,M,20
R5126,Father Groyper,M,20
R5127,OneShot,M,20
R5128,Jeremy Murphy,M,20
R5129,TexasGunpowderParty,M,20
R5130,Brent Boveington,M,20
R5131,The Realest Mamma Jamma,M,20
R5132,Ellen Atkinson,M,20
R5133,Kerryvotesblueperiod,M,20
R5134,Eric Russell ,M,20
R5135,Cape Codder,M,20
R5136,MEWNMAN,M,20
R5137,ash  ,M,20
R5138,Lobo,M,20
R5139,Viscount,M,20
R5140,Byron Pureblood,M,20
R5141,Neal,M,20
R5142,JoeZee,M,20
R5143,El Mesas de Cuba ,M,20
R5144,fantome1307@yahoo.com,M,20
R5145,Caroline deMent,M,20
R5146,Christopher Wisehart,M,20
R5147,Bungalow Bill,M,20
R5148,Jane,M,20
R5149,mhesham,M,20
R5150,JDeezeNuts ,M,20
R5151,Vonnie932,M,20
R5152,Pink Lady 4 Trump,M,20
R5153,MyAMERICANVoice,M,20
R5154,Don Mans,M,20
R5155,Samuel Miller,M,20
R5156,Mer,M,20
R5157,Taleena Koch,M,20
R5158,CBS Philadelphia,M,20
R5159,Fookin Chookay ,M,20
R5160,Thomas G.,M,20
R5161,Chris T. Bonjour,M,20
R5162,asparagus,M,20
R5163,CRIME PAYS,M,20
R5164,June Stone,M,20
R5165,becca harrison,M,20
R5166,Yaffa88,M,20
R5167,ChriswaitforitBailey,M,20
R5168,Hank W,M,20
R5169, ,M,20
R5170,Concerned Citizen,M,20
R5171,CJ,M,20
R5172,Eileen Lundin,M,20
R5173,bocacatlover,M,20
R5174,Calypso I want my country back ,M,20
R5175,Kat E. Erikson,M,20
R5176,Justin Forsythe,M,20
R5177,Sandra A. Besser,M,20
R5178,GOPAWOKEN,M,20
R5179,Tim Hilliard,M,20
R5180,JustJared.com,M,20
R5181,Scott Courville,M,20
R5182,slakr23,M,20
R5183,Jo Ann Bailey,M,20
R5184,SICK MACHINE,M,20
R5185,kayla nebraska,M,20
R5186,Spil,M,20
R5187,clynn,M,20
R5188,BrianG,M,20
R5189,Real Americas Voice RAV,M,20
R5190,Beard Vet,M,20
R5191,Paul the other one...,M,20
R5192,Mrs T,M,20
R5193,Building a Dream in LBC,M,20
R5194,Dylan Young,M,20
R5195,sue davis,M,20
R5196,Norma Jean,M,20
R5197,48ona2006,M,20
R5198,Jo Dozier-Latino,M,20
R5199,  His Majesty/His Majestys ,M,20
R5200,Near Master Flex,M,20
R5201,Candace Beck,M,20
R5202,BlogLife,M,20
R5203,Axle Brandenburg,M,20
R5204,Good Thoughts Now,M,20
R5205,Lars Hanon,M,20
R5206,Kyle Doty,M,20
R5207,terri kwas,M,20
R5208,Billy Budd,M,20
R5209,Luis Otero,M,20
R5210,iamundertow,M,20
R5211,Justin Spicer,M,20
R5212,Marlyn Robinson,M,20
R5213,J P Chamberlain,M,20
R5214,Dan Ansome Handsome,M,20
R5215,AznEriC,M,20
R5216,Diane N Sevenay parody,M,20
R5217,Robert McCarthy CureCysticFibrosis,M,20
R5218,SaltyCityFella,M,20
R5219,Kathleen Tappa,M,20
R5220,Marsha,M,20
R5221,Republican ,M,20
R5222,GT SD Jacks ,M,20
R5223,RDunn,M,20
R5224, the average bear,M,20
R5225,Brenda ,M,20
R5226,Teacup pig,M,20
R5227,getgroyped,M,20
R5228,Ralph Siwundhla,M,20
R5229,Lobster Boyardee,M,20
R5230,FourWheel Camper,M,20
R5231,WSWShadow,M,20
R5232,nonyah,M,20
R5233,We Love Losing,M,20
R5234,Cypher Cicada ,M,20
R5235,Monte J,M,20
R5236,Puesto Loco,M,20
R5237,David Marko,M,20
R5238,JTD ,M,20
R5239,Jason Thomas ,M,20
R5240,Terri hudson lenoir,M,20
R5241,Republicans are crazy,M,20
R5242,Richard Escareno,M,20
R5243,Billy Joe Cactus,M,20
R5244,Drunk-X-sting,M,20
R5245,Bri @TheChauffeur3.bsky.social,M,20
R5246,RPW,M,20
R5247,shelly ,M,20
R5248,Spumoni,M,20
R5249,Trump is a pedophile ,M,20
R5250,"beth powers/MAGA BETHPOWERS14 STARTED, HEY JOE",M,20
R5251,TTRATS,M,20
R5252,Lisa LK,M,20
R5253,h9h9,M,20
R5254,Erin Burnett OutFront,M,20
R5255,V,M,20
R5256,David Sohm,M,20
R5257,LekFenrir123  ,M,20
R5258,Nota10 ,M,20
R5259,@rube38279,M,20
R5260,MLandstrom,M,20
R5261,Sober Riders/Wings of Change/Pro-Choice,M,20
R5262,Carl Hanopol Delos Reyes New Account,M,20
R5263,Matthew Skolnikoff,M,20
R5264,Texas,M,20
R5265,SandraK,M,20
R5266,John in Nebraska ,M,20
R5267,Nikkei Asia,M,20
R5268,Yiskah Chaya,M,20
R5269,wolfalohalani,M,20
R5270,Nancy R. Jones,M,20
R5271,gliding squirel,M,20
R5272,Asher Swiftmoure,M,20
R5273,Laura Doyle,M,20
R5274,Paroxycus ,M,20
R5275,Jenny Haines,M,20
R5276,Jennifer Fatzinger ,M,20
R5277,MPLSMuse,M,20
R5278,ValerianTX,M,20
R5279,The Indian Jesus  Lutch,M,20
R5280,Proud Elephant ,M,20
R5281,K. Coz,M,20
R5282,Inquisitive,M,20
R5283,Dalton Thomas,M,20
R5284,orchidee,M,20
R5285,Jack Scott - Business Consultant / Coach,M,20
R5286,Rob Bennett,M,20
R5287,Becki L,M,20
R5288,MelanieVA Dems Steal Elections,M,20
R5289,3 SEVERAL DAZE,M,20
R5290,Tristan Snell,M,20
R5291,Courtney Larsen,M,20
R5292,Soloman,M,20
R5293,patrick,M,20
R5294,Jenny,M,20
R5295,T9code,M,20
R5296,Blue Screen of Depth,M,20
R5297,Grady Schroeder,M,20
R5298,Txzen,M,20
R5299,Tradval,M,20
R5300,Michael Stone,M,20
R5301,Nasty Woman,M,20
R5302,Luke Ganje,M,20
R5303,Debra Mattila,M,20
R5304,Bonnie Fuller,M,20
R5305,Luna,M,20
R5306,Peace Messenger,M,20
R5307,Sahara Stevens ,M,20
R5308,Sing Sing,M,20
R5309,Agent Michael Scarn,M,20
R5310,Malia,M,20
R5311,Thomas E. Ricks,M,20
R5312,Lee West,M,20
R5313,GREMLIN,M,20
R5314,Tie Swindell,M,20
R5315,Dr. Cheeseburger,M,20
R5316,Official Brooks Lee Fan Club,M,20
R5317,Follow me for fun Democrats are toast.,M,20
R5318,mary papenfuss,M,20
R5319,bigwhitelunchbox,M,20
R5320,Greg Jericho,M,20
R5321,GordanFrogMan,M,20
R5322,Samir,M,20
R5323,Tim St Pierre,M,20
R5324,Erin Sabol,M,20
R5325,So Much Winning,M,20
R5326,Daniel Rash,M,20
R5327,BR,M,20
R5328,JSteinberg ,M,20
R5329,Jen,M,20
R5330,Pricecheck,M,20
R5331,Dossier-Truther,M,20
R5332,Red,M,20
R5333,NextSeason,M,20
R5334,Tasso,M,20
R5335,Emilio S Cot,M,20
R5336,The Notorious ROY G BIV,M,20
R5337,Tina Webb,M,20
R5338,Howard Greystone,M,20
R5339,Anthony Rosato,M,20
R5340,Ivanka Trump - Parody,M,20
R5341,Stares at Stars ,M,20
R5342,The Hill,M,20
R5343,Mary Smith ,M,20
R5344,AnilVohra1962 ,M,20
R5345,John OCorn,M,20
R5346,T V,M,20
R5347,stitchy,M,20
R5348,Jay Salem,M,20
R5349,y - John Riche,M,20
R5350,Isaiah Thomas,M,20
R5351,4 real,M,20
R5352,Donald Lindeman,M,20
R5353,Reality Matters-Whether You Believe In It Or Not,M,20
R5354,Wa wa,M,20
R5355,St George Frederick,M,20
R5356,fixnow,M,20
R5357,Wickit411,M,20
R5358,The Duchess of Capricorn ,M,20
R5359,Dawn-Marie ,M,20
R5360,Ken Trump2024 AntiWEF MAGA,M,20
R5361,MCCHKDR,M,20
R5362,Based Papa,M,20
R5363,Ty Smith,M,20
R5364,Bohemian Lady Edith,M,20
R5365,Lazy Nate,M,20
R5366,Adam Townsend,M,20
R5367,Eric Tveit,M,20
R5368,Detroit News: Nation,M,20
R5369,Ice Princess,M,20
R5370,Truly S. notincleveland.bsky.social,M,20
R5371,SC,M,20
R5372,Michaellb,M,20
R5373,Caroline Fogle,M,20
R5374,Convey96,M,20
R5375,Isiah Sanders,M,20
R5376,Kentucky hillbilly ,M,20
R5377,Puck ,M,20
R5378,Danny Lloyd,M,20
R5379,Josh Kraushaar,M,20
R5380,Ciudadano ,M,20
R5381,EL PATRIOTA TIMES,M,20
R5382,Margie Parsley ,M,20
R5383,Nina,M,20
R5384,ObiFansOfficial,M,20
R5385,Amy B. Taylor ,M,20
R5386,Peter Elias,M,20
R5387,Josh Dunn,M,20
R5388,Words Matter,M,20
R5389,Drogon,M,20
R5390,Tinker ,M,20
R5391,X-XVQ,M,20
R5392,Patrick Page,M,20
R5393,DoghouseWithBaddog,M,20
R5394,Denise Barham,M,20
R5395,Alec Hernndez,M,20
R5396,Conservative Hawkeye,M,20
R5397,Amanda Terkel,M,20
R5398,The Prince of Nuance,M,20
R5399,KekeLynn2024,M,20
R5400,Tamlyn,M,20
R5401,Carey Shope,M,20
R5402,Cari,M,20
R5403,DeMarkis,M,20
R5404,Margaret Henzig,M,20
R5405,Stephen Norton,M,20
R5406,NorthIowaToday.com,M,20
R5407,Kelly Doll ,M,20
R5408, Mike  ,M,20
R5409,shitter,M,20
R5410,LiveTube Alerts,M,20
R5411,l-taco,M,20
R5412,hono,M,20
R5413,Lucy in the Sky with Diamonds,M,20
R5414,Strachan Apostate,M,20
R5415,SuburbanDad,M,20
R5416,FreeThought Media,M,20
R5417,AMK,M,20
R5418,Nico for Texas,M,20
R5419,Shay,M,20
R5420,Go Bears,M,20
R5421,Willie Brown,M,20
R5422,L.A ,M,20
R5423,Thomas Makin,M,20
R5424,candadduh,M,20
R5425,Ulrich Ulfhednar,M,20
R5426,Chadwick ,M,20
R5427,Libby Spencer,M,20
R5428,offSZN 0-0,M,20
R5429,Rezdain ,M,20
R5430,bluepsycho,M,20
R5431,PatriotForEver,M,20
R5432,Doug Hall,M,20
R5433,SW ,M,20
R5434,John Brzezinski,M,20
R5435,Nenry Brand,M,20
R5436, Suburban Grouse  ,M,20
R5437,Rough Stone Scrolling,M,20
R5438,  ,M,20
R5439,deBeauxOs,M,20
R5440,khonshus other fist,M,20
R5441,   ,M,20
R5442,Dr. Chris PhD,M,20
R5443,Hermans Mom,M,20
R5444,Tom Looby,M,20
R5445,Sveinn Bjornsson,M,20
R5446,PaulSF,M,20
R5447,George Riley,M,20
R5448,A blue spot in a red state,M,20
R5449," Vicky MAGA, BTW ",M,20
R5450,Vapid,M,20
R5451,Hazy Days,M,20
R5452,Janice,M,20
R5453,ILikeToasters,M,20
R5454,proud rino,M,20
R5455,Matt Silberstein,M,20
R5456,Beni,M,20
R5457,Elvis Bob Rasputin,M,20
R5458,William aka Billy Warden ,M,20
R5459,Jennifer Litton Tidd ,M,20
R5460,tyabann,M,20
R5461,FloridaBuckeye21,M,20
R5462,Sujiai,M,20
R5463,Little Houthi Ruthie,M,20
R5464,Elon-gated Musk-rat    MAGAts not welcome,M,20
R5465,Lisa,M,20
R5466,CineMafiosa ,M,20
R5467,Lucky Lock,M,20
R5468,Supercidal,M,20
R5469,Vicki WarriortoTruth ,M,20
R5470,Timothy K. Arnold,M,20
R5471,Weapon of Kings,M,20
R5472,Paul Bensen,M,20
R5473,Public Person,M,20
R5474,P. Dayton,M,20
R5475,David Atkinson,M,20
R5476,lp,M,20
R5477,Darla B - DarlaB.bsky.social,M,20
R5478,Rick Elston,M,20
R5479,America Is Divided,M,20
R5480,Sheltielover,M,20
R5481,Shochu American,M,20
R5482,texasdana,M,20
R5483,Gr@ntlr ,M,20
R5484,WildManRan,M,20
R5485,Drunk Pelosi,M,20
R5486,Hector Nunez,M,20
R5487,george berry ,M,20
R5488,Amsterdam mauro,M,20
R5489,Helloise,M,20
R5490,Amanda Rae,M,20
R5491,JeanSand - Just Keeping It Real,M,20
R5492,C. Matthew Schulz,M,20
R5493,Elise Flynn,M,20
R5494,Asseylum Justin Villamor ,M,20
R5495,DeeDee,M,20
R5496,Jeanette Clayton,M,20
R5497,Alison Zilinskas,M,20
R5498,"Mary - Pick Up Lotus, Subtle Smile",M,20
R5499,Rights and might,M,20
R5500,Larry Noeldner,M,20
R5501,Chance McClain,M,20
R5502,Billy Buddusky ,M,20
R5503,Bella,M,20
R5504,JD Vance  United States News,M,20
R5505,Rocketman,M,20
R5506,Pastor Ben,M,20
R5507,VK ,M,20
R5508,secretColdPike,M,20
R5509, Dr. MemeNstein votes  BLUE ,M,20
R5510,short king simp,M,20
R5511,Elizabeth,M,20
R5512,Passionate Poet,M,20
R5513,Bearcub,M,20
R5514,Drubb Divad,M,20
R5515,sadisticfury tv,M,20
R5516,windblowswords,M,20
R5517,Zach,M,20
R5518,Thor,M,20
R5519,Michele Mascolo,M,20
R5520,LeftOfTheDial,M,20
R5521,rodzaspa,M,20
R5522,Experiment 626,M,20
R5523,MrNicotine,M,20
R5524,L. Ross Raszewski,M,20
R5525,Friedrich List,M,20
R5526,JoeyMama,M,20
R5527,Capitol News,M,20
R5528,Tim Young,M,20
R5529,Noel,M,20
R5530,mesh  ,M,20
R5531,CryptoSmind,M,20
R5532,Brirannosaurus ReXtard Finder,M,20
R5533,"B Jesus, MD",M,20
R5534,M,M,20
R5535,nooyawka,M,20
R5536,Fredb,M,20
R5537,Alvaromar tinsbc Oscar,M,20
R5538,Terry Mancini,M,20
R5539,Apolloz,M,20
R5540,Harold Krieg,M,20
R5541,Zippydogs,M,20
R5542,Alex Cole,M,20
R5543,Vivian  Empath,M,20
R5544,TheHarshTruth,M,20
R5545,Kaiser Bill,M,20
R5546,Sea Skark,M,20
R5547,Granny of 9,M,20
R5548,Nicole,M,20
R5549,Kimber Altman,M,20
R5550,James McLaughlin,M,20
R5551,Gibbs Calhoun,M,20
R5552,mark gabriel,M,20
R5553,Fredomia ,M,20
R5554,Sarah Jackson,M,20
R5555,wowzem,M,20
R5556,All Out Political Mayhem,M,20
R5557,S H,M,20
R5558,CatherineB ,M,20
R5559,Sean Graf,M,20
R5560,S B,M,20
R5561,sevendegrees,M,20
R5562,John Fugelsang,M,20
R5563,   ,M,20
R5564,Mozena14,M,20
R5565,uspolitics,M,20
R5566,The Radical Middle ,M,20
R5567,Adam Cohen  Lawyer. Activist. Advocate. DemCast,M,20
R5568,CherylM,M,20
R5569,Paul Zeigler,M,20
R5570,Dick Dierks,M,20
R5571,TPRI,M,20
R5572,DDD1924,M,20
R5573,David Perreault,M,20
R5574,Jerry,M,20
R5575,Dahlia Berencia,M,20
R5576,nick borynack,M,20
R5577,Louie blues,M,20
R5578,Kime Jones,M,20
R5579,Laura ,M,20
R5580,Marcus Kaufman,M,20
R5581,JustSusan ,M,20
R5582,Larry,M,20
R5583,45haslittlehands,M,20
R5584,knowledge,M,20
R5585,Eire Rose,M,20
R5586,Tony Jackson,M,20
R5587,Farrah,M,20
R5588,Pennsylvanians Against Dave McCormick,M,20
R5589,2026Lions,M,20
R5590,recovering liberal,M,20
R5591,Carmen BR,M,20
R5592,QueenAntifaDeepState9 ,M,20
R5593,ABC News,M,20
R5594,William Henry Ponzani,M,20
R5595,Ashley Rae ,M,20
R5596,Shirley Hunt,M,20
R5597, Yotzrenu,M,20
R5598,David Forrest,M,20
R5599,OrlandoMike911,M,20
R5600,C. MICHEL WEINBERG ,M,20
R5601,Mary Ann,M,20
R5602,TuckFrump,M,20
R5603,unknown,M,20
R5604,theseed,M,20
R5605,Damaged,M,20
R5606,Michael Kent A human contradiction,M,20
R5607,DebbieR,M,20
R5608,Sandra Loves GOD first USA,M,20
R5609,Cathy123 Realtor,M,20
R5610,Gipper Guy,M,20
R5611,Bronze Adidas,M,20
R5612,April Huddleston,M,20
R5613,Mikes Tweets ,M,20
R5614,RLC,M,20
R5615,Cassie Nguyen,M,20
R5616,Mike Murray,M,20
R5617,"JD Vance, Owner of Vances Messy Couches",M,20
R5618,Paolo Hamidouche     ,M,20
R5619,ColKW,M,20
R5620,Will Wade,M,20
R5621,civcV,M,20
R5622,Alexandra Marshall,M,20
R5623,pj sneeringer,M,20
R5624,Evy Evy,M,20
R5625,Faith Mane,M,20
R5626,Lewis Pulsipher,M,20
R5627,LoneWolf65,M,20
R5628,Oldmangames,M,20
R5629,Viola Vain,M,20
R5630,Ale,M,20
R5631,Anita Wills,M,20
R5632,MAGA America First,M,20
R5633,TruthIsLoveIsTruth,M,20
R5634,rickgarbett1,M,20
R5635,Seth Thomas,M,20
R5636,Toujourealistic,M,20
R5637,Nick Fink,M,20
R5638,ME Action Now,M,20
R5639,Larold Flanzia,M,20
R5640, ,M,20
R5641,Ramona Brunetti,M,20
R5642,Michael Buscemi,M,20
R5643,Sinatra1963,M,20
R5644,@CyGuyClimatePatriotJPAMVP,M,20
R5645,J:DATA,M,20
R5646,Par,M,20
R5647,The Minnesota Star Tribune,M,20
R5648,Stop Socialist Tyranny,M,20
R5649,Natalia Antrobus,M,20
R5650,"Me, Myself,  I",M,20
R5651,GaVoter,M,20
R5652,RallySally,M,20
R5653,"William Quinlan, CCIM",M,20
R5654,Jake Tyme,M,20
R5655,JD Nance,M,20
R5656, Augustus ,M,20
R5657,Chasman,M,20
R5658,Virgin Marys Soldier,M,20
R5659,scooter ,M,20
R5660,Cliff The Dog,M,20
R5661,MyNameIsJamesBond.com,M,20
R5662,Mr. Ellipses  ...,M,20
R5663,Gramdog,M,20
R5664,Chris Oldman,M,20
R5665,I COME IN PEACE,M,20
R5666,Pierre F. Lherisson,M,20
R5667,Mark Harris,M,20
R5668,Keith Mattox,M,20
R5669,Pierre Caumartin,M,20
R5670,Dale Day,M,20
R5671,Greg Hobson,M,20
R5672,ALBERTO SOTOLONGO,M,20
R5673,"Its me, Donna ",M,20
R5674,Will Robbins,M,20
R5675,Bruce Miller,M,20
R5676,Devout Skeptic ,M,20
R5677,Joe Lister,M,20
R5678,Matthew Bickel,M,20
R5679,therealquestioniswhy,M,20
R5680,Dante,M,20
R5681,RoseAnn DeMoro,M,20
R5682,Mark Gaedtke,M,20
R5683,Determined Truth,M,20
R5684,Henry Streator,M,20
R5685,Al Tesauro,M,20
R5686,A Dx ,M,20
R5687,Muddybaron,M,20
R5688,sandypriester.bsky.social,M,20
R5689,Mr. Reynolds,M,20
R5690,M West,M,20
R5691,WithuTrump,M,20
R5692,Donnie Azoff,M,20
R5693,MissMAGA2016,M,20
R5694,JAB,M,20
R5695,Matthew,M,20
R5696,Ed Krassenstein,M,20
R5697,"Vote Blue, Bleed Green ",M,20
R5698,UNIONMAN@6787,M,20
R5699,Miss GrannyP Lupus Warrior ,M,20
R5700,Your other Grandma loves you as you are,M,20
R5701,CdSmithy,M,20
R5702,Keith Scheuing,M,20
R5703,Jen,M,20
R5704,Michael DeFoe,M,20
R5705,Season,M,20
R5706,Irene,M,20
R5707,Minou is Not Amused,M,20
R5708,Elizabeth McDonald Douglas,M,20
R5709,bruce,M,20
R5710,Democrat  Marxist,M,20
R5711,N. V.,M,20
R5712,MAGA Fife,M,20
R5713,carol cocca,M,20
R5714,Steve Benz,M,20
R5715,Million Dollar Baby,M,20
R5716,Joseph Webb,M,20
R5717,Mantion Suzanne,M,20
R5718,austin,M,20
R5719,Mar-A-Lago Kitchen Worker Against Trump,M,20
R5720,loic Henry BEER,M,20
R5721,Susana Mounts  ,M,20
R5722,colleen,M,20
R5723,AdelaDvilaEstelritz,M,20
R5724,KJH,M,20
R5725,The Italian American Civil Rights League,M,20
R5726,Backtheblue,M,20
R5727,the Ham  SaveWarriorNun ,M,20
R5728,HOT HEADLINES,M,20
R5729,pcwill66,M,20
R5730,Breve,M,20
R5731,Just Donnie,M,20
R5732,THE BCP PODCAST,M,20
R5733,Black Conservative Patriot,M,20
R5734,Cory Collins,M,20
R5735,JD Vance Stan Social Conservative,M,20
R5736,Nothing But The News,M,20
R5737,CrusaderForGood,M,20
R5738,george r nickens jr,M,20
R5739,Venetta Carroll,M,20
R5740,Deanna G ,M,20
R5741,Saundra Waecker,M,20
R5742,DonOld J. Twitler for Jenius A Parody,M,20
R5743,FOX News Radio,M,20
R5744,the couch JD Vance had sex with.,M,20
R5745,ABC7 Eyewitness News,M,20
R5746,Darlene Gruwell,M,20
R5747,Neil Pearson,M,20
R5748,redthespian - yogurt mode,M,20
R5749,uhohitsro  huge fan of YUNGBLUD,M,20
R5750,David Ritchie,M,20
R5751,JB,M,20
R5752,Purified,M,20
R5753,Bradley Devlin,M,20
R5754,Glen McDaniel,M,20
R5755,Byron Weitzel,M,20
R5756,Julie Changs 1 Fan,M,20
R5757,Firearms Lawyer,M,20
R5758,,M,20
R5759,Lois Levine Fishman,M,20
R5760,Crisco7486,M,20
R5761,Frank,M,20
R5762,rhodogal,M,20
R5763,maryann t,M,20
R5764,Dade Murphy,M,20
R5765,Christopher Cody,M,20
R5766,ash13Ld,M,20
R5767,NW saltine cracker,M,20
R5768,Jasmine Star ,M,20
R5769,SkyMax   MAGA,M,20
R5770,susan pennington,M,20
R5771,Maplejack ,M,20
R5772,Ken Ferguson,M,20
R5773,Sandy P,M,20
R5774,Eric Benitez,M,20
R5775,Diet Cola Nation Foundation ,M,20
R5776,Mark Smith,M,20
R5777,Rick Gibbs,M,20
R5778, TRUTH Speaker,M,20
R5779,leo,M,20
R5780,GratefulAmericanLady,M,20
R5781,Anjali ,M,20
R5782,tharrison004,M,20
R5783,Tucson Stan,M,20
R5784,David Waisbein,M,20
R5785,charles diggs,M,20
R5786,electronicgogo,M,20
R5787,sharon fogleman,M,20
R5788,alliaceous allie,M,20
R5789,1 Google Search is now: How to Move to Europe,M,20
R5790,Voting matters  FO time for the FAs,M,20
R5791,Sasquatch,M,20
R5792,Det,M,20
R5793,Steve Kusheloff,M,20
R5794,Suz,M,20
R5795,Cuzd10,M,20
R5796,MaryAnne,M,20
R5797,Joseph Lamarca,M,20
R5798,Shirley  We the People,M,20
R5799,Smokestack Lightnin,M,20
R5800,Tom Pogasic,M,20
R5801,Betty Graham,M,20
R5802,Kim Propst,M,20
R5803,rebbie doe,M,20
R5804,Irish Eyes,M,20
R5805,Sylvia ,M,20
R5806,Walter McGee,M,20
R5807,Electric or bust,M,20
R5808,V F,M,20
R5809,Timothy Locke,M,20
R5810,roaminempire,M,20
R5811,Kathleen Stremke,M,20
R5812,VERY GRATEFUL,M,20
R5813,Soapbox Frannie,M,20
R5814,Spark After Dark,M,20
R5815,Bryan Howard,M,20
R5816,Kakvey,M,20
R5817,Max Miller,M,20
R5818,The Squirrel Whisperer,M,20
R5819,gotmooo,M,20
R5820,grnbean,M,20
R5821,CB,M,20
R5822,Bobtroter,M,20
R5823,Player 1,M,20
R5824,VanEcosocialistGroup,M,20
R5825,James Ray Light,M,20
R5826,Tiuanna,M,20
R5827,Dr Anne Condon,M,20
R5828,WhiskyTango ,M,20
R5829,Shan Spectre,M,20
R5830,Judy Peterson,M,20
R5831,JM44dog,M,20
R5832,David Griffiths,M,20
R5833,GoodJuJu,M,20
R5834,Eli ,M,20
R5835,Kathy Ultra MAGA,M,20
R5836,JinAz,M,20
R5837,"ruds, dollar store dudamel ",M,20
R5838,TankTheTank,M,20
R5839,ITS TIME FOR JUSTICE,M,20
R5840,ASS,M,20
R5841,Elaine Swietanski,M,20
R5842,Kerry Cashion,M,20
R5843,JCSJeff,M,20
R5844,John DeGregory,M,20
R5845,Donnah,M,20
R5846,Diana Gazzola,M,20
R5847,SM Abu Zahed,M,20
R5848,liv,M,20
R5849,K,M,20
R5850,Southern Variant,M,20
R5851,Chesters dad,M,20
R5852,Shodakan,M,20
R5853,News Wave,M,20
R5854,MagaMomma ,M,20
R5855,Brianna Benozich,M,20
R5856,Sandy ,M,20
R5857,Sarah,M,20
R5858,Bryan,M,20
R5859,DanielDay99876549,M,20
R5860,Bennie Wiley,M,20
R5861,MELANIA TRUMP - PARODY,M,20
R5862,Grant Self,M,20
R5863,Marie1158,M,20
R5864,JJFDPelletier,M,20
R5865,,M,20
R5866,Matt Howard,M,20
R5867, Big Al On The Prowl,M,20
R5868,Mr. Reality,M,20
R5869,mikeg,M,20
R5870,Vickie Lynn,M,20
R5871,AleXander Hamilton,M,20
R5872,Judy Haynes,M,20
R5873,twilight2000,M,20
R5874,Brian Holt,M,20
R5875,WisconsinPresident,M,20
R5876,LeftMap ,M,20
R5877,YoteDan,M,20
R5878,MAGA Resource,M,20
R5879,Shellie FBR TABA RESIST BidenHarris2024 WOKE,M,20
R5880,Tamara Wilson,M,20
R5881,https://bsky.app/ @mckmango.bsky.social NO CHECK,M,20
R5882,Helvio ,M,20
R5883,Brock ,M,20
R5884,eric dietrich,M,20
R5885,ted kenney,M,20
R5886,king rei ,M,20
R5887,"Will, politically homeless once again",M,20
R5888,WynnerT,M,20
R5889,Steve Hurlbut,M,20
R5890,CLTFCFan,M,20
R5891,anthony sims  anthony-sims.bsky.social,M,20
R5892,TheFrenchie,M,20
R5893,Jessi ,M,20
R5894,Joshua Argabrite,M,20
R5895,LMig,M,20
R5896,President Trump News,M,20
R5897,JayEmArr,M,20
R5898,Tinto Brass Stan account,M,20
R5899,Armando Iannucci,M,20
R5900,Legal Citizen Minority Business Woman,M,20
R5901,Darla Jaye,M,20
R5902,Rev-Morningstar.bsky.social,M,20
R5903,DeniseBCAC,M,20
R5904,Free Speech All Day Long No subscription needed,M,20
R5905,David Burks    ,M,20
R5906,"Deuce Caboose-Ski, CPA",M,20
R5907,Joseph Ferraro,M,20
R5908,Wendy Burkhead,M,20
R5909,Steven Hill,M,20
R5910,The National Desk,M,20
R5911,Someone Important,M,20
R5912,hh brother,M,20
R5913,Larry I,M,20
R5914,Pretzel Town ,M,20
R5915,Ed Snerdly,M,20
R5916,grummpyoldman,M,20
R5917,RealJohnGaltFLA,M,20
R5918,jorts,M,20
R5919,Ivanshuman,M,20
R5920,John Adams,M,20
R5921,Jeanne Kiger,M,20
R5922,SiaAyrom,M,20
R5923,Tricia Stevens,M,20
R5924,Christopher,M,20
R5925,Joe N,M,20
R5926,  DEFUND NPR  ,M,20
R5927,Antio,M,20
R5928,Branden Bowes,M,20
R5929,"S. Johannes, PhD",M,20
R5930,JKJ in SC,M,20
R5931,Douglas Mills,M,20
R5932,Jan Lee,M,20
R5933,/ACatNamedElon,M,20
R5934,merican Trucker ,M,20
R5935,Deetheblogger,M,20
R5936,Fetching Truth,M,20
R5937,Bob Smith,M,20
R5938,Jabu313,M,20
R5939,Lymecyline,M,20
R5940,Kathleen Sullivan,M,20
R5941,Paul Zismo ,M,20
R5942,SanDiegoGal ,M,20
R5943,Justin - Journalism is not a crime,M,20
R5944,Brett Allan,M,20
R5945,@ZenSeeker zen-seeker on BlueSky,M,20
R5946,Richard Hoover,M,20
R5947,Tom F,M,20
R5948,Joseph Mullins,M,20
R5949,Dale Waldron,M,20
R5950,hopijoy,M,20
R5951,Viola Bergeron WILL NOT COMPLY,M,20
R5952,Andrew Stockey,M,20
R5953,john macker,M,20
R5954,Eric Martin,M,20
R5955,Afshin Iranpanah,M,20
R5956,John Rochester,M,20
R5957,Nora Gonzales,M,20
R5958,MWB,M,20
R5959,Rob Phillips,M,20
R5960,JulieC ,M,20
R5961,Roxy,M,20
R5962,Ross Bertran,M,20
R5963,Larry Graves,M,20
R5964,Mike Kueber,M,20
R5965,cheryl cohen,M,20
R5966,Ron,M,20
R5967,Si Opus Sit ,M,20
R5968,Joo Luiz,M,20
R5969,Mrs. Quint,M,20
R5970,Nate Klingenstein,M,20
R5971,Been There,M,20
R5972,Jennifer Van Laar,M,20
R5973,Trevor Zegras Denier,M,20
R5974,The General,M,20
R5975,Lydia O,M,20
R5976,Augusta,M,20
R5977,Tim Potter,M,20
R5978,JD Donaldson,M,20
R5979,BB,M,20
R5980,Moveebuff female,M,20
R5981,Greg Close,M,20
R5982,MinnesotaTurdCat,M,20
R5983,Sheila Cook,M,20
R5984,Matt Murabro,M,20
R5985,noobie,M,20
R5986,Mr Producer,M,20
R5987,AYMEL,M,20
R5988,rumpb79,M,20
R5989,Above average Joe,M,20
R5990,Barbara Gingenbach,M,20
R5991,Shawnta,M,20
R5992,John Swafford,M,20
R5993,Ashwanii S Kumar,M,20
R5994,Candace,M,20
R5995,Nola,M,20
R5996,Antifas Mother,M,20
R5997,Suzie,M,20
R5998,MiladyDyan ,M,20
R5999,Escape Velocity... AKA Matthew ,M,20
R6000,Frostyduo,M,20
R6001,Michael MacGillivray,M,20
R6002,TMartin ,M,20
R6003,Jewels Jones ,M,20
R6004,Donald J. Trump  PARODY,M,20
R6005,Twtter ,M,20
R6006,The Not So Sentimental Gentleman Of Swing,M,20
R6007,A.P. Roberto,M,20
R6008,jeanstyles@gmail.com,M,20
R6009,Progressive liberal Taunter,M,20
R6010,Crazymandinga,M,20
R6011,Musk MAGA will destroy USA,M,20
R6012,Jeremy Asbridge,M,20
R6013,Johan,M,20
R6014,Charlie Tuna,M,20
R6015,Tom Jones,M,20
R6016,Julie Jolie,M,20
R6017,Iaml,M,20
R6018,Bad to the BONE,M,20
R6019,Albert C,M,20
R6020,Jennifer,M,20
R6021,Gerald Ford,M,20
R6022,Joe Albright ,M,20
R6023,Rhonda Swift,M,20
R6024,shelley tomlinson,M,20
R6025,Delores ,M,20
R6026,Scobby Bobbins,M,20
R6027,I DISSENT @theLadyArcher77 ,M,20
R6028,Patriots For Trump,M,20
R6029,Opinion Today,M,20
R6030,Angry US Politics  DJT Domestic Terrorist,M,20
R6031,Max  Ecom Email Marketing,M,20
R6032,Michael A.Carter,M,20
R6033,Barb Land-On the GULF of America,M,20
R6034,VP JD Vance,M,20
R6035,Garren Lephan,M,20
R6036,Erin,M,20
R6037,Tsika,M,20
R6038,Delete Me Please,M,20
R6039,Patriots USA,M,20
R6040,Lars Tuff,M,20
R6041,cutie patootie,M,20
R6042,MichelleL,M,20
R6043,George A. Gill,M,20
R6044,IAFarmer,M,20
R6045,vote4rcanada,M,20
R6046,Roy Bradshaw,M,20
R6047,Wendy Lee,M,20
R6048,Angelic Universe,M,20
R6049,Eric Harrison,M,20
R6050,Lilith PhDINFJ-A,M,20
R6051,zoochum,M,20
R6052,Philippa Painter Pay,M,20
R6053,Zodiac Thriller,M,20
R6054,LDVC,M,20
R6055,Charlie Sherry,M,20
R6056,Paul Dunfee,M,20
R6057,Kamelots Table,M,20
R6058,Sandra Rodkey,M,20
R6059,ArcZeal Designs,M,20
R6060,Maicon,M,20
R6061,Catherine Runnals,M,20
R6062,outnumbers,M,20
R6063,Rhonda Bonin,M,20
R6064,individual.,M,20
R6065,Dora Tonsmeire,M,20
R6066,KVC,M,20
R6067,yantinapple,M,20
R6068,Fancy Totickle,M,20
R6069,Lindamp2,M,20
R6070,Cecil Duncan TrueBlue,M,20
R6071,"Don the con, the dick-traitor",M,20
R6072,Jo Villiers,M,20
R6073,Shirley Bourgeois Hyslop,M,20
R6074,LillyBean,M,20
R6075,TexasGal,M,20
R6076,Lil Vicky,M,20
R6077,Terry547,M,20
R6078,Melanie Mccormack,M,20
R6079,"Deus, Ptria, Famlia, Vida e Liberdade",M,20
R6080,Elizabeth Smith,M,20
R6081,Rey Gonzalez,M,20
R6082,Amanda May or May Not Give a Damn,M,20
R6083,Linda Biscanto,M,20
R6084,GodandCountry1776,M,20
R6085,David DAC Caldwell,M,20
R6086,Prince Bowaa,M,20
R6087,K.E.U.,M,20
R6088,Nnn Nnn,M,20
R6089,Darktionary,M,20
R6090,Khmer Radio,M,20
R6091,Trick Dickle,M,20
R6092,The Virginian-Pilot,M,20
R6093,burnham,M,20
R6094,Rosemary OConnell,M,20
R6095,Push Past Paralysis,M,20
R6096,Mike Fox,M,20
R6097,IDeclareBANKRUPTCY,M,20
R6098,Elo N Muskisanazi,M,20
R6099,C.T.,M,20
R6100,Chrysanthemum ,M,20
R6101,blue tick,M,20
R6102,Seeker,M,20
R6103,Jed,M,20
R6104,Forrest Means,M,20
R6105,Jake Hicks ,M,20
R6106,ScrapQueen65,M,20
R6107,Starrydecisus,M,20
R6108,Ophiuchus Lapine,M,20
R6109,babyface-slim.bsky.social,M,20
R6110,Amardeep,M,20
R6111,Paul : ,M,20
R6112,Randy Robinson,M,20
R6113,RSLMstrs,M,20
R6114,Wagz,M,20
R6115,JackDagger,M,20
R6116,SubIsPog,M,20
R6117,BobbyLAZ2020,M,20
R6118,Dan Smotz The System is Down,M,20
R6119,Dave Keiter,M,20
R6120,MD,M,20
R6121,Jimmy Dukes,M,20
R6122,Jenn Gray,M,20
R6123,Dean Baker,M,20
R6124,Patti Putko,M,20
R6125,Aaron,M,20
R6126,Carrie Hartwig,M,20
R6127,Ambrose,M,20
R6128,Chaz McGee,M,20
R6129,Jason Terry,M,20
R6130,Mike Lane,M,20
R6131,Debbie Kinder,M,20
R6132,John Tuld,M,20
R6133,Raquel Coronell Uribe,M,20
R6134,De ltimo Momento,M,20
R6135,the SWORD,M,20
R6136,Teresa,M,20
R6137,Ollie Murphy,M,20
R6138,George A Lupiba Jr NMLS 413469,M,20
R6139,2Ears1Mouth,M,20
R6140,Tallulah Bankhead :Queen of the Flock of Whores,M,20
R6141,Barbara Johnston,M,20
R6142,Dr Diego Caleiro ,M,20
R6143,FutureTrump224,M,20
R6144,Mike Chez,M,20
R6145,Fresh Whittaker,M,20
R6146,the Atherian ,M,20
R6147,Carrie LS,M,20
R6148,Pastor Ladena Bough,M,20
R6149,BCORN,M,20
R6150,Renee Hardison,M,20
R6151,Todd Freedom,M,20
R6152,chitowngringa Boycott Bibi-BenGvir,M,20
R6153,jwrtellar,M,20
R6154,Wayne Wood,M,20
R6155,Tiffany,M,20
R6156,Hockey mom,M,20
R6157, Doa Malinalli la del face  ,M,20
R6158,Danae Schmitzer,M,20
R6159,aleck9915,M,20
R6160,Jenny Diver,M,20
R6161,Debra Russio,M,20
R6162,Stout or Porter,M,20
R6163,TC,M,20
R6164,Ian,M,20
R6165,Attila,M,20
R6166,Joan Kratz,M,20
R6167,Davis Michael Wayne,M,20
R6168,Ben-jammin,M,20
R6169,Tracy BurgessNY,M,20
R6170,JoeTrudeau ,M,20
R6171,Regina Connell,M,20
R6172,sammydabull911,M,20
R6173,Max,M,20
R6174,David ShoelessJoe,M,20
R6175,Sharon Mcdonald,M,20
R6176,Frank Ariagno,M,20
R6177,Les Gohbranton,M,20
R6178,Brett Bell,M,20
R6179,SolusChristus,M,20
R6180,SaneWhiteWoman,M,20
R6181,Sarah Leach ,M,20
R6182,ladyp8riot,M,20
R6183,KDN ,M,20
R6184,LR Destroyer,M,20
R6185,Izzy  ,M,20
R6186,Call Me Kate,M,20
R6187,Jake E,M,20
R6188,Steve Roy Simon,M,20
R6189,SoFlo @ TPA,M,20
R6190,Brynhildr2022,M,20
R6191,C,M,20
R6192,Ani Bell,M,20
R6193,Soph,M,20
R6194,DekkuBlock,M,20
R6195,AnonRoberto,M,20
R6196,Rule 11 / Andrew Jacob Sandman Sayers Rulnick,M,20
R6197,Gio,M,20
R6198,Good Ol Common Sense,M,20
R6199,Matthew Heran,M,20
R6200,Davis Kelly ,M,20
R6201,joao,M,20
R6202,Sue Runs Far,M,20
R6203,Toby Turner,M,20
R6204,"Just Me, Julie",M,20
R6205,ChihuahuaLinda,M,20
R6206,Christian First,M,20
R6207,Victory2024,M,20
R6208,sunkissd,M,20
R6209,Greig  Murry,M,20
R6210,Greg Gaan,M,20
R6211,Victorious,M,20
R6212,Efrain Santiago,M,20
R6213,"The Blind Guy, Simili Creator",M,20
R6214,Tobin Menard,M,20
R6215,NECN,M,20
R6216,PoliticaOnLine,M,20
R6217,kelete teweldemedhin,M,20
R6218,Aaron Leavy,M,20
R6219,Akilah Hughes,M,20
R6220,Diana Gomez,M,20
R6221,,M,20
R6222,MAGAKendraAggieRx,M,20
R6223,Ford Forkum   ,M,20
R6224,Pat Hinsdill,M,20
R6225,Argel Copeland,M,20
R6226,Dana Weaver Moore,M,20
R6227,Andrew McGill,M,20
R6228,Slingshot News,M,20
R6229,Eduardo,M,20
R6230,Mollie Downs,M,20
R6231,Tamera,M,20
R6232,Tebyanian,M,20
R6233,Joe Harper,M,20
R6234,Brenda C Beyer,M,20
R6235,Michael Embry,M,20
R6236,Retired Bull,M,20
R6237,Joseph Colin Exp,M,20
R6238,Oyo Chick,M,20
R6239,Sty@hmemthr,M,20
R6240,WhenPigsFly,M,20
R6241,Vivek G. Ramaswamy - Commentary News,M,20
R6242,Tanner W ,M,20
R6243,James Holden,M,20
R6244,realmovieev.bsky.social ,M,20
R6245,Dr Grace Yllana,M,20
R6246,Marnia Trujillo,M,20
R6247,Terje Olsen,M,20
R6248,Carl Fowler III,M,20
R6249,Danny Burnham,M,20
R6250,Kenneth Finsness,M,20
R6251,Bingo Thats my name O. ,M,20
R6252,Vivek Ramaswamy,M,20
R6253,Karen MONTGOMERY,M,20
R6254,Tristan Meabon,M,20
R6255,luz loyola,M,20
R6256,Vernon Davis,M,20
R6257,Chuks Amajor,M,20
R6258,"Kerry J. Jaeger, Author",M,20
R6259,Seahorse,M,20
R6260,Free the World ,M,20
R6261,BillsFan85,M,20
R6262,Jim Paulson,M,20
R6263,Mr. Right ,M,20
R6264,GO NAVY/NINERS,M,20
R6265,Xristo Natsis,M,20
R6266,Gary Seyfarth,M,20
R6267,Gamer ,M,20
R6268,PennyJ,M,20
R6269,Kerry Westcott,M,20
R6270,Laurel,M,20
R6271,Blake McElrath,M,20
R6272,Rob Lee,M,20
R6273,Jenny long,M,20
R6274,Christ first,M,20
R6275,A man with a 101 IQ,M,20
R6276,Bjean,M,20
R6277,bitckoni,M,20
R6278,Brenda Connor,M,20
R6279,Musicoholic,M,20
R6280,Michael Fakeman ,M,20
R6281,Allan Busuttil,M,20
R6282,TheMonkeMan,M,20
R6283,   ,M,20
R6284,AndyWeebleWeaverandy-weaver.bsky.social,M,20
R6285,Donald Ray,M,20
R6286,Robert W. Rushton,M,20
R6287,Valerie O,M,20
R6288,Iconoclast,M,20
R6289,Alexander Calvo,M,20
R6290,worldamuck un,M,20
R6291,Cecile Shaw,M,20
R6292,John Rice,M,20
R6293,Charles Suchman CHUCK,M,20
R6294,AngelsWatch Broadcast,M,20
R6295,James Halfhill,M,20
R6296,Palin2028,M,20
R6297,Justin Churchey- Hanson,M,20
R6298,Mangisa,M,20
R6299,John Flanagan,M,20
R6300,Luana Hess,M,20
R6301,GenXTexasMama,M,20
R6302,CF@SF  ,M,20
R6303,Philip Anderson,M,20
R6304,Tristyn C,M,20
R6305,Carolyn Reilly,M,20
R6306,carlosyoshio,M,20
R6307,AF Post,M,20
R6308,Doctor Atomic,M,20
R6309,"Salvador Dali- Never Republican, Ever.",M,20
R6310,saheedbaksh,M,20
R6311,Jonathan Reyes,M,20
R6312,Kwb-A1,M,20
R6313,Bulldogs4VivekOhio,M,20
R6314,quick steps,M,20
R6315,Saga,M,20
R6316,Paul Jackson,M,20
R6317,Red Kryptonite,M,20
R6318,BarbBradley Juarez,M,20
R6319,Ed Gee,M,20
R6320,News and Java ,M,20
R6321,The American Tribune,M,20
R6322,The Post Millennial,M,20
R6323,Fred Falcone,M,20
R6324,DA,M,20
R6325,Ernie Arellanes,M,20
R6326,Constitution Candy,M,20
R6327,Gene Utz,M,20
R6328,Danny,M,20
R6329,vanhoa,M,20
R6330,Muffy Cook,M,20
R6331,17GEN4,M,20
R6332,Not A Number,M,20
R6333,Carolann,M,20
R6334,Bamma,M,20
R6335,TechTopia,M,20
R6336,LilELINT,M,20
R6337,Christopher Hughart,M,20
R6338,Felonious Dude,M,20
R6339,PREZZY NEWS,M,20
R6340,ra vi,M,20
R6341,Dave Balint,M,20
R6342,Kacee Allen,M,20
R6343,VOZ,M,20
R6344,Freedom Thinker,M,20
R6345,Lawrence Sargent,M,20
R6346,Patriot Kyle,M,20
R6347,Alec Lace,M,20
R6348,Ian Jaeger,M,20
R6349,Debby Booney,M,20
R6350,  ,M,20
R6351,big wrench 7,M,20
R6352,Joseph A Lavezzo,M,20
R6353,Dr. Kathleen Sandman,M,20
R6354,Furiosa,M,20
R6355,Anthony tabbitas,M,20
R6356,margaret frey,M,20
R6357,Douglas,M,20
R6358,DDMegadoodoo,M,20
R6359,joshua Kendall,M,20
R6360,ElectedMAGA,M,20
R6361,Andrew Gunner,M,20
R6362,Keil Tormollen,M,20
R6363,David Jones,M,20
R6364,Ryan Mac,M,20
R6365,Gem  Balboa,M,20
R6366,Ny5150,M,20
R6367,Cowboy Neal,M,20
R6368,Navdeep Singh Rajwanshi,M,20
R6369,Jeremiah Massari,M,20
R6370,David Conroy,M,20
R6371,Protrader Key,M,20
R6372,Jackie Ritacco,M,20
R6373,WouldYouEver,M,20
R6374,H1M,M,20
R6375,Barbara Burton ,M,20
R6376,Fuzzbee,M,20
R6377,vfortheg,M,20
R6378,Kevin Farrell,M,20
R6379,Daily Mail US,M,20
R6380,Daily Mail Online,M,20
R6381,amariastellato,M,20
R6382,New York Post,M,20
R6383,Forbes,M,20
R6384,Chris Macy,M,20
R6385,Jimmy Simmons,M,20
R6386,Freedmans Journal,M,20
R6387,Danny Reed,M,20
R6388,m Wm ,M,20
R6389,MIRV,M,20
R6390,IAHEAGLE Rich S,M,20
R6391,Kelley Dockrey,M,20
R6392,Tpari,M,20
R6393,John Scott G,M,20
R6394,George Brown,M,20
R6395,Darcey Devereaux,M,20
R6396,Leslie Diaz,M,20
R6397,Robert Heller,M,20
R6398,Lisa Carol,M,20
R6399,As a Texan...,M,20
R6400,cc,M,20
R6401,Craig V.,M,20
R6402,Parody Tulsi Gabbard ,M,20
R6403,Kyle Blue Collar,M,20
R6404,ROSALIE CALIENDO,M,20
R6405,Spirit of 76,M,20
R6406,ge1,M,20
R6407,Paul McDowell,M,20
R6408,Virtue Emoji ,M,20
R6409,Hewitt Newton,M,20
R6410,Nick Bortugno,M,20
R6411,Mr Foxx,M,20
R6412,jdb26354,M,20
R6413,Richard Viger,M,20
R6414,Kid Gravity,M,20
R6415,The Patriot Party ,M,20
R6416,Abel Bolaos,M,20
R6417,Mark L. Clark,M,20
R6418,@armiak.bsky.social,M,20
R6419,Fufufnyk ,M,20
R6420,Continental1776bihh,M,20
R6421,Timilehin George,M,20
R6422,VegasDevil,M,20
R6423,Hon. Richard Littlefield DOGE NH,M,20
R6424,Linda Cartwright,M,20
R6425,N.S. Palmer,M,20
R6426,Keepin it Musky  RCB in Antarctica,M,20
R6427,Kildzr,M,20
R6428,sheila Nodwell,M,20
R6429,Earl Godwin,M,20
R6430,NOT trans and NOT american,M,20
R6431,Enthusiastic Bread CA,M,20
R6432,Lady Bug,M,20
R6433,Deborah Soth,M,20
R6434,J B G,M,20
R6435,Dutch1777,M,20
R6436,"RED, WHITE,  BLUE",M,20
R6437,Cassndra,M,20
R6438,jason holsinger ,M,20
R6439,El Azzouzi Souhail   ,M,20
R6440,savvy,M,20
R6441,SirWinston,M,20
R6442,Patrick Larson,M,20
R6443,Sassy,M,20
R6444,Ken Cooper,M,20
R6445,Sunshine Kid,M,20
R6446,Sportshog,M,20
R6447,duxinnero,M,20
R6448,Rigo Mortis,M,20
R6449,Jasper4p,M,20
R6450,drewisgod6372 ,M,20
R6451,T. Ford  ,M,20
R6452,QueenBee1,M,20
R6453,TEXAS MAGA GIRL,M,20
R6454,western star,M,20
R6455,Captain Yossarian,M,20
R6456,Sheree Parent,M,20
R6457,The Old Guy,M,20
R6458,Thomas Law,M,20
R6459,S0ND0N,M,20
R6460,Ryan Ahern,M,20
R6461,Ziberial,M,20
R6462,WolfPack Media,M,20
R6463,Todd Anderson,M,20
R6464,Philip Marlowe ,M,20
R6465,Lookingup52,M,20
R6466,MOVE THE WINDOW ,M,20
R6467,  ,M,20
R6468,TONY,M,20
R6469,Michelle Murray,M,20
R6470,LindaNell,M,20
R6471,Riley,M,20
R6472,Michael Lucas,M,20
R6473,Vince Langman,M,20
R6474,GoliathNumber2.0,M,20
R6475,SophieJean Tucker,M,20
R6476,  ,M,20
R6477,SHF ,M,20
R6478,Mediaite,M,20
R6479,End Tribalism in Politics,M,20
R6480,Halsey Sweet Love  DJT MAGA no DM,M,20
R6481,Joe Schmo,M,20
R6482,Common Sense Custodian,M,20
R6483,Simone Greear,M,20
R6484,Nancy Schuetze,M,20
R6485,Dwayne,M,20
R6486,Jim Martineau,M,20
R6487,The Breaking Report,M,20
R6488,Shadow Banned,M,20
R6489,craig Deming,M,20
R6490,Andy M,M,20
R6491,ERedwood,M,20
R6492,Jon Brand,M,20
R6493,Monique,M,20
R6494,CJ Froude,M,20
R6495,Axios,M,20
R6496,  ,M,20
R6497,tooltime,M,20
R6498,Scarlet Garau,M,20
R6499,YellowBird,M,20
R6500,Present,M,20
R6501,Tee Rickey,M,20
R6502,Tony,M,20
R6503,The Cardinal,M,20
R6504,AndreAnn,M,20
R6505,Dr.T,M,20
R6506,Jim Roberts,M,20
R6507,TMK,M,20
R6508,Timothy Price,M,20
R6509,Brian Skinner,M,20
R6510,Adarsh M,M,20
R6511,Clare Butterfield,M,20
R6512,Gary P. Hicks,M,20
R6513,Roger Bonner,M,20
R6514,Dave Wasserman,M,20
R6515,Andy Shackleford,M,20
R6516,Ahmed J-A,M,20
R6517,Maarten,M,20
R6518,Dawn Price,M,20
R6519,Beate Landefeld,M,20
R6520,Matt Senkow SoloAGI,M,20
R6521,Miguel A. Fernndez,M,20
R6522,Mister Chilidog,M,20
R6523,Pinocchio the truth teller ,M,20
R6524,Boner Salad,M,20
R6525,Wondering Woman,M,20
R6526,Liam D. ,M,20
R6527,Barbara Paden,M,20
R6528,WhatsWrongWithYou,M,20
R6529,Randy Richardson,M,20
R6530,AMERICANDREAM09  Jack Media DREAM,M,20
R6531,Mark Kolczynski,M,20
R6532,bewildered,M,20
R6533,Thunder on the western plains,M,20
R6534,minsa@capitalworld,M,20
R6535,Narejo Abid Ali,M,20
R6536,G.J.P.Encourager,M,20
R6537,Elon Musk - Parody,M,20
R6538,Rob1776,M,20
R6539,Marina Christian,M,20
R6540,Nfts tap,M,20
R6541,Interim President of the Eric Mays Fan Club,M,20
R6542,Claudia Navarro G.,M,20
R6543,Joey Gentile,M,20
R6544,vesna,M,20
R6545,Donald Mariano,M,20
R6546,Blue Virginia,M,20
R6547,Billie,M,20
R6548,Charles 91771,M,20
R6549,Mark Condrey,M,20
R6550,West,M,20
R6551, American Eagle  ,M,20
R6552,David Ritter,M,20
R6553,Bob Reuter,M,20
R6554,Rob Roy,M,20
R6555,Gary Doan,M,20
R6556,Patrick Bassaloff,M,20
R6557,The Voters Guide: to politics ,M,20
R6558,YoursBrahmavadini LLM  ,M,20
R6559,Deni,M,20
R6560,Clara Murzynski,M,20
R6561,Karma iz  ,M,20
R6562,Chloe S,M,20
R6563,Scott Rubin,M,20
R6564,just some  fan,M,20
R6565,TheSoapySmith,M,20
R6566,Thomas Sweeney,M,20
R6567,Desiree,M,20
R6568,Deepdian ,M,20
R6569,Rakesh Gadagoni,M,20
R6570, . ,M,20
R6571,aqgsigmundunbalyonakrqkelsea,M,20
R6572,Jon Snow,M,20
R6573,President Elect Jade,M,20
R6574,Yvonne Car,M,20
R6575,R. Lee,M,20
R6576,Nick Adams,M,20
R6577,3RDgoLNG,M,20
R6578,Jimmy Mitchell Libertarian for 2032,M,20
R6579,nyer2k,M,20
R6580,Jordan Ramos,M,20
R6581,Satrohan Sat,M,20
R6582,Brian Mairs    bmairs,M,20
R6583,Green Bay Babe ,M,20
R6584,kenny jacobs. bsky.social ,M,20
R6585,Kelley Lyday,M,20
R6586,MRbass2000,M,20
R6587,trarhamp,M,20
R6588,Bartamus Foul,M,20
R6589,HW Helser,M,20
R6590,ANNETTE DAVIS,M,20
R6591,KidDoc1992,M,20
R6592,Anne Bradstreet,M,20
R6593,Michael Beard,M,20
R6594,Bottom Center Bottom,M,20
R6595,Linda Klase,M,20
R6596,"NYC  theres hope, a Citydreams",M,20
R6597,sad Bears fan,M,20
R6598,catman,M,20
R6599,Scott Christy,M,20
R6600,Ruk,M,20
R6601,Henry,M,20
R6602,RoastedPenguin,M,20
R6603,Stacey Singleton,M,20
R6604,D Dougie Doug,M,20
R6605,Joseph Paul,M,20
R6606,Mich ,M,20
R6607,Aayjaybee69,M,20
R6608,Oscillation Andy,M,20
R6609,Maria  ,M,20
R6610,California Chill,M,20
R6611,Freddie,M,20
R6612,Herofrombeyond,M,20
R6613,xAnoNxReD,M,20
R6614,JB,M,20
R6615,Mario Nawfal,M,20
R6616,Ken Klar,M,20
R6617,Jefro Katai,M,20
R6618,Turd Ferguson III,M,20
R6619,Natan Ehrenreich,M,20
R6620,Austin Petersen ,M,20
R6621,Audrey cp,M,20
R6622, Thunderstorm,M,20
R6623,Stephanie Slade,M,20
R6624,DL,M,20
R6625,Lehmon Baxley,M,20
R6626,Auran J,M,20
R6627,Bruce Fenton,M,20
R6628,Grizz,M,20
R6629,Tom Joad,M,20
R6630,Nishant Mehrotra,M,20
R6631,Lee Martin,M,20
R6632,Parallel Author,M,20
R6633,PR,M,20
R6634,Karen Smith,M,20
R6635,Stem Cellblock,M,20
R6636,michael kohls,M,20
R6637,Torcana,M,20
R6638,Larry F Jones,M,20
R6639,  ,M,20
R6640,Lin,M,20
R6641,Merica is back ,M,20
R6642,Singing Girl1,M,20
R6643,LionOfWar,M,20
R6644,RCnMoonpie,M,20
R6645,Dimtwit,M,20
R6646,James Lynch,M,20
R6647,savedbygrace,M,20
R6648,Eric,M,20
R6649,Audrey Fahlberg,M,20
R6650,wallpaper Doctor,M,20
R6651,Naomi Canton,M,20
R6652,Terry,M,20
R6653,Tisha Giraud,M,20
R6654,Dark Cavalry,M,20
R6655,DOGE-latest,M,20
R6656,Gone Under Cover,M,20
R6657,Louise Grott,M,20
R6658,Cindy Clifton,M,20
R6659,Zenvr Yellow,M,20
R6660,Jeff Burnett,M,20
R6661,Eva Lopatkin Easton,M,20
R6662,Daniel Evangelista,M,20
R6663,Randall Brink,M,20
R6664,Jason Warner,M,20
R6665,Christian Movick,M,20
R6666,Ricky Banks,M,20
R6667,Robert Ivie,M,20
R6668,Chill,M,20
R6669,PerseverantOne,M,20
R6670,John B,M,20
R6671,CJinFla,M,20
R6672,speppers69,M,20
R6673,Kyoraku Shunsui,M,20
R6674,Le Monsieur Madame,M,20
R6675,KRN,M,20
R6676,Parrish Pilgrim,M,20
R6677,I Meme Therefore I Am ,M,20
R6678,Janie Johnson - America is Exceptional,M,20
R6679,Jim F Smith,M,20
R6680,Rajalakshmi J,M,20
R6681,No party Affilliation,M,20
R6682,Artificial Reality,M,20
R6683,Rhonda,M,20
R6684,ADDLEPATED DSF,M,20
R6685,Notlika Bird - Nocomo Pajaro,M,20
R6686,DavidWillis,M,20
R6687,Ronaldo Nieto Mendes,M,20
R6688,Benjamin Cool Dad Williams,M,20
R6689,Scott C.,M,20
R6690,Bryan Polcyn,M,20
R6691,Thomas R. Smith,M,20
R6692,LiveNOW from FOX,M,20
R6693,Listener,M,20
R6694,Z,M,20
R6695,James Klunk,M,20
R6696,SayClay,M,20
R6697,BETELGEUSE42,M,20
R6698,Fox News,M,20
R6699,  ,M,20
R6700,Brenda Johnson,M,20
R6701,Brandon In TX,M,20
R6702,Bill Hale,M,20
R6703,Real Girls Of Fandom ,M,20
R6704,Sherlock Homes,M,20
R6705,John Wolf III,M,20
R6706,K. A. Law,M,20
R6707,Marco A. Pacheco,M,20
R6708,Ajijic Chico,M,20
R6709,Munsch MaQuichi,M,20
R6710,Ben Owen,M,20
R6711,Jay Munz,M,20
R6712,annlapatka,M,20
R6713,Eve,M,20
R6714,Robert Beene,M,20
R6715,iamdesismom,M,20
R6716,  ,M,20
R6717,Political Jess,M,20
R6718,Starship,M,20
R6719,oceanviewunderground OVU,M,20
R6720,james touchet,M,20
R6721,jazzypips,M,20
R6722,Oli London,M,20
R6723,Rex,M,20
R6724,Jerome Goolsby,M,20
R6725,petah,M,20
R6726,john Mimeault,M,20
R6727,Giant Toad,M,20
R6728,Cookie B. ,M,20
R6729,Ethan Perks,M,20
R6730,Brad Feazell,M,20
R6731,geniey43,M,20
R6732,Tamtha Clark,M,20
R6733,Leon Musk,M,20
R6734,Tee Harrison,M,20
R6735,Messenger  Exile,M,20
R6736,Pharoah Monk,M,20
R6737,CommieChairmanJoe,M,20
R6738,BLOGGERJDR,M,20
R6739,Thats A Bunch of Malarkey,M,20
R6740,Frank Jacks Jr,M,20
R6741,John Ayres,M,20
R6742,Lex Concord,M,20
R6743,TREE THUGGER - R.Volt24,M,20
R6744,DERRYCK S.,M,20
R6745,13 Keys to the White House,M,20
R6746,Chris Patterson,M,20
R6747,Jason Edward,M,20
R6748,BeBetter,M,20
R6749,Matthew Mcphee,M,20
R6750,Tapete Roxo,M,20
R6751,Leah Little Lulu,M,20
R6752,Michael Gracie,M,20
R6753,Rob Johns,M,20
R6754,Donald J. Trump - Parody,M,20
R6755,Rob Baggett,M,20
R6756,RJ Lee MAGA Chinaman,M,20
R6757,Sarah Morissette,M,20
R6758,Funky Beach,M,20
R6759,Mia,M,20
R6760,Canada Free Press,M,20
R6761,Lucius King,M,20
R6762,DJ Flores,M,20
R6763,John Stuart Mill,M,20
R6764,Addison Carter,M,20
R6765,Besesayo Kezo,M,20
R6766,VIKAS THAKUR ,M,20
R6767,absolutely not,M,20
R6768,Lem,M,20
R6769,Goat Mouf Tv,M,20
R6770,doberdog,M,20
R6771,birdyelonmusk is a threat to the world,M,20
R6772,UGA Hater,M,20
R6773,Alex ,M,20
R6774,Citizenpips,M,20
R6775,patricia olesen,M,20
R6776,Blacks 4 Trump ,M,20
R6777,Robert B. Taaffe,M,20
R6778,Praveen Deshmukh,M,20
R6779,Pledge of Allegiance,M,20
R6780,Laura B,M,20
R6781,Teeny reprogel,M,20
R6782,Arelis Baird,M,20
R6783,Injanear,M,20
R6784,Don Benitez Mendez,M,20
R6785,Sia,M,20
R6786,Darryl Crouch,M,20
R6787,Robert Mayer,M,20
R6788,Beachgirl,M,20
R6789,Teresa Robertson,M,20
R6790,Daniel Kampf,M,20
R6791,Donnie Stump....,M,20
R6792,Ravenlynne - Over Educated Woman,M,20
R6793,Eric Ash,M,20
R6794,Love Elon X,M,20
R6795,Xara ,M,20
R6796,Other John,M,20
R6797,Mr. Common Sense Commenter,M,20
R6798,A. D.,M,20
R6799,Jonnie King ,M,20
R6800,John Ford,M,20
R6801,Zoraida Golding,M,20
R6802,jillian,M,20
R6803,Being Libertarian,M,20
R6804,Mahmoud,M,20
R6805,Dan ,M,20
R6806,Judge Mentok the Mindtaker,M,20
R6807,DonkeyKong17,M,20
R6808,Gil P1ckle,M,20
R6809,Blue Chatterer,M,20
R6810,Charles Idelson,M,20
R6811,Bill Wong,M,20
R6812,,M,20
R6813,DadBear,M,20
R6814,Connee Holcomb,M,20
R6815,Globalist Erika,M,20
R6816,Michelle Anne ,M,20
R6817,Mo ,M,20
R6818,Leakhenawatdey OumShetty,M,20
R6819,freedom ..,M,20
R6820,Ms James Bell,M,20
R6821,Gary Gentzel,M,20
R6822,Ravi Ranjan,M,20
R6823,tvp,M,20
R6824,Citizen of Mothership Earth,M,20
R6825,Robert Bass,M,20
R6826,LadyVadar,M,20
R6827,Citizens Journal,M,20
R6828,Ben Olsen,M,20
R6829,mactwo,M,20
R6830,Dennis Pearson,M,20
R6831,Chris Carapezza,M,20
R6832,Did I Piss You Off,M,20
R6833,Hummingbirder ,M,20
R6834,Brad Lathrop,M,20
R6835,TJ Radway ,M,20
R6836,LinDuhLou,M,20
R6837,Elcobar,M,20
R6838,Rose Pedemonte,M,20
R6839,KMiami Tech Week 2025 MiamiTech,M,20
R6840,KDXB2000,M,20
R6841,Maria Bosco,M,20
R6842,Jroflsburg,M,20
R6843,Juls,M,20
R6844,Bobby Mayberry,M,20
R6845,Clenzd,M,20
R6846,Unique breeze,M,20
R6847,Dominic Valentine,M,20
R6848,Destiny and Bruce,M,20
R6849,MenialNikolaTesla,M,20
R6850,Amanda Williams,M,20
R6851,J.R.Franklin,M,20
R6852,Leo,M,20
R6853,DRight,M,20
R6854,Daniel Smith,M,20
R6855,Nancy Merwin,M,20
R6856,Gorgui.,M,20
R6857,Donald Kullander,M,20
R6858,Young Jude,M,20
R6859,HabsAls4Life,M,20
R6860,Dr. Jeremiah Emmanuel,M,20
R6861,Paul Templeton,M,20
R6862,Lets-go-brandon,M,20
R6863,Sharon Smith,M,20
R6864,Mr Commonsense,M,20
R6865,Parthiv Patel,M,20
R6866,Jason Womack,M,20
R6867,Kaneda,M,20
R6868,FOX Baltimore,M,20
R6869,David Rogers,M,20
R6870,Danny Adams - @Madwriter1970@vmst.io,M,20
R6871,Dr. RawheaD @ eodus,M,20
R6872,EveryDay Jay,M,20
R6873,Accipiter striatus,M,20
R6874,vanillamasterblaster,M,20
R6875,Forever Free,M,20
R6876,Crypto Town Hall,M,20
R6877,Mario Nawfals Roundtable,M,20
R6878,IBC Group Official,M,20
R6879,SWEET TEEs,M,20
R6880,bermentions,M,20
R6881,RC1140,M,20
R6882,Q Revere,M,20
R6883,James Henderson,M,20
R6884,WTF Just Happened Today,M,20
R6885,aka,M,20
R6886,Professional Zoomer ,M,20
R6887,Armyguy1966,M,20
R6888,The Editorial Board,M,20
R6889,Adventures of Sec. Mayor Pete ,M,20
R6890,Joe ,M,20
R6891,LeRoy  ,M,20
R6892,abu,M,20
R6893,Ann409,M,20
R6894,Resist the Mainstream,M,20
R6895,Metra101,M,20
R6896,justin,M,20
R6897,Low-Maine,M,20
R6898,,M,20
R6899,TrumpGirlOnFire ,M,20
R6900,teja,M,20
R6901,Lily Moon,M,20
R6902,GoldenGoat  ,M,20
R6903,Dennis Lee Morgan Jr,M,20
R6904,OurStory,M,20
R6905,Ferrousoxide,M,20
R6906,CCC for America  FAFO,M,20
R6907,ANGUS4277,M,20
R6908,Pop Culture Political Junkie He/Him ,M,20
R6909,Dr Arizona Robbins,M,20
R6910,TheJLPodcast,M,20
R6911,Carlos2112  ,M,20
R6912,Corby Zone,M,20
R6913,Ben Robson,M,20
R6914,Adam Tondowsky,M,20
R6915,william lee,M,20
R6916,QuillVoice,M,20
R6917,Mo,M,20
R6918,Brian Masck,M,20
R6919,Tony Tee,M,20
R6920,Wild Rose,M,20
R6921,PeabodyPK,M,20
R6922,Aly Spy,M,20
R6923,Ahmad M Khalil ,M,20
R6924,Janet,M,20
R6925,mason chicoski,M,20
R6926,@R I P,M,20
R6927,Heather Tomlinson,M,20
R6928,Mike Simpson,M,20
R6929,William Bonnema,M,20
R6930,Cindy Haun,M,20
R6931,nateDaOG44,M,20
R6932,Mic-Ha-El,M,20
R6933,Shivam Mishr,M,20
R6934,Aubrey Haynes,M,20
R6935,PADiva,M,20
R6936,Michelle Kuhs,M,20
R6937,The Ends Justify The Memes,M,20
R6938,Chris Carr,M,20
R6939,Cold Cream n Roses,M,20
R6940,"Sandy Scaffetta Johnson, PhD",M,20
R6941,BohemianMama,M,20
R6942,Hector Of Troy,M,20
R6943,judith mitchell,M,20
R6944,Hap,M,20
R6945,GigiKellie,M,20
R6946,Jaques Petit,M,20
R6947,Gr33nSeven,M,20
R6948,Jorge Enrique,M,20
R6949,Daniel Di Simoni,M,20
R6950,Juan De Dios,M,20
R6951,Cindystacy88@gmail.com,M,20
R6952,The Gnomes,M,20
R6953,Diana,M,20
R6954,Ash ,M,20
R6955,Aceman2024,M,20
R6956,jason shin,M,20
R6957,Randy,M,20
R6958,Mosesparrot,M,20
R6959,G Holliday,M,20
R6960,Andrea Joseph,M,20
R6961,Tim Butler,M,20
R6962,TheBatman,M,20
R6963,LinJam,M,20
R6964,Bull Moose,M,20
R6965,PatrickMP62,M,20
R6966,russellb,M,20
R6967,Sean Anomaly,M,20
R6968,Darkbluexanadu,M,20
R6969,Dr. Midnight Lonevoice,M,20
R6970,Uniquely Wild ,M,20
R6971,Otome-chan,M,20
R6972,Vicky,M,20
R6973,Emily Mills,M,20
R6974,Bens The Best,M,20
R6975,JulietteSchwartz,M,20
R6976,BIGREDWAVE,M,20
R6977,UN,M,20
R6978,Blackie,M,20
R6979,John Painer,M,20
R6980,ZASSHU,M,20
R6981,John F. KentuckyFriedChicken,M,20
R6982,Judy K,M,20
R6983,Hanley Harrod,M,20
R6984,RocknRollRabbi,M,20
R6985,Verum,M,20
R6986,Old Glory,M,20
R6987,vinny ,M,20
R6988,JPB,M,20
R6989,Robert HowarthMoh,M,20
R6990,         ,M,20
R6991,The Kross Says,M,20
R6992,Contra Declinationem,M,20
R6993,"Yes you are correct, but",M,20
R6994,DJHallCunningham,M,20
R6995,Alex Hernandez-Santiago,M,20
R6996,PFC Justin Wittmer-Mikesell,M,20
R6997,Just Here for News ,M,20
R6998,Texas Swamp Yankee ,M,20
R6999,Dylan,M,20
R7000,WendyGirl ,M,20
R7001,Richie of North Florida,M,20
R7002,David Green ,M,20
R7003,I Support Ron DeSantis,M,20
R7004,I Stand With South Carolina,M,20
R7005,LucyAmped,M,20
R7006,Rugar,M,20
R7007,Colin Stitt,M,20
R7008,Zak,M,20
R7009,Elia Augusta Magnus,M,20
R7010,CurtisLHudson21,M,20
R7011,Dalton M,M,20
R7012,Greg Cunningham,M,20
R7013,Zoey,M,20
R7014,David O,M,20
R7015,Rich T Fact Checker,M,20
R7016,VOTE 2020,M,20
R7017,maria e. angeles,M,20
R7018,Spirit of My Ancestors,M,20
R7019,Evyn Kennyth,M,20
R7020,The Vigilant Fox ,M,20
R7021,JustSomeThoughts,M,20
R7022,Jackie Chea ,M,20
R7023,Gritty is the Way,M,20
R7024,The Burgs,M,20
R7025,Coinsavvy,M,20
R7026,LifeQuaMan.org jongalt,M,20
R7027,Piquerish,M,20
R7028,Spotter,M,20
R7029,Americanmystic,M,20
R7030,Swastik Briben,M,20
R7031,Deborah Gibson,M,20
R7032,CoinsNewsDesk,M,20
R7033,Damian,M,20
R7034,Betty Keller,M,20
R7035,George,M,20
R7036,Burt Paisios Cedar,M,20
R7037,Not Napoleon Solo,M,20
R7038,george ferris,M,20
R7039,Hector Andrades,M,20
R7040,Terry Sater,M,20
R7041,Richard Kohl,M,20
R7042,Lesnic,M,20
R7043,Robert Henderson,M,20
R7044,Aries,M,20
R7045,Howie Klein,M,20
R7046,Luke Allan The GOP is full of.,M,20
R7047,Jacob Vega,M,20
R7048,Gillian Landsberger,M,20
R7049,MitoMagic,M,20
R7050,Paula Duvall,M,20
R7051,Klampshare,M,20
R7052,Tibor,M,20
R7053,Glenn Jacobs,M,20
R7054,Marsha Blackburn,M,20
R7055,LadyVan,M,20
R7056,Roger Reed.sr,M,20
R7057,Casual Observer,M,20
R7058, Gemini  Gem ,M,20
R7059,Natalie ,M,20
R7060,Kikuchiyo,M,20
R7061,Sir MAGA Leftistbane first of his name,M,20
R7062,the silverback,M,20
R7063,Spartan0124,M,20
R7064,Caruso Taft,M,20
R7065,Garren Thompson,M,20
R7066,Tonys Girl 1966,M,20
R7067,Human,M,20
R7068,Defend the Guard MT,M,20
R7069,Al Wasser,M,20
R7070, TechForcePros Capital ,M,20
R7071,HD1,M,20
R7072,No Word Salad,M,20
R7073,Drex,M,20
R7074,Illinois girl Desi,M,20
R7075,Dr Robertlee ,M,20
R7076,LoAnne Meyer,M,20
R7077,Vivek Ramaswamy Parody,M,20
R7078,Suebee Like the Honey,M,20
R7079,GetAbsorbed,M,20
R7080,Peter Givenbless,M,20
R7081,IFNM,M,20
R7082,GQ4U,M,20
R7083,Keith Bradberry,M,20
R7084,The Lincoln Republican,M,20
R7085,Bradicoin,M,20
R7086,Appalachia ,M,20
R7087,Ish,M,20
R7088,Worm,M,20
R7089,The Whoopti FrikinDoDa Tariff - Boo-Frickin Who,M,20
R7090,Anastasia Hyde,M,20
R7091,Tom Mulchy,M,20
R7092,stoneyman1,M,20
R7093,FREDDIE S. MARTIN,M,20
R7094,Burkysmirky,M,20
R7095,,M,20
R7096,Mike Spainhour,M,20
R7097,Rocket,M,20
R7098,Mjveveiros,M,20
R7099,Mark Griffiths,M,20
R7100,Least Understood Hater,M,20
R7101,Nancy Warner,M,20
R7102,Dr. Smith,M,20
R7103,Ninus,M,20
R7104,MHopes,M,20
R7105,Gabor Ujvari,M,20
R7106,Ryan Langley,M,20
R7107,GirlHenryRollins OGKHive,M,20
R7108,Raging Fire 41,M,20
R7109,WiseChristianChannel,M,20
R7110,IR,M,20
R7111,Eric M Blake RestoreTheSnyderverseCreatorCulture,M,20
R7112,John W,M,20
R7113,Justice for All,M,20
R7114,Pink Guy,M,20
R7115,Jeffrey Thomas,M,20
R7116,FreedomFrontier,M,20
R7117,3DaysofCondor,M,20
R7118,Victoria,M,20
R7119,KING OF POLLS ,M,20
R7120,Green Bubble Boy,M,20
R7121,Dan Hill,M,20
R7122,wwj745,M,20
R7123,Sabrina Barlow,M,20
R7124,Caroline for Make America Healthy Again,M,20
R7125,Just Be ,M,20
R7126,Red Mosquito ,M,20
R7127,Don Roberto,M,20
R7128,Daniela Collins,M,20
R7129,Ty Buchanan,M,20
R7130,Debra,M,20
R7131,socialistzombie,M,20
R7132,StaciFL,M,20
R7133,DFD,M,20
R7134,Earthy,M,20
R7135,Susan Glasser,M,20
R7136,Rachel Knapp,M,20
R7137,WiseDiva,M,20
R7138,Jean P. Salib Rivera ,M,20
R7139,Proud America,M,20
R7140,K T Cat,M,20
R7141,Teresa Sloca,M,20
R7142,Saggy Weenus,M,20
R7143,S-3,M,20
R7144,arthur g. laugand,M,20
R7145,Crowdsourced News,M,20
R7146,Lyn Meredith,M,20
R7147,Gen-X Digital Soldier,M,20
R7148,TaraBull,M,20
R7149,pete gauthier,M,20
R7150,Day,M,20
R7151,Weird Mountain Man,M,20
R7152,Inpire Life,M,20
R7153,BIGAL,M,20
R7154,Carroll M ,M,20
R7155,LilShadow,M,20
R7156,Dr. Bhaskar ,M,20
R7157,Zina Wilson,M,20
R7158,Savaged,M,20
R7159,SLB51965,M,20
R7160,Patriot -Luke Duke,M,20
R7161,HIEN Nguyen,M,20
R7162,Mr Positive ,M,20
R7163,44Flower,M,20
R7164,Margaret Valdez,M,20
R7165,Joan Goin,M,20
R7166,Dmizzy,M,20
R7167,NitrisOxd ,M,20
R7168,I am Tyler Durdens Frontal Lobe,M,20
R7169,Jerod Patterson,M,20
R7170,Betty Gray,M,20
R7171,Karen Wright,M,20
R7172,AZRon ,M,20
R7173,Publius PR,M,20
R7174,Albin,M,20
R7175,RealTimBlack,M,20
R7176,Nathan :,M,20
R7177,kozmik,M,20
R7178,Oleg Designs,M,20
R7179,Ricky.....,M,20
R7180,Mr. Christopher,M,20
R7181,SkylordAwesome,M,20
R7182,Fly Sistah ,M,20
R7183,OutKick,M,20
R7184,shean elem,M,20
R7185,William M Kornblum,M,20
R7186,SmythRadio,M,20
R7187,Melik Abdul,M,20
R7188,Ranjan Nanjappa ,M,20
R7189,The Patriot Brief,M,20
R7190,Cadmus 3,M,20
R7191,ShannonSophia ,M,20
R7192,Josh Lewan,M,20
R7193,Nullzip,M,20
R7194,Dallas Dingle,M,20
R7195,MAGA Milfs,M,20
R7196,The Constitutional Canadian ,M,20
R7197,MJTruthUltra,M,20
R7198,Super Duper,M,20
R7199,E. Debnam,M,20
R7200,Joe Bizzarro,M,20
R7201,John Fabbricatore,M,20
R7202,"Harold K. Texas Born, Patriot/Survivalist",M,20
R7203,Ktime,M,20
R7204,Innocent Lady Who Djokovic Hit In The Throat,M,20
R7205,Crypto Spot,M,20
R7206,David Anto  Text TRUMP to 88022,M,20
R7207,awakened.beauty,M,20
R7208,MartyParty,M,20
R7209,Suzie1922,M,20
R7210,Default Setting,M,20
R7211,GoTSUSpendedbyElyon3.0,M,20
R7212,Himashree Bhattacharjee,M,20
R7213,ConservativeJosh231,M,20
R7214,johnbaptist,M,20
R7215,Tybolt333,M,20
R7216,Dr. Joseph Ford Cotto,M,20
R7217,NafoWrangler,M,20
R7218,Richard567876,M,20
R7219,Sam Reece,M,20
R7220,Anka,M,20
R7221,dravida sishu,M,20
R7222,777IS666,M,20
R7223,Beckie Wilson,M,20
R7224,Thomas Sayre,M,20
R7225,Sid Lockman,M,20
R7226,Kerry ,M,20
R7227,YOURWORTHLESS27,M,20
R7228,ABC 7 Amarillo,M,20
R7229,Erich M. Schwarz,M,20
R7230,Patrick Webb,M,20
R7231,Lemus,M,20
R7232,Notemax,M,20
R7233,Linda Howard,M,20
R7234,Epstein Did Not Kill Himself,M,20
R7235,DVBC,M,20
R7236,Bernie Thompson,M,20
R7237,soonerivlife,M,20
R7238,Libertarian Maverick  ,M,20
R7239,Joyce Ruggerio,M,20
R7240,Joy Bruce,M,20
R7241,Brad M.D.,M,20
R7242,Vincent A.,M,20
R7243,lazlo tooth,M,20
R7244,Paul The Apostle Parody,M,20
R7245,Leading Report,M,20
R7246,Richard Crocker,M,20
R7247,Graf von Zippilen Correct Commentary,M,20
R7248,TW Vogt,M,20
R7249,like it is,M,20
R7250,Torchiest  e/acc,M,20
R7251,hemorrmoids,M,20
R7252,Shindar Kumar,M,20
R7253,Dana,M,20
R7254,American Pa3ot ,M,20
R7255,theshiningpath ,M,20
R7256,TomSpace,M,20
R7257,Franklin Cox,M,20
R7258,FBAJustice,M,20
R7259,Mrs. Levi ATen Thunderbolt II,M,20
R7260,"Eva Chipiuk, BSc, LLB, LLM",M,20
R7261,Chuck,M,20
R7262,Faiz,M,20
R7263,The French Connection,M,20
R7264,Mary Maas,M,20
R7265,WATDC,M,20
R7266,IndyKev I,M,20
R7267,tdypcoeur6,M,20
R7268,Constantin Purcaru,M,20
R7269,InnovativeDunce,M,20
R7270,Ted Freddy,M,20
R7271,IMPEACHdotardNOW,M,20
R7272,Nate Welton,M,20
R7273,Charles Brown,M,20
R7274,Devin Nunes Cattle Dog  ,M,20
R7275,Fred von Gortler,M,20
R7276,Carolyn Jackson,M,20
R7277,Mojave Red,M,20
R7278,NeverGiveUpYourDream.US,M,20
R7279,Ashis Basu  ashis.bluesky.social,M,20
R7280,Ibrahim Tanner,M,20
R7281,James Wyndham,M,20
R7282,MidnitePickle,M,20
R7283,Jennifer Sample,M,20
R7284,FOMC Alerts,M,20
R7285,Nitin Swaroop,M,20
R7286,@BobReuter4,M,20
R7287,synon,M,20
R7288,Steve Gorz,M,20
R7289,Malcolm1234567,M,20
R7290,eagle eye,M,20
R7291,Howard Stern ,M,20
R7292,Ken Gardner,M,20
R7293,Icarus,M,20
R7294,Mike Martin,M,20
R7295,Doris Wood,M,20
R7296,Krazy Manuel,M,20
R7297,Norman Doering,M,20
R7298,J p.,M,20
R7299,Jean Habdank,M,20
R7300,Truth-Seeker,M,20
R7301,Lana,M,20
R7302,FightForFreedom,M,20
R7303,Donna Terhune,M,20
R7304,SantaFeMockingjay,M,20
R7305,Sharrlize,M,20
R7306,II,M,20
R7307,John Jolivette,M,20
R7308,TX Sasquatch,M,20
R7309,K. Lux,M,20
R7310,JORRIT.,M,20
R7311,ELON ALERTS,M,20
R7312,EastDallasAlice,M,20
R7313, Queen Katerina ,M,20
R7314,julian chwang,M,20
R7315,American Patriot,M,20
R7316,Patriotic Homesteader,M,20
R7317,Frances Driggers,M,20
R7318,Lillian Lucash,M,20
R7319,Sharon Rogers,M,20
R7320,Barbara Hendrick,M,20
R7321,Nick,M,20
R7322,ChiefsFriend,M,20
R7323,Truth Seeker ,M,20
R7324,Deep Blue DMV DCMdVa,M,20
R7325,cmarin,M,20
R7326,CornPop,M,20
R7327,Deborah Austin,M,20
R7328,UfoGuy SpaceMan,M,20
R7329,T.G. Teddy Pierce - The Dethrone Davos Guy,M,20
R7330,Nacho Momma ,M,20
R7331,JT Springston The Professor,M,20
R7332,Luke McCool,M,20
R7333,Dale Phillips,M,20
R7334,Southern Sweeter,M,20
R7335,Gabe Fleisher,M,20
R7336,Charlotte,M,20
R7337,Welund,M,20
R7338,Jimwalter789@gmail.com,M,20
R7339,Not your crazy aunt.,M,20
R7340, Reverend Deadpool ,M,20
R7341,Ian Miles Cheong,M,20
R7342,Sy Snyder,M,20
R7343,Debi Calvet,M,20
R7344,Joost Niemoller,M,20
R7345,Dover Emeth HATES CLICKBAIT HEADLINES,M,20
R7346,Neo,M,20
R7347,jackwindsor,M,20
R7348,Vicente,M,20
R7349,Mimi,M,20
R7350,MONSTER1950,M,20
R7351,Crow Magna,M,20
R7352,Satu Svahn,M,20
R7353,Prenom Nom,M,20
R7354,Stephen McElroy,M,20
R7355,Elongated Muskrat,M,20
R7356,"Bobby P Manzini, M.D",M,20
R7357,The TEA,M,20
R7358,Joe Heatly,M,20
R7359,robert k,M,20
R7360,CourtneyLConover,M,20
R7361,Ase,M,20
R7362,Joeys Cleaning Lady,M,20
R7363,Canadian Republic ,M,20
R7364,Mikey,M,20
R7365,Sunny Ritchie ,M,20
R7366,Travis Ogle,M,20
R7367,Hugh Hopner,M,20
R7368,Designs By LisaMarie,M,20
R7369,Mary Morrison,M,20
R7370,SportsFanatic,M,20
R7371,LifeSiteNews,M,20
R7372,McFishFilet,M,20
R7373,MrReeKilla,M,20
R7374,Gadea,M,20
R7375,The Fax Machina,M,20
R7376,Holden Culotta,M,20
R7377,DannnoRPFs,M,20
R7378,Overton,M,20
R7379,redroses,M,20
R7380,kamini.rupani Modi ji Ka Parivar,M,20
R7381,"BrainTrustBabe, Esq. ",M,20
R7382,Digger310,M,20
R7383,Mike Hamm,M,20
R7384,Lindsay,M,20
R7385,Sauce,M,20
R7386,    ,M,20
R7387,Dennis Saffran,M,20
R7388,Sean Pultz,M,20
R7389,Sam Clench,M,20
R7390,B,M,20
R7391,John Wakefield,M,20
R7392,Evan Franois,M,20
R7393,JusticeWarrior77,M,20
R7394,Wakatoya,M,20
R7395,TheLibertarianAlchemist,M,20
R7396,magwelltheungovernable,M,20
R7397,BHMA,M,20
R7398,Ray Joy,M,20
R7399,ThePsychic Guild,M,20
R7400,Laura Norder,M,20
R7401,Ian Mccloy,M,20
R7402,GMarie T,M,20
R7403,Mere Commoner,M,20
R7404,Rory,M,20
R7405,montiboy113,M,20
R7406,Bret Smith,M,20
R7407,Pasquinal,M,20
R7408,KingTigR-II,M,20
R7409,Buchanan Gunchero The First,M,20
R7410,Leslie-,M,20
R7411,marky lynn quayle,M,20
R7412,judyp2530,M,20
R7413,Daniel Meier  MAGA/MAHA,M,20
R7414,Marezdotes,M,20
R7415,Rose Morgan,M,20
R7416,"Manda Gershon, Alaska Whisperer",M,20
R7417,Reformed 7,M,20
R7418,dog and a hotdog,M,20
R7419,fox8news,M,20
R7420,Donna Lee Farmer,M,20
R7421,TSG,M,20
R7422,Frankie Crisostomo,M,20
R7423,MVS Cryp ,M,20
R7424,Gas Station Boner Pill Nationalism,M,20
R7425,Roberto ,M,20
R7426,Alconox ,M,20
R7427,MKM,M,20
R7428,CAROL,M,20
R7429,William Donald,M,20
R7430,Lisa de Brito,M,20
R7431,Julie Christian,M,20
R7432,Sawyer Brittain,M,20
R7433,Rebel Yell,M,20
R7434,terri vaillancourt,M,20
R7435,Trumpusa1,M,20
R7436,MJ,M,20
R7437,Boyd Linhart,M,20
R7438,Becky,M,20
R7439,John Paul Jones,M,20
R7440,"Barry Sandrew, Ph.D.",M,20
R7441,Sheila Shook,M,20
R7442,Patriot 4547 ,M,20
R7443, B.J McLeods Strongest Solider,M,20
R7444,Lloyd MacKay,M,20
R7445,The One ,M,20
R7446,Morgan Fairchild,M,20
R7447,CT,M,20
R7448,Marcey Stevens,M,20
R7449,Anne Garrett,M,20
R7450,Z The Boxing Cat,M,20
R7451,David Wood,M,20
R7452,Walter Schmidt,M,20
R7453,BATIJNKIN,M,20
R7454,Chad McGovern,M,20
R7455,FaraDay,M,20
R7456,Emory M,M,20
R7457,Greg Kustanovich ,M,20
R7458,Liberty Lover,M,20
R7459,Thomas Richardson,M,20
R7460,God Bless America,M,20
R7461,4America,M,20
R7462,WE THE PEOPLE,M,20
R7463,Artificial Intelligence ,M,20
R7464,Tricia,M,20
R7465,Mariah,M,20
R7466,Conservative Injustice Reporting,M,20
R7467,,M,20
R7468,Wes Erickson,M,20
R7469,AAPolitics,M,20
R7470,Ann Bissett-Strahl,M,20
R7471,Grazyna Hyde,M,20
R7472,Tom Aiello,M,20
R7473,John Larson,M,20
R7474,9ja Breed,M,20
R7475,Happy,M,20
R7476,Dr. Kenneth Warner,M,20
R7477,Yes I Am A Hedgehog,M,20
R7478,Patrick K Martin,M,20
R7479,Johnny Chou,M,20
R7480,Farrell Ross I FOLLOW BACK,M,20
R7481,EmbeeOAmerican,M,20
R7482,Crux,M,20
R7483,L. Wayne Mathison,M,20
R7484,Rafael042130,M,20
R7485,Jonathan Sims,M,20
R7486,V for Vote,M,20
R7487,Merit Street,M,20
R7488,edmcclung,M,20
R7489,adarivskp,M,20
R7490,80 degrees..,M,20
R7491,Estelle256,M,20
R7492,Crypto Trader Pro ,M,20
R7493,Tasha Blake ,M,20
R7494,RAUSHAN KUMAR,M,20
R7495,William of Ockham,M,20
R7496,Andrew Lawrence,M,20
R7497,Adam Hommey,M,20
R7498,Matt Smith,M,20
R7499,grand marquese,M,20
R7500,lawana gilbert- ,M,20
R7501,Herr Vogele,M,20
R7502,Danilo,M,20
R7503,Norman Bell,M,20
R7504,juanlove,M,20
R7505,Angela Myers,M,20
R7506,Marty Creasman Forrest,M,20
R7507,TwyztydMynd - I say things you may not like.,M,20
R7508,Rob Vendetti,M,20
R7509,Stephanie Priolo ,M,20
R7510,Y,M,20
R7511,Darlene,M,20
R7512,DeiNaeght,M,20
R7513,MyBud,M,20
R7514,Blank e/acc,M,20
R7515,Satyanveshi Hindu in search of Truth,M,20
R7516,Bob k Morrison,M,20
R7517,Timothy Cook,M,20
R7518,Henry Frattaroli,M,20
R7519,Marvin E. Adams,M,20
R7520,Author UpROAR,M,20
R7521,Lance atman,M,20
R7522,Liam Bean,M,20
R7523,Kalpesh Makwana,M,20
R7524,Mikayla,M,20
R7525,James Stanbrough,M,20
R7526,BrightOcular,M,20
R7527,2VNews,M,20
R7528,Raine Musgi,M,20
R7529,Allen Mendenhall,M,20
R7530,Leah Smith,M,20
R7531,Donna Nanar,M,20
R7532,Praying Patriot,M,20
R7533,"HEY-EY-EY-EY HEY-EY-EY-EY Lets Go, Buffalo",M,20
R7534,Bo,M,20
R7535,Rex Novenario,M,20
R7536,xlmi XL,M,20
R7537,Dexter Barbay,M,20
R7538,Nick Reeves RejoinEU NAFO FBPE,M,20
R7539,Teddy Schleifer,M,20
R7540, Marc Poirier ,M,20
R7541,8th Grade Graduate,M,20
R7542,Zero ,M,20
R7543,pensaresgratis,M,20
R7544,Santi Patrick Pierini Rees ypantzNdatbi,M,20
R7545,Raven Lightyear Flirty Rebel,M,20
R7546,Vikrant Perumal,M,20
R7547,StayStrongHealthy,M,20
R7548,A Sovereign Btch,M,20
R7549,I am an Outlaw,M,20
R7550,MoMash67,M,20
R7551,Tonyum Pentathol,M,20
R7552,Cate Coupal,M,20
R7553,VTOLHussar ,M,20
R7554,ITS A MYSTERY007 REMOVE ALL SANCTUARY CITIES,M,20
R7555,Deepshikha,M,20
R7556,GKiel,M,20
R7557,pattie wagner,M,20
R7558,Chet,M,20
R7559,Raymond Park,M,20
R7560,Heavy Rain,M,20
R7561,OptimisticCynic,M,20
R7562,FierceToast   ,M,20
R7563,Bengalexpress,M,20
R7564,David Lester Straight,M,20
R7565,IAmHere,M,20
R7566,James Reichert,M,20
R7567,Jack,M,20
R7568,Political Election Projections,M,20
R7569,The Conservative Alternative,M,20
R7570,Crypto Brothers,M,20
R7571,Clay,M,20
R7572,Bitcoin.com Noticias,M,20
R7573,Bitcoin.com Actualits,M,20
R7574,Bitcoin.com Notizie,M,20
R7575,Bitcoin.com Nachrichten,M,20
R7576,Bill Zimmer,M,20
R7577,apeena,M,20
R7578,Gary D,M,20
R7579,John Morgan,M,20
R7580,Daily Dose Media,M,20
R7581,Tom C,M,20
R7582,Akwosiwjaiwnsiwnlana J,M,20
R7583,Stewart Dixon,M,20
R7584,Bony Bean,M,20
R7585,Bitcoin.com News,M,20
R7586,vladtv,M,20
R7587,DJ Vlad,M,20
R7588,AmberIsMe,M,20
R7589,India West,M,20
R7590,Porus Kateli,M,20
R7591,Juan Soto,M,20
R7592,peaceful heart,M,20
R7593,Sassitude,M,20
R7594,CD,M,20
R7595,Mike Yingling,M,20
R7596,MagaTXVet,M,20
R7597,DomPachino101,M,20
R7598,Dirty Work Boots,M,20
R7599,Yao,M,20
R7600,kenmurrayx4.bsky.social,M,20
R7601,Silas,M,20
R7602,Ryan V,M,20
R7603,Ronald Slater,M,20
R7604,BRANDEV22,M,20
R7605,joecoolinokc,M,20
R7606,jnthoyt,M,20
R7607,Edison Thrustwell,M,20
R7608,WhereAreYouUSA,M,20
R7609,Michele Russo,M,20
R7610,Williams,M,20
R7611,Tori W,M,20
R7612,Robin Baxter,M,20
R7613,James Pickett ,M,20
R7614,EmEkah,M,20
R7615,jewishcliter2001,M,20
R7616,Andrea,M,20
R7617,SavageLowes,M,20
R7618,FloridaStateBoy,M,20
R7619,deathstar11,M,20
R7620,Robin Nichols Miller,M,20
R7621,Anthony F. Benfatti,M,20
R7622,C DEM,M,20
R7623,Evelyn Brennan,M,20
R7624,Megalo 777,M,20
R7625,OldGuyNotStupid,M,20
R7626,Zebert Brown,M,20
R7627,Monamo GAME,M,20
R7628,Irishbandit ,M,20
R7629,Ron Stephens,M,20
R7630,"Red, Wah  Blue",M,20
R7631,Eric J. Tomaskovic,M,20
R7632,James Skinner,M,20
R7633,Billycat,M,20
R7634,Augustana1530-Job 19:25-27,M,20
R7635,PollyPancake,M,20
R7636,Surge Coffee,M,20
R7637,Johnny,M,20
R7638,Amanda,M,20
R7639,Ruth,M,20
R7640,AJ Huber,M,20
R7641,Ronnie Smith,M,20
R7642,Thomas St James,M,20
R7643, ,M,20
R7644,Dave Dave,M,20
R7645,wmungadi@yahoo com,M,20
R7646,Kajtimir Vojsk,M,20
R7647,Brick Suit,M,20
R7648,Al Janko,M,20
R7649,Charlie Ward,M,20
R7650,Ronnie Granger,M,20
R7651,Chet Meiners,M,20
R7652,Jason Dudley,M,20
R7653,Roy Glover,M,20
R7654,Gabriella ,M,20
R7655,Robert A. Goodrich V.,M,20
R7656,The Scoop,M,20
R7657,WakeUpAmerica,M,20
R7658,Bev G,M,20
R7659,Sandra L. Brown,M,20
R7660,JDPoole,M,20
R7661,Jadedbutnotfaded,M,20
R7662,Sampath Kumar,M,20
R7663,Scott Smialkowski,M,20
R7664,Darlyn215,M,20
R7665,Dawn Abbs,M,20
R7666,jay alle 7,M,20
R7667,Mindful  Investor,M,20
R7668,Cornelius Duncan,M,20
R7669,Thomas,M,20
R7670,brandybgood,M,20
R7671,Millard Fillmore White House Library,M,20
R7672,Summer Johnson,M,20
R7673,cgedg,M,20
R7674,J Man,M,20
R7675,Words2Swords ,M,20
R7676,OhMercieIsMe,M,20
R7677,See You On The Flip Side,M,20
R7678,Chaz Bartiromo,M,20
R7679,@1RonnieD,M,20
R7680,Minnette Kryszyn,M,20
R7681,Lilia V. Lopez,M,20
R7682,slpdee58,M,20
R7683,lisette,M,20
R7684,American Crusader ,M,20
R7685,AmericanPatriot2,M,20
R7686,mdh,M,20
R7687,Cecil Combs,M,20
R7688,Diana Nunez,M,20
R7689,JAC,M,20
R7690,RICHARD E DOOLITTLE,M,20
R7691,Le Litzen,M,20
R7692,PillowTalker,M,20
R7693,Phillip Smith,M,20
R7694,Global Nomad,M,20
R7695,Martha Price,M,20
R7696,Terry Foster,M,20
R7697,Lanny Saturday,M,20
R7698,Melinda McAllister,M,20
R7699,Batmanthe8,M,20
R7700,Eric Baker ,M,20
R7701,Creeds Cannon ,M,20
R7702,Ethan,M,20
R7703,Uncle Bucky,M,20
R7704,stealth,M,20
R7705,Julie Quest,M,20
R7706,AndieIona,M,20
R7707,Jason skeesick,M,20
R7708,Kim Carrico-Stephens ,M,20
R7709,Mister Sir,M,20
R7710,Tsippor,M,20
R7711,Rick Lamberth,M,20
R7712,sidswa,M,20
R7713,"Lets Talk, 98.7 FM The Fox",M,20
R7714,Bena 4pattes,M,20
R7715,MORFeus CHOZEn,M,20
R7716,OldLefty,M,20
R7717,Brian Leviblaugoldbergowitz,M,20
R7718,k ,M,20
R7719,Howard Stallings,M,20
R7720,Florida Issues,M,20
R7721,Chris ,M,20
R7722,Based MAGA Wizard,M,20
R7723,Mari McAleen,M,20
R7724,,M,20
R7725,Sapient Hominid,M,20
R7726, ,M,20
R7727,"Rodge Trump fan,",M,20
R7728,Lisabeth DonIey ,M,20
R7729,.   ,M,20
R7730,SandyBeach,M,20
R7731,Tess  ,M,20
R7732,"Mitch McEachern,     ",M,20
R7733,Kajun Princess,M,20
R7734,Das Kind Der Jungfrau,M,20
R7735,Dave the Patriot ,M,20
R7736,Yadira Vargas Tirado,M,20
R7737,Axel Humble,M,20
R7738,Grant,M,20
R7739,Kate,M,20
R7740,Jagadeesh,M,20
R7741,B Cng Anh,M,20
R7742,One Land,M,20
R7743,Akhilesh Yadav,M,20
R7744,TLilly,M,20
R7745,Alyssa ,M,20
R7746,lsetts,M,20
R7747,Hamza,M,20
R7748,Kipp,M,20
R7749,PJ Paul,M,20
R7750,SARCASSUS THE IMPALER,M,20
R7751,Defiant Ls,M,20
R7752,Brian Smith,M,20
R7753,Soham ,M,20
R7754,Joe,M,20
R7755,Tarbei Junior.,M,20
R7756,mary anne ,M,20
R7757,Vanessa Saylor ,M,20
R7758,john martin,M,20
R7759,Dipen Modi,M,20
R7760,Kari,M,20
R7761,jazzy jeff ,M,20
R7762,Stephanie Peace ,M,20
R7763,Ungovernable,M,20
R7764,Brenda Lindner,M,20
R7765,SiriusOne,M,20
R7766,Eugene Theobald,M,20
R7767,Kois4120,M,20
R7768,Dr. Kenon,M,20
R7769,marcus aurilius,M,20
R7770,Samvadam,M,20
R7771,Free Market Democrat,M,20
R7772,Zach,M,20
R7773,TheDadMartigan,M,20
R7774,GogginsRevived,M,20
R7775,Sanatani NRI,M,20
R7776,DMac,M,20
R7777,Pamela Dolinger,M,20
R7778,Lewis Walker,M,20
R7779,Jesse R,M,20
R7780,John Solomon,M,20
R7781,The Questionable Gardner,M,20
R7782,Amma Say,M,20
R7783,Pastor Bob Joyce-Household Of Faith,M,20
R7784,Ethan Thompson,M,20
R7785,KP Gordon,M,20
R7786,B ron,M,20
R7787,HighMind,M,20
R7788,Monika Schander,M,20
R7789,robb,M,20
R7790,mercime,M,20
R7791,Pretty Good,M,20
R7792,"GRACE, PEACE  MERCY",M,20
R7793,Helene Germany,M,20
R7794,CatsAndCoffee,M,20
R7795,Lambda Rick /acc,M,20
R7796,TammyWood,M,20
R7797,Marlene Lane,M,20
R7798,Zorak,M,20
R7799,CuriousCookie,M,20
R7800,MikeP,M,20
R7801,,M,20
R7802,Not Gay nor Black,M,20
R7803,Albert ,M,20
R7804,Toolman,M,20
R7805,Oliverzxavier,M,20
R7806,Janine,M,20
R7807,Bridgette A.Browning,M,20
R7808,Jinglai He ,M,20
R7809,Mary Ward,M,20
R7810,daily netizen,M,20
R7811,Lionessoftruth,M,20
R7812,Carol Rufino,M,20
R7813,Technosmith,M,20
R7814,The State Press,M,20
R7815,Texas Rose,M,20
R7816,Sharon Rediker,M,20
R7817,ALC Trades,M,20
R7818,John Hyry,M,20
R7819,michael stonks,M,20
R7820,Kelly Mallard,M,20
R7821,USA Strong ,M,20
R7822,Espeegi,M,20
R7823,Kelly,M,20
R7824,Derinda Werden,M,20
R7825,Mark the Spark,M,20
R7826,Stankonia Capital MAGA ,M,20
R7827,K.D,M,20
R7828,Trevs Tweets RN  MCFC ,M,20
R7829,Peter Rabbit,M,20
R7830,Suzanne Lee,M,20
R7831,sweetischi,M,20
R7832,wyda,M,20
R7833,Deorajh,M,20
R7834,Psilynt the Psleenless,M,20
R7835,Ronaldo Britto,M,20
R7836,Darmesis,M,20
R7837,CoyleDoyle8,M,20
R7838,Joey Viljoen,M,20
R7839,CLICK DAILY,M,20
R7840,HRHPrincessPR,M,20
R7841,GrumpyJay,M,20
R7842,Golfer Girl,M,20
R7843,Alice,M,20
R7844,Marie Kelly,M,20
R7845,Scott Borders,M,20
R7846,Alphonse mourad,M,20
R7847,Verseus Greekus ,M,20
R7848,Ronald McConneyhead,M,20
R7849,Rider,M,20
R7850,Kishore a,M,20
R7851,DespeRider,M,20
R7852,TantraMantraYantra,M,20
R7853,Front Page,M,20
R7854,Julie green Ministry chat,M,20
R7855,Alan David,M,20
R7856,Heortir the Woodwarden,M,20
R7857,Make America Greater  MAG,M,20
R7858,RooskieBrewskie,M,20
R7859,Alexandra Blumen,M,20
R7860,Donald J. Trump News,M,20
R7861,ETLifestyle,M,20
R7862,Anonymous Fish,M,20
R7863,Vote Against Marxism,M,20
R7864,massoud rahnavard,M,20
R7865,Kimberly Bronson,M,20
R7866,CulturalHusbandry,M,20
R7867,GinoSpimoni,M,20
R7868,Martin,M,20
R7869,Phantom,M,20
R7870,American James,M,20
R7871,SimplyStephanie,M,20
R7872,isaiah,M,20
R7873,Yunchao Wen ,M,20
R7874,Awakened Ape,M,20
R7875,Alex Maslinkovsky,M,20
R7876,vera liberta,M,20
R7877,i5 News,M,20
R7878,Smuggzley1776,M,20
R7879,time velocity ,M,20
R7880,jericho681 ,M,20
R7881,Brig hazy wolf,M,20
R7882,Jenn Sweet,M,20
R7883,Duck Forsey,M,20
R7884,Lee Inglis,M,20
R7885,Hichmalumnist,M,20
R7886,@ Frank It up,M,20
R7887,Zeppo,M,20
R7888,Who Asked You,M,20
R7889,Norm Uhl,M,20
R7890,Salty,M,20
R7891,  ,M,20
R7892,Fatima,M,20
R7893,The Great Canadian Reset,M,20
R7894,pathfinder,M,20
R7895,Julian ,M,20
R7896,RyanAnthony,M,20
D1,KCPhoenix,M,20
D2,Charles Peach ,M,20
D3,@NashuaGOP,M,20
D4,Dave,M,20
D5,ugh,M,20
D6,Red Dirt Empress,M,20
D7,Doc Myers,M,20
D8,Delicious Liberal Tears,M,20
D9,Melissa ,M,20
D10,The Dood,M,20
D11,David Peurifoy,M,20
D12,Don Walls,M,20
D13,Zimmerman.Pike,M,20
D14,vasenior ,M,20
D15,Gronko Dean,M,20
D16,George  Alayon,M,20
D17,Mike,M,20
D18,Prostetnic Vogon Jeltz,M,20
D19,CC and Rose,M,20
D20,Daniel,M,20
D21,Cheechio,M,20
D22,Brian,M,20
D23,Al Mariande,M,20
D24,ThatBoi,M,20
D25,Let Freedom Ring,M,20
D26,Rational Bulls Fan,M,20
D27,carma desantis,M,20
D28,Heather Barrett,M,20
D29,Joy Ross,M,20
D30,KiwiBaze,M,20
D31,Vince Sheetz,M,20
D32,Sandy Proud Democrat ,M,20
D33,James Barnfield,M,20
D34,Rob Schimenz,M,20
D35,Bronan the Barbarian,M,20
D36,Refute FrMartin,M,20
D37,Marcela Perelman,M,20
D38,Nayla Williams ,M,20
D39,Dirk Belligerent - As Seen On Internet,M,20
D40,Arizona Democrat  ,M,20
D41,Rob Smith,M,20
D42,No Holds Bard,M,20
D43,John Ward,M,20
D44,Robert Ande,M,20
D45,Shalkie - The original   ,M,20
D46,Silvrback,M,20
D47,Daisy Vance,M,20
D48,Julie,M,20
D49,Joe Spizuous McKosky,M,20
D50,Find the 4.7 Trillion,M,20
D51,Doug W,M,20
D52,Absolutely Nobody,M,20
D53,Wayne Wallace,M,20
D54,Seismic Glen,M,20
D55,Alfred E,M,20
D56,Dr. No,M,20
D57,,M,20
D58,TexCaligal,M,20
D59,Gigi Rule,M,20
D60,JustWatching,M,20
D61,AOC is a Nancy Pelosi Democrat,M,20
D62,SheepDog Society LLC,M,20
D63,Joe Citizen   ,M,20
D64,Dan Hogan,M,20
D65,Jack,M,20
D66,Dov Hikind,M,20
D67,Michelle Maxwell,M,20
D68,johnsouthcoast,M,20
D69,Tam D,M,20
D70,Adam Knox,M,20
D71,J Amrein,M,20
D72,N B,M,20
D73,Kamalas Stupid Cackle,M,20
D74,Dan W,M,20
D75,Diana Catherine Allar,M,20
D76,Amy K -Vaccinated Democrat,M,20
D77,The Kris,M,20
D78,Deborah,M,20
D79,CECheese,M,20
D80,Rabid Dentite ,M,20
D81,PrinceofPersia,M,20
D82,Bee VB  Democrat for Life ,M,20
D83,AKA DeeK,M,20
D84,California Republican,M,20
D85,Patriot Front Delenda Est ,M,20
D86,Democrat BlueWave Liberal ,M,20
D87,Boogeyman,M,20
D88,Matt ,M,20
D89,H,M,20
D90,Gregor Hast ,M,20
D91,"INDEPENDENT JD, B.S.E.E.",M,20
D92,THM,M,20
D93,Chimpanzeeve ,M,20
D94,Roy G,M,20
D95,Foxtrot Juliet Bravo,M,20
D96,Ungovernable ,M,20
D97,BlindPundit 2.0,M,20
D98,Xiphos a Person of Whiteness,M,20
D99,,M,20
D100,Dr. WereHoleAssWolf,M,20
D101,We Wuz Crusaderz,M,20
D102,joeebee20,M,20
D103,Tim Rhoad,M,20
D104,LoveLucy ,M,20
D105,Rosso,M,20
D106,The world is a stage,M,20
D107,      ,M,20
D108,Eddie - Facts Matter,M,20
D109,Mark,M,20
D110,Anne Gindorff Heinz,M,20
D111,Em Cohen gazafunds.com,M,20
D112,Chief,M,20
D113,DBeach former Democrat,M,20
D114,Ricky,M,20
D115,O D One Kenobi,M,20
D116,San Diego Spaces ,M,20
D117,SummerStorm,M,20
D118,Bentley Bear,M,20
D119,Estel62.bsky.social,M,20
D120,Common Sense Bob ,M,20
D121,On Second Thought..,M,20
D122,UTFAT,M,20
D123,Daniel Bragg,M,20
D124,1finekitty,M,20
D125,GhostPsyborg,M,20
D126,Steven Bourne,M,20
D127,Ozi,M,20
D128,R Policano,M,20
D129,justmeee,M,20
D130,Jack hunt,M,20
D131,Homer,M,20
D132,"Soulia sassy, classy  a bit smart-assy Democrat",M,20
D133,Andrew Levi,M,20
D134,Ryan the former Democrat,M,20
D135,IammeHTX ,M,20
D136,Born2bfree,M,20
D137,ThePatriotOfOz,M,20
D138,rick m,M,20
D139,Samuel Trautman,M,20
D140,Reconmarine7,M,20
D141,old democrat repost not my views,M,20
D142,Gedda Bee,M,20
D143,Dave Noffsinger,M,20
D144,jag2060,M,20
D145,Hal Bryan,M,20
D146,Danny the Democrat,M,20
D147,Ultra MAGAnomics,M,20
D148,the wizard,M,20
D149,R Baltz,M,20
D150,pooks,M,20
D151,Brother Clive,M,20
D152,ZBreakingNewz,M,20
D153,Calicocaleb,M,20
D154,Tina M. Deraco,M,20
D155,Wilfred Gray,M,20
D156,Joseph Frischman,M,20
D157,LGM Bourbon Democrat ,M,20
D158,Celtic1,M,20
D159,Ginger,M,20
D160,Ron Goodden,M,20
D161,Kaitou,M,20
D162,Adam B. Bear,M,20
D163,Juan Delano ,M,20
D164,PaulaAnn2147,M,20
D165,PatriotAnt,M,20
D166,TJ Towberman,M,20
D167,Yvonne Rogers,M,20
D168,Redzee,M,20
D169,Harry Burnsworth,M,20
D170,Captain Apthorpe,M,20
D171,Skynet Apocalypse,M,20
D172,Ernest Reyes,M,20
D173,Shawn Byrne,M,20
D174,Richard Works,M,20
D175,Stedar,M,20
D176,Savannah,M,20
D177,STEVE,M,20
D178,,M,20
D179,sam,M,20
D180,HumbleBee,M,20
D181,Politic Parley,M,20
D182,Auten Isla,M,20
D183,The Bearded Goat,M,20
D184,PowerEE Guy,M,20
D185,Sensurround,M,20
D186,THE TRUTH,M,20
D187,FantasyMasterDaddy,M,20
D188,Democrat Brian Vaxxed/Boosted ,M,20
D189, Despises the Democrat Party,M,20
D190,A Democrat who is still here,M,20
D191,Richard Ellison,M,20
D192,Hoosiers Against Liberal Theocracy,M,20
D193,Cheryl,M,20
D194,Martins Tweets,M,20
D195,P CADFAEL ,M,20
D196,Rod Runion,M,20
D197,George Wept,M,20
D198,Shelly Haselrick,M,20
D199,Heston Churchill,M,20
D200,FLDawg Vent,M,20
D201,Peter Stroempl,M,20
D202,Ace,M,20
D203,LENVESTIGATHEUR,M,20
D204,Justona Moore,M,20
D205,Robert Newman,M,20
D206,Journalism is back Thanks to X,M,20
D207,BEVERLY CHARLES,M,20
D208,Lloyd Gauthier,M,20
D209,crimsonorbit,M,20
D210,CatTerd2,M,20
D211,@MemphisGators58,M,20
D212,Tomas Rabago East 61st Street Democrat,M,20
D213,John Rinaldo,M,20
D214,MORENO7MGM,M,20
D215,Outlaw Window Cleaner,M,20
D216,Joe Murphy  ,M,20
D217,True Blue Democrat  Patriot,M,20
D218,Mediaite,M,20
D219,Melanie,M,20
D220,Jane Casares,M,20
D221,Dee,M,20
D222,Peter S. Lee,M,20
D223,MigrantMick,M,20
D224,snooperz,M,20
D225,luisnope,M,20
D226,TugboatPhil - American,M,20
D227,Common Sense 101,M,20
D228,Disenfranchised Democrat ,M,20
D229,Harlen Bayha ,M,20
D230,Robert Davi,M,20
D231,Dan Muccia,M,20
D232,Huia,M,20
D233,PhishieFromPhilly,M,20
D234,Bob,M,20
D235,Domenic,M,20
D236,DKe BackTheBlue ResistSocialism,M,20
D237,Gerald P,M,20
D238,Laurababy03,M,20
D239,Shift,M,20
D240,"Mark, Choose Kindness",M,20
D241,Pete Vance,M,20
D242,ColdBeer OAC,M,20
D243,Valeria Headley,M,20
D244,Jim B,M,20
D245,God Is Not Surprised,M,20
D246,Conservative Aggie Marine,M,20
D247,MikeAPatriot ,M,20
D248,Elie Poltorak,M,20
D249,Frank Pavone,M,20
D250,husky2,M,20
D251,dallasDia,M,20
D252,Gay Conservative,M,20
D253,Mark Wille,M,20
D254,jleisley,M,20
D255,MiMi ,M,20
D256,LibsNG,M,20
D257,The Patriots Gazette,M,20
D258,PoppyJoe -Democrat Free the Vote,M,20
D259,JewishAmericanPatriot,M,20
D260,Lance,M,20
D261,AnkeDudch ,M,20
D262,True Democrat,M,20
D263,Mstrchrle,M,20
D264,Democrat to Independent,M,20
D265,Asa Antifa Liberal Resist ,M,20
D266,richard p. mchugh The Great Democrat,M,20
D267, ProudPatriot ,M,20
D268,Ronald Jolly ,M,20
D269,Jason Robertson,M,20
D270,MO Education Watch,M,20
D271,Curious Jorge,M,20
D272,Savvy  Realistic  Crypto-friendly Democrat,M,20
D273,Jackson,M,20
D274,Threat 2 Democracy,M,20
D275,SAVEUSA123,M,20
D276,Jean Michel Caroit,M,20
D277,BoatGuyM,M,20
D278,Bubbabump,M,20
D279,Biden/Obama/HRC/Harris Democrat,M,20
D280,THE MAGA PATRIOT CALL TO RISE,M,20
D281,Margo,M,20
D282,CNelson,M,20
D283,Doodlemaster,M,20
D284,John Calarco,M,20
D285,Kathy Miller,M,20
D286,Steve,M,20
D287,Don Beck,M,20
D288,freetotem,M,20
D289,Satalink,M,20
D290,ricky young,M,20
D291,SOUTHSIDE RILLA,M,20
D292,Steve Sargent,M,20
D293,skeeteR,M,20
D294,Mark Greko ,M,20
D295,Ted Freddy,M,20
D296,Texas First ,M,20
D297,Bluphntmm,M,20
D298,TECH1,M,20
D299,Bootsy319,M,20
D300,Curious Wally Staggs,M,20
D301,Mild Mannered Maniac,M,20
D302,SelfApproved,M,20
D303,I Smoked The Tariffs But I Didnt Smoke The Economy,M,20
D304,Kar,M,20
D305,PatriotPalms,M,20
D306,Alpha,M,20
D307,Semenproducingindividual,M,20
D308,Dennis Emmons,M,20
D309,Leftwing Bastard,M,20
D310,Gmoney,M,20
D311,MAGAFOREVERTom,M,20
D312,SW,M,20
D313,Truth bot,M,20
D314,Chris ,M,20
D315,Afloat on a sea of liberal tears.,M,20
D316,John Walker,M,20
D317,"Todd A. Jobson, Sr",M,20
D318,Ashley Nicole,M,20
D319,NC Democrat For Freedom,M,20
D320,Y,M,20
D321,Political Democrat Gal BlueCrew,M,20
D322,Mitchell Lange,M,20
D323,Dr. B,M,20
D324,Paul Shutt,M,20
D325,Dory Beutel ,M,20
D326,Einsteins Daddy,M,20
D327,Cosmic Cowboy,M,20
D328,James M. Twohy,M,20
D329,Frank Orr,M,20
D330,hlm2021,M,20
D331,DTS: Still Resists Loyal Democrat.,M,20
D332,Mel1979,M,20
D333,Deb Johnson,M,20
D334,Joshua Brown,M,20
D335,Jmst,M,20
D336,Tonie,M,20
D337,Jerr,M,20
D338,Lakro,M,20
D339,Jon Leach,M,20
D340,WhatTheHell,M,20
D341,beccassky,M,20
D342,Flintstone,M,20
D343,Democrat.League,M,20
D344,Derek Molloy,M,20
D345,God Bless Donald Trump,M,20
D346,SHlT STIRRER,M,20
D347,@Tesla Tesla,M,20
D348,Kevin Biller,M,20
D349,"Tara Dublin, Rock Star Author  Podcast Host",M,20
D350,Democratic Republic Freedom Fighter,M,20
D351,The Question Asker,M,20
D352,Probability Zero: They call me Mr. Markus,M,20
D353,Raymond Davis,M,20
D354,Hedge Fund Sucks,M,20
D355,U.S.A.,M,20
D356,Diane Catsman,M,20
D357,.,M,20
D358,sb17,M,20
D359,David Behnke,M,20
D360,jimmylemons,M,20
D361,Lisa Stahley,M,20
D362,Rob Rall,M,20
D363,Desert Raccoon,M,20
D364,Lilsis,M,20
D365,J J Willmann,M,20
D366,Spicoli - RepealEthanolNow,M,20
D367,Ricard Carl,M,20
D368,My Cat is a Democrat,M,20
D369,Dan Webster,M,20
D370,Petunia Sparkles ,M,20
D371,Terry Meiners ,M,20
D372,Marianna Bauerlein,M,20
D373,What next,M,20
D374,RighteousCrusader,M,20
D375,michster65,M,20
D376,Kira Bray,M,20
D377,Progressive Democrat is an OxyMoron,M,20
D378,Democrat defender,M,20
D379,Catturd ,M,20
D380,Bryan,M,20
D381,Geo,M,20
D382,Roy McAvoy,M,20
D383,Danny,M,20
D384,Longfellowjablonski,M,20
D385,Rich Kroeter,M,20
D386,James Hill ,M,20
D387,DHoward,M,20
D388,Balthorium,M,20
D389,All,M,20
D390,Veterans Angle,M,20
D391,Southern Accent,M,20
D392, IAmLookingBackAtYou    ,M,20
D393,toomuch,M,20
D394,Independent Zoomer,M,20
D395,Ford News,M,20
D396,KingofPain,M,20
D397,babz vet usmc/army,M,20
D398,Jerry Levy,M,20
D399,Elisabeth Pileggi,M,20
D400,RaeRae21,M,20
D401,Tim Ahaus,M,20
D402,The Goat,M,20
D403,"Trucking, Picking, and Singing",M,20
D404,Edward Joseph Malkowski,M,20
D405,Joshua Davis,M,20
D406,Buggy the Pirate King ,M,20
D407,AggressiveBrainCell,M,20
D408,Magoo,M,20
D409,Bob Edwards,M,20
D410,mark garrett,M,20
D411,Fruitfence,M,20
D412,A proud JFK Democrat,M,20
D413,Spirit of 76,M,20
D414,Oldlawyer77,M,20
D415,DaLip,M,20
D416,RJ Lamb,M,20
D417,Pathofmostresistance,M,20
D418,DNisa,M,20
D419,Abi Habas,M,20
D420,CompassDrifter,M,20
D421,Crime and PUNishment,M,20
D422,ConservativeLibrarian,M,20
D423,Jacob ,M,20
D424,Miranda Allen,M,20
D425,TwinMa,M,20
D426,Karen Harris/Walz Alaskan Democrat ,M,20
D427,Jack Buckby,M,20
D428,Lubestar,M,20
D429,Nothing to see here,M,20
D430,Lois Lane,M,20
D431,darkangelx,M,20
D432,Rick Compton,M,20
D433,Mr Producer,M,20
D434,jtva,M,20
D435,Victor Castillo,M,20
D436,togalocked ,M,20
D437,YapperinChief,M,20
D438,Maya,M,20
D439,Reno@FedUp,M,20
D440,Joe Sinclair,M,20
D441,Jason Rantz on KTTH Radio,M,20
D442,Jim McNeely,M,20
D443,Rufus the Exile,M,20
D444,VOTE RED OR AMERICA IS DEAD ANTI-DEMOCRAT,M,20
D445,Fedsurrection,M,20
D446,Daily Wire News,M,20
D447,AntiCorporatism.com,M,20
D448,InkedCatMom,M,20
D449,Stump Pass Day Drinkers,M,20
D450,L.Pete,M,20
D451,MAGA PATRIOT TGM TERI,M,20
D452,Buster,M,20
D453,Cheryl Seidner,M,20
D454,Chris,M,20
D455,Trump Will Rise Again Jim,M,20
D456,BillsMafia Justin ,M,20
D457,Laura Lee Lindsey,M,20
D458,Tim Robison,M,20
D459,Jason Habbs,M,20
D460,LiberalsRIdiotsNotta Democrat ,M,20
D461,Lonely Indiana Democrat,M,20
D462,Diane,M,20
D463,wilnil2,M,20
D464,Debra Haney,M,20
D465, Ole Country ,M,20
D466, ISI  ,M,20
D467,Stable John ,M,20
D468,There will never be another Democrat President,M,20
D469,Stan Goudeau,M,20
D470,COOL BREEZE,M,20
D471,Wally Ballou still isnt voting for Genocide,M,20
D472,Half A White Russian We will NEVER forget,M,20
D473,SC Social Democrat ,M,20
D474,mutant,M,20
D475,G-Guy,M,20
D476,Joel West,M,20
D477,Fox ,M,20
D478,FinesseNYC,M,20
D479,Rodney Freeman,M,20
D480,Rich Tehrani,M,20
D481,Ryzen,M,20
D482,Charlie,M,20
D483,Tburdy,M,20
D484,GREATKINGANTHONY WALSTON,M,20
D485,John Smith,M,20
D486,Cameron Carlson,M,20
D487,Arthur Windsor,M,20
D488,Robert E. Livingston,M,20
D489,Brent Bjerke,M,20
D490,Sam smith,M,20
D491,alex,M,20
D492,Epic,M,20
D493,VitaroSSJ,M,20
D494,Kimberly Moore,M,20
D495,LoR,M,20
D496,CALI,M,20
D497,balls d33p,M,20
D498,Charles mullen,M,20
D499,STF ,M,20
D500,..::ELPANAMEO::..,M,20
D501,Bigred Es,M,20
D502,Mary Ann,M,20
D503,Matthew S.,M,20
D504,WorldGoneMad,M,20
D505,Susan Robbins,M,20
D506,TexasAmerica,M,20
D507,Cynical Publius,M,20
D508,Ronnie,M,20
D509,Debbie Logerf,M,20
D510,Pastor Burak,M,20
D511,Louis Dilonardo Sr.,M,20
D512,Light the Night Ministry,M,20
D513,Rational Discourse,M,20
D514,KnowMad,M,20
D515,Apostle Natalie Young,M,20
D516,DANA KUKKONEN,M,20
D517,Bill Carlton,M,20
D518,I r gunner,M,20
D519,Jose A Marcial,M,20
D520,Puravida,M,20
D521,Angry Woke Democrat,M,20
D522,Devron Goldsbury,M,20
D523,Rocco,M,20
D524,Dorothy Eubanks,M,20
D525,Connor,M,20
D526,Anya,M,20
D527,boob76,M,20
D528,Matthew Bradley,M,20
D529,The Generalissimo,M,20
D530,Evanss6,M,20
D531,OpposingForce,M,20
D532,H-town C,M,20
D533,Democrat tears ,M,20
D534,TrumpVanceMerica,M,20
D535,Glad Im a Democrat and not maga,M,20
D536,WWLG - Raleigh,M,20
D537,Empire Of Lies,M,20
D538,William M Kornblum,M,20
D539,Better Scotusblog,M,20
D540,Paul G,M,20
D541,PegSam,M,20
D542,Keith Outen,M,20
D543,Claudia Reilly,M,20
D544,SHEEDOM,M,20
D545,Elliot Hudson,M,20
D546,Josh Stine Sr.,M,20
D547,John Fulton,M,20
D548,Ron B,M,20
D549,JenH.  ,M,20
D550,TomKatzAmerica,M,20
D551,Jeff,M,20
D552,Cat Dooley USA,M,20
D553,XC Ski,M,20
D554,Ted,M,20
D555,BugBear Madness,M,20
D556,Dewayne,M,20
D557,Digit,M,20
D558, A Harris Democrat,M,20
D559,Hudek1,M,20
D560,New York LI Republican ,M,20
D561,Doug Reigelsperger,M,20
D562,Larry Dansky,M,20
D563,KGB Komrad,M,20
D564,democrat no more,M,20
D565,gunner,M,20
D566,Captain Patriot,M,20
D567,StereoSoul,M,20
D568,Jorge Rached,M,20
D569,chgofheart,M,20
D570,DeepDishDelivered,M,20
D571,Ness Diaz,M,20
D572,Richard Boudewijn,M,20
D573,AGZC,M,20
D574,Smitty,M,20
D575,The Kid,M,20
D576,Contra Declinationem,M,20
D577,EagleEye,M,20
D578,Bill Caproni,M,20
D579,Jim Schaubroeck,M,20
D580,CageyBee,M,20
D581,David Star,M,20
D582,Phantom II,M,20
D583,Kathy Biederbeck,M,20
D584,Rita Foster,M,20
D585,Frankmeans honest,M,20
D586,Ruth Waller,M,20
D587,Dan,M,20
D588,Keepinitreal,M,20
D589,EJ Hill,M,20
D590,Stu,M,20
D591,Heres Johnny,M,20
D592,LibertyGrace,M,20
D593,Yabadabado,M,20
D594,Salah,M,20
D595,Jim Martin,M,20
D596,evil dddy,M,20
D597,Michael Dawson,M,20
D598,Christopher Brooks,M,20
D599,libNot,M,20
D600,Dr. Robert Newman,M,20
D601, THE PEOPLES CHAMP ,M,20
D602,Marymarge,M,20
D603,Alexander,M,20
D604,NYgrape87,M,20
D605,Boeing will be bankrupt by 12/2029.,M,20
D606,Joon,M,20
D607,ILLINI IL eye nye,M,20
D608,Witch Craft I was taking a Bath,M,20
D609,To the Hatrrs,M,20
D610,NHVOICE Hon Tim Cahill ,M,20
D611,A Roaring Sheep,M,20
D612,DONALD MITCHELL,M,20
D613,Dylan,M,20
D614,Just a guy ,M,20
D615,emerpus01,M,20
D616,Greg,M,20
D617,BenGay  VOTE Democrat,M,20
D618,FoxProMAGA,M,20
D619,Carlos,M,20
D620,Inflight Hypersonic Missile Technicianhe/him esq,M,20
D621, Ludwig ,M,20
D622,Corey Alexander Neal,M,20
D623,DMA Denise,M,20
D624,Long Island Democrat ,M,20
D625,Mike MacDonald,M,20
D626,Fuzzy the Patriot,M,20
D627,Gail Coles,M,20
D628,mark zimpelman,M,20
D629,John L. Grafft,M,20
D630,FLAJAY,M,20
D631,Venger Satanis,M,20
D632,Duff Paddy,M,20
D633,American Citizen,M,20
D634,Mary Snyder,M,20
D635,Hawthorne Abendsen III ,M,20
D636, Honky Tonk Presidente ,M,20
D637,Even JR,M,20
D638,karen marie ward,M,20
D639,Zeek Sav Franco,M,20
D640,Star Spangled Devil,M,20
D641,Regina,M,20
D642,Center2Right,M,20
D643,Alan,M,20
D644,rone,M,20
D645,Poppy,M,20
D646,SoldotnaSteve,M,20
D647,,M,20
D648,vote4freedom.net,M,20
D649, Hammer ,M,20
D650,anna P,M,20
D651,ChiefBoa,M,20
D652,Flashster49 ,M,20
D653,Artemesia,M,20
D654,TonyG,M,20
D655,The Grand Strategist,M,20
D656,debshaas19  ,M,20
D657,Grace In America ,M,20
D658,Biden Democrat fan,M,20
D659,tom mckeever,M,20
D660,HopefulCanadian95,M,20
D661,Im With Dem ,M,20
D662,Al Greens Pimp Cane,M,20
D663,Tim Wirtz,M,20
D664,"Tweeting from 30,000 feet",M,20
D665,Extremist Dinger ,M,20
D666,Jimmy Hooker,M,20
D667,LilBitchy,M,20
D668,Christine PhD,M,20
D669,Becca,M,20
D670,christina guthrie,M,20
D671,Leo Fernevak /21M,M,20
D672,nikka,M,20
D673,X-tangot296,M,20
D674,DogeCoin is the Future,M,20
D675, PoeticJustice ,M,20
D676,MickySS,M,20
D677,King,M,20
D678,Far Canal,M,20
D679,Brian McLarnon,M,20
D680,Jstaco68,M,20
D681,MAGArbage,M,20
D682,Michael Bergeron,M,20
D683,Jehannum,M,20
D684,Sunnyday,M,20
D685,Notafanofweird,M,20
D686,Timothy B. Lee,M,20
D687,Samson Hicks,M,20
D688,ferlujanoconnor,M,20
D689,Tyler Chacon,M,20
D690,Mindy Spina,M,20
D691,Jeff Durall,M,20
D692,TheRealTPaine,M,20
D693,Sword of truth,M,20
D694,Swamp Monster,M,20
D695,Benny R.,M,20
D696,Frank Furter,M,20
D697,Enrique G,M,20
D698,Chester Brown,M,20
D699,cindy,M,20
D700,"Cryptoad, BITCOIN is",M,20
D701,Nan Alders,M,20
D702,   ,M,20
D703,Chuva Proud Democrat ,M,20
D704,jackwindsor,M,20
D705,MeanTweetTwat,M,20
D706,Gary Baltes,M,20
D707,FACT-MASTER,M,20
D708,"Oh, I went there",M,20
D709,Brit Yates,M,20
D710,ZenChip PRIME,M,20
D711,SageHawk,M,20
D712,gary,M,20
D713,Bill Gates OHell,M,20
D714,rabidnarcissists,M,20
D715,Evan Kilgore ,M,20
D716,CasualAdventurer,M,20
D717,Dogturd troll shreader,M,20
D718,PMWarner,M,20
D719,Vance Lunn,M,20
D720,Jack H. Knox,M,20
D721,Lie Translator,M,20
D722,Hot Mike,M,20
D723,Sticklizard,M,20
D724,Mafia2198,M,20
D725,Just Gwen,M,20
D726,Paladin Alea,M,20
D727,Rene Gilles,M,20
D728,Lisa Hardy,M,20
D729,Bobbie123,M,20
D730,,M,20
D731,Christy,M,20
D732,Siegfried Dietrich,M,20
D733,Jeffrey rittenour,M,20
D734,GLN,M,20
D735,JusticeHasArrived,M,20
D736,Austin Petersen ,M,20
D737,Conservazoomer,M,20
D738,R Paul,M,20
D739,Prudent Democrat,M,20
D740,FREEBIRD,M,20
D741,Just Dude,M,20
D742,Rick,M,20
D743,Jordan Ramos,M,20
D744,E-Murderhornet the most MAGA murder hornet,M,20
D745,Social Greedia,M,20
D746,Chuck Butane,M,20
D747,Molly Pitcher,M,20
D748,truth is king,M,20
D749,Call me Volodymyr. Young County Democrat,M,20
D750,madelaine irene,M,20
D751,Purple Mario,M,20
D752,RobFL,M,20
D753,GingeredTee21,M,20
D754,Legendary Hillbilly,M,20
D755,Alternative Resource Orchard,M,20
D756,Henri Hank Chase  ,M,20
D757,Frank McCarthy,M,20
D758,Mitzi Blue,M,20
D759,PoppaVein,M,20
D760,Hidden Heroes Art,M,20
D761,Radio Neon,M,20
D762,Bring back common sense,M,20
D763,RK Henderson,M,20
D764,Lisa Brooks,M,20
D765,Carl Gottlieb,M,20
D766,Charles Langelier,M,20
D767,Diamond D 86,M,20
D768,Bill Elliott,M,20
D769,Alicia Malone,M,20
D770,Jan Harris,M,20
D771,Ibc,M,20
D772,Joshua,M,20
D773,Sister Sez Sew,M,20
D774,Rhys,M,20
D775,Rommel,M,20
D776,Maxer X,M,20
D777,Youre an Idiot...,M,20
D778,John,M,20
D779,Jason Not Gay Enough Low Skill Working KatyCat,M,20
D780,Christopher Joseph,M,20
D781,Sherry B,M,20
D782,Migliorino,M,20
D783,A Miller,M,20
D784,Fair Deal Democrat,M,20
D785,Fokoleta Fokoleta,M,20
D786,Mark Harper,M,20
D787,Torque Wrench,M,20
D788,James Morrison,M,20
D789,dan barker,M,20
D790,Donna Laws,M,20
D791,8dehu,M,20
D792,PG,M,20
D793,Ingineer66,M,20
D794,TRs Ghost,M,20
D795,Roger,M,20
D796,HJ,M,20
D797,Felix Ling,M,20
D798,Curtis ,M,20
D799,555Ego,M,20
D800,Lukas Swanson,M,20
D801,mbird15,M,20
D802,Phillip DeWitt,M,20
D803,Joseph Maduro,M,20
D804,guy cybershy,M,20
D805,TV Bill,M,20
D806,BartonBella,M,20
D807,CT Turnip,M,20
D808,TheFixx,M,20
D809,Karen Gail,M,20
D810,Jeff M,M,20
D811,First Amendment Zone,M,20
D812,burntends,M,20
D813,We Have Our Country Back ,M,20
D814,JoshFL,M,20
D815,Common Sense Inc.,M,20
D816,Geoffrey Trueman Falk,M,20
D817,Toni Toombs,M,20
D818,MountainMove,M,20
D819,CitizenPundit,M,20
D820,FBAtheCk6.2Quadrillion,M,20
D821,CloseDanger,M,20
D822,ThoughtCriminal,M,20
D823,Mark Kennedy,M,20
D824,BYE BYE ILLEGALS LOL,M,20
D825,Tom Pain1776,M,20
D826,UnfilteredBoss,M,20
D827,Manuel Nunez,M,20
D828,Phyliss Walker,M,20
D829,Harry Costas,M,20
D830,lake county democrat,M,20
D831,Ron Hunte,M,20
D832,TransOdius,M,20
D833,FormerlyKnownAs,M,20
D834,ZydeCoConspirator,M,20
D835,Stephen Scarborough,M,20
D836,Ry Max,M,20
D837,Manny,M,20
D838,Bill Childress,M,20
D839,Bob James,M,20
D840,HBMHD,M,20
D841,rikard nilsson,M,20
D842, beastie wiener ,M,20
D843,Capitol Black ,M,20
D844,Free Speech Liberty Justice,M,20
D845,Carol lachance,M,20
D846,Steve G,M,20
D847,Don ADAMSON,M,20
D848,Abuela Demcrata ,M,20
D849,Bucky Stump ,M,20
D850,,M,20
D851,Nina Bell,M,20
D852,Kris,M,20
D853,Dale Poynter ,M,20
D854,Austin,M,20
D855,ToddIsCool,M,20
D856,The Moral Animal,M,20
D857,Robert Sixkiller,M,20
D858,C.Cunning1,M,20
D859,PsalmBird,M,20
D860,grethe,M,20
D861,Patriot073,M,20
D862,Indifferent,M,20
D863,Thomas J McNally ,M,20
D864,Alan Dershowitz,M,20
D865,James REILLY,M,20
D866,Momma Heartsya,M,20
D867,Michael W. Bunner,M,20
D868,Russell Uken,M,20
D869,Lady J,M,20
D870,Momentum Trader,M,20
D871,Kiwie00,M,20
D872,Earl Garcia,M,20
D873,Kevin Sims,M,20
D874,John Mark Allen,M,20
D875,i vote Democrat because Im American,M,20
D876,FireAndIceSaveOur1st,M,20
D877,Danny Zuko,M,20
D878,Occupy Treason,M,20
D879,John Stuart Mill,M,20
D880,Beverly Scathach,M,20
D881,thePoetopoet,M,20
D882,George,M,20
D883,Kyle,M,20
D884,Eric Weilburg,M,20
D885,WolfOfDOGEStreet,M,20
D886,Donna McDowell,M,20
D887,Dove,M,20
D888,Ted Nutaits,M,20
D889,Hans Gruber the Great,M,20
D890,Janice Haney,M,20
D891,Adopted Child of God,M,20
D892,Miranda,M,20
D893,FREEDOMUSER,M,20
D894,Louis Brown ,M,20
D895,Josh,M,20
D896,Chief Iliniwek Forever,M,20
D897,Rick Nick,M,20
D898,Karen Libarull,M,20
D899,Linda Breslin,M,20
D900,NoCoWolf He/Him,M,20
D901,J C,M,20
D902,Freed Omring,M,20
D903,Milly Mixon,M,20
D904,GortRules,M,20
D905,Moe Dimanche,M,20
D906,Robert Luther,M,20
D907,Saucy Jack,M,20
D908,Lori,M,20
D909,Matthew Carlisle,M,20
D910,MAX,M,20
D911,Exx Democrat  ,M,20
D912,John Medrano,M,20
D913,DeadKat,M,20
D914,PackerP That Smooth Guy,M,20
D915,Nalis Solus,M,20
D916,Dawn Wildman,M,20
D917,Shiagi,M,20
D918,the vessel,M,20
D919,James Slover,M,20
D920,Citizens Journal,M,20
D921,Leslie ,M,20
D922,Mac C.,M,20
D923,  Mom of Krills  ,M,20
D924,Artazen,M,20
D925,Becca Lower,M,20
D926,John Galt,M,20
D927,corn bread,M,20
D928,NStep,M,20
D929,Maximus Independicus,M,20
D930,Halcyon625,M,20
D931,Rose,M,20
D932,ShaughnA,M,20
D933,Semafor,M,20
D934,Professor G,M,20
D935,theaRealDemocrat,M,20
D936,Steven Kerwin,M,20
D937,sleepycakes,M,20
D938,Ruger Lapua,M,20
D939,Wes Inman,M,20
D940,Gabriel Fontana,M,20
D941,Egor99,M,20
D942,Historys Greatest Monster,M,20
D943,Dan MacMillan,M,20
D944,"Anita - Cat Mom, Democrat",M,20
D945,Mark H,M,20
D946,aka,M,20
D947,Frank Sobotka Democrat,M,20
D948,SunriseHolyH2O,M,20
D949,OUR-VOICES,M,20
D950,Shadewe,M,20
D951,BFunk,M,20
D952,william kantor,M,20
D953,Captain Obvious,M,20
D954,Mr. G,M,20
D955,AllPurposeHak ,M,20
D956,The Big Homie,M,20
D957,Diver Dan,M,20
D958,Donahue Peebles,M,20
D959,Guha Prabakaran,M,20
D960,Weve defeated the Democrat Cheaters,M,20
D961,Gma,M,20
D962,TheRealZiggy777,M,20
D963,Elle Griko ,M,20
D964,Keith G,M,20
D965,civil  polite,M,20
D966,Minnesota Gal,M,20
D967, Paulus ,M,20
D968,raduvlad Me,M,20
D969,John Sharp,M,20
D970,Born free Taxed to ,M,20
D971,TDS Therapist,M,20
D972,Mr. Joshua,M,20
D973,COGNOS,M,20
D974,egmchannelXrp,M,20
D975,Rook10,M,20
D976,tennis man,M,20
D977,Mandy,M,20
D978,Patriotic Democrat: Never Forget January 6th.,M,20
D979,Stranded In Babylon,M,20
D980,Jackie Mayes,M,20
D981,Gabriel Joseph  ,M,20
D982,Thought Criminal,M,20
D983,KSIrockedPaul,M,20
D984,Doug Barden,M,20
D985,Jason Laboy,M,20
D986,Mr Friendly,M,20
D987,Mr.Camps,M,20
D988,Atom Bomb ,M,20
D989,Jac,M,20
D990,Lydia White,M,20
D991,Sandee Lves the USA,M,20
D992,Trump and MAGAs will make me a Democrat yet,M,20
D993,No Context Reply Guy,M,20
D994,ParosRevenire,M,20
D995,Yella  Democrat,M,20
D996,sarah,M,20
D997,Byron Mullet,M,20
D998,JrzyMysfit,M,20
D999,USN VETERAN,M,20
D1000,MasturbationExpert,M,20
D1001,Court Phillips,M,20
D1002,Tom Kunich,M,20
D1003,CNNochio,M,20
D1004,Sloppy Joes Easter Bunny,M,20
D1005,jb,M,20
D1006,Chris Ah Leong ,M,20
D1007,Butterfly,M,20
D1008,Pam,M,20
D1009,Shannon Terry,M,20
D1010,Pac Man,M,20
D1011,Simple Don TX,M,20
D1012,DX DeMuro,M,20
D1013,Jerry Moss,M,20
D1014,Andrew Beverage,M,20
D1015,Firesign ,M,20
D1016,J- Jones ,M,20
D1017,Martin Ryan,M,20
D1018,Cym,M,20
D1019,Michael from Montana,M,20
D1020,Zeynab Day,M,20
D1021,West Virginia Slim ,M,20
D1022,American and Proud of it,M,20
D1023,"Ken , we know who won",M,20
D1024,Desert Democrat ,M,20
D1025,Special,M,20
D1026,FaymusRighter,M,20
D1027,Kevin Steigner,M,20
D1028,Selvarin,M,20
D1029,Satan,M,20
D1030,Peter Arthur,M,20
D1031,Corbin Dallas,M,20
D1032,no palm  bills lakers yankees bandits,M,20
D1033,KYWes,M,20
D1034,American Perspective with Rick Thomas,M,20
D1035,Light Yagami,M,20
D1036,SDe ComoEs,M,20
D1037,Aaron Baker,M,20
D1038,Lamont The Leviathan,M,20
D1039,Mauricio,M,20
D1040,Sarah Edwards,M,20
D1041,Congressizasshoe,M,20
D1042,nigeen,M,20
D1043,Joe Rothengast,M,20
D1044,Imagining a Democrat/RINO free Oklahoma,M,20
D1045,Space Caligula,M,20
D1046,Bill Maron,M,20
D1047,Njaneer,M,20
D1048,Marty McSly,M,20
D1049,ian walters,M,20
D1050,Damsel in Dissent ,M,20
D1051,Master Deflector Squibbley,M,20
D1052,Sandra Reyes,M,20
D1053,ranjana jethwa,M,20
D1054,Recovering Democrat,M,20
D1055,Stop A.L.E.C.,M,20
D1056,charbroil,M,20
D1057,Spike,M,20
D1058,A,M,20
D1059,Val Venis The Big Valbowski,M,20
D1060,Cody Goin,M,20
D1061,truthseeker,M,20
D1062,Rusty Shackleford,M,20
D1063,Pinky,M,20
D1064,Joe Gzel,M,20
D1065,Chaos Lover Mr. Brass,M,20
D1066,Oswald,M,20
D1067,Polka-dotted Unicorn,M,20
D1068,Common Sense ,M,20
D1069, ,M,20
D1070,Karen P,M,20
D1071,El Derechista,M,20
D1072,Anton Wahlman,M,20
D1073,Go Team,M,20
D1074,Catherine Knox,M,20
D1075,Carrie Martin,M,20
D1076,Jerome Powell Action Figure,M,20
D1077,David,M,20
D1078,Epicurus,M,20
D1079,Trust No Democrat,M,20
D1080,Hats off to the Bull,M,20
D1081,SoTiredOfIt,M,20
D1082,Fed up with the corrupt CCP captured Global Elite,M,20
D1083,My NERVES,M,20
D1084,Old Salty Marine,M,20
D1085,Keith Goldberg,M,20
D1086,G,M,20
D1087,cajunblue.Louisiana Democrat,M,20
D1088,Grumpy Mike,M,20
D1089,TXTrumpGalNo Filter,M,20
D1090,The Duke of Debauchery,M,20
D1091,Mielikki,M,20
D1092,Darwin Rules,M,20
D1093,Cody,M,20
D1094,Phelonia,M,20
D1095,S3mp3r F1,M,20
D1096,Control Group Randy,M,20
D1097,Andrew He/Him,M,20
D1098,Scar Tissue,M,20
D1099,World Peace Movement,M,20
D1100,John B Vernon,M,20
D1101,Drive Line,M,20
D1102,Bad-Broccoli,M,20
D1103,KelsJo,M,20
D1104,Steven OBrien,M,20
D1105,Shelley Paul,M,20
D1106,Hope For Mankind and its not a politician,M,20
D1107,Albert,M,20
D1108,Joe,M,20
D1109,Shane Orzechowski,M,20
D1110,Willowthorns,M,20
D1111,CM,M,20
D1112,Ted Johnston,M,20
D1113,Oski,M,20
D1114, ,M,20
D1115,10 4big guy,M,20
D1116,Legbas LGBT Legs  Butt,M,20
D1117,Reaper ,M,20
D1118,Better Khal Saul ,M,20
D1119,hunter,M,20
D1120,PammyWho ,M,20
D1121,Theo MAGA,M,20
D1122,Michael schank,M,20
D1123,Wayde Delafield,M,20
D1124,Na/ Democrat,M,20
D1125,Proud Texas Democrat,M,20
D1126,Kelley,M,20
D1127,Phil-UP Ur Life,M,20
D1128,alexanichadhain,M,20
D1129,Louisiana Democrat,M,20
D1130,Mountain Man Wade,M,20
D1131,Kate,M,20
D1132,James Moriarty,M,20
D1133,LashellsRedPill,M,20
D1134,Andy Dufrense,M,20
D1135,T.W.,M,20
D1136,Statesman Mark Master/Sire,M,20
D1137,    ,M,20
D1138,Roger Thomas,M,20
D1139,Dennys,M,20
D1140,Dennis C. Hayes,M,20
D1141,Heather,M,20
D1142,HarnessRacing,M,20
D1143,Ernie Paul Young,M,20
D1144,7,M,20
D1145,Girl Father,M,20
D1146,Rosanne Jordan,M,20
D1147,Deb Mar,M,20
D1148,Proud Democrat,M,20
D1149,NonCompliantRebel,M,20
D1150,Mike Fracasso,M,20
D1151,Mike Johnson,M,20
D1152,Four for Four Philly Sports,M,20
D1153,Gatorman,M,20
D1154,KrysKo,M,20
D1155,Bflyer,M,20
D1156,Sling Blade Karl ,M,20
D1157,Ed Spafard,M,20
D1158,Reg,M,20
D1159,Regular Guy,M,20
D1160,FORMER Democrat,M,20
D1161,,M,20
D1162,Russell Rousey,M,20
D1163,Trumps Wins,M,20
D1164,HebrewservativeV2 ,M,20
D1165,Grand Old Partisan,M,20
D1166,dawgman49,M,20
D1167,Democrat.,M,20
D1168,Omega ,M,20
D1169,Ms Common Sense,M,20
D1170,Dianna Arnold,M,20
D1171,Iftheuswasred,M,20
D1172,Dianne Becerra,M,20
D1173,Stephen,M,20
D1174,Jerzee Yankee ,M,20
D1175,Linicy,M,20
D1176,Toll the Troll,M,20
D1177,  ,M,20
D1178,The Conservative Compass ,M,20
D1179,Mia R Culpepper2,M,20
D1180,CharityIStandWithTrump,M,20
D1181,Stubborn Terrier,M,20
D1182,PaulBot007,M,20
D1183,Alan Woodward,M,20
D1184,Jerry Arthur Jackson,M,20
D1185,Sherri,M,20
D1186,David Campbell,M,20
D1187,NCPjr,M,20
D1188,Crystal Herman,M,20
D1189,VAL THOR,M,20
D1190,Tom Crowell,M,20
D1191,theditch,M,20
D1192,Jane Yourk ,M,20
D1193,DRBOBESQUIRE,M,20
D1194,Rob58,M,20
D1195,Anthony,M,20
D1196,Michael Osuna,M,20
D1197,Magatron,M,20
D1198,InDefenseOfFreedom,M,20
D1199,Axoplasmic Aberration,M,20
D1200,Dawn Skully,M,20
D1201,DeniseMoto ,M,20
D1202,FreeSoul,M,20
D1203,  ,M,20
D1204,Matt,M,20
D1205,Chris D,M,20
D1206,tammy elton,M,20
D1207,Steve Gruber,M,20
D1208,tom grimm,M,20
D1209,Dave Newton,M,20
D1210,john gurley,M,20
D1211,Thomas Strachan,M,20
D1212,Mitchter Potato Head,M,20
D1213,Teresa,M,20
D1214,America Pride,M,20
D1215,Bambi Gonzalez,M,20
D1216,@DocRonRock,M,20
D1217,Cornhead,M,20
D1218,John Lucas ,M,20
D1219,EmZed,M,20
D1220,Transitional Inflation,M,20
D1221,smartgrownup,M,20
D1222,weim3,M,20
D1223,"Everett, West Seattle",M,20
D1224,Mary Southern,M,20
D1225,Mary Miller,M,20
D1226,Smackinthemiddle,M,20
D1227,Claudia Aldrich,M,20
D1228,dubp,M,20
D1229,CC,M,20
D1230,Taco Bowl Carlos  ,M,20
D1231,dan marcum,M,20
D1232,Jarod Scott,M,20
D1233,Grabien,M,20
D1234,Joe Sigona,M,20
D1235,tyreesha jones ,M,20
D1236,Cindy Moody,M,20
D1237,Democrats Anonymous,M,20
D1238,mary,M,20
D1239,Onliesteverwho,M,20
D1240,DarkSoulja3323,M,20
D1241,Joseph Pittman,M,20
D1242,Tammy,M,20
D1243, NeverAgainDemocrat,M,20
D1244,WhyAreDemocratsStupid,M,20
D1245,lawana gilbert- ,M,20
D1246,Adam Mansfield,M,20
D1247,WJH,M,20
D1248,Deplorable American,M,20
D1249,Owlesy ,M,20
D1250,Jason,M,20
D1251,LibertyLovingMom,M,20
D1252,Missouri Democrat,M,20
D1253,Steve Pawlaczyk,M,20
D1254,ULTRA MAGA,M,20
D1255,OBAPC Media Group,M,20
D1256,Jinx,M,20
D1257,Joseph Birtel,M,20
D1258,Spencer Hakimian,M,20
D1259,Bkaynative,M,20
D1260,Unkultured ROK,M,20
D1261,Nextdoor Girl - Proud Garbage,M,20
D1262,Cory Fidler,M,20
D1263,P J,M,20
D1264,Democrats4Trump,M,20
D1265,Ohio Democrat Enjoyer,M,20
D1266,Jeff Lamb,M,20
D1267,Autistic Angel,M,20
D1268,Bravgirl,M,20
D1269,jerry,M,20
D1270,RJironFalcon9 ,M,20
D1271,Rehab President,M,20
D1272,John P Pakusack,M,20
D1273,Wesley Southerland,M,20
D1274,Cowboy Moody,M,20
D1275,Christi Johnston,M,20
D1276,Magpie,M,20
D1277,AbdulazizNosair,M,20
D1278,Moves Product,M,20
D1279,MRUSAAMERICA,M,20
D1280,Grumpy woman from Europe,M,20
D1281,Your Less-Than-Average Joe,M,20
D1282,cc62,M,20
D1283,Christopher,M,20
D1284,Democrat,M,20
D1285,"quodscripsi is doing grand, how about you",M,20
D1286,thomas,M,20
D1287,ShinagamiSama,M,20
D1288,PatientShark,M,20
D1289,Sassy Democrat,M,20
D1290,Paradise Is The Goal,M,20
D1291,SirGizmo170,M,20
D1292,Mike36561,M,20
D1293,Soeild Moghata,M,20
D1294,pain,M,20
D1295,SevensRun,M,20
D1296,Linda Frances  ,M,20
D1297,Rick Rick 59,M,20
D1298,Jimmy C,M,20
D1299,Fed up American,M,20
D1300,Coywolph,M,20
D1301,PROUD 2 B DEPLORABLE,M,20
D1302,cameron wink,M,20
D1303,Annie Bond,M,20
D1304,Hieronymus Bust,M,20
D1305,naples beachcomber ,M,20
D1306,nugustan,M,20
D1307,Rawhisk,M,20
D1308,Liberal Libra Down South,M,20
D1309,JoDfirefighter,M,20
D1310, Larry ,M,20
D1311,Rhonda Weiss,M,20
D1312,Snuggle Struggle,M,20
D1313,Paul Bolduc,M,20
D1314,BLS888,M,20
D1315,Mofantafa,M,20
D1316,Rageoverrun,M,20
D1317,Gary Goldstein,M,20
D1318,James Terminiello,M,20
D1319,Lary Holland,M,20
D1320,Lone Wolf ,M,20
D1321,Mur,M,20
D1322,Binary Agent,M,20
D1323,Kathleen mccall,M,20
D1324,TommymyLuv,M,20
D1325,mashkiki93,M,20
D1326,viraj,M,20
D1327,FreeWilly2,M,20
D1328,Jason Jones,M,20
D1329,"Bob, east coast Bruin",M,20
D1330,Mila Joy,M,20
D1331,David Wohl,M,20
D1332,DevinNunesUnderpants StandsWithUkraine,M,20
D1333,Justin Case,M,20
D1334,DeeDee,M,20
D1335,thehoneybadger,M,20
D1336,TexasApache,M,20
D1337,Jeff Hard Author,M,20
D1338,FreeThinkNJedis,M,20
D1339,Mo V,M,20
D1340,MS JACQUIE,M,20
D1341,Alan Hooley,M,20
D1342,Duchess of Exeter ,M,20
D1343,Jim Tarrant,M,20
D1344,JG Page,M,20
D1345,chriscjackson on Bluesky,M,20
D1346,Lumigeks,M,20
D1347,Jacob Robinson,M,20
D1348,louis ,M,20
D1349,RP,M,20
D1350,Not a Democrat,M,20
D1351,Ulrika Andersson,M,20
D1352,Kevin Jackson,M,20
D1353,Anthony Poschen,M,20
D1354,John Podhoretz,M,20
D1355,JonVB,M,20
D1356,Kelley Babb,M,20
D1357,Bingo,M,20
D1358,Matt montgomery,M,20
D1359,lululol4u,M,20
D1360,Karolin Michalow,M,20
D1361,douglas krieser,M,20
D1362,Doo Dah Man,M,20
D1363,Desiderata,M,20
D1364,0zerohero,M,20
D1365,Phillip Wilcox,M,20
D1366,CraigWM,M,20
D1367,MichaelrHallen,M,20
D1368,Sly Boots,M,20
D1369,Jim Williams,M,20
D1370,MJ Stock Trader,M,20
D1371,Andre,M,20
D1372,Sir Ricardo M,M,20
D1373,"AvaArmstrong,Author",M,20
D1374,Limeade,M,20
D1375,urbanmeemaw,M,20
D1376,WorkerWarriorEsq,M,20
D1377,Dr Hess,M,20
D1378,Stormy,M,20
D1379,KS0L0,M,20
D1380,Mark M Miller,M,20
D1381,autopentupleTV,M,20
D1382,Zzirg   ,M,20
D1383,Democrat Rick,M,20
D1384,Kenneth Wells,M,20
D1385,James Winter,M,20
D1386,Terrie,M,20
D1387,IM A MAVERICK,M,20
D1388,Emerald Robinson ,M,20
D1389,TJames Kirk ,M,20
D1390,Marc,M,20
D1391,smAshley,M,20
D1392, Flying Tiger I stand with ,M,20
D1393,Don @ Bubba Shrimp Company,M,20
D1394,Liberty4All,M,20
D1395,BobWarren,M,20
D1396,DemocratsAreOutraged,M,20
D1397,J Griff,M,20
D1398,Lance Davis. Democrat Maga,M,20
D1399,Wereman Son of Yar,M,20
D1400,Reformed Democrat,M,20
D1401,Margaret Dunivan,M,20
D1402,Heinrich Rutherford Hill,M,20
D1403,Fortune Favors the Wicked Parody,M,20
D1404,Jerry Grey,M,20
D1405,Kelly,M,20
D1406,Bret Weingart,M,20
D1407,JGpa,M,20
D1408,John Cardillo,M,20
D1409,Fringe Minority Juggernaut ,M,20
D1410,Jeff Moss,M,20
D1411,Interim President of the Eric Mays Fan Club,M,20
D1412,Rhonda Powell,M,20
D1413,Dems-R-Trash,M,20
D1414,DWH,M,20
D1415,Linda Smith,M,20
D1416,SpiffyWanderer,M,20
D1417,Liberals,M,20
D1418,TheIronKnees,M,20
D1419,Heru Shuttlesworth,M,20
D1420,Tortorice,M,20
D1421,Earth2Megan,M,20
D1422,Blue Collar Dad,M,20
D1423,Cindergarden ,M,20
D1424,The Observer,M,20
D1425,Tired Angry American,M,20
D1426,RidgeRunner,M,20
D1427,Kevin Messer,M,20
D1428,Cop Perry,M,20
D1429,super squirrel,M,20
D1430,tigerloose,M,20
D1431,Mark David,M,20
D1432,John R Lott Jr.,M,20
D1433,Independent2020,M,20
D1434,Ambulatory Compost Pile,M,20
D1435,CARL FERRY,M,20
D1436,Kevin Fenter,M,20
D1437,Estaban Daniels,M,20
D1438,LAM526,M,20
D1439,Robert,M,20
D1440,Roscoe,M,20
D1441,Vera Eyzendooren,M,20
D1442,PHANTOMAS,M,20
D1443,Rod K. Barton,M,20
D1444,Mountain Goat,M,20
D1445,pmesthos,M,20
D1446,WRITER KOLA BOOF,M,20
D1447,Ian Miles Cheong,M,20
D1448,Dimsdale Piranha,M,20
D1449,The Ranch,M,20
D1450,Mike M.,M,20
D1451,Katherine Cook,M,20
D1452,"Cameron Spradling, Attorney  Counselor at Law",M,20
D1453,Timothy,M,20
D1454,Steve Sonnier.,M,20
D1455, ,M,20
D1456,Democrat Soldier,M,20
D1457,Josh Crowley sp,M,20
D1458,FkositzV,M,20
D1459,Hattie B McDaniel ,M,20
D1460,Shawn Of The Red,M,20
D1461,I stand with Israel,M,20
D1462,   Anne Nonny  ,M,20
D1463,Ewan Jamieson ,M,20
D1464,John Jaye,M,20
D1465,Citizen X,M,20
D1466,Rhodie26,M,20
D1467,Lee,M,20
D1468,kilerb,M,20
D1469,jennifer ducharme,M,20
D1470,Overhand curve,M,20
D1471,Derick,M,20
D1472, Mae,M,20
D1473,CowtownCat,M,20
D1474,Bill H,M,20
D1475,townsed,M,20
D1476,AP24,M,20
D1477,RightWingLurknSnake,M,20
D1478,Finding Truth,M,20
D1479,Joyce Wood,M,20
D1480,Kent Packard,M,20
D1481,tina barajas,M,20
D1482,Doug Johnson,M,20
D1483,Kevintg ,M,20
D1484,Correspondent X,M,20
D1485,Louetta Wilson Proud WOKE Liberal Democrat,M,20
D1486,gigi,M,20
D1487,First Responders  Veterans,M,20
D1488,"Democrat-Animal Lover-Democrat, He/Him/His",M,20
D1489,Kcatch,M,20
D1490,daniela chang,M,20
D1491,Buzz Man,M,20
D1492,CT Dem  Parody,M,20
D1493,rmack2x,M,20
D1494,Ruthann,M,20
D1495,W.W. Leisure,M,20
D1496,James Chester,M,20
D1497,ArmyMom224,M,20
D1498,Jay ,M,20
D1499,Dudley Doright,M,20
D1500,Jeremys Razor ,M,20
D1501,DeafBlind Leadership Now,M,20
D1502,Nanna Whammy,M,20
D1503,"Scott R., ",M,20
D1504,Maverickpoet,M,20
D1505,Cephalopoda,M,20
D1506,California Patriot,M,20
D1507,Phillip,M,20
D1508,John Colo,M,20
D1509,Gary Morgan,M,20
D1510,TaurusBaby,M,20
D1511,Lee W. ,M,20
D1512,Peteyalb ibdtng,M,20
D1513,Peer Khan,M,20
D1514,Julia Johnson,M,20
D1515,xino,M,20
D1516,LI Patriot,M,20
D1517,Tiger Cat,M,20
D1518,Slowpoke Rodriguez,M,20
D1519,David Carlan,M,20
D1520,Brian Fendley,M,20
D1521,Terry,M,20
D1522,Principle Of Subsidiarity,M,20
D1523,Rodney Harris,M,20
D1524,Sarah Hernandez,M,20
D1525,Judy Tigay,M,20
D1526,Chad Daughtridge,M,20
D1527,Jenna,M,20
D1528,MostlyHarmless,M,20
D1529,Robot-ink,M,20
D1530,Valea Moasei,M,20
D1531,Joel Johnston,M,20
D1532,Dr. Sylvi Eon,M,20
D1533,Ekim Banks ,M,20
D1534,conservative cold pizza,M,20
D1535,Pinkylabmouse,M,20
D1536,conservative memes,M,20
D1537,PWspoon,M,20
D1538,SpectreZel,M,20
D1539,Alex Sanglez,M,20
D1540,Michael Rosazza,M,20
D1541,Angela Goies,M,20
D1542,Jerry Vecino,M,20
D1543,Question Everything 23,M,20
D1544,mike vis,M,20
D1545,TheRealMcHoy,M,20
D1546,LQ Jones,M,20
D1547,Martin Gale,M,20
D1548,@ServsYou,M,20
D1549,Anne Fledderman,M,20
D1550,brandybgood,M,20
D1551,Steve Guggenmos,M,20
D1552,Fanny Buster,M,20
D1553,Major,M,20
D1554,"Joe Donlan, Ph.D.",M,20
D1555,Perperpetual Cynic,M,20
D1556,Kasia Z. Zasada ,M,20
D1557,Elmer Perkin,M,20
D1558,DiggaLowder3000,M,20
D1559,James B. ,M,20
D1560,Dan miller,M,20
D1561,rico,M,20
D1562,CSIGIRLINTHEHOUSE,M,20
D1563,"KAP, Im a Democrat, Burg,Pa",M,20
D1564,NJ-VET4MAGA,M,20
D1565,Hans von Dommershitz,M,20
D1566,Washington bratt,M,20
D1567,Rick Price,M,20
D1568,The Celtic Gypsy,M,20
D1569,Bryan Lobreau,M,20
D1570,gene bee,M,20
D1571,Recovered Democrat Common Sense over Emotions,M,20
D1572,J J,M,20
D1573,Our kids are not your agents of change,M,20
D1574,Q,M,20
D1575,Glenda ,M,20
D1576,Fred H. N7MHS,M,20
D1577,Eli Sancere,M,20
D1578,Pekka Lindstrm,M,20
D1579,Nutcracker,M,20
D1580,y-vgkknights123 aces 2x  vgk 2023  49-22-10,M,20
D1581,Not A Democrat ,M,20
D1582,Joanna s,M,20
D1583,Downtown,M,20
D1584,Lkweirgal,M,20
D1585,3Dog Mom,M,20
D1586,Skeptical Democrat,M,20
D1587,Marie,M,20
D1588,wilder,M,20
D1589,Janine Curran,M,20
D1590, Team Trick ,M,20
D1591,Cindy Mann,M,20
D1592,Tspats,M,20
D1593,Roger C. Thibault,M,20
D1594,Sooner1,M,20
D1595,Sidetow,M,20
D1596,,M,20
D1597,Chris Patterson,M,20
D1598,Steve Smith,M,20
D1599,Valerie,M,20
D1600,Thomas Musket ,M,20
D1601,Card Shark,M,20
D1602,Colorado Based ,M,20
D1603,Sunny-In-Florida ISTANDWITHTRUMPISTANDWITHELON,M,20
D1604,West Virginia,M,20
D1605,GeeDawg,M,20
D1606,Rorschach,M,20
D1607,Jayman,M,20
D1608,RMill,M,20
D1609,LeaningLibertarian,M,20
D1610,TK-421,M,20
D1611,RickAz,M,20
D1612,Keith Curtis,M,20
D1613,Bill Andre,M,20
D1614,Susan ackerson,M,20
D1615,Henry Bishop,M,20
D1616,mike fuit,M,20
D1617,Alejandro,M,20
D1618,James,M,20
D1619,nightowl,M,20
D1620,Yes Your Techness,M,20
D1621,Patrick J. Doheny,M,20
D1622,MGN,M,20
D1623,whatarealdemocratsays,M,20
D1624,Loony Canuck,M,20
D1625,UpIsDownRightIsWrong,M,20
D1626,BAMA6919,M,20
D1627,Odnut Nadnerb,M,20
D1628,BPChep,M,20
D1629,George Touche,M,20
D1630,Conspiracy Junkie,M,20
D1631,Kendall Edwards,M,20
D1632,Greenbean1775 ,M,20
D1633,KTee2019 - a very pissed-off patriot,M,20
D1634,Country girl,M,20
D1635,Joy Mauney,M,20
D1636,Grumpy Old Guy,M,20
D1637,eejit,M,20
D1638,Hood,M,20
D1639, ,M,20
D1640,Robert Key,M,20
D1641,datGuyInTheCorner,M,20
D1642,Jimson,M,20
D1643,J A,M,20
D1644,Lisa,M,20
D1645,Deeps,M,20
D1646,FreeRadical,M,20
D1647,Dwight Powers,M,20
D1648,tiredofthebs,M,20
D1649,"Keyrok,unfrozen cave consultant",M,20
D1650,Ty McCullough,M,20
D1651,TP ,M,20
D1652,Chex Lemeneux,M,20
D1653,Joe Jackman,M,20
D1654,God bless the USA ,M,20
D1655,Jake the Great,M,20
D1656,Don Ford - The Peoples Strategist -,M,20
D1657,Hoff2557,M,20
D1658,Manimal,M,20
D1659,Snarky Barker,M,20
D1660,Jo Greene,M,20
D1661,Guaranteed Success-66,M,20
D1662,Carnivore Mes Wife and Cook,M,20
D1663,D Cole,M,20
D1664,Democrat Propaganda Detected,M,20
D1665,AureliaDD,M,20
D1666,Barry Merritt,M,20
D1667,Eileen Klosek,M,20
D1668,Jon Ivan Car Culture,M,20
D1669,Mark Adler,M,20
D1670,stush,M,20
D1671,Jeff Winn,M,20
D1672,PillowTalker,M,20
D1673,Marilyn Groves,M,20
D1674,All Democrats Are Liars,M,20
D1675,Jerome Sneed Democrat,M,20
D1676,Miguel Gonzalez,M,20
D1677,99problems ,M,20
D1678,Terry Johnson,M,20
D1679,reliefvalvepodcast,M,20
D1680,Razz McDazzle,M,20
D1681,Ginamariec55,M,20
D1682,aarp,M,20
D1683,Blue Dog Democrat,M,20
D1684,PREPPER BOB,M,20
D1685,jd,M,20
D1686,JBeach2018,M,20
D1687,1776 WILL BECOME LAW AGAIN,M,20
D1688,Obama made war fashionable,M,20
D1689,S Kadinsky ,M,20
D1690,terrifier,M,20
D1691,Kev  ,M,20
D1692,Farrah,M,20
D1693,Bugbee,M,20
D1694,Justice Is Coming,M,20
D1695,Jeanne,M,20
D1696,"Brian Brown, Ph.D.",M,20
D1697,Frank White ,M,20
D1698,Hyperbolic Paraboloid,M,20
D1699,Robert Griggs ,M,20
D1700,Arlene A,M,20
D1701,JF Priest,M,20
D1702,James Smith,M,20
D1703,Skylark,M,20
D1704,GOUD Maragani,M,20
D1705,Keith Adams,M,20
D1706,USAPatriotDJK,M,20
D1707,Joshua@Seattle,M,20
D1708,Buck Russell,M,20
D1709,DeathMachine,M,20
D1710,n0surrender50,M,20
D1711,Anna - Never give up. No matter what is going on,M,20
D1712,Charlee,M,20
D1713,Chris Witt,M,20
D1714,Father of 3,M,20
D1715,RobUnapologetic Trump Loyalist,M,20
D1716,Mayor of Offshore Drilling,M,20
D1717,Don,M,20
D1718,Josette,M,20
D1719,Thomas Hurd,M,20
D1720,Led Addiction,M,20
D1721,V.O.G,M,20
D1722,Buck Uncensored,M,20
D1723,Pedian /21M,M,20
D1724,Roy Steele,M,20
D1725,Sharon Watson,M,20
D1726,Jim Weathers,M,20
D1727,Dukesmojo,M,20
D1728,Jessica ,M,20
D1729,SpriteLee1948,M,20
D1730,Hazel Crain,M,20
D1731,Julia,M,20
D1732,Klajd Kapinova,M,20
D1733,J.R.,M,20
D1734,KayArm,M,20
D1735,Bill Vasquez,M,20
D1736,Bob Smith,M,20
D1737,TheBullPuprifle,M,20
D1738,Melody McCoy,M,20
D1739,RicRayReturns,M,20
D1740,Gillian Lacey,M,20
D1741,lifeanalyzerhq,M,20
D1742,roanoke75039,M,20
D1743,Plumbarius Maximus,M,20
D1744,WalkAway Campaign,M,20
D1745,Julie Donakoski,M,20
D1746,Daniel Weber,M,20
D1747, ,M,20
D1748,1776Renewal2024,M,20
D1749,Roy Parker,M,20
D1750,Lord Jesus Christ Have Mercy On Me A Sinner,M,20
D1751,Sgt. Lloyd USMC,M,20
D1752,Barry Allen,M,20
D1753,Mac,M,20
D1754,Maddux Sports,M,20
D1755,RightForceOne,M,20
D1756,Roy Leiby,M,20
D1757,JohnOz1900,M,20
D1758,Sabrina,M,20
D1759,Gabriel,M,20
D1760,Chris Niland,M,20
D1761,jimboM,M,20
D1762,Vince P    but not braindead,M,20
D1763,MikeW4DJT,M,20
D1764,Bill Hay,M,20
D1765,Deb Verla - Register Democrats Save The World ,M,20
D1766,Kathleen C Kiepert,M,20
D1767,Bruna - Tarot ,M,20
D1768,MegaTrumper,M,20
D1769,Marleen Hansen,M,20
D1770,VolatileQueen,M,20
D1771,Big E,M,20
D1772,Ben,M,20
D1773,Heath Pencook,M,20
D1774,Saxon Homesteader,M,20
D1775,Slanted X,M,20
D1776,Spartacus,M,20
D1777,Stan Speer,M,20
D1778,VictoryForTomorrow,M,20
D1779,Ron From NM,M,20
D1780,mcasual,M,20
D1781,LSU-Pi,M,20
D1782,John Creighton,M,20
D1783,Scalia,M,20
D1784,AnneBonnyPirate Democrat,M,20
D1785,Randal Clay,M,20
D1786,wanita osgood,M,20
D1787,Mr Palmero,M,20
D1788,Steve Ferguson,M,20
D1789,Arthur Scott,M,20
D1790,Celty,M,20
D1791,Batman2022,M,20
D1792,Pistol,M,20
D1793,Captain Canuck,M,20
D1794,@YINZERFRED,M,20
D1795,Jane Defecto,M,20
D1796,Nathan X Smith,M,20
D1797,Anthony Wooley,M,20
D1798,Stephen White/ManBearShrink,M,20
D1799,Candice W. MAGA/MAHA/We the People,M,20
D1800,Mike Lamb,M,20
D1801,3Evision ,M,20
D1802,Unclebuck,M,20
D1803,Aziliz Williamson,M,20
D1804,CorvetteChick,M,20
D1805,Will,M,20
D1806,LucyLou Dozarr,M,20
D1807,TJ Fighter4Freedom,M,20
D1808,Cyber Journey,M,20
D1809,AmericaForever,M,20
D1810,Karate Dude,M,20
D1811,Wimpys World,M,20
D1812,Maximus,M,20
D1813,pawpaw eagle eye,M,20
D1814,Wally Gattor,M,20
D1815,Perry Bonney,M,20
D1816,BOBBY,M,20
D1817,Rex a rose,M,20
D1818,Arjun Budial,M,20
D1819,Darth Truth is mad as hell.,M,20
D1820,Vanessa Bryant,M,20
D1821,True Blue Democrat,M,20
D1822,bart,M,20
D1823,PTK,M,20
D1824,Louisville South Florida Sports Fan,M,20
D1825,TWtrading,M,20
D1826,MAGA Mike,M,20
D1827,Noahs Arch ,M,20
D1828,Kathleen Lynn,M,20
D1829,mamafarrell62,M,20
D1830,Don Coyote,M,20
D1831,Carmen Watkins,M,20
D1832,Charlie Richardson,M,20
D1833,LP,M,20
D1834,Claude Taylor,M,20
D1835,george jefferson,M,20
D1836,matthew mills,M,20
D1837,Eli,M,20
D1838,quick steps,M,20
D1839,Jim Leftwich,M,20
D1840,Joan Ronhock,M,20
D1841,arabel,M,20
D1842,Benjamin James,M,20
D1843,Keddy,M,20
D1844,SiouxZQ,M,20
D1845,UpsetLib,M,20
D1846,Jays Jens ,M,20
D1847,Forever Banned,M,20
D1848,Gudjente  ,M,20
D1849,John Molak,M,20
D1850,G R Campbell,M,20
D1851,Armed Kitten,M,20
D1852,CharThrow,M,20
D1853,Jack Georges,M,20
D1854,Carl E. Ferolie,M,20
D1855,Neetu Singh,M,20
D1856,boraboralover,M,20
D1857,IthacanNomad,M,20
D1858,Oliver Clothesoff,M,20
D1859,Fempop,M,20
D1860,dontoverthinkit,M,20
D1861,"Susan  Whitney  E Pluribus Unum Out of Many,One",M,20
D1862,David Stenerson,M,20
D1863,D Jones,M,20
D1864,MansQuadSpot,M,20
D1865,M,M,20
D1866,Jim Kajtoch,M,20
D1867,Brad Magness,M,20
D1868,,M,20
D1869,Richard E. Normous,M,20
D1870,John Brown Democrat,M,20
D1871,Jake Chakko,M,20
D1872,Terry Gremillion,M,20
D1873,cxx113,M,20
D1874,Andrew Lavender,M,20
D1875,Hillary,M,20
D1876,MFCBlake,M,20
D1877,Roger Adams,M,20
D1878,John in PA,M,20
D1879,NoMalarkeyMom ,M,20
D1880,Brad,M,20
D1881,Jay Adams,M,20
D1882,Johnny .s,M,20
D1883,Donna,M,20
D1884,Clyde,M,20
D1885,hal kurys,M,20
D1886,social.democrat,M,20
D1887,The Idiot Immolation Industrial Complex   ,M,20
D1888,Jen Salinas,M,20
D1889,edward,M,20
D1890,Kathy Brock NP,M,20
D1891,YORKIES RULE,M,20
D1892,Daniel R.,M,20
D1893,1776NorsemanUltra MAGA,M,20
D1894,Jon Squires,M,20
D1895,Dr. Ombudsman,M,20
D1896,Grassroots Censorship Tracker,M,20
D1897,Pepperz,M,20
D1898,Unimpressed Buffalo,M,20
D1899,Katekate SDA Kate,M,20
D1900,loriMaga24 ,M,20
D1901,LucyFirSC,M,20
D1902,Ashley Sinclair,M,20
D1903,  ,M,20
D1904,Jerry Conservative 101,M,20
D1905,EverydayisFriday,M,20
D1906,Denan Strong,M,20
D1907,Calib Pratt MD,M,20
D1908,catlike whisper,M,20
D1909,Tim Rippey,M,20
D1910,DwClark MAGAveteran,M,20
D1911,Tony Minn,M,20
D1912,Eric,M,20
D1913,Chris Noblett,M,20
D1914,aire Voltaire d/acc,M,20
D1915,Dave Dear,M,20
D1916,Steve Pello,M,20
D1917,Ex Missionary,M,20
D1918,muskieman ,M,20
D1919,Hunter355212,M,20
D1920,Audrey Barrick,M,20
D1921,Mitchell Jones,M,20
D1922,Demented Rooster,M,20
D1923,Bitcoin is Forever,M,20
D1924,Tommy Sparkzz,M,20
D1925,jb on belair,M,20
D1926,AHumanBeing,M,20
D1927,Scott Smith,M,20
D1928,BiancaMMM YOUTUBE,M,20
D1929,Sam Shiny and Chrome,M,20
D1930,Richard Bachert,M,20
D1931,Yorkie Yippy,M,20
D1932,AmandaMarieBrinkleyBecome A Peace Activist,M,20
D1933,Make the Byzantine Empire Great Again,M,20
D1934,True Crime Utah Glorindellen,M,20
D1935,ttj ,M,20
D1936,mb ,M,20
D1937,Author Adam Bray StarWars,M,20
D1938,BLUNT TRUTH MEDIA 2.0,M,20
D1939,Ruready,M,20
D1940,BostonMom,M,20
D1941,DJTISYOURPRESIDENT,M,20
D1942,Dave Davenport,M,20
D1943,Kelly Bell,M,20
D1944,Believe On Jesus Christ,M,20
D1945,Lori Damico,M,20
D1946,LazloFred,M,20
D1947,Samrat Verma,M,20
D1948,Crypto Wealth,M,20
D1949,Mike Schlinkert,M,20
D1950,DP,M,20
D1951,Mark ,M,20
D1952,Mark Strand,M,20
D1953,Anthony Westerdahl,M,20
D1954,John Thaler,M,20
D1955,Donald Tennessee,M,20
D1956,Joseph Cooley,M,20
D1957,gibby,M,20
D1958,Dr. Lexus,M,20
D1959,rgarrow,M,20
D1960,Rich,M,20
D1961,Travis,M,20
D1962,Benjamin C Helton,M,20
D1963,Mandi Rigma,M,20
D1964,June Jarosz,M,20
D1965,ETR,M,20
D1966,CHICAGO PIXELS,M,20
D1967,Ted Byck,M,20
D1968,Theresa m James,M,20
D1969,Cherish it,M,20
D1970,QuinnArt,M,20
D1971,The Pentagon,M,20
D1972,Bob Williams,M,20
D1973,Ted Peck,M,20
D1974,Phil Bierman - IFBB Pro,M,20
D1975,Based Electrician,M,20
D1976,ProudBoomer2,M,20
D1977,IYKYK,M,20
D1978,Shadow,M,20
D1979,Masshole Conservative,M,20
D1980,Mike Jackson,M,20
D1981,Andrew M.,M,20
D1982,Chief Medical Officer: Starfleet,M,20
D1983,Drunk Randy,M,20
D1984,Johnny,M,20
D1985,African Warlord General Butt Naked,M,20
D1986,Keagnes,M,20
D1987,Michael Gordon,M,20
D1988,The Fluoride Stare,M,20
D1989,Michelle Michelle,M,20
D1990,Clyde Monroe,M,20
D1991,HollyCabot,M,20
D1992,GAgirl1967 is ready for spring ,M,20
D1993,adamawmo,M,20
D1994,Ken Petroff,M,20
D1995,Mufukr,M,20
D1996,"Hillbillylogic, 62 Disruptive",M,20
D1997,JennCantrell1776,M,20
D1998,Stably Bancil,M,20
D1999,Eagle1 ,M,20
D2000,Snoopstopher,M,20
D2001,GrenadesNham,M,20
D2002,Lawrence Richardson,M,20
D2003,John Q. Public ,M,20
D2004,Dr Mcfleuve,M,20
D2005,Debbie Brooks,M,20
D2006,Eric Greedy,M,20
D2007,Zane Lunden,M,20
D2008,GM,M,20
D2009,Sabrina ,M,20
D2010,Chris Haynes,M,20
D2011,Roseann Washburn,M,20
D2012,Adversus Mendaces,M,20
D2013,Dr. Warren,M,20
D2014,America belongs to the native Indians ,M,20
D2015,LZFan,M,20
D2016,2gunMatty,M,20
D2017,Russell King-MAY GOD STAND BETWEEN YOU AND HARM,M,20
D2018,Sunny C,M,20
D2019,Barbara Garro,M,20
D2020,Bobby Hoffman,M,20
D2021,Miranda  ,M,20
D2022,I am DOGE ,M,20
D2023,Opinionated Codger,M,20
D2024,nahte,M,20
D2025,judgenjuryme,M,20
D2026,Dadago ,M,20
D2027,No Jabs,M,20
D2028,cassman,M,20
D2029,iCNDkLCmQkOiMg,M,20
D2030,Rits de Boer,M,20
D2031,Mary SG ,M,20
D2032,Maggie Mae,M,20
D2033,Richard,M,20
D2034,Tim Kenyon,M,20
D2035,Timothy Mote,M,20
D2036,Elizabeth Howard,M,20
D2037,Bill M Darling,M,20
D2038,Myrna ,M,20
D2039,Murray Shaw,M,20
D2040,funky d. monkey,M,20
D2041,Lone Star Democrat,M,20
D2042,FREESPEECHTROLL,M,20
D2043,Defund the Right,M,20
D2044,NicknNora,M,20
D2045,Elizabeth Hoeppner,M,20
D2046,Im done being nice,M,20
D2047,Torin vanLoon,M,20
D2048,April Nicole,M,20
D2049,Matthew Heran,M,20
D2050,Carter Giraffe,M,20
D2051,Citizen,M,20
D2052,BAY RIDGE and BEYOND,M,20
D2053,Photo of John Wayne,M,20
D2054,Globey,M,20
D2055,JD Law,M,20
D2056,Black Not Democrat,M,20
D2057,TDTC hatchet runner,M,20
D2058,Bruce CPA,M,20
D2059,One By One,M,20
D2060,Rebecca Logue,M,20
D2061,Mike - MarketTradersTV,M,20
D2062,Logicandcommonsense,M,20
D2063,Debbie Dingell Stan,M,20
D2064,charles sanchez,M,20
D2065,Norah Duckstein,M,20
D2066,Roger dont argue,M,20
D2067,Aleaiactaestphi,M,20
D2068,Grild Cheez,M,20
D2069,Keith Newkirk,M,20
D2070,dairyofatechsis,M,20
D2071,BlackiChan ,M,20
D2072,ColoradoCaliGurl,M,20
D2073,Bonnie O,M,20
D2074,Jon Prince,M,20
D2075,New Democrat Swede ,M,20
D2076,ColonelMAGAMark,M,20
D2077,Eric S,M,20
D2078,KelMcG,M,20
D2079,Jeffery Deckard,M,20
D2080,livin.on.the.right ,M,20
D2081,Miss Norma Jeane   ,M,20
D2082,El Universal Oaxaca,M,20
D2083,Mooses mom,M,20
D2084,Stephen Clayton Jr ,M,20
D2085,Mike R.,M,20
D2086,Tony @MBTA is a dumpster fire,M,20
D2087,Lesley Blackner,M,20
D2088,Edisto Bob,M,20
D2089,Cattywampus ,M,20
D2090,Brock Friedman,M,20
D2091,aya SAW GUESS W BILLIE N CHARLI,M,20
D2092,JP,M,20
D2093,John Val John ,M,20
D2094,Boss Man,M,20
D2095,Nicholas Krogen,M,20
D2096,ACT For America,M,20
D2097,mcdili4usa,M,20
D2098,Angie,M,20
D2099,Juleskarr,M,20
D2100,Justme23,M,20
D2101,Jackary Zacobson,M,20
D2102,Nutmegger,M,20
D2103,The Afghan-American Foundation,M,20
D2104,James Pepper,M,20
D2105,Don  mckelvey,M,20
D2106,Ice Princess,M,20
D2107,CryptoBit ,M,20
D2108,The Trigger Master ,M,20
D2109,Skam Coin,M,20
D2110,"Vote Biden to save our democracy,our Freedoms",M,20
D2111,Robin Messing,M,20
D2112,Fair Deal Dan,M,20
D2113,Paul Riehle  Memecoin,M,20
D2114,cal,M,20
D2115,ninaworldnews,M,20
D2116,Kirsten Holm,M,20
D2117,Rich Schmitt,M,20
D2118,Veritas Aequitas,M,20
D2119,TinaMarie747,M,20
D2120,CNYCitizens,M,20
D2121,Will65438,M,20
D2122,Coming Home Coalition,M,20
D2123,chaos - self ordained Pastor,M,20
D2124,Jim Oates,M,20
D2125,Bella,M,20
D2126,Scott,M,20
D2127,Greta Biden,M,20
D2128,Mojo the Awkward,M,20
D2129,Lou Dauria,M,20
D2130,zionistsgo2hell,M,20
D2131,Johnny Johnston,M,20
D2132,Alberto de la Cruz,M,20
D2133,Representative of Family Values,M,20
D2134,Robert F. Kennedy Jr,M,20
D2135,DudeDandy ,M,20
D2136,Kurt Friel,M,20
D2137,KilroyJC ,M,20
D2138,Duane Gettis,M,20
D2139,Steve Larson,M,20
D2140,Zeev Mishpacha bat Bonds Wolf    ,M,20
D2141,Juan P Fernandez,M,20
D2142,niloc1406195 Colin President Elect ,M,20
D2143,NathanJacoby,M,20
D2144,Caroline clarke,M,20
D2145,Ignis Rex,M,20
D2146,VillaNoma ,M,20
D2147,Jaded Pitbull,M,20
D2148,True Blue Patriot   ,M,20
D2149,Heather Leisure ,M,20
D2150,Hakim,M,20
D2151,Gol,M,20
D2152,Heritage08,M,20
D2153,OldMoney,M,20
D2154,DeborahCyr1,M,20
D2155,GretaUSA,M,20
D2156,Rick White,M,20
D2157,Common Sense,M,20
D2158,Rockie Watts,M,20
D2159,George Hubbs,M,20
D2160,Sofldoc,M,20
D2161,Aketch,M,20
D2162,Biff the Blogger,M,20
D2163,Marcela Rivas,M,20
D2164,Reese Erick Forbes,M,20
D2165,Efrain Corales,M,20
D2166,Handy,M,20
D2167,Witchy Woman,M,20
D2168,Jose Martinez,M,20
D2169,Ronnie Brown,M,20
D2170,TheFun Shackwars,M,20
D2171,Dems ruined us,M,20
D2172,Michael Hamm,M,20
D2173,,M,20
D2174,Ghostofwatanabe,M,20
D2175,Liz Whitmer Gereghty @lizwg.bsky.social,M,20
D2176,Smoogally,M,20
D2177,New England Laurie,M,20
D2178,Anti-Factionalism Caucus,M,20
D2179,Armando Bennett,M,20
D2180,Texan,M,20
D2181,JoySeaLife,M,20
D2182,Elizabeth Not Aspiring to be Humble Blumberg ,M,20
D2183,Micah Toole,M,20
D2184,Brian Rundle  ,M,20
D2185,Z@k,M,20
D2186,Hazel Eyes,M,20
D2187,Scott Funkhouser,M,20
D2188,Andrew Le Quesne,M,20
D2189,Joe Gaeta,M,20
D2190,FSLN Cls Nicaragua,M,20
D2191,bobby Gene,M,20
D2192,Igotquestions,M,20
D2193,The Libertarian,M,20
D2194,Mary Jane Bryksa,M,20
D2195,Edward Fowler,M,20
D2196,KrisNightmare,M,20
D2197,Not so TIRED AMERICAN,M,20
D2198,Paul Danner,M,20
D2199,Jeff Shinn,M,20
D2200,Tony Longhurst,M,20
D2201,Susan774,M,20
D2202,Sarcastic Prodigy,M,20
D2203,Nancykdavis,M,20
D2204,Rabbi Isaac Jeret,M,20
D2205,Raymond Willis,M,20
D2206,Ros,M,20
D2207,B. McEwen,M,20
D2208,American Warrior for Christ,M,20
D2209,Alex Liaptchev,M,20
D2210,Suzanne,M,20
D2211,Maracuya,M,20
D2212,Julie Sargent,M,20
D2213,Mike from PA,M,20
D2214,Heavymetal,M,20
D2215,Spendola,M,20
D2216,SvC Chaos Ryu,M,20
D2217,DouM Dumas FUN,M,20
D2218,your dad,M,20
D2219,wakeupUSA,M,20
D2220,Michael Brock,M,20
D2221,something witty,M,20
D2222,L.A ,M,20
D2223,Cali Birch,M,20
D2224,Remember the Biden 13,M,20
D2225,MRofAF,M,20
D2226,Joe Biden,M,20
D2227,Hotnickels,M,20
D2228,Cetrero,M,20
D2229,df8484,M,20
D2230,Ike Evans,M,20
D2231,stopscamcoins,M,20
D2232,Dawn Reese,M,20
D2233,Don Giovanni,M,20
D2234,BOOKS OUR PASSION,M,20
D2235,BestisYettoCome,M,20
D2236,Richard Smit ,M,20
D2237,Matthew Bosies,M,20
D2238,john basile,M,20
D2239,Heath Humble,M,20
D2240,Cory Moore,M,20
D2241,ed sullivan,M,20
D2242,Trussia,M,20
D2243,Jakob C ,M,20
D2244,"Im not a smart man, but...",M,20
D2245,Paul Hilder,M,20
D2246,chuck,M,20
D2247,Darlyn215,M,20
D2248,  ws  Indigenous LandBack,M,20
D2249,Oscar Roberts,M,20
D2250,James Vincent,M,20
D2251,Nancy from Oregon,M,20
D2252,Bill Urtel,M,20
D2253,Freedom of Speech Guy,M,20
D2254,Ray Spain,M,20
D2255,Trump Mainstream President.,M,20
D2256,StewMama- Radically Moderate,M,20
D2257,Hotsoup,M,20
D2258,Kirk Saffer,M,20
D2259,Wirra,M,20
D2260,Welder1075,M,20
D2261,Debbie ,M,20
D2262,mark8989,M,20
D2263,FirstLadyGOP ,M,20
D2264,Itt pronouns it and that,M,20
D2265,matt mittens,M,20
D2266,Nick Adams,M,20
D2267,harley,M,20
D2268,michelle,M,20
D2269,Angie Blackburn  ,M,20
D2270,Eagles Dynasty,M,20
D2271,hurdur ,M,20
D2272,Hugh Berenger,M,20
D2273,Doug  ,M,20
D2274,Vctor Eduardo Muante Gutirrez,M,20
D2275, BobTalk,M,20
D2276,KeithH,M,20
D2277,Harris Voters Owe Us Reparations,M,20
D2278,the Sain,M,20
D2279,Wordpecker,M,20
D2280,America needs borders,M,20
D2281,Jim Bigelow,M,20
D2282,Red Six Standing By buzz-off/weirdo,M,20
D2283,AMPP,M,20
D2284,Susan,M,20
D2285,Laura Austin,M,20
D2286,CLL Daisy ,M,20
D2287,Present Tense,M,20
D2288,"Whats a name, anyways",M,20
D2289,Heston meier,M,20
D2290,Holly,M,20
D2291,Blackstone,M,20
D2292,Jas Rugbo,M,20
D2293,BobBrown,M,20
D2294,mandala,M,20
D2295,Cindy Kryk,M,20
D2296,Dexter,M,20
D2297,The ED,M,20
D2298,Keith Moehring,M,20
D2299,Abby Taylor,M,20
D2300,Marly Z Jurado,M,20
D2301,blockbuster von doosh,M,20
D2302,SSant66 ,M,20
D2303,PropToppers,M,20
D2304,Morgen Dietrich,M,20
D2305,AIC Foundation,M,20
D2306,Huncle,M,20
D2307,TheXFactor,M,20
D2308,Gloria Forrester Lucioni,M,20
D2309,Gerald Brown,M,20
D2310,Brent Smith,M,20
D2311,Jas1245,M,20
D2312,TammyB,M,20
D2313,Christie,M,20
D2314,lisamarie,M,20
D2315,Kevin Finley,M,20
D2316,JRS,M,20
D2317,J,M,20
D2318,N8,M,20
D2319,Michele Goess,M,20
D2320,Drew,M,20
D2321,Birrion ,M,20
D2322,Kendo  ,M,20
D2323,Isaac Gonzales,M,20
D2324,Yoly,M,20
D2325,JovanHuttonPulitzer    ,M,20
D2326,Jacob Barie,M,20
D2327,FutureFred ,M,20
D2328,John Hulse,M,20
D2329,dennis Grippi,M,20
D2330,John Hamblin,M,20
D2331,Infinite ,M,20
D2332,anna1973,M,20
D2333,Transplant MD PhD,M,20
D2334,maroon66,M,20
D2335,Michael,M,20
D2336,Deplorable Fighter,M,20
D2337,Paul Gauthier,M,20
D2338,Circe,M,20
D2339,Deplorable Joe Deal,M,20
D2340,Mama Orrico,M,20
D2341,Joe Macinnis,M,20
D2342,LadykarB,M,20
D2343,freedom,M,20
D2344,David Fitzpatrick ,M,20
D2345,steak/fajitapronounced vegeta,M,20
D2346,Patricia M8,M,20
D2347,CharlesinCT,M,20
D2348,Suya Wang,M,20
D2349,Dro Biden,M,20
D2350,Jay Starling,M,20
D2351,cujo,M,20
D2352,The Sass AKA Emelda,M,20
D2353,Manny,M,20
D2354,Gaterdawg,M,20
D2355,Maximus D. Meridius,M,20
D2356,gaijingirl2004 Bronx Leftist/Green.  ,M,20
D2357,Nuggie,M,20
D2358, Robespierres Ghost Lin Biao ,M,20
D2359,Mamo Hatch,M,20
D2360,Trevis Farthing,M,20
D2361,2StarP,M,20
D2362,bobby v,M,20
D2363,Malena-PRO-CHOICEFighting Tyranny,M,20
D2364,All-American Okie,M,20
D2365,Owl Man,M,20
D2366,Vote Blue ,M,20
D2367,Pedro L. Gonzalez,M,20
D2368,LightofLife,M,20
D2369,Baruch BenGershonh,M,20
D2370,Marina Sapir,M,20
D2371,Ned Livingstone,M,20
D2372,Ilturos,M,20
D2373,Chris D. Jackson,M,20
D2374,Liliane colburn,M,20
D2375,michelle wrathell,M,20
D2376,Mikes Random Thoughts,M,20
D2377,Louis Hooffstetter,M,20
D2378,Max D. Wheeler,M,20
D2379,The Gozerian,M,20
D2380,HBBruce,M,20
D2381,Edgar,M,20
D2382,Alvon Phillips,M,20
D2383,SV 108,M,20
D2384,judy morris,M,20
D2385,Dr Ellen RipleyFDJT 1619 DC51,M,20
D2386,Sharp,M,20
D2387,Release It Media Group,M,20
D2388,JohnnyOnTheSpot,M,20
D2389,DigitalSass,M,20
D2390,Adequacity,M,20
D2391,silvia labarre,M,20
D2392,John Lindsey,M,20
D2393,Inconceivable Media,M,20
D2394,Bedrock,M,20
D2395,Dennis Lyttle,M,20
D2396,JoeLoftus,M,20
D2397,Man in the Middle,M,20
D2398,Danielle,M,20
D2399,AlphaFem,M,20
D2400,BG - CEO,M,20
D2401,Joey Garrison,M,20
D2402,Carmine43,M,20
D2403,katwilliams,M,20
D2404,Knight13,M,20
D2405,Gentry Gevers,M,20
D2406, ,M,20
D2407,Daniel Overby,M,20
D2408,Jason Barker The Bold City Saint ,M,20
D2409,TG1Democracy,M,20
D2410,Erin Luck,M,20
D2411,alle,M,20
D2412,Jay,M,20
D2413,Jeff H Reynolds - Outspoken Texas Conservative,M,20
D2414,Logic,M,20
D2415,Martin,M,20
D2416,"Cinnamon Bun ,",M,20
D2417,Reboot Seattle,M,20
D2418,AndyAnderson,M,20
D2419,Its a struggle,M,20
D2420,Biden lost,M,20
D2421,Barbara,M,20
D2422,Bruh stevens,M,20
D2423,Provost Atticus,M,20
D2424,BlzLkEm,M,20
D2425,Old Pelican,M,20
D2426,LilHumansBigImpact,M,20
D2427,Easton Macias,M,20
D2428,,M,20
D2429,The Midnight King,M,20
D2430,Heather PS ,M,20
D2431,Luna Toogie,M,20
D2432,Marla Hohner,M,20
D2433,Dug,M,20
D2434,Todd Johnson,M,20
D2435,1.0 American/Man,M,20
D2436,Chad Steele,M,20
D2437,David Barker,M,20
D2438,Matt Morris,M,20
D2439,Eric Whitaker,M,20
D2440,Mack,M,20
D2441,Hardworker,M,20
D2442,MrToad28,M,20
D2443,Sam  basic subscriber badge,M,20
D2444,phibee,M,20
D2445,U. S. Patriotic Persistence,M,20
D2446,Got milk 60,M,20
D2447,JHunter,M,20
D2448,Boxing Pro ,M,20
D2449,Eric Wnuck,M,20
D2450,Oakland Niner ,M,20
D2451,"For God, Family  Country ",M,20
D2452,Mark Knoller,M,20
D2453,FHarrison,M,20
D2454,Debbie ,M,20
D2455,Miss Marjorie,M,20
D2456,Steve Hart,M,20
D2457,Andy Puzder,M,20
D2458,Michael Nicholas,M,20
D2459,Charlie @ Hellraiser,M,20
D2460,TheogeGlory,M,20
D2461,Roodoc74nohate,M,20
D2462,RedPill,M,20
D2463,Jason the commenter,M,20
D2464,Djm21,M,20
D2465,Gilgamech,M,20
D2466,Eddy Leger,M,20
D2467,Reason,M,20
D2468,Jonny Wu,M,20
D2469,PSU7893,M,20
D2470,johnnyMac,M,20
D2471,Pecan Mouton,M,20
D2472,Friend of Mighty,M,20
D2473,Chris Evans,M,20
D2474,Arrow Smith,M,20
D2475,Van,M,20
D2476,Anne Garrett,M,20
D2477,isaac ike standifi,M,20
D2478, ,M,20
D2479,le slick,M,20
D2480,Raised Right,M,20
D2481,Jay Stone,M,20
D2482,Sherry Touchton,M,20
D2483,I,M,20
D2484,"The man with no name, Jim Owens",M,20
D2485,sherri sue,M,20
D2486,K ,M,20
D2487,Bella Anima,M,20
D2488,Lorne Chadwell,M,20
D2489,Horizon Qubec Actuel,M,20
D2490,tc11228,M,20
D2491,Michael Evans,M,20
D2492,IAO,M,20
D2493,Bidens Ukrainian Pension Fund. ,M,20
D2494,ALEJANDRO OLMOS,M,20
D2495,C O A C H ,M,20
D2496,Sigma Mindset M,M,20
D2497,Jessica Zimmer,M,20
D2498,Luke MD,M,20
D2499,MD,M,20
D2500,Lorrie Ann ,M,20
D2501,America First Conservative,M,20
D2502,Craig Shipp,M,20
D2503,EyesWideOpen,M,20
D2504,Ike Brannon,M,20
D2505,Angelo Manoel,M,20
D2506,Librepenseur,M,20
D2507,Eric J,M,20
D2508,Smart ,M,20
D2509,Anti trust laws,M,20
D2510,,M,20
D2511,,M,20
D2512,Diane P,M,20
D2513,Steve Vitoff,M,20
D2514,ABC 7 Chicago,M,20
D2515,Bizarre,M,20
D2516,Dan Ray ,M,20
D2517,Hobson MCCain Jr.,M,20
D2518,MamawV,M,20
D2519,M Brace,M,20
D2520,ForTrump2024,M,20
D2521,MattB,M,20
D2522,Karen  ,M,20
D2523,Matt Kelley,M,20
D2524,Leilani Athenaire,M,20
D2525,,M,20
D2526,awakenedgoy,M,20
D2527,ann,M,20
D2528,Count Chokulah,M,20
D2529,Krusty Gnome ,M,20
D2530,Aristocles,M,20
D2531,The Chosen One,M,20
D2532,Eugene Godepski,M,20
D2533,Sean OConnor,M,20
D2534, Tony. M. Weaver ,M,20
D2535,Ron,M,20
D2536,Cowabunga flavor,M,20
D2537,trab,M,20
D2538,THETRUTHREAPER,M,20
D2539,How Hard Is It To Answer,M,20
D2540,Queen Chimerazilla  ,M,20
D2541,William Doughty,M,20
D2542,JUSTABADCAT justabadcat.bsky.socia ,M,20
D2543,ufologically Smug,M,20
D2544,justin williams,M,20
D2545,William Meier,M,20
D2546,BeforeWeWereEuropean,M,20
D2547,First Words,M,20
D2548,Filly Nelson,M,20
D2549,Anne Arbor,M,20
D2550,William,M,20
D2551,Nature Boy,M,20
D2552,PunchUpPod,M,20
D2553,Andrea Rowe,M,20
D2554,Lex Concord,M,20
D2555,@t363,M,20
D2556,KadaCombs,M,20
D2557,Michael Jones,M,20
D2558,MiG8420,M,20
D2559,Patriot,M,20
D2560,JOSH DUNLAP,M,20
D2561,KScores,M,20
D2562,Political Critic,M,20
D2563,Ellen,M,20
D2564,Craig Wilson,M,20
D2565,zippy ,M,20
D2566,Nancy Linta,M,20
D2567,David Gray,M,20
D2568,Fundador ,M,20
D2569,Matthew     ,M,20
D2570,Peter Kindel  ,M,20
D2571,Clint Johnson,M,20
D2572,Pam ,M,20
D2573,Quds Media Network,M,20
D2574,mwurst,M,20
D2575,ANABA,M,20
D2576,Cypress,M,20
D2577,Cleo endgenocide ,M,20
D2578,Blunko,M,20
D2579,Vaxxed 6fold Academies of 24fold Exhi8ited 8largus,M,20
D2580,MermaidMoose,M,20
D2581,John Hunt,M,20
D2582,Newman,M,20
D2583,Terie Milburn,M,20
D2584,Val,M,20
D2585,For the love of the game. ,M,20
D2586,Thomas K. Bullock,M,20
D2587,@John Fortune,M,20
D2588,Jo Hamann,M,20
D2589,whiteaglesoring,M,20
D2590,mary ,M,20
D2591,Wunderlust2222,M,20
D2592,Lisa Baker Graas ,M,20
D2593,Mickey M.,M,20
D2594,Chili Dog,M,20
D2595,Kevin Gorman,M,20
D2596,Nick,M,20
D2597,debschlagheck,M,20
D2598,5GenTexanRepublic of Texas TEXIT,M,20
D2599,slyweazal,M,20
D2600,Brett Rasdall,M,20
D2601,The Narrative,M,20
D2602,amanslaughter,M,20
D2603,Jewls ,M,20
D2604,Farooq,M,20
D2605,MichaelW ,M,20
D2606,Laura Ingraham,M,20
D2607,Lauren,M,20
D2608,"Richard, Scary",M,20
D2609,Linda Hoch,M,20
D2610,bradley,M,20
D2611,HelenK,M,20
D2612,333ofHearts   ,M,20
D2613,PJ ,M,20
D2614,Integrity,M,20
D2615,Enrico K.,M,20
D2616,Joni,M,20
D2617,Shandala65,M,20
D2618,Chris Tucker,M,20
D2619,alaskaborn907,M,20
D2620,Bonnie Reynolds,M,20
D2621,wek,M,20
D2622,Kramer ,M,20
D2623,Ben Bottomley,M,20
D2624,T ,M,20
D2625,ColoradoJet,M,20
D2626,Bryan Bernicky ,M,20
D2627,B Hodge,M,20
D2628,Asian Voice For TRUMP,M,20
D2629,DDCCTXGIRL,M,20
D2630,Phyllis,M,20
D2631,BullCityBoi80,M,20
D2632,Pranab Prakhar ,M,20
D2633,Marco,M,20
D2634,Twila Cade,M,20
D2635,Ramona Arizona,M,20
D2636,Jim Kata,M,20
D2637,tienne Fortin-Gauthier,M,20
D2638,Brooklyn,M,20
D2639,The twitch,M,20
D2640,Trump Is A Genius,M,20
D2641,anonimobits,M,20
D2642,Crazy Chevys Tiny Shop,M,20
D2643,Gonzalo Agustin Fernandez de Azcarate,M,20
D2644,Childless Cat Lady too ,M,20
D2645,Aria D ,M,20
D2646,Wise Squirrel,M,20
D2647,My Two Cents,M,20
D2648,MAGS,M,20
D2649,CTV News,M,20
D2650,Alford Williams,M,20
D2651,Jon,M,20
D2652,W Poitier,M,20
D2653,Shelley ,M,20
D2654,friluftsliv,M,20
D2655,"Clumsy Ninja  ,  ",M,20
D2656,Scarcely Saved,M,20
D2657,CivilDiscourseNY,M,20
D2658,Robert Dienert,M,20
D2659,Mama Coconut,M,20
D2660,Catherine Runnals,M,20
D2661,Douggie Jones,M,20
D2662,Jessica Stamper,M,20
D2663,CharlieCroker,M,20
D2664,R.G.O.,M,20
D2665,Tony A. Phyrillas,M,20
D2666,Hammy ,M,20
D2667,PC Tunney,M,20
D2668,Holly ,M,20
D2669,Kevoshmevo Ny,M,20
D2670,Cb Feagin,M,20
D2671,Beverly,M,20
D2672,SomeDadGaming,M,20
D2673,Jjule85 Azzuro,M,20
D2674,The Press-Enterprise,M,20
D2675,Vicki Mainard ,M,20
D2676,QWERTYUIOP,M,20
D2677,KrazInAz,M,20
D2678,Trabajo Para Me,M,20
D2679,Mike E Boy Italiano ,M,20
D2680,The Tribal Turtle,M,20
D2681,Kootenay Bob,M,20
D2682,kay martinez,M,20
D2683,Five Alarm Fire with Sam Darko,M,20
D2684,Jewish News Syndicate,M,20
D2685,Paul Sarratori,M,20
D2686,Jessica Vaugn,M,20
D2687,Phoebe Black,M,20
D2688,Tonys12278,M,20
D2689,Salem Lee Jakes ,M,20
D2690,Supreme Garaad JR.,M,20
D2691,Derek Ho,M,20
D2692,Blake Ruane,M,20
D2693,Chipmaster69,M,20
D2694,Terry Constanti,M,20
D2695,@norootcause.surfingcomplexity.com on Bluesky,M,20
D2696,DClevFTW,M,20
D2697,Blobby Jones,M,20
D2698,Missileman,M,20
D2699, ,M,20
D2700,SilenzeDewgud,M,20
D2701,RandomHappyAmerican,M,20
D2702,SRMichael,M,20
D2703,MaryWV,M,20
D2704,CP3O,M,20
D2705,B36Peacemaker,M,20
D2706,  Wiffleball Tony ,M,20
D2707,Cmoney,M,20
D2708,T Pow,M,20
D2709,TheeogeCtcher,M,20
D2710,ModeratesNeedToRunTheUS,M,20
D2711,"BSN, AHA",M,20
D2712,Carolyn Weltman ,M,20
D2713,Johnnygunower,M,20
D2714,love the truth,M,20
D2715,Joe Nosef ,M,20
D2716,ComonBEhappy70,M,20
D2717,Brett Laird Francis Doyle MCS,M,20
D2718,Skimp Shrampi,M,20
D2719,Bosch Fawstin,M,20
D2720,"Max, the Tariffer",M,20
D2721,anne,M,20
D2722,genZRNazis,M,20
D2723,CK19,M,20
D2724,NightOwl,M,20
D2725,ActivistHistoryTeach,M,20
D2726,Critical Thinker,M,20
D2727,Clustering,M,20
D2728,Comfrey Pond,M,20
D2729,Patriot Grandma/Diane Davis,M,20
D2730,Pretendisent Benedict Biden,M,20
D2731,Joey Rogers,M,20
D2732,RIP,M,20
D2733,Sandra k Burnette ,M,20
D2734,WeAreBetterThanThis,M,20
D2735,Whitney Morgan,M,20
D2736,Joe Walker,M,20
D2737,Dr. Alan Blotcky,M,20
D2738,Philistia,M,20
D2739,Craven Morehead,M,20
D2740,BLCKDGRD,M,20
D2741,Dawud Ibn Adham,M,20
D2742,Roberto,M,20
D2743,Peter Dousma,M,20
D2744,Allan,M,20
D2745,The Greatest Showman,M,20
D2746,David Blinn,M,20
D2747,Johnny D,M,20
D2748,1980s Fan,M,20
D2749,Anna Sucin,M,20
D2750,Dale Faulkner,M,20
D2751,phuong Tran,M,20
D2752,JC Craze,M,20
D2753,S J Pratt,M,20
D2754,RV Veegetaz,M,20
D2755,DrJEL,M,20
D2756,M A,M,20
D2757,m - Pirate Princess,M,20
D2758,Tintin,M,20
D2759,Expert - The Games The Game,M,20
D2760,John kanklepants,M,20
D2761,Nobody,M,20
D2762,William Goldrick,M,20
D2763,Andrew Ross,M,20
D2764,London,M,20
D2765,Antoinette,M,20
D2766,Bulesoak Faseonek,M,20
D2767,Tim Corio,M,20
D2768,Michael Binder,M,20
D2769,Ben Jiles,M,20
D2770,Derek OShea,M,20
D2771,QuadosCorner2,M,20
D2772,minimals,M,20
D2773,Bourgeois Bogan,M,20
D2774,Comrade-Idan PstIdan D Vawulence Obidient.,M,20
D2775,Doug Beebe,M,20
D2776,Derek,M,20
D2777,MommaKnowsBest,M,20
D2778,DRTinnon,M,20
D2779,Real JD Vance,M,20
D2780,Apenas um Patriota,M,20
D2781,Rj,M,20
D2782,Ice Queen,M,20
D2783,Newstalk ZB,M,20
D2784,CompassionateCurmudgeon,M,20
D2785,"Paul Hundred, GED",M,20
D2786,LostTrigger,M,20
D2787,Rob,M,20
D2788,"President Biden, I already miss you ",M,20
D2789,Nancy DiGiacomo ,M,20
D2790,Duke Lacrosse,M,20
D2791,Alireza Tehrani,M,20
D2792,all 4 love,M,20
D2793,The big throwaway,M,20
D2794,Godsmack66,M,20
D2795,LDS56,M,20
D2796,Jack Suwinski Truther,M,20
D2797,LiliB,M,20
D2798,Dennis Lish,M,20
D2799,Kamau,M,20
D2800,Tony Cooper,M,20
D2801,Kenneth McLean,M,20
D2802,Anne Tootill,M,20
D2803,Dawn,M,20
D2804,Alex Barnett,M,20
D2805,Dave Allen,M,20
D2806,Nancy Camel,M,20
D2807,Woz,M,20
D2808,ChrispyMAGA,M,20
D2809,Sam Chaser,M,20
D2810,Merlene Peay,M,20
D2811,Dancin Dave,M,20
D2812,Warpenwar,M,20
D2813,Tim Sorenson,M,20
D2814,Luke Hatcher,M,20
D2815,Robert Kos,M,20
D2816,Lisa P71,M,20
D2817,Avantigirl64,M,20
D2818,Ralph PIlossoph,M,20
D2819,BEBERU BIDEN,M,20
D2820,Lisa Ackels,M,20
D2821,"Pedal to the metal till you see God, then brake",M,20
D2822,reddawnwolverene,M,20
D2823,Enzo Pontrelli,M,20
D2824,royalty,M,20
D2825,Mason22531,M,20
D2826,THEE MOST HUMBLE PODCAST,M,20
D2827,judgepete81,M,20
D2828,Warwick Warwickian,M,20
D2829,Compassionate Contrarian,M,20
D2830,Hunnilaurette,M,20
D2831,Professor X 1111,M,20
D2832,K. Faber,M,20
D2833,Bidens Top Resistor,M,20
D2834,Biden Is Not My President,M,20
D2835,Christine The Queen ,M,20
D2836,Hunter L Wood,M,20
D2837,DownholeExpert,M,20
D2838,Australian Talk,M,20
D2839,Poder360,M,20
D2840,Tim Rich,M,20
D2841,RicHARD WOlfE,M,20
D2842,Richard Stone,M,20
D2843,Diablo Blanca,M,20
D2844,Joe Foster,M,20
D2845,Henry Deckard ,M,20
D2846,Deisler,M,20
D2847,Ari Greve,M,20
D2848,PacoFuentes74,M,20
D2849,Clara Murzynski,M,20
D2850,MadLol,M,20
D2851,Edisio,M,20
D2852,Tasty Morsel,M,20
D2853,AFGCM Recipient Dave 370H55V,M,20
D2854,LS2Freedom  We did it  Let freedom ring ,M,20
D2855,Constitutionalist America First,M,20
D2856,jermaine jones,M,20
D2857,Evan Dyer,M,20
D2858,Mary Alvarez,M,20
D2859,DW007,M,20
D2860,Joseph Schwartz,M,20
D2861,Paul Scannella,M,20
D2862,Touissant,M,20
D2863,Diane L-S,M,20
D2864,Marla,M,20
D2865,Dirk Diggler,M,20
D2866,DionAnthonyMusic,M,20
D2867,CyberPatriot,M,20
D2868,I aint no circle back girl,M,20
D2869,Jper,M,20
D2870,Nmade Geek,M,20
D2871,Krishnan Chittur,M,20
D2872,Daniel Friedman,M,20
D2873,Leeeeee27,M,20
D2874,Nehemia Gershuni-Aylho  ,M,20
D2875,AliceinOH,M,20
D2876,Desertgramma,M,20
D2877,Another Sheepdawg from Georgia,M,20
D2878,Lia,M,20
D2879,Bob R,M,20
D2880,warbling.dorado,M,20
D2881,Jim neitzke,M,20
D2882,IMSeekingtruths,M,20
D2883,CK,M,20
D2884,tcsimon,M,20
D2885,Jared,M,20
D2886,jgiambr,M,20
D2887, Ryan ,M,20
D2888,Ryan Reacts,M,20
D2889,Laera3,M,20
D2890,Rodney Colgin,M,20
D2891,Woke Amnesia,M,20
D2892,David Fuchs,M,20
D2893,rhino,M,20
D2894,MARK WILLIAM WALKER,M,20
D2895,Ginger Havel,M,20
D2896,DemandJustice2024,M,20
D2897,Dennis Lonergan,M,20
D2898,Metacore GX,M,20
D2899,Missy,M,20
D2900,Doug Holum convicted felon,M,20
D2901,Ratatoskr,M,20
D2902,Brian Morris,M,20
D2903,Diana Bell,M,20
D2904,Agerico De Villa,M,20
D2905,Shane Wheeler,M,20
D2906,Mike Busby,M,20
D2907,MadMike1324,M,20
D2908,Carmen de Wilker,M,20
D2909,The Coffee Drinker,M,20
D2910,My 1st Amendment Podcast,M,20
D2911,Mark Changizi,M,20
D2912,Reporte Ya,M,20
D2913,GURU,M,20
D2914,Christena again,M,20
D2915,MAGA Mark,M,20
D2916,James Ilges,M,20
D2917,Amanhasnoname,M,20
D2918,hh,M,20
D2919,The Real Slim Skagmacker ,M,20
D2920,sandra briggs,M,20
D2921,Great is our God,M,20
D2922,K D,M,20
D2923,RealNotimportant,M,20
D2924,MSG,M,20
D2925,CEOliha,M,20
D2926,Bratrick Mian Pooney,M,20
D2927,Billy Banger,M,20
D2928,Melody,M,20
D2929,Clementine,M,20
D2930,Terri hudson lenoir,M,20
D2931,TrudyKing1492,M,20
D2932,Dianna,M,20
D2933,jdkiff,M,20
D2934,DB,M,20
D2935,Reese Pond,M,20
D2936,GenXAF,M,20
D2937,Mister Bob the Tomato,M,20
D2938,TexasGirl45,M,20
D2939,James Robinson,M,20
D2940,Deborah Williams,M,20
D2941,"Political Tweets -January 20,2021- President Biden",M,20
D2942,Cinderella Lightfoot,M,20
D2943,Pamela,M,20
D2944,The Conversation - Australia  New Zealand,M,20
D2945,Sebster,M,20
D2946,Harris Walz Radical Left Team,M,20
D2947,cindy carter,M,20
D2948,Dan Grossell,M,20
D2949,lhrnr001,M,20
D2950,Anthony Accardi,M,20
D2951,Abdul-Jabbar ibn Yusuf ibn Omar ibn Abdul Karim,M,20
D2952,TodaysLdrforTomorrow,M,20
D2953,Eric Amaral,M,20
D2954,howdy7878,M,20
D2955,Jesse,M,20
D2956,Pimpy the shrimpy,M,20
D2957,Joseph Mings,M,20
D2958,Vincent,M,20
D2959,Mass mailed ballots are fraud.,M,20
D2960,Connie Hale,M,20
D2961,Nicholas Langille,M,20
D2962,Pop Culture Political Junkie He/Him ,M,20
D2963,Tweety Bird,M,20
D2964,We DOGEd a Bullet @Annieoldenough,M,20
D2965,Meme Biden Parody,M,20
D2966,Stevenson,M,20
D2967,BILL LEMOCKS,M,20
D2968,Keysdweller,M,20
D2969,Glenn O. Rutherford,M,20
D2970,The Conservative M. D. ,M,20
D2971,applebees 2 for 26,M,20
D2972,platinum sombrero,M,20
D2973,Sunflower,M,20
D2974, fuck trump fuck biden too ,M,20
D2975,Trae A Not So Gentle Reader,M,20
D2976,Dakotarose,M,20
D2977,Tami M ,M,20
D2978,Paul,M,20
D2979,Mikes for Liberty,M,20
D2980,Wvng,M,20
D2981,BrindusaB,M,20
D2982,Kamala Harris  Joe Biden Parody,M,20
D2983,Mark Dobler,M,20
D2984,CanCanGirls Stepmom ,M,20
D2985,Jeffrey James,M,20
D2986,Worse POTUS is Biden,M,20
D2987,Ed Greenberger,M,20
D2988,Truth Ninja,M,20
D2989,P.J.I.AM.HIM.,M,20
D2990,Carol Parham,M,20
D2991,Sean Ely,M,20
D2992,karmaNdharmam,M,20
D2993,MichaelDRudolphstandswithIsrael,M,20
D2994,Gerard Frique,M,20
D2995,William CM,M,20
D2996,"S. Picard, MAGA , FAFO",M,20
D2997,Freedom On Fire,M,20
D2998,D.Y,M,20
D2999,Veggie Dave,M,20
D3000,Washington Times Sports,M,20
D3001,Kadive,M,20
D3002,Somebody,M,20
D3003,Denny Saverance,M,20
D3004,Renee  ,M,20
D3005,BillAlphonso,M,20
D3006,Melody Burgess,M,20
D3007,Sharon McLean,M,20
D3008,Tom Currie,M,20
D3009,hmmm889,M,20
D3010,R Neidermyer,M,20
D3011,Kyle Powers,M,20
D3012,Maria C Justo,M,20
D3013,Captain Chillax,M,20
D3014,Estefana Durn,M,20
D3015,Suzanne Arundale,M,20
D3016,John Wolf,M,20
D3017,George W. Heywood Jr.,M,20
D3018,Joan of Snarc ,M,20
D3019,illusionist recall,M,20
D3020,,M,20
D3021,- Sam -,M,20
D3022,"Micolash, Host of the Nightmare",M,20
D3023,phylum sinter,M,20
D3024,Angela Walker,M,20
D3025,Bruce Duck,M,20
D3026,McGarnagle,M,20
D3027,Chew on this.,M,20
D3028,F the MEDIA ,M,20
D3029,Pixie,M,20
D3030,johnny costa,M,20
D3031,damsel,M,20
D3032,Truth Matters,M,20
D3033,Moz28,M,20
D3034,Lake Life,M,20
D3035,southerngalpal ,M,20
D3036,AllenCharles,M,20
D3037,FliCK TriCK for the Come-baCK,M,20
D3038,Kathy rus,M,20
D3039,Sjb53,M,20
D3040,davesdynamite,M,20
D3041,Angel resists,M,20
D3042,DD,M,20
D3043,JereMemez,M,20
D3044,Himbo President ,M,20
D3045,Jackson Mells ,M,20
D3046,Lauren Steiner The Robust Opposition,M,20
D3047,Casey Collier,M,20
D3048,steve brown,M,20
D3049,Alfred,M,20
D3050,TheBeerBrewer,M,20
D3051,Owl Gore,M,20
D3052,Scotty,M,20
D3053,Luis Caruto,M,20
D3054,Zel,M,20
D3055,Patriotwoman,M,20
D3056,Save America and our Republic,M,20
D3057,Devan Workman,M,20
D3058,Samuel Wilcher,M,20
D3059,Recall Katie Hobbs,M,20
D3060,Mark Leavitt ,M,20
D3061,Vicki,M,20
D3062,Rodney L Brown,M,20
D3063,Bill Perkins,M,20
D3064,Prncipe de Apodaca ,M,20
D3065,Brian Robinson,M,20
D3066,Rich Rodriguez,M,20
D3067,La Condesa Del Bochinche ,M,20
D3068,Mindy831,M,20
D3069,Jay Lawson,M,20
D3070,Jack Kroll,M,20
D3071,fackcheck....,M,20
D3072,Blue Chatterer,M,20
D3073,Arlene B. Heed - POTUS Trump 2024,M,20
D3074,Thewokemindvirus,M,20
D3075,Bob Wilkinson  ,M,20
D3076,pellison,M,20
D3077,@Quiganon,M,20
D3078,James Roy Reese III  ,M,20
D3079,Keith,M,20
D3080,KarmaPolice,M,20
D3081,DAWN MENA,M,20
D3082,Barbara Spencer,M,20
D3083,Afueriste,M,20
D3084,music teacher,M,20
D3085,T. Johns,M,20
D3086,MLE,M,20
D3087,JIm Ruzicka,M,20
D3088,Restructuring Democracy,M,20
D3089, FOOLY URAMESHI ,M,20
D3090,Scraidy Wolf,M,20
D3091,Sandy ,M,20
D3092,Cleghorn,M,20
D3093,Jennifer Harper ,M,20
D3094,Paul Bourgoine,M,20
D3095,Socalsports,M,20
D3096,Lyra who prays,M,20
D3097,Kelly heisler,M,20
D3098,confused biden,M,20
D3099,Must Love ,M,20
D3100,John Brainard,M,20
D3101,mckymaniac,M,20
D3102,RealDXS,M,20
D3103,QueenMommy,M,20
D3104,Hunter Bidens Parm Cheese,M,20
D3105,Rollinginfla,M,20
D3106,Rob Lewis,M,20
D3107,Laura Gee,M,20
D3108,no use for a name,M,20
D3109,The Alchemist,M,20
D3110,Gary Libkuman,M,20
D3111,Laddiecomehome,M,20
D3112,Erin Sweeney,M,20
D3113,L.A. Abe,M,20
D3114,Chicoman67,M,20
D3115,Helen M,M,20
D3116,Mojavebloom,M,20
D3117,rex willard,M,20
D3118,Brendan J Walker,M,20
D3119,Badger,M,20
D3120,giggitty08,M,20
D3121,Carmine,M,20
D3122,Blades,M,20
D3123,J Ghost007 Stzout,M,20
D3124,Productions,M,20
D3125,VBri,M,20
D3126,Mellisa Ferguson,M,20
D3127,Mark t Henry Jr,M,20
D3128,not important enough to impeach,M,20
D3129,SammytheSquirrel,M,20
D3130,X,M,20
D3131,Patricia Googe,M,20
D3132,Constance Foster,M,20
D3133,Kathlin Hawleys,M,20
D3134,cpps999,M,20
D3135,Cobrajet,M,20
D3136,DogFacePonia,M,20
D3137,Kevin Smith ,M,20
D3138,Garry B,M,20
D3139,R Tarantino,M,20
D3140,Benderama,M,20
D3141,Caydee,M,20
D3142,J. S. Brantley,M,20
D3143,,M,20
D3144,Benjamin Lee,M,20
D3145,T Morabney,M,20
D3146,James Joe Griffin,M,20
D3147,sookie,M,20
D3148,David Rising,M,20
D3149,Diana Verrall,M,20
D3150,Davlaw12,M,20
D3151,Ssjgoat,M,20
D3152,lisa surmacz,M,20
D3153,Coulton,M,20
D3154,Bonafide,M,20
D3155,Amy Gibson,M,20
D3156,kevin,M,20
D3157,Ava- I Love My USA ,M,20
D3158,Al Jones,M,20
D3159,Duck,M,20
D3160,Hailstate G,M,20
D3161,Allie Lark,M,20
D3162,Fran Blakely,M,20
D3163,L.E. Henry ,M,20
D3164,Tim Archer,M,20
D3165,MAGA-LODON,M,20
D3166,Derly ivan Salazar pezzoni,M,20
D3167,TexRoss,M,20
D3168,Sopotocientas News,M,20
D3169,Damian Ranger,M,20
D3170,Viva Frei,M,20
D3171,Cayce Passmore,M,20
D3172,Sulu,M,20
D3173,LenoT,M,20
D3174,The American Dream,M,20
D3175,the hot dam historian,M,20
D3176,Beverley Neadley,M,20
D3177,BRIAN CHARLES,M,20
D3178,rich moore,M,20
D3179,Psalm23.  AmYisraelChai   ,M,20
D3180,edna wilkinson,M,20
D3181,Suri Crowe Thank You Joe Biden,M,20
D3182,Autos Pueblo,M,20
D3183,Kraut Daddy,M,20
D3184,Chris Castiglioni,M,20
D3185,Heathcliffsgirl,M,20
D3186,The Duke of Early,M,20
D3187,Karma1950,M,20
D3188,wade pearson,M,20
D3189,Rod Edwards,M,20
D3190,ProudXenophobe,M,20
D3191,Seeker,M,20
D3192,die behind the wheel,M,20
D3193,Donald Brascoe,M,20
D3194,Laochra Fitheach,M,20
D3195,Bob4ut,M,20
D3196,PaulErbach ,M,20
D3197,funinthesun,M,20
D3198,Its a Freak Country,M,20
D3199,Eli White,M,20
D3200,William L.,M,20
D3201,Pete Chopps,M,20
D3202,Rachel the Lionheart,M,20
D3203,Carl Sandburger-time,M,20
D3204,pablo hernandez,M,20
D3205,Lise Seguin,M,20
D3206,Curly toe coolio,M,20
D3207, ,M,20
D3208,Joe Biden parody Who has the bathroom key,M,20
D3209,Jimbo Popowich,M,20
D3210,Chest Rockwell,M,20
D3211,S8,M,20
D3212,Jim Hanna,M,20
D3213,johnjasonchun,M,20
D3214,Linda,M,20
D3215,thx1138  s ,M,20
D3216,Jamiedoulos,M,20
D3217,Courtney Hyde,M,20
D3218,mRecouvrer,M,20
D3219,@ysp,M,20
D3220,MAGA is coming BACK 2024,M,20
D3221,Judith Bouvier,M,20
D3222,Mr. Les Govment,M,20
D3223,Angela Sara,M,20
D3224,Ken Michaels   Slava Ukraini. Free Iran.,M,20
D3225,scott jordan ,M,20
D3226,John C Newman,M,20
D3227,"ray. louis, mendoza",M,20
D3228,Robert Lynch,M,20
D3229,Steven Jewell,M,20
D3230,TJ,M,20
D3231,John Murray,M,20
D3232,What n Tarnation ,M,20
D3233,Inmanity,M,20
D3234,Peter Boros,M,20
D3235,Romojo ,M,20
D3236,Darci Biason,M,20
D3237,MagaSwagg,M,20
D3238,MD Mac,M,20
D3239,noppadon dattepe,M,20
D3240,nancy bowen,M,20
D3241,M.Mohsin,M,20
D3242,Konservative Kim,M,20
D3243,Saninicus,M,20
D3244,pawtwenty,M,20
D3245,Alana Mastrangelo,M,20
D3246,DuneRat,M,20
D3247,Tgremms,M,20
D3248,"Thomas OConnor 62 baby, GodBlessAmerica ",M,20
D3249,Fernando Amandi Sr.,M,20
D3250,MAGA-CessPool ,M,20
D3251,George  Lavoie,M,20
D3252,Anthony Paccione,M,20
D3253,Billy Democracy,M,20
D3254,Leanne,M,20
D3255,. .  .   . .,M,20
D3256,xxXX1984JoeBidenGeorgeSorosChuckSchumer1984XXxx,M,20
D3257,PJ,M,20
D3258,Jacquie Peterson,M,20
D3259,Veronica Sixsmith  SEND MY TAX MONEY TO UKRAINE,M,20
D3260,Moon Pie,M,20
D3261,Kyle Connery,M,20
D3262,EFJ,M,20
D3263,Nikki ,M,20
D3264,Richard Lennon,M,20
D3265,Diplomatic Talk,M,20
D3266,Harpazo,M,20
D3267,I Voted For This ,M,20
D3268,Jeff Carlson,M,20
D3269,Ben Higdon,M,20
D3270,worldcitizen,M,20
D3271,duffster,M,20
D3272,Queefette454,M,20
D3273,Dregus,M,20
D3274,Existential Philosopher,M,20
D3275,Julie Roman,M,20
D3276,Brett Thomas,M,20
D3277,Megatron0731,M,20
D3278,Sharon Sarotte,M,20
D3279,Rex Racer,M,20
D3280,ThrottleThis,M,20
D3281,Theresa Beeman,M,20
D3282,The Libertarian Trap,M,20
D3283,Bubba,M,20
D3284, ,M,20
D3285,VNM-252,M,20
D3286,Robert Streiff,M,20
D3287,RLC,M,20
D3288,eastcoastal,M,20
D3289,David Alan,M,20
D3290,Paul Yaall,M,20
D3291,Husky the Harry,M,20
D3292,AllAboard,M,20
D3293,Edwardo Sanchez,M,20
D3294,King bob,M,20
D3295,John Oregon Deplorican,M,20
D3296,Texas Patriot,M,20
D3297,Darcy Xie,M,20
D3298,Nicole Stewart,M,20
D3299,@david cagle66,M,20
D3300,R J,M,20
D3301,StefStillHere and BlueskyPARODY,M,20
D3302,Alex Avery,M,20
D3303,Linda S,M,20
D3304,Lola for Trump ,M,20
D3305,Erin Richter,M,20
D3306,Patrick,M,20
D3307,Greymane,M,20
D3308,Jeffery   ,M,20
D3309,Deb1234,M,20
D3310,Lucille Heil,M,20
D3311,Xeanakis Carter,M,20
D3312,Eric Ausmus,M,20
D3313,CremasterOfFineArt,M,20
D3314,Kadee ,M,20
D3315,lovndaddy,M,20
D3316,Doc,M,20
D3317,LOA Talk Radio,M,20
D3318,Dread Pirate Roberts,M,20
D3319,John Farmer,M,20
D3320,Henry,M,20
D3321,IamSparticas,M,20
D3322,diane scott,M,20
D3323,Dwight Mason,M,20
D3324,RDWJr,M,20
D3325,LESIL5S1,M,20
D3326,Deinocrates,M,20
D3327,Biden the bozo ,M,20
D3328,Daniel Romero,M,20
D3329,Fake Joe Biden,M,20
D3330,Ray Wang,M,20
D3331,Radioman,M,20
D3332,LIBSLAYER91,M,20
D3333,Left Right ,M,20
D3334,annah gail amanda petifrere,M,20
D3335,Liekitisnt,M,20
D3336,Jeanne Haston,M,20
D3337,NanLee Marie Carissimi,M,20
D3338,tyme,M,20
D3339,Christian Nationalist ,M,20
D3340,Andy Olson,M,20
D3341,Peter Palumbo,M,20
D3342,Zekeys Mom,M,20
D3343,Tom Jarman,M,20
D3344,Flipper,M,20
D3345,TL Rttn,M,20
D3346,Sam ,M,20
D3347,FBA is public enemy NO 1,M,20
D3348,Crypto HODL,M,20
D3349,Paula Hartman,M,20
D3350,Airborne Veteran,M,20
D3351,vitalyk.eth,M,20
D3352,Matt Storey,M,20
D3353,The Atheist Trucker,M,20
D3354,Black Barack Obama II ,M,20
D3355,Xi Bridget Maquisard,M,20
D3356,Brenda Oravec,M,20
D3357,RICKIE ADEY STOP TRUMP-RESIST PROJECT2025,M,20
D3358,Florida GOP,M,20
D3359,Raquel Solis,M,20
D3360,Mitch-O Tolestar,M,20
D3361,Tim,M,20
D3362,Sui.Generis,M,20
D3363,MysticDaedra,M,20
D3364,Daniel Rash,M,20
D3365,stephen parker,M,20
D3366,Renee,M,20
D3367,Tim Mullen,M,20
D3368,J. Rogers,M,20
D3369,Sir Damon Eric,M,20
D3370,Karen Bearss,M,20
D3371,Danny McClure,M,20
D3372,Lucille Holt,M,20
D3373,shadow43,M,20
D3374,2WAY,M,20
D3375,Dimmie Diamonds,M,20
D3376,Richard Thrusting ,M,20
D3377,Brandi,M,20
D3378,TknbyWind,M,20
D3379,bluesintheblood,M,20
D3380,Ketty Chacon,M,20
D3381,Chaim Falkowitz,M,20
D3382,Mecca,M,20
D3383,JET,M,20
D3384,Gloria Keesey,M,20
D3385,Jeffrey Levin ,M,20
D3386,PoliticalWarrior,M,20
D3387,Just Jan,M,20
D3388,NerdsofSteel,M,20
D3389,Trump2024TheresNoOtherChoice ,M,20
D3390,M.K.X.X.,M,20
D3391,Cameron,M,20
D3392,Unbreakable,M,20
D3393,John Gilbertson,M,20
D3394,Luna,M,20
D3395,Art Mann Studios,M,20
D3396,Ando,M,20
D3397,Elas Peralta,M,20
D3398,DOGE-Breath,M,20
D3399,angie williams,M,20
D3400,Brian Majka,M,20
D3401,Debra Brunsberg,M,20
D3402,mike millman,M,20
D3403,Cindy Luce,M,20
D3404,Elfie13,M,20
D3405,BR5-49,M,20
D3406,Raquel,M,20
D3407,GodFrey H. Maximus,M,20
D3408,Ruthless Truth,M,20
D3409,Brittany Rae,M,20
D3410,Annie Bonney,M,20
D3411,Donald Ingram,M,20
D3412,Dorothy Scheler nee Heinkle,M,20
D3413,Tie Swindell,M,20
D3414,SenSei Roshi,M,20
D3415,Ernie barbell,M,20
D3416,8 Bartemy,M,20
D3417,Falandra,M,20
D3418,David Coyote,M,20
D3419,Graham Howard,M,20
D3420,Bill Cassinelli,M,20
D3421,Lauri Kean,M,20
D3422,The Conservative Read,M,20
D3423,Goober Biden,M,20
D3424,Prof. Mewtruth Alphagetties,M,20
D3425,trex,M,20
D3426,AP ,M,20
D3427,Acchile Biagioli,M,20
D3428,Tom W.,M,20
D3429,Friend of Truth,M,20
D3430,GunTreasure,M,20
D3431,Ben Aksar My Pronouns I Trust You,M,20
D3432,Puppy Love,M,20
D3433,WMA Runner,M,20
D3434,staci streich,M,20
D3435,Selene,M,20
D3436,Common Sense in MI,M,20
D3437,Tim Mahan,M,20
D3438,Anthony T Ward,M,20
D3439,NYANA NAMARA RITAH,M,20
D3440,standing with Joe Biden,M,20
D3441,Beverly Wendling,M,20
D3442,Lar,M,20
D3443,We The People,M,20
D3444,Matt Buford,M,20
D3445,PoliticBanker87,M,20
D3446,Middle East Eye,M,20
D3447,Edna loves America,M,20
D3448,Scott Romero,M,20
D3449,chuck schutrick,M,20
D3450,Pepperidge Farmer,M,20
D3451,desert.rat,M,20
D3452,gr126929,M,20
D3453,Rip Wheeler,M,20
D3454,Righteous Rover,M,20
D3455,"McNeece, Lucy",M,20
D3456,Terrie Lake,M,20
D3457,SearchForNeonsShadow,M,20
D3458,Laetitia Moreau-Gabarain MS MBA,M,20
D3459,whits,M,20
D3460,Todd Kupferer,M,20
D3461,American,M,20
D3462,AugustaWeaverJohnson ,M,20
D3463,Shai Franklin,M,20
D3464,Gasser,M,20
D3465,DEMEXITHARD,M,20
D3466,JordanRN,M,20
D3467,  uqn ss ,M,20
D3468,VOTERIGHT,M,20
D3469,Chuck Rittiman,M,20
D3470,Official Leftist Translator. - AKA Tony,M,20
D3471,Voice of justice,M,20
D3472,jusancgal46,M,20
D3473,Dr. Thomas Moore,M,20
D3474,Sean Fitzgerald Actual Justice Warrior,M,20
D3475,AdImpact Politics,M,20
D3476,Low,M,20
D3477,Dr Manhattva,M,20
D3478,Frid,M,20
D3479,Uncle Chewy,M,20
D3480,DEEP STATE DOUG ,M,20
D3481,Being an Empath is like seeing with the Soul.,M,20
D3482,Elle Martin,M,20
D3483,God Virus,M,20
D3484,VIVEKANAND TRIPATHI,M,20
D3485,Left I on the News ,M,20
D3486,Big Slick Energy,M,20
D3487,Naomi Baker,M,20
D3488,Jackson Lahmeyer,M,20
D3489,fitty bitty,M,20
D3490,Carl Machado,M,20
D3491,Upstate Gator,M,20
D3492,ruru,M,20
D3493,GateKeeper,M,20
D3494,Whitney Houston We Have a Problem,M,20
D3495,Juan Hernandez,M,20
D3496,FAIR LAUNCH ,M,20
D3497,Joe Bidens Ice Cream Cone,M,20
D3498,Bob,M,20
D3499,John Carr,M,20
D3500,libertad,M,20
D3501,Steve Kerekes,M,20
D3502,Rodger Engebrethson,M,20
D3503,Sandra H Johnson aka SwampMops,M,20
D3504,IM HIM NOT THEM,M,20
D3505,emankinon,M,20
D3506,Crowenation4547,M,20
D3507,Anttics For sale,M,20
D3508,Danny Crane,M,20
D3509,sylvia miller,M,20
D3510,Upwardbound,M,20
D3511,Nana,M,20
D3512,Sojointhetruth,M,20
D3513,Geo Brimm,M,20
D3514,Your other Grandma loves you as you are,M,20
D3515,SportsHawk,M,20
D3516,Nicolas Strawberry,M,20
D3517,Nonce,M,20
D3518,WaveRider ,M,20
D3519,Democrats Ruin America,M,20
D3520,Sean 79,M,20
D3521,William McKinley,M,20
D3522,Nancy Mote,M,20
D3523,@Had-to-ask,M,20
D3524,SuperMan45UNfilteredAF,M,20
D3525,Hunter Biden Dem  ,M,20
D3526,Gloria-Gbaby,M,20
D3527,Mitchy Mitch and the Funky Bunch,M,20
D3528,Canada Free Press,M,20
D3529,I Will Learn The Concertina,M,20
D3530,Mr Vinotinto,M,20
D3531,YO TAMPOCO LOS VOT,M,20
D3532,TOP X News,M,20
D3533,oscar suarez,M,20
D3534,David P. Goldman,M,20
D3535,Bulldogs4VivekOhio,M,20
D3536,MPlatt,M,20
D3537,Triplets,M,20
D3538,Pam Fogelman,M,20
D3539,Bones ,M,20
D3540,frank579,M,20
D3541,giselle,M,20
D3542,Lori Barker,M,20
D3543,XMINDHIVE,M,20
D3544,Jim,M,20
D3545,Blurredvison,M,20
D3546,freeme0215,M,20
D3547,John Fox,M,20
D3548,Mark Alan Crook,M,20
D3549,thtadthtshldntb,M,20
D3550,Kelly deVries,M,20
D3551,Erik Johnsen,M,20
D3552,mamewhit,M,20
D3553,PorkFryedRice,M,20
D3554,WackieZomBEE,M,20
D3555,SamJ,M,20
D3556,TGF-The Greatest Freedom,M,20
D3557,Chip for Trump ,M,20
D3558,Rancher For USA,M,20
D3559,Gandalf the White,M,20
D3560,Elizabeth Spann,M,20
D3561, FoBuddyFalcon ,M,20
D3562,Nancy Cooper Wavra,M,20
D3563,Richard Marsh,M,20
D3564,West Ham Away Days,M,20
D3565,Parlay Stooge,M,20
D3566,TJM17,M,20
D3567,bennie snakeyes,M,20
D3568,cja,M,20
D3569,Mynameis...Miro,M,20
D3570,Lynne A Shapiro,M,20
D3571,Edwin EPP,M,20
D3572,Gidget Kyer,M,20
D3573,Eric Daugherty,M,20
D3574,Jonah Peanut,M,20
D3575,MsDesign,M,20
D3576,Carmen Rae,M,20
D3577,dacollection305,M,20
D3578,Chromzie,M,20
D3579,stayinright,M,20
D3580,Old Gringa,M,20
D3581,Sage Maiers,M,20
D3582,Lisa Jones,M,20
D3583,Donald E. Fehling Jr.,M,20
D3584,Rod Delph,M,20
D3585,kev arellano,M,20
D3586,TheMollyDuker,M,20
D3587,Big Buddy,M,20
D3588,Villager,M,20
D3589,Tom,M,20
D3590,Proud Elephant ,M,20
D3591,Cardoc,M,20
D3592,My World Redacted,M,20
D3593,ChoctawFella,M,20
D3594,Dogmom. WeThePeople LOVE PRESIDENT TRUMP47,M,20
D3595,David Bosen,M,20
D3596,T E,M,20
D3597,Timothy D. Naegele,M,20
D3598,Mark Lark,M,20
D3599,mdlafleur,M,20
D3600,kotabay,M,20
D3601,NOfP-X,M,20
D3602,Duce McGruder,M,20
D3603,Craig McLaughlin,M,20
D3604,Finley,M,20
D3605,robyn sainsbury,M,20
D3606,andreaaaa,M,20
D3607,Woke Patriotic Cats votepower,M,20
D3608,william han,M,20
D3609,YoudontseeVic  unemployment arc ,M,20
D3610,Carol,M,20
D3611,Rick Rascati,M,20
D3612,Joseph Le Taxi  injections : 254..,M,20
D3613,MADBAL,M,20
D3614,Four,M,20
D3615,Sally,M,20
D3616,DramaAlert,M,20
D3617,Piquerish,M,20
D3618,Samie,M,20
D3619,MontgomeryTN,M,20
D3620,Green LoadStar 1700,M,20
D3621,DH Green,M,20
D3622,"Kenneth Martin, D.Sc.",M,20
D3623,NotMyResident,M,20
D3624,BlueRadio,M,20
D3625,Elsie Hickman,M,20
D3626,Amen Oneill,M,20
D3627,LouisianaMimi55,M,20
D3628,Sam Houston,M,20
D3629,Aaron Hensley,M,20
D3630,Rocksolid,M,20
D3631,Panican Emeritus,M,20
D3632,You Shouldve Said Nicer Things About Joe Biden,M,20
D3633,Sue Pen,M,20
D3634,June ,M,20
D3635,Patrick Besong,M,20
D3636,Rain,M,20
D3637,Maggie,M,20
D3638,Simon Joseph Kalinga,M,20
D3639,Madame President Stan Account,M,20
D3640,Brent,M,20
D3641,The Vanilla Gorilla  ,M,20
D3642,kevony,M,20
D3643,JR Majewski,M,20
D3644,American Made ,M,20
D3645,Jeffrey Boudreau,M,20
D3646,Aman,M,20
D3647,S A L T Y   ,M,20
D3648,CTinCA22,M,20
D3649,DV,M,20
D3650,Zaroda,M,20
D3651,Nonya,M,20
D3652,Maria ,M,20
D3653,Luis,M,20
D3654,James is a brokedick,M,20
D3655,cbor,M,20
D3656,Frederick Zimmerman,M,20
D3657,Tamela,M,20
D3658,Captain Credible,M,20
D3659,Unacceptable Nuck,M,20
D3660,TSG,M,20
D3661,Justin Deguire,M,20
D3662,well-Red librarian ,M,20
D3663,Kanak,M,20
D3664,Stuck in New Jersey,M,20
D3665,Baldy Baldy,M,20
D3666,Vampira Von Sack,M,20
D3667,david skelton,M,20
D3668,CBlanche Bethea,M,20
D3669,pedomosockpuppet,M,20
D3670,D-Blizzle,M,20
D3671,Apache06,M,20
D3672,Judson Mitchell,M,20
D3673,Mark E Hayes,M,20
D3674,DonnaLynn,M,20
D3675,Austin Riley,M,20
D3676,Manny DeBarros,M,20
D3677,DD Geopolitics,M,20
D3678,Red,M,20
D3679,PClaflin,M,20
D3680,The Nicest Boy on this Website and App,M,20
D3681,Titanium Chic,M,20
D3682,Clarabella,M,20
D3683,Ari H. Mendelson Premier Psychic of Our Day,M,20
D3684, GOP For  - ,M,20
D3685,"Linda Wasson, G.E.D., B.S., M.F.A.",M,20
D3686,,M,20
D3687,EnderInciarteFan,M,20
D3688,Edward Marek,M,20
D3689,Jeff Nelson,M,20
D3690,Carol Daly,M,20
D3691,Born True Blue - Pro Democracy,M,20
D3692,Harry,M,20
D3693,Kathleen Garner,M,20
D3694,Monkeydjoe29,M,20
D3695,JGreene,M,20
D3696,angel kashfian,M,20
D3697,Rob Coates ,M,20
D3698,All I Do Is Lose,M,20
D3699,Speak No Evil,M,20
D3700,Nancy Drew,M,20
D3701,Common Sense Lady,M,20
D3702,CONSERVATIVE,M,20
D3703,Gary  Buckley,M,20
D3704,Concerned Patriot,M,20
D3705,Chad the Barbarian,M,20
D3706,Brett Tiller,M,20
D3707,RG  MoldyGecko,M,20
D3708,USA4EVER,M,20
D3709,"Brian K Stine, MSISA, MBA",M,20
D3710,Pro America 1,M,20
D3711,Damnocracy,M,20
D3712,Barbara H. Sahlstrom,M,20
D3713,Brian MacKevin,M,20
D3714,PHOENIXufoLIGHTS,M,20
D3715,Gs J B ,M,20
D3716,Ed,M,20
D3717,just call me Bill,M,20
D3718,The Real Deal,M,20
D3719,Casey Spruill,M,20
D3720,The Silly You,M,20
D3721,TheMazingerZ,M,20
D3722,Nancy Downard,M,20
D3723,Beaver Girl,M,20
D3724,C1-10P,M,20
D3725,Double L,M,20
D3726,MAGA-PALE,M,20
D3727,Happy Kykendahl,M,20
D3728,Hathaway,M,20
D3729,Sandy Concord RN,M,20
D3730,"Manny, Moe  JackisOff",M,20
D3731,Phil,M,20
D3732,RS,M,20
D3733,Chuck Ardezzone,M,20
D3734,Jerry Watkins,M,20
D3735,John Delphy Tsunami,M,20
D3736,i11umin8ed,M,20
D3737,Ray Buenteo,M,20
D3738,ItsJustMe,M,20
D3739,SouthernnMann,M,20
D3740,B Inspired by Cindy,M,20
D3741,Barbi ,M,20
D3742,Israel News Pulse,M,20
D3743,,M,20
D3744,Jeff Bacheler,M,20
D3745,Diane Thomas,M,20
D3746,Joyce Brittle,M,20
D3747,Abed A. Ayoub,M,20
D3748,Bort,M,20
D3749,Mark Elliot,M,20
D3750,neo,M,20
D3751,Tom Souther,M,20
D3752,Brad Smith,M,20
D3753,Diane Edwards,M,20
D3754,Reggie Bombadillo,M,20
D3755,FranklyOnTheRight,M,20
D3756,Rudyc1954,M,20
D3757,Corbin Williams,M,20
D3758,vaporwaver,M,20
D3759,BasementDweller,M,20
D3760,Joan,M,20
D3761,Bad Cat,M,20
D3762,Bostonsalesguy,M,20
D3763,David Kudransky,M,20
D3764,OldGoldminer,M,20
D3765,Lisa Blackerby Wells,M,20
D3766,Dump Trump Banish Muslims.,M,20
D3767,John Bailey,M,20
D3768,George Wade,M,20
D3769,Been There,M,20
D3770,KatsyTheremin,M,20
D3771,Richard Coyne,M,20
D3772,WhiskeySilverball,M,20
D3773,thesecondellen,M,20
D3774,Tired,M,20
D3775,NightmareNM,M,20
D3776,American Bonhoeffer ,M,20
D3777,Sharemymind,M,20
D3778,Lisa Mikels,M,20
D3779,Texas Justice,M,20
D3780,Kniff,M,20
D3781,Maria Consolo,M,20
D3782,DawgsFan7,M,20
D3783,ERoz,M,20
D3784,Claude W,M,20
D3785,sam eisele,M,20
D3786,Im just Saying,M,20
D3787,@ChairmanWill,M,20
D3788,LaoTzu,M,20
D3789,Brett From L.A.,M,20
D3790,Jay Atkinson,M,20
D3791,MN,M,20
D3792,This Guy,M,20
D3793,Nihal Bengisu Karaca,M,20
D3794,Sunny Hills,M,20
D3795,Patrick Moriarty,M,20
D3796,Lizette mongan,M,20
D3797,average6780,M,20
D3798,Amanda,M,20
D3799,Maverick,M,20
D3800,Chuck Finley ,M,20
D3801,SH,M,20
D3802,FaraDay,M,20
D3803,,M,20
D3804,Donna Leist,M,20
D3805,Julz,M,20
D3806,FoxxyBooks has Big balls,M,20
D3807,Son of a Gun,M,20
D3808,Bereki,M,20
D3809,Llopart,M,20
D3810,Dr. Magic Panda,M,20
D3811,Fernando Munoz Bernal,M,20
D3812,Synchroid,M,20
D3813,Harley Robertson,M,20
D3814,Charles Maglone ,M,20
D3815,Rodger Fisher,M,20
D3816,Art,M,20
D3817,House of Life University,M,20
D3818,losphorwords,M,20
D3819,Benjamin Smith,M,20
D3820,Grassroots,M,20
D3821,Jordan,M,20
D3822,Guy Sanders,M,20
D3823,coolhandluke,M,20
D3824,Paul Farnon,M,20
D3825, Sophie ,M,20
D3826,R V,M,20
D3827,Francesco,M,20
D3828,Carolyn Schaedel,M,20
D3829,Commantha B,M,20
D3830,Mark Villano,M,20
D3831,Li-B,M,20
D3832,Tigersrule,M,20
D3833,TC,M,20
D3834,katie spurlock,M,20
D3835,  DEFUND NPR  ,M,20
D3836,Charlie Rivers,M,20
D3837,Iblis,M,20
D3838,/  ,M,20
D3839,Jeffrey Tipton,M,20
D3840,sara white,M,20
D3841,Angela,M,20
D3842,DLW MAGA,M,20
D3843,Ape,M,20
D3844,Cool Poppa Skol,M,20
D3845,Frostyduo,M,20
D3846,Florida Gators For Trump,M,20
D3847,reuben poupko,M,20
D3848,MassachusettsMike,M,20
D3849,Rad,M,20
D3850,Bunny hop,M,20
D3851,Nocturnal Roman,M,20
D3852,Marsgirl,M,20
D3853,Thomas the Twin,M,20
D3854,Budgeting For the Rest of Us,M,20
D3855,Crypto4fun2,M,20
D3856,Penny Lea,M,20
D3857,Chadwick ,M,20
D3858,Army Mom Strong,M,20
D3859,JakeB,M,20
D3860,Billy Thon,M,20
D3861,Arman Nikzad,M,20
D3862,Syn City Investor MAGA,M,20
D3863,Chris Hauer,M,20
D3864,Lady of the Lake Magadonia,M,20
D3865,Juanita mara :,M,20
D3866,noone,M,20
D3867,Kansan,M,20
D3868,Debbie Schlussel -  ,M,20
D3869,jwilliamskind,M,20
D3870,Jose N.,M,20
D3871,Bobby Silver,M,20
D3872,Bidensmissingbrain,M,20
D3873,Frank M Noto,M,20
D3874,Trump for ADX Florence 2024 ,M,20
D3875,CCat,M,20
D3876,Finance Lady,M,20
D3877,Tom Jeffferson,M,20
D3878,Leftist cant handle the truth,M,20
D3879,10 million Biden voters stayed home WTF,M,20
D3880,Kurt H - I Stand With President Biden,M,20
D3881,Jeff Lormans,M,20
D3882,marg mart,M,20
D3883,Philip Rose,M,20
D3884,"OutKast, Ed.",M,20
D3885,rb,M,20
D3886,Blango Ross Jr,M,20
D3887,MrsBootsBoots,M,20
D3888,Al Fox,M,20
D3889,Is faust in todays dual rulers episode,M,20
D3890,OldmanLogan2012,M,20
D3891,The Fact of Other Minds Stan Acct,M,20
D3892,The Reckoning ,M,20
D3893,Aunt,M,20
D3894,Jesse Sisson,M,20
D3895,scampy coco,M,20
D3896,Natalie Ross,M,20
D3897,Warming Greens,M,20
D3898,Ultra ,M,20
D3899,Extreme ,M,20
D3900,Sammy,M,20
D3901,Eduardo Rodrigues ,M,20
D3902,EveStar,M,20
D3903,lia,M,20
D3904,GabNav,M,20
D3905,Ho-stradamus,M,20
D3906,Lisa Clovning,M,20
D3907, ,M,20
D3908,Whipsandboots,M,20
D3909,Project Constitution,M,20
D3910,Plazmic Flame,M,20
D3911,Wayne Steinlein,M,20
D3912,TAM,M,20
D3913,Patrick Boyer,M,20
D3914,Halliwell,M,20
D3915,A n d y,M,20
D3916,John W,M,20
D3917,Stella Ford,M,20
D3918,jii boo,M,20
D3919,Catherine Way,M,20
D3920,DonC,M,20
D3921,MKOC Garrison,M,20
D3922,David Etter,M,20
D3923,pak26,M,20
D3924,TurnerB83,M,20
D3925,Prothean,M,20
D3926,Sande Freundlieb,M,20
D3927,Golf of ,M,20
D3928,HaveBlue77,M,20
D3929,Patrick Riot,M,20
D3930,Randomdude27 ,M,20
D3931,TruthSpear,M,20
D3932,insert name here,M,20
D3933,altheguy,M,20
D3934,Upstate Communications,M,20
D3935,Bill Villayne,M,20
D3936,journalismisdead,M,20
D3937,Inthefight,M,20
D3938,R2DHue   ,M,20
D3939,MB SFLYT,M,20
D3940,Dotty,M,20
D3941,Don Johnson,M,20
D3942,Dudon Sylvie,M,20
D3943,Stale Crumbs,M,20
D3944,Viteye,M,20
D3945,,M,20
D3946,KittyKat,M,20
D3947,Realist American,M,20
D3948,FuzzInvasion,M,20
D3949,"Game Over03  missing you, loving you",M,20
D3950,James English,M,20
D3951,RockyTopApologist,M,20
D3952,DragiV,M,20
D3953,Pog,M,20
D3954,Sarah Stone,M,20
D3955,Brigette Jones,M,20
D3956,walden,M,20
D3957,Heidi,M,20
D3958,Zan Eskelson,M,20
D3959,Elrond Swanson,M,20
D3960,BlacKanSeyKo,M,20
D3961,OldGrayBiker,M,20
D3962,olelady,M,20
D3963,Phyllis Arrowsmith,M,20
D3964,Ronald Wieck,M,20
D3965,Annie F.,M,20
D3966,Cheryl McCracken,M,20
D3967,Unite CT/MCTGA Make CT Great Again,M,20
D3968,@jeffreycain.bsky.social,M,20
D3969,Michael A. Abbott,M,20
D3970,Jonathan Adamany,M,20
D3971,rrrotatori,M,20
D3972,Canine Collector ,M,20
D3973,Arnold Francis,M,20
D3974,Bellestarr1984,M,20
D3975,flipjackhapablap,M,20
D3976,Belinda,M,20
D3977,Joplin,M,20
D3978,bri,M,20
D3979,Jan Jan,M,20
D3980,Kgwgk,M,20
D3981,Danny2020,M,20
D3982,Ray Raczkowski,M,20
D3983,Redven Eyes,M,20
D3984,LambruscoLush,M,20
D3985,Bob Andersen,M,20
D3986,DMul,M,20
D3987,Cole Hedy Lamarr,M,20
D3988,Caligulas Ghost,M,20
D3989,Valerie Manis,M,20
D3990,Jennie Tidwell,M,20
D3991,Wiliam Scorpio,M,20
D3992,badams1776,M,20
D3993,EMAN,M,20
D3994,Coral,M,20
D3995,Mad man,M,20
D3996,SciFi Vote for Sanity. Vote Sherrod,M,20
D3997,W Campos,M,20
D3998,Lets-go-brandon,M,20
D3999,Charlie Goldstein,M,20
D4000,Home School Mom,M,20
D4001,Mary Benavidez,M,20
D4002,Ozzy,M,20
D4003,Julian Duron,M,20
D4004,NUNYA BUSINESS,M,20
D4005,SilenceDoGood,M,20
D4006,Shihoomusbobayd,M,20
D4007,NWRain-Judi,M,20
D4008,Nancy,M,20
D4009,"One race, infinite shades.",M,20
D4010,twistedmetal,M,20
D4011,Lucy,M,20
D4012,Jernzburg McJacobs,M,20
D4013,Pato Mas Nem Tanto,M,20
D4014,Saurons Private Attorney,M,20
D4015,Elies Tapia,M,20
D4016,gjbern,M,20
D4017,Drivewayhawk,M,20
D4018,Pike Maynter,M,20
D4019,The Patriot Oasis,M,20
D4020,Susan Givens,M,20
D4021,Earthling Rap ,M,20
D4022,Rod.,M,20
D4023,fable fable,M,20
D4024,Brenda Kay Piper,M,20
D4025,Resistance Chicks,M,20
D4026,Jonkinel,M,20
D4027,ChillOut,M,20
D4028,Kihn,M,20
D4029,EdFredandRudy,M,20
D4030,James Cole,M,20
D4031,Andrew Hoss,M,20
D4032,Stoner Biden,M,20
D4033,Bruce Campo,M,20
D4034,New Sherif in Town.,M,20
D4035,ABC News Live,M,20
D4036,Steve Belmonte,M,20
D4037,Frank Peter Oliver,M,20
D4038,WiseAle2,M,20
D4039,Like a Maeve ,M,20
D4040,Dina Kim,M,20
D4041,wayne,M,20
D4042,Hagen Joachim Holtz,M,20
D4043,Be the freedom voice of the people of Iran,M,20
D4044,tarheel5,M,20
D4045,Hello Cheeseland,M,20
D4046,Bicenntenial Baby,M,20
D4047,Alex Perez,M,20
D4048,Mountain Girl ,M,20
D4049,AP,M,20
D4050,Cliff Vincent,M,20
D4051,Rod,M,20
D4052,Nacho Momma ,M,20
D4053,Geoff Bent,M,20
D4054,Joseph,M,20
D4055,AmericanWoman,M,20
D4056,Kelkat,M,20
D4057,ExPaki,M,20
D4058,QABDJ,M,20
D4059,Green Wassup,M,20
D4060,Devil Coug,M,20
D4061,TBOF,M,20
D4062,Adam,M,20
D4063,Linda k Harriso,M,20
D4064,Ali Alkhatib,M,20
D4065,Calvin Salyer,M,20
D4066,Cascade Bear,M,20
D4067,Reality Slap,M,20
D4068,Its Just Numbers,M,20
D4069,B3Percenter,M,20
D4070,Helen Marie Hargrave,M,20
D4071,Ernest Vega,M,20
D4072,America First,M,20
D4073,"Arpit Dav, M.D. ",M,20
D4074,IZNTREAL,M,20
D4075,Capt. Smiley,M,20
D4076,Eeryk McRae,M,20
D4077,Mr. Olson ,M,20
D4078,EdBernard12,M,20
D4079,Phool88,M,20
D4080,Pilonidal Sith,M,20
D4081,Manuel Camacho,M,20
D4082,notamarxist ,M,20
D4083,Llamald Trump,M,20
D4084,KnightNocturnal,M,20
D4085,Biden - The Treasonous Bribe Taker,M,20
D4086,WILLIAM ABBOTT ,M,20
D4087,Asseen-on-tv,M,20
D4088,RomeoDoggyDog,M,20
D4089,Red in Texas,M,20
D4090,Mikoaj,M,20
D4091,Dawn Michele,M,20
D4092,Roy,M,20
D4093,ULFHERON,M,20
D4094,USA,M,20
D4095,Aaron Darden,M,20
D4096,Yali Elkin,M,20
D4097,Bob Carter,M,20
D4098,gopher88,M,20
D4099,Don Pasha,M,20
D4100, Bitco XBT ,M,20
D4101,Persian Archaeologist Proud American-Mexican,M,20
D4102,Lars Hanon,M,20
D4103,EarthWrite,M,20
D4104,American Crusader ,M,20
D4105,DonaldB30359635,M,20
D4106,Caseywit33,M,20
D4107,Joe Mac,M,20
D4108,Hunter Bidens Butthole,M,20
D4109,Steve C,M,20
D4110,AZ4G,M,20
D4111, Proud to b an American ,M,20
D4112,Alec,M,20
D4113,Air Crew,M,20
D4114,Louie,M,20
D4115,Jean Therapy,M,20
D4116,Peter Rondash,M,20
D4117,V,M,20
D4118,just my opinionAmerica is a BananaRepublic,M,20
D4119,Stop Socialist Tyranny,M,20
D4120,Rafaela,M,20
D4121,Full stack - Golang .Tsx,M,20
D4122,Verginius - post de Decem vermes,M,20
D4123,Maat,M,20
D4124,Galo de Kalsa do Pix,M,20
D4125,JMmotown,M,20
D4126,fity.eth,M,20
D4127,Bernard Joyce,M,20
D4128,MkeMom,M,20
D4129,ChaosDaddy,M,20
D4130,Anderson ,M,20
D4131,poppers,M,20
D4132,Full steam ahead,M,20
D4133,Sean,M,20
D4134,Elizabeth Valenzuela,M,20
D4135,Mike Stodghill,M,20
D4136,Alan Covington,M,20
D4137,prsident daugtherjoe@biden,M,20
D4138,Paul Moog,M,20
D4139,Jim Thatcher,M,20
D4140,Only True Catholicism Saves,M,20
D4141,JediPeaceFrog,M,20
D4142,Celeste Warr,M,20
D4143,Kocovich Insights,M,20
D4144,Marge Massey,M,20
D4145,CryptoBlueCollar,M,20
D4146,Richard Hertz,M,20
D4147,Visual Fidelity,M,20
D4148,Travis Knoll,M,20
D4149,Lisa Dennis,M,20
D4150,PD1,M,20
D4151,Sherwin Amiran,M,20
D4152,MichaelFox,M,20
D4153,Franek.dolas,M,20
D4154,Sigma-Mama,M,20
D4155,Rodrigo Head Honcho of Toronto Hobbes,M,20
D4156,Robert Lavelle,M,20
D4157,Brandon wasnt president. But President Trump is.,M,20
D4158,Randy MacDonald,M,20
D4159,Donald B,M,20
D4160,Sheila walker,M,20
D4161,Swede-SixTwo,M,20
D4162,Rebecca Kiss,M,20
D4163,Randy,M,20
D4164,WomanIsBiology ,M,20
D4165,TweetyBird,M,20
D4166,Cody Freeman,M,20
D4167,APSTER,M,20
D4168,David Seaver,M,20
D4169,Ccruver,M,20
D4170,Jean Garvin,M,20
D4171,The Lorax hates Joe Biden,M,20
D4172,PalMedia,M,20
D4173,Samuel Endicott,M,20
D4174,Patricia Cassidy,M,20
D4175,June DAndrea,M,20
D4176,Tim Hickey,M,20
D4177,Fresh News  ,M,20
D4178,Donald Montgomery,M,20
D4179,Jordiee,M,20
D4180,Dennis Lasko,M,20
D4181,Scientist,M,20
D4182,CAVALLER DE BORRELL II TRANSENT ,M,20
D4183,Amarkit Limited,M,20
D4184,JC,M,20
D4185,CMO2go,M,20
D4186,LoLNothingMatters,M,20
D4187,AhDonnelly,M,20
D4188,Ryder Raccoon panda,M,20
D4189,AlabamaBMC,M,20
D4190,Mikey Aces,M,20
D4191,Arshia Homayouni,M,20
D4192,Leave The Kids Alone,M,20
D4193,Dan Bryda,M,20
D4194,Boonedocks,M,20
D4195,Jackie Daytona,M,20
D4196,Suedehead,M,20
D4197,hiphopblingtv,M,20
D4198,MAGA made me start voting Democratic,M,20
D4199,GMan  ,M,20
D4200,Bruce Bartlett,M,20
D4201,Rogerio Persona,M,20
D4202,Charles W. Fultz,M,20
D4203,The FJC,M,20
D4204,Aaron Astor,M,20
D4205,Eugene Chin,M,20
D4206,Brenda McCoy,M,20
D4207,Joe hamrick,M,20
D4208,Gockomo,M,20
D4209,Ian,M,20
D4210,Beijing Biden,M,20
D4211,Lee J. Rico,M,20
D4212,Fredric,M,20
D4213,Admilson Quintino Sales Junior/AQSJR68,M,20
D4214,Dutch Keselowski ,M,20
D4215,PatriotGirlMom,M,20
D4216,,M,20
D4217,giaso ricci,M,20
D4218,Andrea Wappler,M,20
D4219,Iron Mike  ,M,20
D4220,Butchy,M,20
D4221,E mc2,M,20
D4222,MrTennant,M,20
D4223,To Bree or not to Bree  ,M,20
D4224,"Cats, the Non-Woke Musical",M,20
D4225,the peoples cutie patootie,M,20
D4226,jackie,M,20
D4227,Hobo Spices,M,20
D4228,Larry W.,M,20
D4229,TheMetroidPrime,M,20
D4230,WSD,M,20
D4231,Driley,M,20
D4232,Texas Morning Coffee ,M,20
D4233,Chad Parrish,M,20
D4234,Michael Maize out,M,20
D4235,Ozark Obstructionist,M,20
D4236,Winston Smith,M,20
D4237,CB,M,20
D4238,dcb,M,20
D4239,Jean-Michel Glachant,M,20
D4240,Mary Liggio Ross ,M,20
D4241,Adam Davis,M,20
D4242,Evan Parsons,M,20
D4243,Robert Jones USA,M,20
D4244,Sheralyn Bailey,M,20
D4245,kev,M,20
D4246,Ana Ribeiro ,M,20
D4247,  ,M,20
D4248,Vivendas,M,20
D4249,Unacceptable Disheartened ,M,20
D4250,mustardo,M,20
D4251,TuaPhish,M,20
D4252,The Marine,M,20
D4253,Doodle Dad,M,20
D4254,Kim   God Bless America,M,20
D4255,KobeBeans,M,20
D4256,Liberal Lunacy,M,20
D4257,Christians for legal Cannabis,M,20
D4258,Trundi Molisher,M,20
D4259,Donald Richmond,M,20
D4260,swirkkirk,M,20
D4261,Arash Kamangir,M,20
D4262,Jesh,M,20
D4263,Boosh McFadden,M,20
D4264,Alex East,M,20
D4265,saveamericanfarms,M,20
D4266,Charlene Tappenden,M,20
D4267,No Name,M,20
D4268,Janie Johnson - America is Exceptional,M,20
D4269,Military Specimen Royal De La New World Rosa,M,20
D4270,Nicasio Ourion,M,20
D4271,ElonTrumpRock ,M,20
D4272,Kitty Biden-Harris Duo    ,M,20
D4273,RobertBeecroft2,M,20
D4274,Martini martine,M,20
D4275,Brian Kelley,M,20
D4276,2020 - No Clear Vision,M,20
D4277,Olgmir,M,20
D4278,SquirrelsnHawks,M,20
D4279,lucas,M,20
D4280,Stankonia Capital MAGA ,M,20
D4281,John Ross Ewing,M,20
D4282,The People for Kamala Harris  ,M,20
D4283,WASinOV,M,20
D4284,John Masters,M,20
D4285,BogusBillJones,M,20
D4286,Wes,M,20
D4287,Claes Wahl,M,20
D4288,16inParadise,M,20
D4289,Leanne- All in for Kamala ,M,20
D4290,JBONTHEROCKS,M,20
D4291,The real Michael Rantala,M,20
D4292,JNan,M,20
D4293,IVAN CARRASQUILLO,M,20
D4294,Clint,M,20
D4295,Baani ,M,20
D4296,Kamala Harris/Tim Walz 2024 KHive ,M,20
D4297,Horn Man,M,20
D4298,Totts,M,20
D4299,bazingapbg,M,20
D4300,Meta Mato,M,20
D4301,VaticanAssassin,M,20
D4302,placekicker,M,20
D4303,VP Kamala Mamba Harris,M,20
D4304,Commotus Strix,M,20
D4305,Daniel Jacobson,M,20
D4306,New York for Harris-Walz,M,20
D4307,,M,20
D4308,King of Cool  ,M,20
D4309,Weiner Dog,M,20
D4310,LostInLiberty,M,20
D4311,AWE629,M,20
D4312,TooOldtobePC,M,20
D4313,gil duran is on bluesky,M,20
D4314,2025-2029 America Renewed,M,20
D4315,Ivye,M,20
D4316,Chuck AF  ,M,20
D4317,Kamala Harris Chart Updates,M,20
D4318,Kamala Harris Stan ,M,20
D4319,Kamala Harris,M,20
D4320,Oakenblunts,M,20
D4321,ace boogie,M,20
D4322,Depressed Ginger Is Wrong,M,20
D4323,Democrats Wanted Trump 2 Win,M,20
D4324,Beach49r,M,20
D4325,Joe LaBelle,M,20
D4326,Chat binbi,M,20
D4327,mike @1 maga love trump,M,20
D4328,Livid In The Real World,M,20
D4329,David Jenkins,M,20
D4330,Failed Border Czar Kamala Harris,M,20
D4331,Kamala Harris is a Zionist ,M,20
D4332,Vincent Tri,M,20
D4333,bbear1116,M,20
D4334,Kamala Harris  Trump are Zionists FreePalestine,M,20
D4335,Baby Driver,M,20
D4336,Logan Smith,M,20
D4337,Elephant-In-The-X,M,20
D4338,Childless Cat Lady for VP Kamala Harris,M,20
D4339,Kamala Harris for President,M,20
D4340,David Barsky,M,20
D4341,David Reed,M,20
D4342,misteriojo,M,20
D4343,"Diana, Queen of Enough",M,20
D4344,Wiiiiiilmaaaaaa,M,20
D4345,Chris McKeever ,M,20
D4346,Drakes obituary,M,20
D4347,readthenews22,M,20
D4348,Jack Anderson,M,20
D4349,Victor,M,20
D4350,Sandra Estok,M,20
D4351,best of kamala harris,M,20
D4352,Honovi Jones,M,20
D4353,Mitchell Daniels,M,20
D4354,Texas Jack,M,20
D4355,PaulineBoilermaker,M,20
D4356,Not Today Colonizer  LandBack,M,20
D4357,s norquist,M,20
D4358,RedLilac,M,20
D4359,Helmut Kramer ngel,M,20
D4360,Igor V. G,M,20
D4361,Jabotinsky,M,20
D4362,jake,M,20
D4363,Rohit Datt,M,20
D4364,Stacie loves Kamala Harris,M,20
D4365,Dr. ToolkitSmirks4,M,20
D4366,Dr. Thomas J. ORourke,M,20
D4367,maria mulambo da kamala harris ,M,20
D4368,mhdude1,M,20
D4369,Linda Vose,M,20
D4370,PhoneyOutrage,M,20
D4371,Being Libertarian,M,20
D4372,Rock/Hard Place,M,20
D4373,,M,20
D4374,edwardhalleran9@gmail.com,M,20
D4375,DeepState Illuminate,M,20
D4376,VOTE  ,M,20
D4377,griffi,M,20
D4378,Annuityguy30,M,20
D4379,Heidi Hatch KUTV,M,20
D4380,Chris Philips,M,20
D4381,Paulo OSS,M,20
D4382,Charlie T,M,20
D4383,K.C.,M,20
D4384,Heathala D Waters Vote for Kamala Harris,M,20
D4385,Fernando Castro,M,20
D4386,Marxists for Milton Friedman,M,20
D4387,Fabio Cunha,M,20
D4388,Newtown Action Alliance,M,20
D4389,Elsie Barker,M,20
D4390,y knot,M,20
D4391,Vicefeed,M,20
D4392,Bryan Kauffman,M,20
D4393,VerasQueSi International,M,20
D4394,Marc D.,M,20
D4395,Soapy,M,20
D4396,Norman McDaniel,M,20
D4397,Paul A. Szypula ,M,20
D4398,Curtis,M,20
D4399,Mare Louis,M,20
D4400,J,M,20
D4401,Carr ,M,20
D4402,andrew kotcher,M,20
D4403,Temporary Solutions,M,20
D4404,Daraleek...,M,20
D4405,Simon,M,20
D4406,PutinVeryShortAndBald,M,20
D4407,Duwan ali,M,20
D4408,The Epoch Times Espaol,M,20
D4409,Reel Lady ,M,20
D4410,UnapologeticMagaMan,M,20
D4411,John Benjamin,M,20
D4412,Rank Badjin,M,20
D4413,Gus Number 23,M,20
D4414,Novendra Deje ,M,20
D4415,Aurondarklord-Mordred Appreciator,M,20
D4416,Eishero,M,20
D4417,Gray Wolf,M,20
D4418,Brennan,M,20
D4419,Ali Dost,M,20
D4420,Karen Ann Carr,M,20
D4421,Dudley Dude ,M,20
D4422,Jazz Hands,M,20
D4423,Bostonpostnews.org,M,20
D4424,Captain Howdy,M,20
D4425,David Veronesi,M,20
D4426,hellsunicorn,M,20
D4427,Lowprojoe,M,20
D4428,Kendall Lewis,M,20
D4429,Bushra,M,20
D4430,Jake The Jackalope,M,20
D4431,Texas Border Surfer,M,20
D4432,Lester McClintock,M,20
D4433,Prince of Megiddo,M,20
D4434,Imemewell,M,20
D4435,himejoshi kamala harris,M,20
D4436,Warren Rowley,M,20
D4437,Nick,M,20
D4438,PatriotMarine,M,20
D4439,Lexarraga ,M,20
D4440,Binturong,M,20
D4441,Critical Chris,M,20
D4442,Kamala Harris Rhythm,M,20
D4443,Short King for Kamala Harris ,M,20
D4444,Thieves of DC,M,20
D4445,Becca Buono,M,20
D4446,Miguel Salas Agente Sun - SSM,M,20
D4447,RodeoGolf,M,20
D4448,Buffalo,M,20
D4449,  ,M,20
D4450,William Mesmer,M,20
D4451,SueSilence in the face of evil is itself evil,M,20
D4452,Volodymyr Soldoutskyy,M,20
D4453,Outdoors life,M,20
D4454,Real Kamala Harris,M,20
D4455,Alicia Phillips,M,20
D4456,Kamala Harris Stan Account,M,20
D4457,Connie Brant,M,20
D4458,Im with VP Kamala Harris,M,20
D4459,Jun Jung Jong Ernesto 2.0,M,20
D4460,Teddy Schleifer,M,20
D4461,Im with Kamala Harris,M,20
D4462,"Sure,Jan, sure.",M,20
D4463,Jake8881,M,20
D4464,Stephen Napier,M,20
D4465,Phillips,M,20
D4466,Thomas J,M,20
D4467,Barry Moy,M,20
D4468,Unnamed Jane,M,20
D4469,Alan-in-Bama,M,20
D4470,An American Voice  ,M,20
D4471,Steve Sarich,M,20
D4472,Lioness60,M,20
D4473,F. Allan Roth,M,20
D4474,Ozzie Martin,M,20
D4475,michael shane bohmer,M,20
D4476,Keith Payne,M,20
D4477,Brushy Crows,M,20
D4478,Henrys Cousin A Promised Land,M,20
D4479,Georgie Massachusetts,M,20
D4480,Judy Curtin,M,20
D4481,Andrew Michaelangelo,M,20
D4482,Gordon,M,20
D4483,@,M,20
D4484,Denbo Mad,M,20
D4485,Memento Mori,M,20
D4486,Andi,M,20
D4487,For King and Country,M,20
D4488,jeffmetcalfe,M,20
D4489,OnNow,M,20
D4490,japecake,M,20
D4491,Thomas Sayre,M,20
D4492,Bonnelli,M,20
D4493,Paisans for Kamala,M,20
D4494,Henry Danico,M,20
D4495,JEN,M,20
D4496,cspurling,M,20
D4497,M. Arnold,M,20
D4498,Ministress of UnWomanly Warfare,M,20
D4499,M Cassinari,M,20
D4500,Charlie Spiering,M,20
D4501,eBOA,M,20
D4502,Midwest Chilango,M,20
D4503,Kamala Harris 1 fan,M,20
D4504,Shecky,M,20
D4505,The Fall Of Rome,M,20
D4506,T-LANE23,M,20
D4507,Talesfromthewicked Parody ,M,20
D4508,chris m,M,20
D4509,Fyodor Dostoevsky,M,20
D4510,Natalie Orenstein,M,20
D4511,Cassandra Tully,M,20
D4512,TuorofGondolin,M,20
D4513,TexasTamie,M,20
D4514,EloiseTaylor,M,20
D4515,Ron Ashlaw,M,20
D4516,David P. ,M,20
D4517,David Clements,M,20
D4518,Michael Fariello,M,20
D4519,Vice President Kamala Harris Archived,M,20
D4520,Mauricio Prez,M,20
D4521,Sam Valk,M,20
D4522,frickfrackfruck,M,20
D4523,Mr. Eagle Eyes,M,20
D4524,MendezFamilyRevolution2024,M,20
D4525,Paul Franklin,M,20
D4526,Joseph Pino,M,20
D4527,MyFreedom,M,20
D4528,TheCurlyAfro,M,20
D4529,GR0K3 @ Douglas VX Hoang,M,20
D4530,Yunchao Wen ,M,20
D4531,bitterandstout ,M,20
D4532,Ewindham3,M,20
D4533,Carlos Salinas Maldonado,M,20
D4534,Serg I/O,M,20
D4535,Jessica Adams XX,M,20
D4536,Ja Wn,M,20
D4537,Victor Lane,M,20
D4538,Simon Boyi Chen,M,20
D4539,Alice,M,20
D4540,Rich Kelsey,M,20
D4541,David. . ,M,20
D4542,SpinRemover,M,20
D4543,Rafael,M,20
D4544,Brutal American,M,20
D4545,@BrennpunktUA ,M,20
D4546,@dewtell@sfba.social David E. Dave Wallace,M,20
D4547,Mr.Batman.777,M,20
D4548, bleek harris ,M,20
D4549,Theresa,M,20
D4550,Kevin Bray,M,20
D4551,Anti-Globalist,M,20
D4552,MisterIan,M,20
D4553,angry conservative democratswaronunbornchildren,M,20
D4554,Andy Fredes,M,20
D4555,Eric Cook,M,20
D4556,Kathy Bannon,M,20
D4557,Debra Kay Weidler,M,20
D4558,Linda Biscanto,M,20
D4559,GingerBlue,M,20
D4560,Chuck Szmanda,M,20
D4561,Carl Brandt,M,20
D4562,Larry,M,20
D4563,Candlestick Will,M,20
D4564,Stacey,M,20
D4565,The Washington Times,M,20
D4566,WanderingJackWolf ,M,20
D4567,Dismantle Israel.,M,20
D4568,SuperDuper,M,20
D4569,Protect Kamala Harris ,M,20
D4570,Brad Haugan,M,20
D4571,Terry Foster,M,20
D4572,Monica Richardson,M,20
D4573,bl1951,M,20
D4574,Loreyla DOrazio ,M,20
D4575,Lydia Moynihan,M,20
D4576, Drums of Kamala D. Harris 2028 ,M,20
D4577,Wilfred Reilly,M,20
D4578,I voted for MADAM Kamala Harris,M,20
D4579,Maya Gamer,M,20
D4580,Trump Music,M,20
D4581,Hunting Sooner,M,20
D4582,Ashwin Rodrigues,M,20
D4583,Exposer of Donkey Fazoo,M,20
D4584,Dubby14U2,M,20
D4585,CHIZ ,M,20
D4586,Mr. Will Johnson,M,20
D4587,Brian K.,M,20
D4588,Conservative Mimi,M,20
D4589,David m@m,M,20
D4590,Tater Tots McGee,M,20
D4591,movn2uruguay,M,20
D4592,GeorgiaisnotBlue ,M,20
D4593,FT for Schools,M,20
D4594,Cyn,M,20
D4595,Coby Warren,M,20
D4596,Mark Groubert,M,20
D4597,Mehdi Hasan,M,20
D4598,Kit Richardson,M,20
D4599,La Prensa Grfica,M,20
D4600,GGLady,M,20
D4601,Evil Kamala Harris,M,20
D4602,Shannon MAGA ,M,20
D4603,el  in limbo,M,20
D4604,Alan Murdock ,M,20
D4605,Shut Up Drew,M,20
D4606,Black Youngsta,M,20
D4607,News Monitor,M,20
D4608,Connee Holcomb,M,20
D4609,Emily Pember,M,20
D4610,Lenilson de Mello,M,20
D4611,Mr.India,M,20
D4612,News News News,M,20
D4613,NickyFruitLoops: The Experience,M,20
D4614,Guardian Bear,M,20
D4615,Kim Walker,M,20
D4616,Hobo,M,20
D4617,The Spectator Index,M,20
D4618,Reality Escape Artist,M,20
D4619,David Brath,M,20
D4620,David Phinney,M,20
D4621,Bossy BootsIFB,M,20
D4622,The West Australian,M,20
D4623,Trudy Gonzales,M,20
D4624,Michael W Tickle,M,20
D4625,Vaped ,M,20
D4626,Markus Samuel Gelbart,M,20
D4627,Mike Wible,M,20
D4628,Mesocricetus Incognitus,M,20
D4629,Virginia Witmer,M,20
D4630,Suresh Karanam,M,20
D4631,Sane Man,M,20
D4632,AI Liberals,M,20
D4633,Ty the Crusader,M,20
D4634,Proud Garbage American,M,20
D4635,The Great Gazoo,M,20
D4636,NRC Hebrews 11 NIV - Faith in Action.,M,20
D4637,Chris Enoch,M,20
D4638,Pierce Knight,M,20
D4639,BadWolf,M,20
D4640,Machine Gun Belly,M,20
D4641,Autumn Astri ,M,20
D4642,DaPacemDomine   ,M,20
D4643,Gritts W. Steven Garrett,M,20
D4644,Don Incognito II,M,20
D4645,,M,20
D4646,M York,M,20
D4647,Eric Butler,M,20
D4648,Sheila Huber,M,20
D4649,Blank Slate,M,20
D4650,Moonrocks,M,20
D4651,Tteeghen Machen,M,20
D4652,Mercedes Schlapp,M,20
D4653,@ZdvNap,M,20
D4654,leon boone,M,20
D4655,Be the Storm,M,20
D4656,Lilly617,M,20
D4657,BrendaThruNThru,M,20
D4658,Dipak Deb,M,20
D4659,Decoding Fox News,M,20
D4660,T.Herbert ,M,20
D4661,Nick Kruse,M,20
D4662,saveusademocracy,M,20
D4663,JulietteSchwartz,M,20
D4664,8647,M,20
D4665,Lulz,M,20
D4666,Susan Overturf,M,20
D4667,no1special,M,20
D4668,Jacqueline,M,20
D4669,ytmndan ,M,20
D4670,Quint McDonald,M,20
D4671,San Francisco Chronicle,M,20
D4672,GungaDean,M,20
D4673,Rita B,M,20
D4674,Democrawonk,M,20
D4675,Henry Rodgers,M,20
D4676,Anthony Rose,M,20
D4677,kale,M,20
D4678, Sharone Wellington-deAnda,M,20
D4679,Dreday1127,M,20
D4680,Aron Goldman,M,20
D4681,Jules,M,20
D4682,Nick Gerz,M,20
D4683,Deloris Williams,M,20
D4684,I WILL NOT OBEY IN ADVANCE  ,M,20
D4685,Soros-funded Deep State Operative ,M,20
D4686,MERICA MEMED,M,20
D4687,Hot Take Harry,M,20
D4688,Marcus C Williams,M,20
D4689,Robin I,M,20
D4690,POINT POP,M,20
D4691,Lukas ,M,20
D4692,Sally Lane,M,20
D4693, Lewis John Yule ,M,20
D4694,Tim Young,M,20
D4695,AMERICA THE GREATEST,M,20
D4696,Amazing Video,M,20
D4697,Actualidad Internacional,M,20
D4698,Cheerio but not britishly,M,20
D4699,Roger D. Hudson,M,20
D4700,Resist the Mainstream,M,20
D4701,Christopher Sweeney,M,20
D4702,Bradford Harriman,M,20
D4703,Noah Rothman,M,20
D4704,Marc West,M,20
D4705,Gatherer Thompson0dd.bsky.social 0 is zero,M,20
D4706,Donovan Morgan Grant,M,20
D4707,Tim Cunningham ,M,20
D4708, // slimey fan acc,M,20
D4709, ,M,20
D4710,Lady Liberty,M,20
D4711,rick genie,M,20
D4712,MM ,M,20
D4713,YoungHands,M,20
D4714,Andrew Packer,M,20
D4715,Neem je moeder in de maling,M,20
D4716,Marcos Duprat,M,20
D4717,Fatih Aras,M,20
D4718,Kenny ,M,20
D4719,Valarie Vivino,M,20
D4720,Jay Dot,M,20
D4721,Denzel,M,20
D4722,RPG,M,20
D4723,Katu Arkonada,M,20
D4724,r  ,M,20
D4725,I Dont PC,M,20
D4726,Jeffrey Deitrick,M,20
D4727,sher khan1947,M,20
D4728,Awallstguy,M,20
D4729,Damon Rambo,M,20
D4730,Shlomo for Kamala Harris 28 ,M,20
D4731,Mike Alwine,M,20
D4732,Bill ull,M,20
D4733,Bawbag,M,20
D4734,rsiqueira,M,20
D4735,ENERGY HEALTH KC,M,20
D4736,RexTudorCoup,M,20
D4737,Roy Case,M,20
D4738,"NiggasG2G, Yoda",M,20
D4739,Psymont Lance,M,20
D4740,Crit-hit,M,20
D4741,Jim Merrill,M,20
D4742,Zac,M,20
D4743,Nickibnhistory ,M,20
D4744,Janice Hough,M,20
D4745,AGuyinTexas,M,20
D4746,rh,M,20
D4747,Liz Callaway,M,20
D4748,ROYALTY EVANGELISTA ,M,20
D4749,Nonya Beesnees,M,20
D4750,Naveed Ahmad,M,20
D4751,Dastardly Jules,M,20
D4752,Jason Walker,M,20
D4753,USNblackshoe  This Is Not a Drill,M,20
D4754,Cowboy T. Lamar ,M,20
D4755,  ,M,20
D4756,Larry ThankYouJoe,M,20
D4757,Tim Rauscher ,M,20
D4758,NEVER SURRENDER ,M,20
D4759,Antonio K. Ross Jr.,M,20
D4760,W Rose,M,20
D4761,Irshwch,M,20
D4762,President Potato,M,20
D4763,Politic-tees,M,20
D4764, ,M,20
D4765,C.A. Shoultz,M,20
D4766,Wall Street Mav,M,20
D4767,Abdullah Burak ahin,M,20
D4768,YOYO,M,20
D4769,Goonie  Top .0001 of Chihuahua Prisoners,M,20
D4770,Norma Greenhalgh,M,20
D4771,Mrs. Mel Menny,M,20
D4772,HumphreyBohun,M,20
D4773,Paolo,M,20
D4774,Bela,M,20
D4775,Paul Charlson,M,20
D4776,SteamHappy,M,20
D4777,Fly Sistah ,M,20
D4778,JiveTurkey,M,20
D4779,TheCampoftheSaints,M,20
D4780,Landon Best ,M,20
D4781,SFDB,M,20
D4782,Bren Christa,M,20
D4783,orion77,M,20
D4784,kamalas toughest coconut ,M,20
D4785,Acer,M,20
D4786,Michael Stuart Kelly,M,20
D4787,,M,20
D4788,Dean Rutherford,M,20
D4789,Beautiful,M,20
D4790,MeBoomBoomDown,M,20
D4791,nudnik shpilkes,M,20
D4792,TVMan,M,20
D4793,Cubania Total,M,20
D4794,NakedBrunch,M,20
D4795,FlashNeko,M,20
D4796,chase manaena,M,20
D4797,NMs,M,20
D4798,theStephyChi,M,20
D4799,reportvzla,M,20
D4800,Morgan J. Freeman,M,20
D4801,The Real Joyce BerryProud Of VP Kamala Harris,M,20
D4802,IAFella,M,20
D4803,KCBS 106.9 FM/740 AM,M,20
D4804,Yeoman,M,20
D4805,KAMALA HARRIS DEFENDER,M,20
D4806,JimDelRey Blue Doritos Checkmark,M,20
D4807,Atomic Pixie ,M,20
D4808,D Barton,M,20
D4809,Nancy  Ayanna Wyatt,M,20
D4810,DarkBlueBuckeye ,M,20
D4811,James Culver,M,20
D4812,The Living Embodiment of Kendricks Hate,M,20
D4813,HatchetmanForeva,M,20
D4814,WWL Radio,M,20
D4815,Nancy ,M,20
D4816,I Am Lilithfair,M,20
D4817,ueen,M,20
D4818,Greek,M,20
D4819,,M,20
D4820,Did I Piss You Off,M,20
D4821,Morgan Feeney,M,20
D4822,Peter Eckle,M,20
D4823,Dacoby,M,20
D4824,CN is Dead,M,20
D4825, Smoky X   my guy/my dude,M,20
D4826,Tony Seruga,M,20
D4827,BAH de DAH,M,20
D4828,Sandy,M,20
D4829,P Goddard,M,20
D4830,Smile18,M,20
D4831,xiaotong ma,M,20
D4832,Jane ,M,20
D4833,Mimi,M,20
D4834,Blazingprojects,M,20
D4835,Just call me David,M,20
D4836,Niedja,M,20
D4837,Original Me ,M,20
D4838,theesnek.bsky.social,M,20
D4839,Illinois4Trump,M,20
D4840,Wendull Media,M,20
D4841,Lawrence Forbes Jr,M,20
D4842,Hugen Long,M,20
D4843,Wyldepepper  of Biancas KHive ,M,20
D4844,Baad Sheep,M,20
D4845,Tom Lyttleton,M,20
D4846,@BerdineHB,M,20
D4847,HiramHawk,M,20
D4848,diana.aug,M,20
D4849,Jamie Jenson,M,20
D4850,Danny Spears,M,20
D4851,SomebodysMother,M,20
D4852,Charles Haspel,M,20
D4853,Vincent Raynauld,M,20
D4854,Aaron Parnas,M,20
D4855,AsleepNomore MAGATRUTHS,M,20
D4856,Fred Foxx,M,20
D4857,Raymond K. Azar ,M,20
D4858,Mitchichu,M,20
D4859,oceanviewunderground OVU,M,20
D4860,Omega,M,20
D4861,Wesley Hunt,M,20
D4862,Jane,M,20
D4863,John Rainwater,M,20
D4864,gwennethy,M,20
D4865,festus clark,M,20
D4866,Andrs Pertierra,M,20
D4867,Kerridwen ,M,20
D4868,Longbow Foolride,M,20
D4869,J.Conway,M,20
D4870,angie8123,M,20
D4871,Lance Winslow,M,20
D4872,none,M,20
D4873,Jester,M,20
D4874,Mayo Monkey,M,20
D4875, Be-Honest,M,20
D4876,Tgcom24,M,20
D4877,EL PAS,M,20
D4878,Kathi Hein,M,20
D4879,Truth Justice ,M,20
D4880,Nikki,M,20
D4881,Deadpool,M,20
D4882,UpHidedown,M,20
D4883,The Report App,M,20
D4884,SadPhillyFan,M,20
D4885,Paul Baxter,M,20
D4886,Vicente Vera,M,20
D4887,kmkmarty.,M,20
D4888,Texas ARCangel ,M,20
D4889,Redneck Peckerwood,M,20
D4890,Shannon Ford ,M,20
D4891,Vik   MAGA ,M,20
D4892,Resist hateful GOP policies,M,20
D4893,ReDe,M,20
D4894,Gregory A. Butler,M,20
D4895,Azor,M,20
D4896,MaggieBW,M,20
D4897,Proud Latina Republican,M,20
D4898,L J M,M,20
D4899,ChillPhill Rivers,M,20
D4900,"I, Caliph",M,20
D4901,Eva Lopatkin Easton,M,20
D4902, ,M,20
D4903,Matthew Bell,M,20
D4904,TowerRat7 ,M,20
D4905,HowlingMutant,M,20
D4906,El Cooperante,M,20
D4907,Emelina,M,20
D4908,riesi04,M,20
D4909,marianland.com,M,20
D4910,Dizznubzz,M,20
D4911,Craig Labenz ,M,20
D4912,USA ,M,20
D4913,Tired of being politically correct,M,20
D4914,Roxy ,M,20
D4915,arlene hurley,M,20
D4916,Sil,M,20
D4917,Dark of the Trump,M,20
D4918,Johnny J Whitaker,M,20
D4919,vontae,M,20
D4920,Johnsan64,M,20
D4921,Ginger McFall,M,20
D4922,Educated Red Neck,M,20
D4923,EchoRadioY,M,20
D4924,RealMurseJerRN,M,20
D4925,CJ Pearson,M,20
D4926,BAIJ,M,20
D4927,Center for Cognitive  Behavioral Wellness,M,20
D4928,Brian E,M,20
D4929,Alan Roberts,M,20
D4930,I drink ur milkshake,M,20
D4931,Marc Lobliner - IFBB Pro,M,20
D4932,NumberOneShoupFan,M,20
D4933,San Diego Live Data,M,20
D4934,DEL,M,20
D4935,leonardeuler,M,20
D4936,Chris Katsiamides,M,20
D4937,Ofhoseok,M,20
D4938,Greg Sample,M,20
D4939,Fox News,M,20
D4940,Jason Says Things,M,20
D4941,Monika PreisnerBlueCrew 2024 RESIST,M,20
D4942,Greg Mead,M,20
D4943, Crusader,M,20
D4944,Nancy M,M,20
D4945,"Karlyn Borysenko, anti-communist cult leader",M,20
D4946,jerry rains,M,20
D4947,AnonRoberto,M,20
D4948,Bonnie Kirker,M,20
D4949,Kumar Krishna,M,20
D4950,Mark Bechtel,M,20
D4951,CaRe,M,20
D4952,Kathy Young,M,20
D4953,grantee,M,20
D4954,marilyn bostick,M,20
D4955,Eric Kenner ,M,20
D4956,Romich,M,20
D4957,Betsybug777 ,M,20
D4958,UltraMAGAIndependent,M,20
D4959,steve martens,M,20
D4960,Neftali Cajina,M,20
D4961,Chuckk Finnley,M,20
D4962,Ebehere,M,20
D4963,RaideRon,M,20
D4964,Sixofone Halfdozen Ofanother,M,20
D4965,Mark G,M,20
D4966,MAGA 2028,M,20
D4967,G. Behn,M,20
D4968,Jeno Mozes,M,20
D4969,Luciana,M,20
D4970,JSTaylor,M,20
D4971,Prello,M,20
D4972,MarianneForLiberty,M,20
D4973, aptain organ ,M,20
D4974,One Cat Short of Crazy,M,20
D4975,Margaret Reed,M,20
D4976,LMCANE,M,20
D4977,Rich Story - Slave to the King,M,20
D4978,DoNotComplyInAdvance ProtectTruth ,M,20
D4979,Ken Maeda,M,20
D4980,Ziggyfly Jen ,M,20
D4981,Sunny,M,20
D4982,G. Clay Mitchell,M,20
D4983,PAV68,M,20
D4984,Russell W. Knudson,M,20
D4985,Alex Bruesewitz ,M,20
D4986,America First Annie  MAGA,M,20
D4987,Allan Zimmerman,M,20
D4988,Pgina12,M,20
D4989,IUIC Tupelo,M,20
D4990,Donna Hart,M,20
D4991,Eddie Rey,M,20
D4992,SimplyEve,M,20
D4993,Gotti,M,20
D4994,Barry Phillips,M,20
D4995,John K. Amanchukwu Sr.,M,20
D4996,Damian Woods,M,20
D4997,UnhandledException ,M,20
D4998,Patriots Soapbox News  Entertainment,M,20
D4999,Gods Best Creation,M,20
D5000,Rick Farmer,M,20
D5001,Ken Gordon,M,20
D5002,K Johnson,M,20
D5003,Andy Marquis ,M,20
D5004,bbrabozo,M,20
D5005,Rooted n routes,M,20
D5006,Acyn,M,20
D5007,Ref sch,M,20
D5008,Pete Peters,M,20
D5009,Dean Mackin,M,20
D5010,Tlgramme360,M,20
D5011,CaribbeanTelevisionNetwork,M,20
D5012,DeetsJacque,M,20
D5013,Bev,M,20
D5014,Dean,M,20
D5015,Quony Wick,M,20
D5016,Ric Ball   . GOPfascism.,M,20
D5017,William Acevedo,M,20
D5018,JakaD,M,20
D5019,AJ Huber,M,20
D5020,Charm  DEMOCRATS deliver  NO CHAOS  ,M,20
D5021,Jerry Rivers,M,20
D5022,Jan cohill,M,20
D5023,Maria Romero,M,20
D5024,Amy L Marckel ,M,20
D5025,Texas Pete,M,20
D5026,"Taleed El-Sabawi, JD, PhD",M,20
D5027,Dee Jaye,M,20
D5028,mary ,M,20
D5029,Michael Freeman,M,20
D5030,myrtle,M,20
D5031,@Elandroide,M,20
D5032,IntegralAnswers,M,20
D5033,Dave McCormick,M,20
D5034,Harry Martin,M,20
D5035,The Khemist - WLTH 1370AM/92.7FM,M,20
D5036,Eugene Daniels,M,20
D5037,Mtley Jw,M,20
D5038, Lucky Country with A Labor Govt,M,20
D5039,"Markets, Options  more",M,20
D5040,DAPPER DON DHARSHI  K A M I L ,M,20
D5041,Amos Zuck,M,20
D5042,Jarvis ,M,20
D5043,Teresa A Polychronis,M,20
D5044,David Marcus,M,20
D5045,Leigh Belle,M,20
D5046,,M,20
D5047,BumFightClub,M,20
D5048,Max Pain,M,20
D5049,Kevin Jones,M,20
D5050,Charles G.,M,20
D5051,Alejandro Pescador ,M,20
D5052,Trumpusa1,M,20
D5053,Pete,M,20
D5054,Olga,M,20
D5055,teresah,M,20
D5056,Yes Raj,M,20
D5057,Stephanie Rader she/her,M,20
D5058, ,M,20
D5059,Daedalus27,M,20
D5060,CoachSmith,M,20
D5061,Wayne Tanzer,M,20
D5062,MotivatedMom,M,20
D5063,Kris For Trump 2024,M,20
D5064,attorneybyprofession,M,20
D5065,Steve Metal Man,M,20
D5066,Izzy,M,20
D5067,Debra C Han,M,20
D5068,Doctor Professor Buffett,M,20
D5069,Brandon,M,20
D5070,DeanJones,M,20
D5071,bratNvet,M,20
D5072,somervilleny.bsky.social,M,20
D5073,Within Our Lifetime,M,20
D5074,Mr Tad,M,20
D5075,Gio DeBatta ,M,20
D5076,JusTradez,M,20
D5077,David Siegel ,M,20
D5078,XY can NEVER equal XX,M,20
D5079,Matthew Argo,M,20
D5080,Marlene Robertson,M,20
D5081,James Jackson,M,20
D5082,CWebb,M,20
D5083,Luciano Yassuda,M,20
D5084,Lefthandstan,M,20
D5085,Scott Foster,M,20
D5086,Cindy Clouse,M,20
D5087,Monica ,M,20
D5088,Gerardo de la Madrid,M,20
D5089,M Hirschbrunnen ,M,20
D5090,Dr Vincent Sativa ,M,20
D5091,Breaking 4 News,M,20
D5092,Josepch JosephCW,M,20
D5093,Mario Wagner,M,20
D5094,Dandeld,M,20
D5095,Thomas R. Stevenson,M,20
D5096,Fran Collins,M,20
D5097,xalfeed,M,20
D5098,Victor I. Cares,M,20
D5099,Dennis,M,20
D5100,Views - From a Common Man,M,20
D5101,Sam DeMarco ,M,20
D5102,JG @hocsoc1 on TruthSocial,M,20
D5103,ERICA MALARKEY WeWantDrew IStandWithUkraine,M,20
D5104,JohnA,M,20
D5105,georgia ann,M,20
D5106,Darlene Ryan ,M,20
D5107,Res Ipsa Loquitur,M,20
D5108,MandolinMike,M,20
D5109,Go America,M,20
D5110,Jerry Gallagher,M,20
D5111,Rep. Russ Fulcher,M,20
D5112,ebony,M,20
D5113,Jeff Hall,M,20
D5114,Arni,M,20
D5115,JH@JoJo,M,20
D5116,Steak for Breakfast,M,20
D5117,Anxious Pickle ,M,20
D5118,Long Island Press,M,20
D5119,Peter Fraser,M,20
D5120,Francisco Miralles,M,20
D5121,S. Templar,M,20
D5122,Janet Hernandez,M,20
D5123,Kamala Harris Black Father,M,20
D5124,Jonathan the Goalie,M,20
D5125,Brett Yeamans,M,20
D5126,Happy H. JoyJoy,M,20
D5127,Lee Borden,M,20
D5128,DeJuanathon,M,20
D5129,terri vaillancourt,M,20
D5130,David Greenslit,M,20
D5131,VALPARAISO 01,M,20
D5132,noah,M,20
D5133,Arthur Fleck,M,20
D5134,Captain America First,M,20
D5135,Richard Medlock,M,20
D5136,ALC Trades,M,20
D5137,Joshuathe gay one,M,20
D5138,The News Index,M,20
D5139,Kay,M,20
D5140,Northwoods Goblin ,M,20
D5141,SCMcGee Never Give Up On Hope,M,20
D5142,ECP408,M,20
D5143,Chad Nodine,M,20
D5144,Susan Laughead  ,M,20
D5145,wolfpatriot737,M,20
D5146,"Joy Gjersvold, Troublemaker",M,20
D5147,Soquel by the Creek,M,20
D5148,Guy R Costa,M,20
D5149,TrumpLivesRentFreeInYourHead,M,20
D5150,Ren p Pico silva,M,20
D5151,J.S,M,20
D5152,The Hypocritical Cynic,M,20
D5153,Project Coherence,M,20
D5154,Jason Taylor,M,20
D5155,Don Penim,M,20
D5156,Colin,M,20
D5157,Travis Ogle,M,20
D5158,Gramzy7,M,20
D5159,Robbie Johnson,M,20
D5160,Pete Parnell,M,20
D5161,alexander bowen,M,20
D5162,Frank Grimeson,M,20
D5163,Nico,M,20
D5164,David de Sola,M,20
D5165,Freedom Lover,M,20
D5166,shean elem,M,20
D5167,Henry Lewkowicz,M,20
D5168,Roberto,M,20
D5169,Michael Davis,M,20
D5170,El Financiero,M,20
D5171,Tony and Stacey Blankenship,M,20
D5172,Gays 4 Kamala Harris ,M,20
D5173,J Rod,M,20
D5174,ETMarsSpaceGod,M,20
D5175,James Pope,M,20
D5176,RiftTV,M,20
D5177,The Vigilant Fox ,M,20
D5178,DyAnn,M,20
D5179,PrincessPeach,M,20
D5180,Whybean K,M,20
D5181,Shaun Humphrey,M,20
D5182,Janine Kreikemeier,M,20
D5183,Paroxycus ,M,20
D5184,Gigi Ann,M,20
D5185,Shane Schaetzel,M,20
D5186,Griffin,M,20
D5187,Martine St-Victor,M,20
D5188,ROJO ME VOLVI A DAR SIDA,M,20
D5189,Chris Tan,M,20
D5190, e w brown ,M,20
D5191,enjoynCHI,M,20
D5192,AlFromBayShore,M,20
D5193,segaffredo ,M,20
D5194,NahBabyNah,M,20
D5195,Anita,M,20
D5196,strike,M,20
D5197,J P Chamberlain,M,20
D5198,davidberens,M,20
D5199,Darth Vader,M,20
D5200,American Eagleman,M,20
D5201,The News You Dont See,M,20
D5202,MerrieMelodies Fan,M,20
D5203,Jegenmeister,M,20
D5204,KAW,M,20
D5205, Maia   ,M,20
D5206,Look Up in the sky,M,20
D5207,GunTotingTemplar,M,20
D5208,Mrs Malindo,M,20
D5209,He stirs up the people,M,20
D5210,Scotty Cooper,M,20
D5211,Cheryl Dumas,M,20
D5212,Dwain Morris Beep/Bop/Boop,M,20
D5213,Spider-Lou ,M,20
D5214,eice ,M,20
D5215,Caressa8,M,20
D5216,Dystopian,M,20
D5217,The Punisher,M,20
D5218,Scott Zlanski,M,20
D5219,Homesky,M,20
D5220,Eddie Cruise,M,20
D5221,Sherpa Dai 2025 ,M,20
D5222,Abbreviated,M,20
D5223,Toolman,M,20
D5224,Om Sa Bishnoi,M,20
D5225,Alison Haws,M,20
D5226,CaptAche,M,20
D5227,Lou Mendez,M,20
D5228,Singela ,M,20
D5229,Trump War Room,M,20
D5230,Think for Yourself,M,20
D5231,Vivian,M,20
D5232, ,M,20
D5233,Frank Luntz,M,20
D5234,Double Protection ,M,20
D5235,Honu,M,20
D5236,NoUN2030NoOpenBordersDEPLORABLE1s,M,20
D5237,NormaHorvitz,M,20
D5238,Viking Prairie K9,M,20
D5239,Dr. Rob Golf  2 Leggo Deplorable Neanderth,M,20
D5240,Mark Maxwell,M,20
D5241,Lona Shockley,M,20
D5242,Impacto Latino,M,20
D5243,Yacht Rock Enjoyer,M,20
D5244,Dr Mahima singh Rathore,M,20
D5245,DisappointedBoricano,M,20
D5246,Beef Jerky,M,20
D5247,Kelly4Trump,M,20
D5248,Paul H. Kircher III,M,20
D5249,Jason Anderson,M,20
D5250,End Stage Jessup,M,20
D5251,Arizona Guy One,M,20
D5252,Zomb Zomb,M,20
D5253,scroll tharepy,M,20
D5254,Shawn Cabbagestalk,M,20
D5255,Wendylyn,M,20
D5256,Alain Auclair,M,20
D5257,Joseph Mansmann,M,20
D5258,Jeff Butler TO,M,20
D5259,Tracy Ann,M,20
D5260,Pro America Politics,M,20
D5261,Donna Smith,M,20
D5262,Tom L,M,20
D5263,Carrie G,M,20
D5264,@GreatUSA1,M,20
D5265,LWC,M,20
D5266,Jeremy Martin,M,20
D5267,The Crip Crusader,M,20
D5268,TontoFighter,M,20
D5269,Terrence K. Williams,M,20
D5270, Queen Katerina ,M,20
D5271,Judy CONSERVATIVE,M,20
D5272,richard trevino jr,M,20
D5273,Jonnie Wilson,M,20
D5274,ChrisO,M,20
D5275,SusieB@SusieB,M,20
D5276,Pat,M,20
D5277,Standup For Equality For ALL,M,20
D5278,Gina,M,20
D5279,"George Altom, Radio Free America",M,20
D5280, ACE of Spades,M,20
D5281,OswaldV767,M,20
D5282,Osiona,M,20
D5283,John Q,M,20
D5284,army Brett proud mountaineer,M,20
D5285,Ashley Paillet,M,20
D5286,Patrick Page,M,20
D5287,Doug Judy,M,20
D5288,Carlos Muscat,M,20
D5289,Someone Important,M,20
D5290,SkeeterBombay,M,20
D5291,Tom Sabanick,M,20
D5292,Dashing Downward,M,20
D5293,@amuse,M,20
D5294,Dennis Koch,M,20
D5295,PrivacyRights,M,20
D5296,Protect Democracy: Elect Kamala ,M,20
D5297,Anthony John Hoyer,M,20
D5298,Albert Zibell,M,20
D5299,MARY EDNA DAVIS,M,20
D5300,@Praetorian6Actual,M,20
D5301,Robin Redlecki,M,20
D5302,Jeannene,M,20
D5303,Mary White,M,20
D5304,vivyan,M,20
D5305,Frederick,M,20
D5306,Putin Validus,M,20
D5307,Insurrection Barbie,M,20
D5308,,M,20
D5309,Ross Willett,M,20
D5310,Distilled Thought ,M,20
D5311,,M,20
D5312,Independents 4 Independence,M,20
D5313,Stephen Crane,M,20
D5314,Mke,M,20
D5315,Jeff T,M,20
D5316,@NewDayUSA,M,20
D5317,Ms Tracy ,M,20
D5318,SAHARA RENEE ,M,20
D5319,Harry Scrubbz,M,20
D5320,Proud American,M,20
D5321,Black Butterfella  MitiEve,M,20
D5322,Subliminal7,M,20
D5323,Invictus Ghost,M,20
D5324,2ADan,M,20
D5325,Gino Delgado,M,20
D5326,Daniel Doyle,M,20
D5327,Whitey,M,20
D5328,Bennetta Elliott,M,20
D5329,yaya2seven Li,M,20
D5330,Jo S,M,20
D5331,Curious Gazelle,M,20
D5332,Humanity,M,20
D5333,Levy Sibling,M,20
D5334,Gerald Broflovski,M,20
D5335,The Ace Convict,M,20
D5336,Harold Gielow,M,20
D5337,Elon Musk - Parody,M,20
D5338,Mister Justice,M,20
D5339,ScanMyPhotos.com  SINCE 1990,M,20
D5340,IDF Soulja ,M,20
D5341,Frank L Douglas,M,20
D5342, ALF ,M,20
D5343,EL Fuser,M,20
D5344,VS,M,20
D5345,Edward Forbess,M,20
D5346,Patrick Gentzler,M,20
D5347,X - GoAvsGo  Mermann  TEAM SAM  TOM,M,20
D5348,Hawaii Shira,M,20
D5349,Dr. Charles Narasi,M,20
D5350,AGOSTINO,M,20
D5351,RealPoCoTex,M,20
D5352,ShahramJabarizadegan,M,20
D5353,Chuck Karl,M,20
D5354,Iris,M,20
D5355,MrCritterfur,M,20
D5356,Iron tiger Son of God,M,20
D5357,MMCOWRD AKA.. MadCow,M,20
D5358,Kathy Obear,M,20
D5359,TheMiamiDolfan,M,20
D5360,Christine Loter,M,20
D5361,sebastiao figalo,M,20
D5362,weldermanll,M,20
D5363,John D. Elmstedt Jr.,M,20
D5364,Emergent Perspective,M,20
D5365,Lynn PIlette,M,20
D5366,Husband  Wife,M,20
D5367,Jonathan Lin,M,20
D5368, 2A,M,20
D5369,umichvoter ,M,20
D5370,Donald E. Hodge,M,20
D5371,MaryEtta Poli,M,20
D5372,Linda Marie Lovison,M,20
D5373,keith pelkey,M,20
D5374,Gregg Weeks,M,20
D5375,Based Opinions,M,20
D5376,Bitcoin Collector.,M,20
D5377,Scott Green,M,20
D5378,Tr Thc VN,M,20
D5379,UNACCEPTABLE Views former Deplorable ,M,20
D5380,Becky Triplett,M,20
D5381,Christine ,M,20
D5382,"Dr Sassy Daisy, PsyD ",M,20
D5383,Marley Longstreet,M,20
D5384,Cherub Rock ,M,20
D5385,Kate Sullivan,M,20
D5386,Texanon,M,20
D5387,Whittier Daily News,M,20
D5388,Nathaniel,M,20
D5389,Mary Johnson,M,20
D5390,GT OShea,M,20
D5391,Mousie4,M,20
D5392,WhiteMamabama,M,20
D5393,corey boatwright,M,20
D5394,Richard Bryce Bennett,M,20
D5395,tulsaforkamala,M,20
D5396,PEP,M,20
D5397,Robert R. Samuel,M,20
D5398,Alexander ,M,20
D5399,Mark in California,M,20
D5400,"Prof. M Reza Salami, Ph.D., P.E.",M,20
D5401,Ben Kaplan,M,20
D5402,Hills,M,20
D5403,James Rio,M,20
D5404,Ron Guerrero,M,20
D5405, GW Hughes ,M,20
D5406,Angela Hildenbrandt,M,20
D5407,American Asylum Seeker ,M,20
D5408,harry thznuts,M,20
D5409,PraiseIndy,M,20
D5410,Ron Sapp,M,20
D5411,Benjamin Button,M,20
D5412,Undecided,M,20
D5413,liveXclique,M,20
D5414,Cassie Nguyen,M,20
D5415,Bruce Terra,M,20
D5416,TrumpsTaxes @trumpstaxes.com on bsky,M,20
D5417,GateKeepTheCulture,M,20
D5418,Frank Fayston,M,20
D5419,mathewk,M,20
D5420,BuyInTheRed,M,20
D5421,MILLIONAIRES  BILLIONAIRES PLAYGROUND,M,20
D5422,Satoshi Nakamoto ,M,20
D5423,Art Candee ,M,20
D5424,Kj Valentine,M,20
D5425,KatG,M,20
D5426,Alex Blantly,M,20
D5427,Harriet caldwell,M,20
D5428,Varela Doy,M,20
D5429,Fuzzy Wuzzy ,M,20
D5430,TracyWilson,M,20
D5431,Mel,M,20
D5432,da boy,M,20
D5433,GRANDMA4PEACE,M,20
D5434,George F Carr,M,20
D5435,Doug Bright,M,20
D5436,Hiro Watanabe,M,20
D5437,Wayne e allard,M,20
D5438,wagenseil,M,20
D5439,Marta Norona,M,20
D5440,MD Taufique,M,20
D5441,DaliNazKool1,M,20
D5442,Derrick Bailey,M,20
D5443,Meta Resistance ,M,20
D5444,The New Republic,M,20
D5445,Ghislain Bdard,M,20
D5446,Little Covfefe,M,20
D5447,Cedric Tillman,M,20
D5448,PONCHO,M,20
D5449,Butt Ugly Babies,M,20
D5450,Steve Cortes,M,20
D5451,Bruce,M,20
D5452,Stephanie Myles,M,20
D5453,Scott McDaniels ,M,20
D5454,C b    ,M,20
D5455,A Gene Robinson,M,20
D5456,Christie,M,20
D5457,Marcia Dumoulin,M,20
D5458,Angry Elephant,M,20
D5459,SheyDawg,M,20
D5460,Tami,M,20
D5461,larry knight,M,20
D5462,Pirates for Kamala Harris,M,20
D5463,Lisa Diaz,M,20
D5464,CollinB,M,20
D5465,Elegant Adam,M,20
D5466,shy boi,M,20
D5467,Monica Domingue,M,20
D5468,Tom Williams,M,20
D5469,sybil,M,20
D5470,sarainitaly ,M,20
D5471,DTNBS,M,20
D5472,need more copium,M,20
D5473,Lori Hill,M,20
D5474,SilenceDooGoode,M,20
D5475,Juan Soto,M,20
D5476,Kitzy,M,20
D5477,Nash,M,20
D5478,thndrfk,M,20
D5479,Jessica Gomez,M,20
D5480,sweet wan,M,20
D5481,The Extreme Truth  Liberty Barsh Consulting Co.,M,20
D5482,Prosecutor vs Felon,M,20
D5483,Jf,M,20
D5484,demsRgarbage,M,20
D5485,Chetter  Democracy needs YOU,M,20
D5486,R.L. Zee,M,20
D5487,Anaiis Jurs,M,20
D5488,OtisCampbell,M,20
D5489,Diego Franco Molina,M,20
D5490,LindaE,M,20
D5491,nathan,M,20
D5492,just me,M,20
D5493,,M,20
D5494,danielevansworth,M,20
D5495,AmericaUncensored,M,20
D5496,Bryan Key,M,20
D5497,Decentralize,M,20
D5498,Gary Carpenter,M,20
D5499,Carrie Bowman,M,20
D5500,The Maven,M,20
D5501,bigpoppajackhole,M,20
D5502,Doctor Swankenstein PhD M.F.I.C.,M,20
D5503,Nickolas Medina,M,20
D5504,Chuck Callesto,M,20
D5505,SUPER ULTRA MEGA MAGADONIAN ,M,20
D5506,Abe,M,20
D5507,Marlon East Of The Pecos,M,20
D5508,M. S. Watts,M,20
D5509,Free-to-Think,M,20
D5510,Theocratic Dictator,M,20
D5511,Jebb Young,M,20
D5512,Abraham Mrquez,M,20
D5513,J:DATA,M,20
D5514,John Miksad,M,20
D5515,Rush Limbaughs Ghost,M,20
D5516,Carey,M,20
D5517,No Word Salad,M,20
D5518,Kamala Harris Parody,M,20
D5519,KY ,M,20
D5520,JKar,M,20
D5521,Gary Metzinger,M,20
D5522,David Arcano,M,20
D5523,hotpathd,M,20
D5524,Lou Parun,M,20
D5525,William Brady,M,20
D5526,MAZE,M,20
D5527,Discovery ,M,20
D5528,9ja Breed,M,20
D5529,:BigTing -//    ,M,20
D5530,Privacy Camp,M,20
D5531,Supercidal,M,20
D5532,K1ll3rMAGA84,M,20
D5533,Toasty-Mex Con Queso,M,20
D5534,Jill Lawrence,M,20
D5535,SAVE THE WORLD END GAIN OF FAUCI RESEARCH,M,20
D5536,Evan,M,20
D5537,jessica ,M,20
D5538,Alan Reisman,M,20
D5539,wendy smit,M,20
D5540,GD Cox,M,20
D5541,Gwen Witt,M,20
D5542,Barry Rudd,M,20
D5543,Dre W,M,20
D5544,The.arch.angel,M,20
D5545,jeanSL.bsky.social,M,20
D5546,Monyea Crawford,M,20
D5547,Michael Nimmons,M,20
D5548,Annthenthere2020,M,20
D5549,Mariam,M,20
D5550,Midwest Traci,M,20
D5551,Maral Mardi,M,20
D5552, Ayah ,M,20
D5553,Meezmo April,M,20
D5554,Friedrich List,M,20
D5555,LEVIIS JEANS,M,20
D5556,Lucy Bibb ,M,20
D5557,AutoSpies,M,20
D5558,J. Manuel Pires,M,20
D5559,Frogman,M,20
D5560,FreddieFred,M,20
D5561,Bruce Harmon,M,20
D5562,KLFY NEWS 10,M,20
D5563,Marie Oakes,M,20
D5564,Mr BigE Raider,M,20
D5565,Dr. Squidget Tinklestein,M,20
D5566,Rhuds,M,20
D5567,"Kato Cooks he, him, his",M,20
D5568,Jam Wingood,M,20
D5569,victor w monsura,M,20
D5570,R k Sindhi,M,20
D5571,hunchojack19,M,20
D5572,SaveAslave,M,20
D5573,LidiaWillListen,M,20
D5574,Donn Lovett,M,20
D5575,Delona Woods,M,20
D5576,mr rock,M,20
D5577,Toxicus Masculinicus Maximus,M,20
D5578,John Hood,M,20
D5579, Harris/Walz2024,M,20
D5580,ElCid,M,20
D5581,Norm MacDonaldclips,M,20
D5582,bielemabro,M,20
D5583,Raptured Night,M,20
D5584,Gypsy,M,20
D5585,The Card Walrus ,M,20
D5586,Will Langan,M,20
D5587,Cheryl Mednick,M,20
D5588,"Atheist since2017Science,Blm,Lgtb,Choice",M,20
D5589,B-RI,M,20
D5590,Chris Dijkhuis,M,20
D5591,gatorbait,M,20
D5592,DXRiley,M,20
D5593,State Senator RaShaun Kemp,M,20
D5594,Jai,M,20
D5595,Rashad Al Farooq,M,20
D5596,@Least2DaysLateJake,M,20
D5597,Philip Anderson,M,20
D5598,Nini ,M,20
D5599,rmp,M,20
D5600,GraftedIn,M,20
D5601,JayneJo,M,20
D5602,,M,20
D5603,Laura Loomer,M,20
D5604,Sun Belt Politics,M,20
D5605,All World News,M,20
D5606,Gary Magnan,M,20
D5607,Tom Sharp,M,20
D5608,"Frank Zabierek Saved by Jesus,  keeps God first",M,20
D5609,Jennifer,M,20
D5610,jujumarie1,M,20
D5611,WaterIsLife,M,20
D5612,Phobiaphobe,M,20
D5613,CC MAGA MolonLabe,M,20
D5614,Celestine Garr,M,20
D5615,Marie Reshel,M,20
D5616,KMTruckeritsme,M,20
D5617,MJTruthUltra,M,20
D5618,Lisa   Parody ,M,20
D5619,Robin-Luke Tanudra,M,20
D5620,,M,20
D5621,Case1030,M,20
D5622,The ULTRA Craftsman ,M,20
D5623,Wall Street Apes,M,20
D5624,Free Speecher,M,20
D5625,Dannyinsight,M,20
D5626,Randy One,M,20
D5627,Porsche 911 Turbo S is the best,M,20
D5628,SkyMax   MAGA,M,20
D5629,Eidorian,M,20
D5630,Raina Fortini,M,20
D5631,Rula,M,20
D5632,rcjc2in1@sbcglobal.n,M,20
D5633,I LOVE KAMALAs LAUGHTER,M,20
D5634,Augostin Almazi  ,M,20
D5635,Leonard  Willie,M,20
D5636,"Its Chinatown, Jake",M,20
D5637,Big G,M,20
D5638,Terri Green,M,20
D5639, Amitt,M,20
D5640,Kathleen Trader,M,20
D5641,The Editorial Board,M,20
D5642,Merry Smit,M,20
D5643,Joel Martinez,M,20
D5644,  ,M,20
D5645,TrumpTrain,M,20
D5646,Kathy R. Elect Dems   Dont whine. Act ,M,20
D5647,Bob,M,20
D5648,BrightOcular,M,20
D5649,Vic James,M,20
D5650,Alex Flores,M,20
D5651,Gary Nunn ,M,20
D5652, Bottom ,M,20
D5653,Karen wants to SmashTheDuopoly,M,20
D5654,Dazzle Sprinklestone,M,20
D5655,Robert Edgemon,M,20
D5656,@MimodaSil,M,20
D5657,Gerry Identifies as American,M,20
D5658,   ,M,20
D5659,tl scott,M,20
D5660,MAGA Resource,M,20
D5661,Edward Rivera,M,20
D5662,Andrew the Millwright,M,20
D5663,America News Base,M,20
D5664,Carolyn Vasconcello,M,20
D5665,Mindes ,M,20
D5666,Josh T,M,20
D5667,Seik Jaboote,M,20
D5668,droughtwart on ,M,20
D5669,David Jaewon Oh,M,20
D5670,  ,M,20
D5671,P Thoms,M,20
D5672,WhizBuddy,M,20
D5673,Bobby Bananas ,M,20
D5674,The SHEPHERDs,M,20
D5675,Simon Ateba,M,20
D5676,VitaMan,M,20
D5677,Nicki Luto,M,20
D5678,Pray Without Ceasing,M,20
D5679,Nino Brodin,M,20
D5680,pfunk,M,20
D5681,P K   ,M,20
D5682,Mountain Widower,M,20
D5683,Schiffs Pencil Neck,M,20
D5684,Louise Litzenberg,M,20
D5685,Keith Mattox,M,20
D5686,Tom Morrow,M,20
D5687,The Stone that the Builder Refused,M,20
D5688,GMAN Radio,M,20
D5689,KL Always,M,20
D5690,Tom Sjostedt,M,20
D5691,Allen,M,20
D5692,Yo Momma likes me,M,20
D5693,William Castillo,M,20
D5694,distantThunder,M,20
D5695,David Wood,M,20
D5696,John Morello,M,20
D5697,Robert MAGA Summers,M,20
D5698,DAVID MACLEOD,M,20
D5699,Rick Danna,M,20
D5700,Red Red,M,20
D5701,Candace Angelillo,M,20
D5702,Wes Perry,M,20
D5703,JeVerna Lynn Haynes,M,20
D5704,Dashhy,M,20
D5705,jeannieqh ,M,20
D5706,Milton Cromwell ,M,20
D5707,David.,M,20
D5708,Next News Network ,M,20
D5709,Barbara  Lee,M,20
D5710, ,M,20
D5711,CannabiCrusader,M,20
D5712,Forward Blue,M,20
D5713,SpeakingTree,M,20
D5714,NORDIC     Trzaskowski,M,20
D5715,CRC,M,20
D5716,Brasshawk,M,20
D5717,Connie Pelchat,M,20
D5718,charmaine mceachern,M,20
D5719,Certified Independent,M,20
D5720,Carol Diaz,M,20
D5721,Deep Blue DMV DCMdVa,M,20
D5722,Tiffany Hunter,M,20
D5723,CAP Action,M,20
D5724,Sean S,M,20
D5725,Tactical Newbie,M,20
D5726,Ikigai,M,20
D5727,Chris Christie Fan,M,20
D5728,Shadow Actual,M,20
D5729,Salty Raven PNW,M,20
D5730,Reimy Acosta,M,20
D5731,Scott TX Golf,M,20
D5732,John Vasilakos,M,20
D5733,OC Patriot,M,20
D5734,Mark Mason,M,20
D5735,Jared Blank,M,20
D5736,squirrelly,M,20
D5737,Madmaximus333,M,20
D5738,onehandedbandit,M,20
D5739,Anna Matson,M,20
D5740,Dian,M,20
D5741,Peach the Pest,M,20
D5742,America for Americans,M,20
D5743,Sue Bunn,M,20
D5744,Bluegrass music is the best.,M,20
D5745,Alberto Escamilla ,M,20
D5746,Barry Downing,M,20
D5747,Your Mom,M,20
D5748,Laura Riggaro,M,20
D5749,Bobi Dalesandro,M,20
D5750,KnottBob,M,20
D5751,I Cant Take,M,20
D5752, Timothy ,M,20
D5753,Green-Jarvis Ben-Ellis,M,20
D5754,Izzmee Ofcourse,M,20
D5755,RUSHBEDAMNED,M,20
D5756,Eagle One,M,20
D5757,Barbara A. Rice fka fabucat,M,20
D5758,Cardenaldo,M,20
D5759,Boniface,M,20
D5760,Cathy Pearce,M,20
D5761,Margaret Arross,M,20
D5762,Roger That,M,20
D5763,Jim Blue,M,20
D5764,Will Whitez,M,20
D5765,Jose,M,20
D5766,lzz -Slava Ukraini  ,M,20
D5767,Ricardo Cruz,M,20
D5768,Lakers On ,M,20
D5769,Virgin Mary ,M,20
D5770,Sharon Mattis,M,20
D5771,George William,M,20
D5772,FleeceIII,M,20
D5773,AlteredDNA,M,20
D5774,angraj karan jhansi,M,20
D5775,MichaelCorona,M,20
D5776,G2K5M69 FLAME ONI,M,20
D5777,Gabriel Gomes,M,20
D5778,Terry W. Robertson,M,20
D5779,ElectedMAGA,M,20
D5780,Publius,M,20
D5781,European Tribalist,M,20
D5782,Rural Juror 2: Urban Fervor,M,20
D5783,America4True,M,20
D5784,Newbounds,M,20
D5785,Suzi,M,20
D5786,Youssef Sbai,M,20
D5787,MaryMo,M,20
D5788,Stop Repeating History,M,20
D5789,Winnie Hewett,M,20
D5790,bigz,M,20
D5791,Hammancheez,M,20
D5792,Lois Levine Fishman,M,20
D5793,Richard    ,M,20
D5794,BAA BAA zZzZ,M,20
D5795,George JB,M,20
D5796,jburd,M,20
D5797,Alberto E. Martinez,M,20
D5798,Mediaverse.news,M,20
D5799,Manic Doge,M,20
D5800,Brenda Johnson,M,20
D5801,In This Together ,M,20
D5802,"Bryon the sailor the policy wonk, the USA patriot",M,20
D5803,Daniel Stakleff,M,20
D5804,Ian Jaeger,M,20
D5805,The Popsicle Protector,M,20
D5806,Ultra MAGA Rebel,M,20
D5807,Chip,M,20
D5808,Dana Brown,M,20
D5809,Nikon Kovalev,M,20
D5810,Lillian Smith,M,20
D5811,Chris ,M,20
D5812,beachsunfun,M,20
D5813,Ltd,M,20
D5814,Michael Spurlock,M,20
D5815,truth seeker,M,20
D5816,KiNGxCrUnK,M,20
D5817,JamielovesAmerica,M,20
D5818,My Inner Pundit,M,20
D5819,B.A.Davis,M,20
D5820,Susan Cooper ,M,20
D5821,Daniela Collins,M,20
D5822,Exposing Absurdity,M,20
D5823,Loretta Metcalf,M,20
D5824,Harriette Sucher Author Blogger,M,20
D5825,ScottMiller,M,20
D5826,"Nancy Lowell: Military Mom, Kamala 2024",M,20
D5827,Blue Ice Cream ,M,20
D5828,Apple Lamps,M,20
D5829,dennis bible,M,20
D5830,john chiar,M,20
D5831,Marlene,M,20
D5832,Jim Longo,M,20
D5833,TKat97,M,20
D5834,FloridaTarheel,M,20
D5835,Douglass Mackey,M,20
D5836,RelentlessMAGA,M,20
D5837,journovox69,M,20
D5838,Constantin Purcaru,M,20
D5839,vbspurs,M,20
D5840,Top-news,M,20
D5841,Paul Villarreal AKA Vince Manfeld,M,20
D5842,Trump Posts on ,M,20
D5843,Patrice Roy,M,20
D5844,Burt Convy,M,20
D5845,Mario Nawfal,M,20
D5846,Bruce Wright,M,20
D5847,ghizi,M,20
D5848,sceptic,M,20
D5849,opinion,M,20
D5850,Robert Kurdek,M,20
D5851,Subrayado,M,20
D5852,Entrate Cali - Noticias Cali,M,20
D5853,Kaelan Dorr,M,20
D5854,RichardThynne,M,20
D5855,DavidNguyen Wonderful Future World,M,20
D5856,cgedg,M,20
D5857,Brendan Gutenschwager,M,20
D5858,Chief Nerd,M,20
D5859,Bliobleheris,M,20
D5860,Just An Avg Guy Invictus Maneo,M,20
D5861,Sir Doge of the Coin ,M,20
D5862,Wolf Who Stands,M,20
D5863,Finance Wiki,M,20
D5864,Talent blasters,M,20
D5865,Snapping1Turtle,M,20
D5866,Madame to you,M,20
D5867,JJ,M,20
D5868,Issac Abraham,M,20
D5869,Billy M,M,20
D5870,HawaiiANon,M,20
D5871,Sharon,M,20
D5872,Jimmy G,M,20
D5873,0,M,20
D5874,ZXRRSTEVE,M,20
D5875,bobs,M,20
D5876,Duncan McLean,M,20
D5877,Bobbie Flowers,M,20
D5878,Tim Nelson,M,20
D5879,nu,M,20
D5880,slaw,M,20
D5881,Ruben Garcia,M,20
D5882,Human,M,20
D5883,Bluecaribe,M,20
D5884,Patria61,M,20
D5885,The Washington Post,M,20
D5886,MrTaterhead,M,20
D5887,VOTE 2020,M,20
D5888,Debby Kirby,M,20
D5889,Darryl Reese,M,20
D5890, TruthTalker  ,M,20
D5891,Mayor of ToX,M,20
D5892,Kirk,M,20
D5893,Ruthy,M,20
D5894,LogicOnly,M,20
D5895,The Based Harbor Butcher,M,20
D5896,Crump,M,20
D5897,Aidan,M,20
D5898,Proud CO Patriot Conservative  MAGA,M,20
D5899,LiveLife ,M,20
D5900,Neal Williams,M,20
D5901,Roe Jiden,M,20
D5902,Sneak Nurse,M,20
D5903,Bojanglesbojangles,M,20
D5904,Rah Rah,M,20
D5905,GreatQuake,M,20
D5906,Judy White,M,20
D5907,The Sardonic Patriot,M,20
D5908,David Read,M,20
D5909,Lee Shelton,M,20
D5910,t,M,20
D5911,Adam Schiffylus,M,20
D5912,Omoola,M,20
D5913,Lesiba Sebothoma,M,20
D5914,Rafael Santiago,M,20
D5915,jan,M,20
D5916,Kathy Lindsey,M,20
D5917,Janet the Writer,M,20
D5918,John Tibbs,M,20
D5919,BeerMe909,M,20
D5920,Michelle Braun,M,20
D5921,Penny Calls a Lid ,M,20
D5922,GerritGeraghty,M,20
D5923,Dave ,M,20
D5924,"Stephen A. Boyd, Ph.D.",M,20
D5925,Valerie O,M,20
D5926,Justin The Patriot,M,20
D5927,My Dads Son,M,20
D5928,ME Action Now,M,20
D5929,HuffPost Ent,M,20
D5930,smm,M,20
D5931,meri,M,20
D5932,lizlizardbreath,M,20
D5933,Nancy Lund,M,20
D5934,Patriotic Phenom,M,20
D5935,Laura,M,20
D5936,Insert Whiskey,M,20
D5937,Benjamino,M,20
D5938,Working toward a Better Future for All,M,20
D5939,HuffPost Politics,M,20
D5940,GMJ1971,M,20
D5941,Robert L. Peters,M,20
D5942,Andrew Kortright,M,20
D5943,ISpeakForAll,M,20
D5944,Immolate,M,20
D5945,Randi White,M,20
D5946,QuoteDigger,M,20
D5947,Fifty Days,M,20
D5948,Kim C,M,20
D5949,Jackie Sloane,M,20
D5950,Frank Oppong,M,20
D5951,Jim Beau7,M,20
D5952,Remy Michaels,M,20
D5953,Caressa,M,20
D5954,Timjbo ,M,20
D5955,General,M,20
D5956,Steven Kennedy,M,20
D5957,waqas,M,20
D5958,Granny Still Rocks,M,20
D5959,Sleepysb,M,20
D5960,JDVFLFedUpJewess,M,20
D5961,Jorge Dominguez Beltrn,M,20
D5962,Ethan Park,M,20
D5963,Bradley D ,M,20
D5964,john@utd ,M,20
D5965,Tom Navarro,M,20
D5966,"Dr. Gennadi Glinsky, MD, Ph.D.",M,20
D5967,Diana,M,20
D5968,David Dell,M,20
D5969,William Jennings,M,20
D5970,Margi,M,20
D5971,David Munoz,M,20
D5972,WayneOfPayne,M,20
D5973,Kitty,M,20
D5974,R. Shantz/Robinson,M,20
D5975,Fools Lightly,M,20
D5976,Cameron Franklin,M,20
D5977,Linda,M,20
D5978,AmericanProud,M,20
D5979,William Ringo,M,20
D5980,JLM,M,20
D5981,O Pacheco,M,20
D5982,BM,M,20
D5983,Patty Wolfe,M,20
D5984,BITCOIN  DATA  HEALTH ,M,20
D5985,Ethanol29Oilers,M,20
D5986,Mary Sadler,M,20
D5987,anouk,M,20
D5988,@natalie1788,M,20
D5989,Herb Scribner,M,20
D5990,nedsed,M,20
D5991,Suppressed News.,M,20
D5992,ALigi,M,20
D5993,Silent A Productions,M,20
D5994,yosoylaluz,M,20
D5995,EL NORTE,M,20
D5996,Rep. Elise Stefanik,M,20
D5997,Lord Aughenbaugh ,M,20
D5998,Derick T,M,20
D5999,Brian Bishop,M,20
D6000,JeanSand - Just Keeping It Real,M,20
D6001,AloePlantMastero,M,20
D6002,Tade Minera Corzo,M,20
D6003,Rob Carl,M,20
D6004,Nikol,M,20
D6005,K,M,20
D6006,Brian Kelly,M,20
D6007,Monica McQuinn,M,20
D6008,Margarita Babayan,M,20
D6009,Ole Farmer,M,20
D6010,pacopaco Lopez,M,20
D6011,She B Right,M,20
D6012,JaM2,M,20
D6013,Slingshot News,M,20
D6014,Irrelevant Legend,M,20
D6015,Nick Flor ,M,20
D6016,DiMorPeaceThroughStrength MAGA MAHA,M,20
D6017,kinoti kaluma,M,20
D6018,Praxedes,M,20
D6019,Harris Sultan,M,20
D6020,Amy2u,M,20
D6021,American Woman,M,20
D6022,Mark Frascone,M,20
D6023,Eugene Kirari Rutaganda,M,20
D6024,Duphorn,M,20
D6025,Fucking Guy,M,20
D6026,Jackson ,M,20
D6027,Adam Wienieski,M,20
D6028,Randy DaLegend,M,20
D6029,Thomas Everhart  ,M,20
D6030,Mook,M,20
D6031,CheeseOnions,M,20
D6032,Minnesotamaidin,M,20
D6033,Doc Galazkiewicz,M,20
D6034,Alpha News,M,20
D6035,Charles Dempewolf,M,20
D6036,Kris Vox,M,20
D6037,FreeThinkerAndMaga,M,20
D6038,daviss,M,20
D6039,"Ginsengaddict says pick Tim Walz, please",M,20
D6040,Tim B. Walz,M,20
D6041,DEI Executive Officer of America,M,20
D6042,Globe,M,20
D6043,@Metrogram.bsky.social,M,20
D6044,Nate ,M,20
D6045,Torey Van Oot,M,20
D6046,Silvija V. stands w Harris/Walz   ,M,20
D6047,Bolts,M,20
D6048,507PatriotMN,M,20
D6049,FOX 9,M,20
D6050,MaryK,M,20
D6051,Gov. Tim Walz Troll - Minneutopia,M,20
D6052,lil g,M,20
D6053,Iron Range Rocks and Cows,M,20
D6054,Governor Tim Walz,M,20
D6055,Gorlock the Destroyer,M,20
D6056,Black Moses,M,20
D6057,Walter1776,M,20
D6058,CrackinCrayPas,M,20
D6059,Carmz,M,20
D6060,Tim Walz Sanpaku Eyes,M,20
D6061,Dr. Rube Lance,M,20
D6062,Bill Glahn,M,20
D6063,Sean Nienow,M,20
D6064,Jim R.,M,20
D6065,Tim Walz School Shooter Friend,M,20
D6066,Boris Karlott,M,20
D6067,RED SHE SAIDAmerica First,M,20
D6068,Nik Coop,M,20
D6069,Stigmabase  NORTH,M,20
D6070,West Central Tribune,M,20
D6071,Tim Walz drinks horse semen,M,20
D6072,Axadle,M,20
D6073,north dweller,M,20
D6074,aquarius,M,20
D6075,corky,M,20
D6076,Carl Spackler0,M,20
D6077,CF Politics,M,20
D6078,Joseph McElprang,M,20
D6079,THE Original Mr. Johnson ,M,20
D6080,Mike Espo,M,20
D6081,Ross Fenner,M,20
D6082,whoknew,M,20
D6083,Walid Radwan,M,20
D6084,txpas,M,20
D6085,Ricky Wright,M,20
D6086,Craig Merriman,M,20
D6087,M Jrg,M,20
D6088,K. Martin,M,20
D6089,Susie,M,20
D6090,The real Nancy,M,20
D6091,Jimmy anderson,M,20
D6092,Dpete239,M,20
D6093,Sue Conn,M,20
D6094,Shaft Golf,M,20
D6095,Carl,M,20
D6096,Muggsy,M,20
D6097,SFuchs,M,20
D6098,The Dude Abides Parody,M,20
D6099,American Heathen,M,20
D6100,jay3361,M,20
D6101,BFL,M,20
D6102,James Sanford,M,20
D6103,Jonathan Keller,M,20
D6104,Governor Bob Ferguson,M,20
D6105,jkdee26,M,20
D6106,Faith over Fear Trump 2024 or B4,M,20
D6107,"Hello, My Name Is",M,20
D6108,JAH,M,20
D6109,FedUpMomInMN,M,20
D6110,officer christ,M,20
D6111,JillJMusings,M,20
D6112,AmericanVenom The Prominent,M,20
D6113,Operation Chromedome,M,20
D6114,Theresa Sanders,M,20
D6115,NGK,M,20
D6116,Lifting Libertarian,M,20
D6117,Donald J. Trump  PARODY,M,20
D6118,onremlop,M,20
D6119,Doug,M,20
D6120,Dar Hanson,M,20
D6121,tonyt82849692 maga Bitcoin,M,20
D6122,LEAHmemes,M,20
D6123,Jeff Hallett,M,20
D6124,Lazarus Antichrist,M,20
D6125,Farminggal16version2,M,20
D6126,Hunter Bidens Laptop,M,20
D6127,5thGenMN,M,20
D6128,HildegardLee,M,20
D6129,Y G,M,20
D6130,Paulette Wilkins,M,20
D6131,lisapatrick,M,20
D6132,liz,M,20
D6133,Smokey,M,20
D6134,Airbag Moments hates everything,M,20
D6135,ThatJasonB,M,20
D6136,angelique anthony,M,20
D6137,An American,M,20
D6138,@kberg2020,M,20
D6139,Karen,M,20
D6140,Mr. MAK,M,20
D6141,Christopher Himsl,M,20
D6142,Stephen j. Olko,M,20
D6143,Dont Tread On Me,M,20
D6144,Cori Jobman,M,20
D6145,lindseystrand,M,20
D6146,Walter Kovalenko,M,20
D6147,Rebecca Imsande,M,20
D6148,Judith Bruton,M,20
D6149,Bop,M,20
D6150,Trump Won Again Trump2028,M,20
D6151,Anna Marlowe,M,20
D6152,National Wind Watch,M,20
D6153,"Senator Steve Carlson, Trumpocrat",M,20
D6154,Buckshot,M,20
D6155,Hemingways Minneapolis,M,20
D6156,J  9 days until YOU S5 ,M,20
D6157,ET Daria  ,M,20
D6158,Tim Walz is Mega Weird,M,20
D6159,Patty ,M,20
D6160,Paddywhack4547,M,20
D6161,LawEnforcementToday,M,20
D6162,Tyler Hackner ,M,20
D6163,Ray Anderson,M,20
D6164,ABC 6 News - KAAL TV,M,20
D6165,AJ Geezer,M,20
D6166,Professional Zoomer ,M,20
D6167,Dan B,M,20
D6168,Aaron Isaacs,M,20
D6169,Kris Kranz,M,20
D6170,Marshmof,M,20
D6171,Brandon Rogers,M,20
D6172,s0phistry.bsky.social ,M,20
D6173,Wuhan Walz,M,20
D6174,Nancy Reynolds,M,20
D6175,Steven Gerard,M,20
D6176,Kellie L. Aldrich,M,20
D6177,True Patriot Voice,M,20
D6178,Terry McCarty,M,20
D6179,Americas Golden Age,M,20
D6180,Timothy Bellman,M,20
D6181,MsZucc,M,20
D6182,Reggie,M,20
D6183,Elena Schneider,M,20
D6184,Don Scartelli,M,20
D6185,Candace Gonzalez,M,20
D6186,Joann Floyd,M,20
D6187,Petrice Makinlaw,M,20
D6188,justinmango,M,20
D6189,dan wickham,M,20
D6190,Sheila Traughber,M,20
D6191,Doremus Jessup,M,20
D6192,Tim Walz pitchbot ,M,20
D6193,Mo in Columbus OH Voting BLUE Harris Walz 2024,M,20
D6194,Jean Freestone,M,20
D6195,Big Swede,M,20
D6196,Rebecca Huber,M,20
D6197,Andy Aplikowski  ,M,20
D6198,Para bellum,M,20
D6199,MrJimmy,M,20
D6200,Area Individual,M,20
D6201,CMSMC,M,20
D6202,Allthewayjumper ,M,20
D6203,ASarcasticHyperbolicGuyFromMinnesota,M,20
D6204,Jesus is Coming 2024,M,20
D6205,Kevin McDonald,M,20
D6206,Joe McKenna,M,20
D6207,Jonald,M,20
D6208,Sandy Kay,M,20
D6209,Dicky McGeezak,M,20
D6210,ConspiraSeaGirl,M,20
D6211,KK Celeste,M,20
D6212,SafetyLine Lone Worker,M,20
D6213,"Sports , Politics , Race ,HipHop",M,20
D6214,Andrew Wagner,M,20
D6215,Elya,M,20
D6216,BATMAN  ,M,20
D6217,Peter Callaghan,M,20
D6218,YoYoMa,M,20
D6219,XRPREKT,M,20
D6220,Dawn Westerberg ,M,20
D6221,TruPatriot,M,20
D6222,CR NETWORK,M,20
D6223,Scott Conoryea,M,20
D6224,George Norris Stan,M,20
D6225,TerribleTimmy,M,20
D6226,Steven Kuhn,M,20
D6227,Dr. Bob,M,20
D6228,Barb Schommer,M,20
D6229,Dave B.,M,20
D6230,Tim Droogsma,M,20
D6231,Koda,M,20
D6232,robert snyder,M,20
D6233,Nunya,M,20
D6234,Steve Lentini,M,20
D6235,Bethanne Spires. Defender of Democracy ,M,20
D6236,My Pet Baboon,M,20
D6237,Dr. Dawn Wright  @deepseadawn.bsky.social ,M,20
D6238,Dr Katie Hall,M,20
D6239,Mary L,M,20
D6240,MN Republicans Northland Edition,M,20
D6241,Mr. Republican ,M,20
D6242,DJD,M,20
D6243,Ben Crump,M,20
D6244,Jeff Brinkman,M,20
D6245,john dragonball real,M,20
D6246,Skl P Viskin,M,20
D6247,Michael M,M,20
D6248,RSHTrader,M,20
D6249,Public Booking Engines Rip You Off,M,20
D6250,LJR,M,20
D6251,Jeff Densmore,M,20
D6252,Mtheaded12,M,20
D6253,nice,M,20
D6254,Frank,M,20
D6255,AshCoinum.xyo,M,20
D6256,Alec,M,20
D6257,Midwest55912,M,20
D6258,Atom,M,20
D6259,Caroline Stacey,M,20
D6260,Brezhnevs Eyebrows,M,20
D6261,Northshore Enthusiast,M,20
D6262,spicytwix,M,20
D6263,Wayne Schultz,M,20
D6264,Gone Fishing ,M,20
D6265,2-ns2-ts,M,20
D6266,Cindy Bellrichard,M,20
D6267,1 Viking Patriot ,M,20
D6268,NaNa Jackie,M,20
D6269,SheilaD,M,20
D6270,Brandon Aguillard,M,20
D6271,Nana55,M,20
D6272,Masked Mirage,M,20
D6273,Tom Reed,M,20
D6274,jack stroker,M,20
D6275,Kim,M,20
D6276,Brian Kallio,M,20
D6277,GumbyDammit,M,20
D6278,Melkboer,M,20
D6279,Shazam   Vote Kamala Harris -Tim Walz 2024,M,20
D6280,Michael Joseph Murray,M,20
D6281,The Gadfly,M,20
D6282,Dean Nunyo,M,20
D6283,Freddie Wins,M,20
D6284,PlumeriaMoon0514,M,20
D6285,Liz Cheney -  Democrat,M,20
D6286,Eric Henly,M,20
D6287,Ces,M,20
D6288,IKD,M,20
D6289,"Lee Ritz, MD Ob/Vee/Us",M,20
D6290,Rockin My World,M,20
D6291,MinPinny,M,20
D6292,DeniseMG ,M,20
D6293,Stones On fire,M,20
D6294,Michael Zimmerli,M,20
D6295,Jerry Gladis,M,20
D6296,Big Boots,M,20
D6297,RebellionsByCandlelight ,M,20
D6298,whiskeytangofoxtrot,M,20
D6299,DH Richardson,M,20
D6300,Az,M,20
D6301,Noah Thomsen,M,20
D6302,ladyshootz,M,20
D6303,Scott Holzerland,M,20
D6304,spikemj8311,M,20
D6305,Tom Adler GetMoneyOut FDRDem,M,20
D6306,Mark L,M,20
D6307,chris grant,M,20
D6308,Crash Campbell ,M,20
D6309,Big Bear,M,20
D6310,Koko,M,20
D6311,Weaponized Autism,M,20
D6312,Trashbandicoot,M,20
D6313,Scott Nelson,M,20
D6314,CNNonsense,M,20
D6315,Thomas Sheehey,M,20
D6316,Jeffrey Hulme,M,20
D6317,Terry glomski,M,20
D6318,Miliano Xolotli ,M,20
D6319,All1sONE,M,20
D6320,blind squirrel,M,20
D6321,TRondo,M,20
D6322,WernerKlopek,M,20
D6323,J42766,M,20
D6324,31s Tweets,M,20
D6325,Molly South,M,20
D6326,Rivka Leah,M,20
D6327,Ooey Kablooey,M,20
D6328,cottso,M,20
D6329,Elon Musty ,M,20
D6330,GZ,M,20
D6331,Chris A. Robinson,M,20
D6332,Rosettethe halfbreed ,M,20
D6333,match,M,20
D6334,David Hogg ,M,20
D6335,The Dude,M,20
D6336,Patty,M,20
D6337,Zippy,M,20
D6338,Arun Dev,M,20
D6339,jeanette mckay,M,20
D6340,American Woman,M,20
D6341,Calypsho,M,20
D6342,@kevinone2003,M,20
D6343,IsaMcC  CEASEFIRE NOW,M,20
D6344,Thee Eff Everything.,M,20
D6345,marley4142,M,20
D6346,Debra Strege,M,20
D6347,Wendy R. Anderson,M,20
D6348,Jesahn O,M,20
D6349,polkaqueen,M,20
D6350,Jeff777,M,20
D6351,Elisabeth Olson ,M,20
D6352,JBN RN,M,20
D6353,logan.,M,20
D6354,bed of whys,M,20
D6355,Dean Winchester,M,20
D6356,Jeffrey Becks,M,20
D6357,J in Florida ,M,20
D6358,DJS,M,20
D6359,Goof,M,20
D6360,jb goode,M,20
D6361,jessica deweerth,M,20
D6362,John Birke,M,20
D6363,Chicago,M,20
D6364,Bernie Hesse,M,20
D6365,Ethan Lane,M,20
D6366,Maximinus Thrax AKA Pundit Paranoia,M,20
D6367,Hester Prynne,M,20
D6368,Audrey Wauchope Lieberstein,M,20
D6369,KeepCalmandVOTE  ,M,20
D6370,Vincent Frank,M,20
D6371,The Gen X Fact Checker,M,20
D6372,Ralf Landmesser,M,20
D6373,Gin,M,20
D6374,John L. Lucci,M,20
D6375,Claudia DeSimone,M,20
D6376,LivLaughLove,M,20
D6377,Dr. Cole 47Resister,M,20
D6378,Minnesota McMurphy,M,20
D6379,Tanner Pierce,M,20
D6380,Ribelle,M,20
D6381,Tim Gadsden,M,20
D6382,Lauri,M,20
D6383,Metta Force,M,20
D6384,CustodialFather in Texas,M,20
D6385,into life,M,20
D6386,universal cousin,M,20
D6387,DC,M,20
D6388,,M,20
D6389,JM Rogers,M,20
D6390,Eve Yearwood,M,20
D6391,Patrick Roan,M,20
D6392,Jose Ortal,M,20
D6393,nate,M,20
D6394,Jean-Nol,M,20
D6395,Not Woke,M,20
D6396,,M,20
D6397,Chance Wayne,M,20
D6398,Russell Dinkins,M,20
D6399, TJ ,M,20
D6400,Carol Tekavec,M,20
D6401,Nicholas,M,20
D6402,HrrlBrrllyHrrjack the WASP Overlord,M,20
D6403,Stok,M,20
D6404,Mitchell Loch,M,20
D6405,Debbie Leslie,M,20
D6406,Snowcone,M,20
D6407,SharonTaylor,M,20
D6408,RLeeinVA,M,20
D6409,TheMNGal-Tammy,M,20
D6410,Jules G,M,20
D6411,20Bigs,M,20
D6412,Marissa Peterson ,M,20
D6413,Allison for Democracy ,M,20
D6414,Tom Youngell,M,20
D6415,uOMi,M,20
D6416,Black Lives Matter 860 Hartford CT ,M,20
D6417,George New,M,20
D6418,Monica ,M,20
D6419,David Marquardt,M,20
D6420,Dreams of a Cabin by the Lake ,M,20
D6421,Floyd Midler,M,20
D6422,Nancy Dahl,M,20
D6423,Steve Lewis,M,20
D6424,Tim Griffin,M,20
D6425,Misty,M,20
D6426,Dave Thul,M,20
D6427,Chad Moen,M,20
D6428,Roo,M,20
D6429,Jim of Pennsyltucky,M,20
D6430,One Million Experts,M,20
D6431,"SteveSherwood, should I not be in this group chat",M,20
D6432,InFreedomITrust,M,20
D6433,Stan J. Leino.,M,20
D6434,Crewsn,M,20
D6435,WizardsLady-AntiFa,M,20
D6436,Neil Misra for State Rep.,M,20
D6437,Adam Gantz,M,20
D6438,NealWiser,M,20
D6439,JGaraf,M,20
D6440,KittenClawsandCatnip ,M,20
D6441,Johnny Utah,M,20
D6442,kamala2024 brat ,M,20
D6443,Neil Misra N.H.,M,20
D6444,elizabeth,M,20
D6445,Cary Stone,M,20
D6446,StPaulsilver,M,20
D6447,Alyssa Everett ,M,20
D6448,Harry Morant,M,20
D6449,Sue dennis,M,20
D6450,Carl Wagner ,M,20
D6451,Nathaniel Hawthornes Ghost,M,20
D6452,Jami,M,20
D6453,DreamWeaver,M,20
D6454,Willy,M,20
D6455,MnMike,M,20
D6456,Rich Smith,M,20
D6457,Tom P,M,20
D6458,Change,M,20
D6459,my2dogs,M,20
D6460,Melech.,M,20
D6461,NANCY OSHEA   ,M,20
D6462,Bass Windu,M,20
D6463,"CooktKitten defund bike lanes, Tims cat",M,20
D6464,Julian Ro,M,20
D6465,Djv,M,20
D6466,FDR Wallace Dem ,M,20
D6467,DanaBlankenhorn,M,20
D6468,Roseblite,M,20
D6469,Alex Ross,M,20
D6470,TRUMP IS A PIECE OF SHIT CEASEFIRE,M,20
D6471,@rickrollrumble.xyz on BlueSky,M,20
D6472,Marisa UnionStrong,M,20
D6473,Normal,M,20
D6474,Todd,M,20
D6475,Renee Lascala,M,20
D6476,Liss J Schmidt,M,20
D6477,Rebecca Lassie Veralice,M,20
D6478,,M,20
D6479,Pseidon,M,20
D6480,just jennifer,M,20
D6481,Nom Chompsky,M,20
D6482,Wolf of Wallstreet,M,20
D6483,Jordan ,M,20
D6484,Dayib,M,20
D6485,Sensei ,M,20
D6486,,M,20
D6487,FBP,M,20
D6488,Tess Malone,M,20
D6489,Paratrooper Brady,M,20
D6490,joe miller,M,20
D6491,luciearl,M,20
D6492,JRock,M,20
D6493,Elon Altman,M,20
D6494,Phyllis,M,20
D6495,Wiz ,M,20
D6496,Ellsworth Cowcat III Esq.,M,20
D6497,Molly Ploofkins,M,20
D6498,TSD,M,20
D6499,Ezekiel Stern,M,20
D6500,Michele ,M,20
D6501,MissouriBluebird ,M,20
D6502,WEF Comedy Jam,M,20
D6503,BraaapRoKker,M,20
D6504,Kelly lauritsen,M,20
D6505,Tweeting@ThemSoftly,M,20
D6506,mommy and daddy are fighting,M,20
D6507,Sara7795,M,20
D6508,However,M,20
D6509,Dean Krouse,M,20
D6510,Bonnie Rawson,M,20
D6511,Karen J,M,20
D6512,Steve Timmer   ,M,20
D6513,Pellie J,M,20
D6514,James Mielke  @milkman.bsky.social,M,20
D6515,Interstellar Dweller,M,20
D6516,Meg Polk,M,20
D6517,Mr.Lucky130 ,M,20
D6518,Connoisseur of Fine Internets,M,20
D6519,Santa Claus,M,20
D6520,mickde,M,20
D6521,KimmyAnne swtdreams1007 on blsk,M,20
D6522,Art Vandelay,M,20
D6523,james50eric2005@gmail.com,M,20
D6524,Dom sal,M,20
D6525,Blue Bee,M,20
D6526,Jeifri Beltre,M,20
D6527,Irene,M,20
D6528,Mark Hutcheson,M,20
D6529,laissez claire,M,20
D6530, AMERICAS BACK,M,20
D6531,DOGE SuperFan,M,20
D6532,liberal logic parody,M,20
D6533,ClassicFilm,M,20
D6534,Christy,M,20
D6535,TheFavorite,M,20
D6536,Evermint ,M,20
D6537,Hippiebear,M,20
D6538,ruth,M,20
D6539,DP Panthers,M,20
D6540,logen,M,20
D6541,Rex Boykin,M,20
D6542,AJ McDavid,M,20
D6543,The Primitive,M,20
D6544,Piss,M,20
D6545,Carolyn Stanley,M,20
D6546,Tyler Wilson,M,20
D6547,Darla,M,20
D6548,Billz,M,20
D6549,Sharpe Lewis,M,20
D6550,STV WLSH,M,20
D6551,flynnde,M,20
D6552,NotAFollower,M,20
D6553,ProudPatriotUS,M,20
D6554,Israel Cruz 4 Pennsylvania Governor,M,20
D6555,detour 66,M,20
D6556,BB,M,20
D6557,Joshua Hartley,M,20
D6558,Lindsay Barton NAFO,M,20
D6559,EMPIntelligenceNet,M,20
D6560,EnthusiasticallyBored,M,20
D6561,Alistar,M,20
D6562,RacerX507,M,20
D6563,Paulo Gonzales,M,20
D6564,Boerboel,M,20
D6565,Patriot Vibes,M,20
D6566,LovableAdversary,M,20
D6567,wolfv,M,20
D6568,Levi Beaird,M,20
D6569,Barry Gabrewski ,M,20
D6570,Ryan,M,20
D6571,Constantine,M,20
D6572,jpll,M,20
D6573,FIFI,M,20
D6574,Live Strong,M,20
D6575,Robert Tilley,M,20
D6576,Spitfire,M,20
D6577,Jed Clampit,M,20
D6578,UltraMAGA King Dr Car Guy,M,20
D6579,Delta Lima,M,20
D6580,Chris Scott,M,20
D6581,Heather Thomas,M,20
D6582,saltySusana,M,20
D6583,ShogunAssassin,M,20
D6584,"Egberto Willies, Politics Done Right host ",M,20
D6585,commonsenseMD,M,20
D6586,Lacey Allerson ,M,20
D6587,Simian Wrench The sarcasm is made with 80 recyc,M,20
D6588,Keeping it Real,M,20
D6589,Gregstradamus,M,20
D6590,Karen Tench,M,20
D6591,Mama,M,20
D6592,Kent Holland,M,20
D6593,Misha Tarasenko,M,20
D6594,Stumbling to Nineveh,M,20
D6595, Ms.Outlaw ,M,20
D6596,Facts and Truth Seeker,M,20
D6597,NPCIdentifier,M,20
D6598,P0liticalN3rd,M,20
D6599,cole didonato,M,20
D6600,Paris Alexander,M,20
D6601,David Burks    ,M,20
D6602,C C,M,20
D6603,GNJ39110,M,20
D6604,Latina USA ,M,20
D6605,John Fitzgerald,M,20
D6606,Oh Geez Louise,M,20
D6607,Zack Stewart ,M,20
D6608,C. Lane,M,20
D6609, Dr. MemeNstein votes  BLUE ,M,20
D6610,The Nighttime Diplomatist,M,20
D6611,Citizen Blue  ,M,20
D6612,Burne Garth,M,20
D6613,BLUE and BLONDE,M,20
D6614,Jerry Price,M,20
D6615,WhatDoIKnow ,M,20
D6616,Cash Loren,M,20
D6617,I Came I Saw I Got Over Macho Grande,M,20
D6618,AloeWhale,M,20
D6619,Steven Decker,M,20
D6620,CB,M,20
D6621,Lisa B Southern Lady,M,20
D6622,Needles,M,20
D6623,Bohica,M,20
D6624,Cleopatra,M,20
D6625,Mike Foley,M,20
D6626,Sharon  anhdoglover ,M,20
D6627,Amanda,M,20
D6628,TheBean,M,20
D6629,ModelMeow,M,20
D6630,Mockingbird,M,20
D6631,Pamela M Jones ,M,20
D6632,Greg goes wild,M,20
D6633,larry duncan,M,20
D6634,Matt Kavanagh,M,20
D6635,Pam Berg,M,20
D6636,Deanna Hodson,M,20
D6637,Wise,M,20
D6638,saddy mayonnaise,M,20
D6639,Boyd Linhart,M,20
D6640,Make America Sane Again ,M,20
D6641,mike W,M,20
D6642,MeidasTouch,M,20
D6643,...,M,20
D6644,Chris ,M,20
D6645,scott immordino,M,20
D6646,Robert Douglas,M,20
D6647,Eric Russell ,M,20
D6648,pj082323,M,20
D6649,JenNJuice,M,20
D6650,Kicknitnaz2,M,20
D6651,Gary Scheib,M,20
D6652,Grizzly.,M,20
D6653,Connie Fanelli,M,20
D6654,"Skippy Baird,",M,20
D6655,Alltime,M,20
D6656,Patrick Wallace Ebertz,M,20
D6657,RyRyEberhart,M,20
D6658,Zachary Bewley,M,20
D6659,Mike .A. Davids The Lord is Here,M,20
D6660,James Wade,M,20
D6661,doug mycko,M,20
D6662,Jon Veitch,M,20
D6663,terry k.,M,20
D6664,Billy,M,20
D6665,Fights4TheUsers,M,20
D6666,I hate Elon-noise not sees,M,20
D6667,twippx,M,20
D6668,Kit Olson,M,20
D6669, Jay MacDonald ,M,20
D6670,Birddog,M,20
D6671,Patrick Henry,M,20
D6672,Joshin,M,20
D6673,Gerat Justa ,M,20
D6674,The Utopitarian,M,20
D6675,Edward Fox,M,20
D6676,Man 6,M,20
D6677,Don Frontotemporal Dementia,M,20
D6678,MAGA2024,M,20
D6679,Robert R.,M,20
D6680,Maxamus Sarcasticus,M,20
D6681,LadyWhistleDown,M,20
D6682,just so you know,M,20
D6683,:,M,20
D6684,Nicholas Grapsas,M,20
D6685,Baseline14,M,20
D6686,X - JakoAndrew,M,20
D6687,CoogieBear,M,20
D6688,BC,M,20
D6689,bocacatlover,M,20
D6690, on Venus,M,20
D6691,asinancyc,M,20
D6692,Kevin Kyle is  from ,M,20
D6693,Max Andrews,M,20
D6694,Dan Phillippi,M,20
D6695,We Are All Rebels Now,M,20
D6696,Dont believe everything,M,20
D6697,Babbylou,M,20
D6698,TexasStong,M,20
D6699,R Lewis,M,20
D6700,Odds,M,20
D6701,abrama1,M,20
D6702,Jeremy McCartin ,M,20
D6703,Zortan PR,M,20
D6704,Doctor,M,20
D6705,Nudge-Nudge Wink-Wink,M,20
D6706,Belvy Benjamin Button,M,20
D6707,tom brennan,M,20
D6708,lovelybbong,M,20
D6709,NEMO,M,20
D6710,Brian Goggin,M,20
D6711,SimpleJackTrader,M,20
D6712,Zandra Millien,M,20
D6713,David L. Goldberg,M,20
D6714,Troy Kuhn,M,20
D6715,The Big Chubby,M,20
D6716,Timothy Terbay. Daddy maker.,M,20
D6717,Spears Mullen,M,20
D6718,ronald lane,M,20
D6719,Jeff Christenson,M,20
D6720,Are you helping,M,20
D6721,Brighid,M,20
D6722,J.L.,M,20
D6723,Georgina dellaPorta,M,20
D6724,Karon Villaverde,M,20
D6725,Shaker2,M,20
D6726,Tony D,M,20
D6727,jasonsthoughts,M,20
D6728,Mike Whitefield,M,20
D6729,Audit Washington DC,M,20
D6730,MAGA Elvis ,M,20
D6731,LiquiD,M,20
D6732,Arch621,M,20
D6733,Amy Raines,M,20
D6734,Rob Harding,M,20
D6735,Jpratte ,M,20
D6736,Too Big to Rig TRUMP 2024,M,20
D6737,Fred Nyc,M,20
D6738,James Whittom,M,20
D6739,Rambling Al,M,20
D6740,Joseph Warren,M,20
D6741,Aphrodite,M,20
D6742,Christine M,M,20
D6743,Dummydonald,M,20
D6744,Paul Gosal,M,20
D6745,Carolynthechef,M,20
D6746,JedLogic,M,20
D6747,Stellas Ladrido  ,M,20
D6748,Josh     Gray ,M,20
D6749,Nancy Hicks  ,M,20
D6750,"Meowdy, Yall",M,20
D6751,Haleysleuthwho,M,20
D6752,NEVERtRump,M,20
D6753,psionics,M,20
D6754,Andrea ,M,20
D6755, ,M,20
D6756,catrescue,M,20
D6757,Peter Schweizer,M,20
D6758,Sons of Issachar,M,20
D6759,Karl,M,20
D6760,PhilliesCHAMPS80,M,20
D6761,DougJBalloon,M,20
D6762,Notable Exception,M,20
D6763,WFLA NEWS,M,20
D6764,Rick have gun will travel,M,20
D6765,Phil Maness,M,20
D6766,Raven Song Farm  ,M,20
D6767,AnnieTheRunner,M,20
D6768,leftists are cowardly panicans,M,20
D6769,DogFart,M,20
D6770,Motty Grun ,M,20
D6771,SSThunder98,M,20
D6772,Sue,M,20
D6773,bigben,M,20
D6774,Barbara M,M,20
D6775,kristopher convissar,M,20
D6776,LVH Harrow,M,20
D6777,Brewtus Dad,M,20
D6778,juicy smolhatz,M,20
D6779,Marijan,M,20
D6780,Eagleman267,M,20
D6781,Brine,M,20
D6782,GBfromPartsUnknown,M,20
D6783,Never Smoked Hope,M,20
D6784,Jos Freitas,M,20
D6785,Debbie,M,20
D6786,NeverTrump@biden2020,M,20
D6787,schmilly,M,20
D6788,Bonnie,M,20
D6789,Cathie Hall,M,20
D6790,Joni Job,M,20
D6791,ak1950,M,20
D6792,Paramom,M,20
D6793,Rose Gardener,M,20
D6794,Dylan Compton,M,20
D6795,Gregory Ross,M,20
D6796,Ann Rose Thomas silence is complicity,M,20
D6797,Yassamin Ansari,M,20
D6798,Wm. Brady,M,20
D6799,Dom Dur,M,20
D6800,Karan Dixon  Arkansas  Slava Ukraine ,M,20
D6801,Money N Vision,M,20
D6802,Florida Man ,M,20
D6803,Shelley,M,20
D6804,Lisa  Vote 2026 ,M,20
D6805,KenduVision Astrology,M,20
D6806,Kat Granz  non X payor,M,20
D6807,StopBeingSheep,M,20
D6808,James inSWGAGoNoles,M,20
D6809,parrishd,M,20
D6810,ccmccormick811,M,20
D6811,Nubbins,M,20
D6812,Dr. Turnleftundkoff,M,20
D6813,Angie Chambers,M,20
D6814,Patriot Boss ,M,20
D6815,X-Ray Cat,M,20
D6816,Nuke Laloosh,M,20
D6817,55,M,20
D6818,ATLien Patriot ,M,20
D6819,JUJU,M,20
D6820,Old Seattle,M,20
D6821,BurnCoal2,M,20
D6822,Truth In Motion,M,20
D6823,Virginia Dentata,M,20
D6824,Jim Mayer,M,20
D6825,SaintNorth12,M,20
D6826,NoLongerSupportTrump,M,20
D6827,Jim Goodloe,M,20
D6828,SUSAN HODDER,M,20
D6829,Watchman,M,20
D6830,habbernack,M,20
D6831,Cathy Kitterle Stands with Ukraine,M,20
D6832,KAGDUDE,M,20
D6833,Robert Spencer,M,20
D6834,gskrptrb,M,20
D6835,bigwhitelunchbox,M,20
D6836, Stop NJ Overreach,M,20
D6837,First Lady of Frontierland,M,20
D6838,Drivernator,M,20
D6839,Armchair QB1,M,20
D6840,Robert Dziezynski,M,20
D6841,Just right enough,M,20
D6842,monticellos child,M,20
D6843,Kelle Goracke,M,20
D6844,realDavidLee ,M,20
D6845,Sandy Kroll,M,20
D6846,Dimitri,M,20
D6847,Sgaud,M,20
D6848,Brenda,M,20
D6849,Payfwd,M,20
D6850,Guinea Pig Jesus,M,20
D6851,Ellen M. Perrault,M,20
D6852,Erin Dustin,M,20
D6853,frontrowseats,M,20
D6854,Oregon Eposed,M,20
D6855,Ken Walkling,M,20
D6856,"God-zilla is king, MAGA, Trump Vance 2024",M,20
D6857,MamaMia408,M,20
D6858,Benny Sinclare,M,20
D6859,No human being is illegal ,M,20
D6860,DarkKnight27,M,20
D6861,whats the deal,M,20
D6862,charlesknutson,M,20
D6863,Tony Shaffer,M,20
D6864,Gene McArthur,M,20
D6865,Jawny Reb ,M,20
D6866,John Straub,M,20
D6867,DoTellMichelle,M,20
D6868,Kenneth Everett Williams ,M,20
D6869,Kyle Phoenix ,M,20
D6870,TRUMPISKING,M,20
D6871,Paul Wiggins ,M,20
D6872,Go to czarshaw.bsky.social,M,20
D6873,Jethalal,M,20
D6874,tasMAGADonian,M,20
D6875,Gerty,M,20
D6876,Defend the Truth and Defeat the Lies,M,20
D6877,Oliver John,M,20
D6878,Justice Girl ,M,20
D6879,Jack Miceli,M,20
D6880,Jaynell,M,20
D6881,Del Meath,M,20
D6882,Tick Magnet,M,20
D6883,DToro,M,20
D6884,Taz,M,20
D6885,Wavy D,M,20
D6886,JOHN YOUNG - US NAVY - Ret. MAGA,M,20
D6887,GoldadorMom,M,20
D6888,MrMeme,M,20
D6889,Sandra Deere,M,20
D6890,CliffordPeache,M,20
D6891,Barbara Riley,M,20
D6892,Sam410,M,20
D6893,bruiser78,M,20
D6894,Talon2Texas,M,20
D6895,sassylily,M,20
D6896,KevB ,M,20
D6897,MissKitty,M,20
D6898,Damo Vdk,M,20
D6899,Dalton Harris,M,20
D6900,Tim Bates,M,20
D6901,Steven Noyes,M,20
D6902, IAmTheNRA Rosenblum,M,20
D6903,Translation Goat,M,20
D6904,James Douglas Morrison,M,20
D6905,rachetgear,M,20
D6906,Bert,M,20
D6907,Liberty and Justice for All,M,20
D6908,Justice4theunborn,M,20
D6909,monkey man,M,20
D6910,vulpes grumpes,M,20
D6911, False Flag ,M,20
D6912,Deniese,M,20
D6913,TheNakedTruthReport,M,20
D6914,THE MIRROR OF TRUTH,M,20
D6915,Kelly Doll ,M,20
D6916,blacklabsRbest,M,20
D6917,TheEducator,M,20
D6918,Devils Advocate,M,20
D6919,Questions,M,20
D6920,Stephanie S.,M,20
D6921,Rosie,M,20
D6922,steve peck,M,20
D6923,Barbara ,M,20
D6924,Meeras Bubbie,M,20
D6925,American Patriot Voice,M,20
D6926,Sidharth Saha,M,20
D6927,NATShan RESIST ,M,20
D6928,Tim Turner,M,20
D6929,Rich Garza,M,20
D6930,Steven Carp,M,20
D6931,Josey Wang,M,20
D6932,Dave Fox,M,20
D6933,evie1015,M,20
D6934,SpeedGibson,M,20
D6935,Deborah Gibson,M,20
D6936,Cochise County Democratic Party,M,20
D6937,THEE Kimberly Taylor  ,M,20
D6938,Lana Haight,M,20
D6939,Spam,M,20
D6940,KeyReal,M,20
D6941,Thomas Polizzi Sr,M,20
D6942,Patriot Girl ,M,20
D6943,Norm Detels,M,20
D6944,Peter Ferguson,M,20
D6945,DB Cooper,M,20
D6946,BMan,M,20
D6947,bbstacker - ,M,20
D6948,Anne Ludlow,M,20
D6949,Scot Jean,M,20
D6950,Andy Cohen ,M,20
D6951,The Welch,M,20
D6952,Dean in Waukesha ,M,20
D6953,Quinn Proquo  Parody noted as required,M,20
D6954,"No, Im not hitting on U   NOLISTS",M,20
D6955,AZ NATIVE,M,20
D6956,CorruptPoliticiansEverywhere,M,20
D6957,Tec-9,M,20
D6958,kastfan1,M,20
D6959,AmericanTrooper,M,20
D6960,told you so ,M,20
D6961,Jamal Gurhan ,M,20
D6962,"Mr. Snow, The Real  -Era",M,20
D6963,japiatek,M,20
D6964,Mike - Resist the Red Idiots ,M,20
D6965,June Bosworth,M,20
D6966,BourbonFreedomBills,M,20
D6967,JoAnn Pencek,M,20
D6968,paradise lost,M,20
D6969,Truth is Key,M,20
D6970,JRB ent,M,20
D6971,tabula rasa,M,20
D6972,Cigar Monkey,M,20
D6973,NowYouHaveDoneIt,M,20
D6974,yogi,M,20
D6975,"General Catton, soon warlord of former Seattle",M,20
D6976,AuntWheezie Queen Consort,M,20
D6977,Terry R. Green,M,20
D6978,The Midwest Connect,M,20
D6979,NotaFedJed  Fighting for MN,M,20
D6980,icandy,M,20
D6981,LindaC,M,20
D6982,Blake,M,20
D6983,FriedasMom7,M,20
D6984,FreddyK,M,20
D6985,MinnieS0da ,M,20
D6986,Prishpreed,M,20
D6987,Sandpot,M,20
D6988,Zugly747,M,20
D6989,rics tta Hre,M,20
D6990,47deekz,M,20
D6991,TX Dodge Dude,M,20
D6992,Nina,M,20
D6993,Tony Novak,M,20
D6994,Wadisloff,M,20
D6995,John Young,M,20
D6996,Wh1skerz,M,20
D6997,john nile updegraff,M,20
D6998,Britt ,M,20
D6999,You Actually Typed That,M,20
D7000,shannonwegscheid@mailfence.com,M,20
D7001,OG Blue Collar Bastard 2.0,M,20
D7002,NostraThomas Horvath,M,20
D7003,Joey Hann,M,20
D7004,DebW,M,20
D7005,The Rogue Politico,M,20
D7006,MAGA Dubz 47,M,20
D7007,Gary Wybenga,M,20
D7008,Zach man,M,20
D7009,Earle Smith,M,20
D7010,G in the Lou 8,M,20
D7011,John Moore,M,20
D7012,KETR,M,20
D7013,Queenbink,M,20
D7014,Rob Pierce,M,20
D7015,MissNyra,M,20
D7016,TwijfelBewaren,M,20
D7017,bleep,M,20
D7018,The Feminist Misogynist,M,20
D7019,joy,M,20
D7020,Montys Garden,M,20
D7021,KA3L,M,20
D7022,Juneaudave,M,20
D7023,DKExpat,M,20
D7024,KAL,M,20
D7025,I Memnoch,M,20
D7026,Wendy Bitzan,M,20
D7027,Persto,M,20
D7028,Sir Walter,M,20
D7029,Nick karas,M,20
D7030, Grey Cat Tweet ,M,20
D7031,todd green,M,20
D7032,Frank Castillo,M,20
D7033,MissieMe,M,20
D7034,Pedroroadrunner,M,20
D7035,Lonestarusmc,M,20
D7036,roxymusic46@gmail.com,M,20
D7037,Linda Moline,M,20
D7038,kenzo,M,20
D7039,Jedi Master Phallic,M,20
D7040,MLL,M,20
D7041,Les Grossman,M,20
D7042,Dedee,M,20
D7043,tucsonscorruptleadership.com,M,20
D7044,FiddleKnits ,M,20
D7045,James Turpen,M,20
D7046,pablo escobar,M,20
D7047,Trump2024 MAGA 45  47,M,20
D7048,Taylor,M,20
D7049,PA Sports Fan,M,20
D7050,Jerron Carlson,M,20
D7051,FAFFRN,M,20
D7052,Irish Tiger 224,M,20
D7053,L.R.,M,20
D7054, 4th Estate is a 5th Column ,M,20
D7055,Becky Yeager,M,20
D7056,Jeff Ross,M,20
D7057,Shaheen Khurana,M,20
D7058,ConstitutionalRepublican,M,20
D7059,Ann Marie,M,20
D7060,RA,M,20
D7061,das Framke ,M,20
D7062,Chuck Soltys,M,20
D7063,Texas proud ,M,20
D7064,Gordon Shumway,M,20
D7065,VinoVeritas1985,M,20
D7066, MoneeMadeMeDoIt ,M,20
D7067,TexasSpartan,M,20
D7068,Leonard Roxon,M,20
D7069,DEBRA HOLMES,M,20
D7070,570TiKi,M,20
D7071,Conservative 138,M,20
D7072,Layla loves America  ,M,20
D7073,Annette Ross,M,20
D7074,hallandnash96,M,20
D7075,Earl,M,20
D7076,LINK give me the link please Project-B,M,20
D7077,Pat ,M,20
D7078,Dave Mason,M,20
D7079,Liz Sisk,M,20
D7080,Jim ORourke,M,20
D7081,Kathy Akers,M,20
D7082,OFFICIALTRIGASHES,M,20
D7083,Jennifer Bell LetsMeetInTheMiddle,M,20
D7084,John Solomon,M,20
D7085,Just the News,M,20
D7086,Cato,M,20
D7087,InventorBLADES,M,20
D7088, Ken D. Blackwell ,M,20
D7089,RRhae I DISSENT,M,20
D7090,pizzmoe,M,20
D7091,Marvin Bulas,M,20
D7092,GingerSpice,M,20
D7093,nothavinit,M,20
D7094,John Theobald,M,20
D7095,moyeti,M,20
D7096,roberto bonacors,M,20
D7097,getwrecked,M,20
D7098,TRUMP TRUTHS TRUMP IS RIGHT ABOUT EVERYTHING,M,20
D7099,lambo200530,M,20
D7100,Karen Coombs,M,20
D7101,Maureen,M,20
D7102,Glock Barbie 45 ,M,20
D7103,Don RLX  ,M,20
D7104,Cynthia Skuce,M,20
D7105,King Trump ,M,20
D7106,Snapshots  Soundbites,M,20
D7107,Dieter Sngen ,M,20
D7108,CaptainGiggleFarts,M,20
D7109,Abby Rosenberg,M,20
D7110,Marjorie Trailer Greene,M,20
D7111,Thomas G.,M,20
D7112,Rick Blevins,M,20
D7113,Carrie Gee,M,20
D7114,Rebelcat,M,20
D7115,Brian BOIL,M,20
D7116,Eddie B ,M,20
D7117,Lazy Alligator,M,20
D7118,Rheva Acevedo,M,20
D7119,Rosehead,M,20
D7120,YouDontKnowMe,M,20
D7121,SpinyNorman,M,20
D7122,Akuila Yabaki - Jnr,M,20
D7123,dash,M,20
D7124,Drill Dog,M,20
D7125,Bfish,M,20
D7126,Paul Revere,M,20
D7127,TheHammer,M,20
D7128,  ,M,20
D7129,Brandi ,M,20
D7130,Mysteriescrimes,M,20
D7131,Doctor Mags McBruin,M,20
D7132,holy father himself,M,20
D7133,MamaMaximus,M,20
D7134,DFG,M,20
D7135,Chris Wilson,M,20
D7136,Max Spooky,M,20
D7137,Arthur McNamee,M,20
D7138,Blue no matter who,M,20
D7139,Bluntimus Prime,M,20
D7140,Little Richarf,M,20
D7141,Ocir,M,20
D7142,Bowwitz Von Klowwitz,M,20
D7143,Sword of the LORD,M,20
D7144,Kenny Powers,M,20
D7145,Ned Flanders is punk rock,M,20
D7146,Dr. Martha Pocan,M,20
D7147,Christine,M,20
D7148,Jimmy Revelates,M,20
D7149,Dave Durham,M,20
D7150,John Durbin,M,20
D7151,Vishal says Mafia Must Go,M,20
D7152,The Minnesota Star Tribune,M,20
D7153,Thomas Jay ,M,20
D7154,Em ,M,20
D7155,Sour Sooie,M,20
D7156,PoliticalArmy,M,20
D7157,Granny,M,20
D7158,ShamrockButterfly,M,20
D7159,RedGirls,M,20
D7160,Jude,M,20
D7161,John Gunther,M,20
D7162,Irishrose,M,20
D7163,berger24,M,20
D7164,JaseTheAceApe,M,20
D7165,Diesel TwinTurbo,M,20
D7166,Joe Concha,M,20
D7167,LovelyLauren,M,20
D7168,S David Sultzer,M,20
D7169,Gina Pressley,M,20
D7170,Wolf of AYCE,M,20
D7171,SKAFREGBEAT70,M,20
D7172,JUSTICE IS COMING ...,M,20
D7173,rencar10,M,20
D7174,David ,M,20
D7175,Traci Parker,M,20
D7176,The Big Bobulinsky ,M,20
D7177,Carmen Holmes,M,20
D7178,David326,M,20
D7179,DR RnR MT,M,20
D7180,Roller Coaster,M,20
D7181,Tweedyboy57,M,20
D7182,DCPat,M,20
D7183,taf,M,20
D7184,Mark Goodson,M,20
D7185,Greg Peter,M,20
D7186,Sharon Fogal,M,20
D7187,Bobby Marshall,M,20
D7188,Nancy Biddinger,M,20
D7189,Mud,M,20
D7190,duane poole @ Duanepoole,M,20
D7191,Tim Sharp   ,M,20
D7192,t r allen,M,20
D7193,Annamaria,M,20
D7194,Bibster,M,20
D7195,Ultra Padrino ,M,20
D7196,Willow,M,20
D7197,TakeIt,M,20
D7198,RUawake,M,20
D7199,"Vote Blue, Bleed Green ",M,20
D7200,Duffthis,M,20
D7201,Bee Girl,M,20
D7202,tincanman,M,20
D7203,Cenia Montero,M,20
D7204,D Lenon,M,20
D7205, Big Al On The Prowl,M,20
D7206,RT and Bogie ,M,20
D7207,Daisy Hellofaday,M,20
D7208,JusticeSeeker,M,20
D7209,Deborah Spivey,M,20
D7210,Can You Believe,M,20
D7211,Crazy Jay,M,20
D7212,Godspeed,M,20
D7213,Gregorio du Mont ,M,20
D7214,SenatorStar,M,20
D7215,JDawg ,M,20
D7216,Twin Auditor,M,20
D7217,Jim Moretto,M,20
D7218,Barron Shipley,M,20
D7219,Chuck McGuigan,M,20
D7220,R Michael Crabtree,M,20
D7221,Submariner60,M,20
D7222,Francisco dAnconia  ,M,20
D7223,Richard Myles,M,20
D7224,DCrease,M,20
D7225,Trump Train. All Aboard,M,20
D7226,Bruce Davidson,M,20
D7227,Michele,M,20
D7228,Ladonna Shanks,M,20
D7229,A Ruthless,M,20
D7230,Ayanna Pressley,M,20
D7231,Defend Our Flag,M,20
D7232,Malati,M,20
D7233,ABC7 Eyewitness News,M,20
D7234,Joel Schamber,M,20
D7235,"Rodney K. Nickens Jr., J.D.",M,20
D7236,ToddB,M,20
D7237,The American Mom,M,20
D7238,airBart,M,20
D7239,Nicola,M,20
D7240,Joshua Shelton,M,20
D7241,Splady,M,20
D7242,Inf3rn00,M,20
D7243,Sydney Issacson,M,20
D7244,chore boy fred,M,20
D7245,Firearms Lawyer,M,20
D7246,Bwood,M,20
D7247,Artax,M,20
D7248,Lighten Up,M,20
D7249,GranTweets2,M,20
D7250,JoPublic,M,20
D7251,John Griggs Jr,M,20
D7252,Yall TRIPPIN trippin,M,20
D7253,Robinteljon,M,20
D7254,SecretSquirrel1965,M,20
D7255,Elizabeth Roselle,M,20
D7256,Jdfire,M,20
D7257,James Kreger,M,20
D7258,Mr. Politico ,M,20
D7259,MJ,M,20
D7260,WanderingGypsy,M,20
D7261,Jason Adams,M,20
D7262,cindi,M,20
D7263,Tommy,M,20
D7264,Sean Graf,M,20
D7265,PJ Steel,M,20
D7266,Paul The Apostle Parody,M,20
D7267,MattWGraver,M,20
D7268,rpuma,M,20
D7269,Tyler Fitzgerald ,M,20
D7270,Carissa S.,M,20
D7271,WilMich ,M,20
D7272,BOJANGLES,M,20
D7273,Jones County Dems,M,20
D7274,Virginia Project,M,20
D7275,McKean Taylor,M,20
D7276,Tim Potter,M,20
D7277,BlueDotCountry  ,M,20
D7278,BrianTerry180,M,20
D7279,Rob B 1  ,M,20
D7280,Audry,M,20
D7281,Scott James,M,20
D7282,SKILLET,M,20
D7283,Audrey.I,M,20
D7284,ATSV-Bro,M,20
D7285,SilenceDoGoodRedux,M,20
D7286,Joe Soderlund,M,20
D7287,Tom Sawyer,M,20
D7288,Alfonse Tobea,M,20
D7289,Politic Enthusiast,M,20
D7290,MIK STAHL,M,20
D7291,MainStreetBoys,M,20
D7292,Vivianagrey7,M,20
D7293,Mike Mann,M,20
D7294,John Fugelsang Parody,M,20
D7295,daddyt,M,20
D7296,AZ Jedi,M,20
D7297,alsays.99,M,20
D7298,Bill Neumiller,M,20
D7299,Sandy Skeans,M,20
D7300,Doomaa,M,20
D7301,rerun,M,20
D7302,CatoTheElder556,M,20
D7303,roaminempire,M,20
D7304,Mary thomason,M,20
D7305,BRIAN REMBISH,M,20
D7306,Rick Sherwood,M,20
D7307,Rob Castle,M,20
D7308,Lawrence Otto,M,20
D7309,SCC,M,20
D7310,MakeCanadaGreatAgain-Sorry to offend Poilievre,M,20
D7311,JEFF TURNER,M,20
D7312,OlympicDane  ,M,20
D7313,Jay SOreal,M,20
D7314,Jacob,M,20
D7315,cwilliams1113wy,M,20
D7316,Walt,M,20
D7317,BooMcSlim,M,20
D7318,lexaandclarke,M,20
D7319,Westerly1,M,20
D7320,Tye Solaris,M,20
D7321,Ketello59,M,20
D7322,esmooth,M,20
D7323,Greg McCartney,M,20
D7324,Priests for Life,M,20
D7325,ArmyBrat68,M,20
D7326,John Michael Fay III,M,20
D7327,richard chalaire,M,20
D7328,Dargo Smith ,M,20
D7329,Budd,M,20
D7330,The Right Side,M,20
D7331,Peltola Stan ,M,20
D7332,Hollise Wood,M,20
D7333,OldLefty,M,20
D7334,Architect of Possibility  Digital Realmsmith,M,20
D7335,Proud Neanderthal,M,20
D7336,Teeflix Mart,M,20
D7337,Sig,M,20
D7338,Pima County Democratic Party,M,20
D7339,jaybakerAZ,M,20
D7340,Jim McGovern,M,20
D7341,chuckd2323,M,20
D7342,sandyhighfield,M,20
D7343,Ann Bauer,M,20
D7344,Puddski,M,20
D7345,Smurf It Up Podcast,M,20
D7346,simbathesnotnosedog,M,20
D7347,Mike Zavalanski,M,20
D7348,Never Mind,M,20
D7349,Gary Deinhard,M,20
D7350,Mr. Baker,M,20
D7351,mario roldan garcia,M,20
D7352,David Schoeps,M,20
D7353,pd-,M,20
D7354,Tinamarie,M,20
D7355,Preston Waters Blue check mark,M,20
D7356,Steffen Pflug,M,20
D7357,Marian,M,20
D7358,torquedoctor,M,20
D7359,Sleepwalker66,M,20
D7360,Cliff,M,20
D7361,Rochellemaryn ,M,20
D7362,Log Home Mom and Dad,M,20
D7363,American Brown Chick,M,20
D7364,Drumblebum,M,20
D7365,Jo,M,20
D7366,Pvenuti,M,20
D7367,G,M,20
D7368,Joanne Wood,M,20
D7369,Ginger Kirby,M,20
D7370,Khashoggis Ghost ,M,20
D7371,Jonny,M,20
D7372,JF ,M,20
D7373,JJTLOCO3,M,20
D7374,Publius Valerius Publicola,M,20
D7375,Doreen Ciccone,M,20
D7376,Im Mimi,M,20
D7377,Mark Cowley,M,20
D7378,Ibrahim Reyes,M,20
D7379,JTG,M,20
D7380,capitalistms,M,20
D7381,Voice Of Valor,M,20
D7382,msm ,M,20
D7383,Donna Jurado,M,20
D7384,Bobby Fesser,M,20
D7385,let the hunger games begin,M,20
D7386,Lisimba,M,20
D7387,Buffering,M,20
D7388,Golly77,M,20
D7389,Khemi,M,20
D7390,Regular American,M,20
D7391,Phat Brain,M,20
D7392,JustDan,M,20
D7393,ChicagoBlackhawks1,M,20
D7394,CaptnAutismo,M,20
D7395,i,M,20
D7396,Vicente,M,20
D7397,Tony Le,M,20
D7398,MikeMac,M,20
D7399,K3LCountryParty,M,20
D7400,colleen,M,20
D7401,Scotty V.,M,20
D7402,Klondog,M,20
D7403,Jeremy Gayler,M,20
D7404,Mama Cloud,M,20
D7405,MikeD,M,20
D7406,Golden Age Patriot,M,20
D7407,Indigo Soul June,M,20
D7408,ZV-Esteeb: Deo vindice,M,20
D7409,Westgirl2,M,20
D7410,Vidian ,M,20
D7411,Eric Lyons,M,20
D7412,that-guy,M,20
D7413,Jake Smith,M,20
D7414,Me,M,20
D7415,Rocks and Cows Against Tim Walz,M,20
D7416,Thomas Lawler,M,20
D7417,Steven McTowelie ,M,20
D7418,Anthony Spano,M,20
D7419,Corpo Scribe,M,20
D7420,Toughest Rooster in LetterKenny,M,20
D7421,Albert Latham,M,20
D7422,Bruce Wood,M,20
D7423,honoredebalzac,M,20
D7424,Techzodia,M,20
D7425,Dangerusman,M,20
D7426,Jan Marie,M,20
D7427,Russian bot ,M,20
D7428,Richard Jones,M,20
D7429,Megaphone Without Permit,M,20
D7430,Truth Reports ,M,20
D7431,The Coprolitesmith,M,20
D7432,Sandyfeet,M,20
D7433,MingieBret,M,20
D7434,democratsarecriminals,M,20
D7435,Philafan Selby,M,20
D7436,Im Just Looking For My Watch ,M,20
D7437,AmericaFirst,M,20
D7438,Schottelkotte,M,20
D7439, AmPatriot ,M,20
D7440,Q Joe Jones,M,20
D7441,Deplorable Native American,M,20
D7442,joey,M,20
D7443,CaptainAmerica,M,20
D7444,DanishAmerican Warrior,M,20
D7445,wil@64469,M,20
D7446,ReeeeNICKulous,M,20
D7447,Janeth vargas,M,20
D7448,Hardtrialrun,M,20
D7449,Jason Webster,M,20
D7450,SeekerOfTruth42,M,20
D7451,Freaks Everywhere,M,20
D7452,Nitra X  ,M,20
D7453,Charburger,M,20
D7454,PermianLigand,M,20
D7455,Gary Basnett,M,20
D7456,The SITREP Podcast,M,20
D7457,T.Roll de Ouso,M,20
D7458,Shelly Siddoway,M,20
D7459,Camille Lean,M,20
D7460,EmAzRN ,M,20
D7461,Seriously,M,20
D7462,Kathy Hochul Press Release Parody,M,20
D7463,The Math Master,M,20
D7464,RMS Constitutional Patriot - Save Democracy,M,20
D7465,Skyscraper,M,20
D7466,Garbo72,M,20
D7467,Thomas Collins,M,20
D7468,Afrolatina-Unfiltered,M,20
D7469,DaveO,M,20
D7470,ethan smith,M,20
D7471,Bill Eldredge,M,20
D7472,NoCountryForLibs,M,20
D7473,t.gwenn,M,20
D7474,Marco Zaragoza ,M,20
D7475,Dave Jetman,M,20
D7476,Great Awakening,M,20
D7477,Avspook ,M,20
D7478,tim mason,M,20
D7479, Sandy Beach ,M,20
D7480,Franck,M,20
D7481,Dominic Jackson Business  Financial Coach,M,20
D7482,Beth,M,20
D7483,Star News,M,20
D7484,The Never Mind Girl,M,20
D7485,babette,M,20
D7486,Kit Wellington,M,20
D7487,Joyreaper,M,20
D7488,Jeanjean,M,20
D7489,knowitall,M,20
D7490, ,M,20
D7491,tommyboy,M,20
D7492,NoHoldsBarred2,M,20
D7493,Erick Park,M,20
D7494,Crow,M,20
D7495,RHperc,M,20
D7496,Dani,M,20
D7497,Toell Nemesis,M,20
D7498,Backfrombanning,M,20
D7499,Jason cummins,M,20
D7500,Aim,M,20
D7501,Francesca Garfield,M,20
D7502,Christina H,M,20
D7503,LUI ,M,20
D7504,Free  Pasta  Line ,M,20
D7505,Joseph Masini ,M,20
D7506,Ex liberal,M,20
D7507,Edna Phillips,M,20
D7508,Ned,M,20
D7509,The Hoffman Lenses,M,20
D7510,B,M,20
D7511,SOMEONE,M,20
D7512,Jeffro Bodeen,M,20
D7513,JDs burner,M,20
D7514,TheWetBeaver,M,20
D7515,Elena Corti,M,20
D7516,SketchDanger,M,20
D7517,ClearlyCanadian,M,20
D7518,Brea Trant,M,20
D7519,Tony,M,20
D7520,Brooke,M,20
D7521,MAGA Mimi ,M,20
D7522,CapTimMess,M,20
D7523,MAGACatDaddy,M,20
D7524,Edwin Davison Jr,M,20
D7525,Greg Speicher,M,20
D7526,Bourbon Moon.  XY.,M,20
D7527,Russ HogieULTRA MAGATRUMP2024,M,20
D7528,WYATT EARP,M,20
D7529,Im not a political tool.,M,20
D7530,Dr McQueen Lady She,M,20
D7531,Leep,M,20
D7532,Dave Millar,M,20
D7533,Zoey dog,M,20
D7534,jjmd,M,20
D7535,Do Not Enter,M,20
D7536,Ken  Sessoms,M,20
D7537,Barbara Hendrick,M,20
D7538,Shalom,M,20
D7539,KH,M,20
D7540,Neil Axelrod ,M,20
D7541,TT,M,20
D7542,Maria Lynn,M,20
D7543,round2,M,20
D7544,Glenn Watts,M,20
D7545,Daniel Karbowitz,M,20
D7546,linhares.og,M,20
D7547,MAGA JEFF,M,20
D7548,CTTT Will,M,20
D7549,Michael Hobb,M,20
D7550,Kathleen Wood,M,20
D7551,Towelie,M,20
D7552,Kellie ,M,20
D7553,madmaxbeyondthebs2,M,20
D7554,Milk Drinker,M,20
D7555,Carl Wheless,M,20
D7556,GodWinsALWAYS,M,20
D7557,Stretch,M,20
D7558,NoWorldOrder,M,20
D7559,br0therj0e,M,20
D7560,Andy Allen,M,20
D7561,DukeDaily5 with Horror Movies,M,20
D7562,Brenda Jess,M,20
D7563,asssad hadeeer,M,20
D7564,Brett,M,20
D7565,blairmc,M,20
D7566,Cheryl Lynch,M,20
D7567,Cal Dean,M,20
D7568,WRM,M,20
D7569,Fantasy Maestro,M,20
D7570,Houdini1000,M,20
D7571,Jim Sullivan,M,20
D7572,"Jere, there and everywhere",M,20
D7573,Don Suda,M,20
D7574,Noah Wylie,M,20
D7575,Robin Sorensen,M,20
D7576,Bris Records,M,20
D7577,Dont M8,M,20
D7578,Wisdom.,M,20
D7579,Holly Hulu,M,20
D7580,Mike,M,20
D7581,JLee,M,20
D7582,BaBaJewey,M,20
D7583,Kelly Ellis,M,20
D7584,Disciple M,M,20
D7585,Jimmy Kreie,M,20
D7586,judiek,M,20
D7587,What Goes Around Comes Around,M,20
D7588,Sharron Steele,M,20
D7589,Nendail Smith,M,20
D7590,Kitch,M,20
D7591,"i know this is a real weird take, but",M,20
D7592,Charlie Uniform Charlie Kilo,M,20
D7593,MAGAJeff1776,M,20
D7594,Allen An alien,M,20
D7595,sethtrill,M,20
D7596,Hugh Jorgen,M,20
D7597,Dyer Maker,M,20
D7598,Justin Haliday ,M,20
D7599,lynn skurka,M,20
D7600,End The Agenda,M,20
D7601,Warren,M,20
D7602,Alexander Wynn,M,20
D7603,Connie,M,20
D7604,Rick Dean,M,20
D7605,Free bro,M,20
D7606,DEEZ,M,20
D7607,Bruce E Keeler,M,20
D7608,Cat Lou May ,M,20
D7609,X Tigerizer,M,20
D7610,Krista Rich,M,20
D7611,Bluedog76,M,20
D7612,Skipper the Kitty,M,20
D7613,Mike G Dorsett,M,20
D7614,FSB,M,20
D7615,Andrew John-Edwin Anderdom,M,20
D7616,Jeff Regan,M,20
D7617,Graham,M,20
D7618,alipibra,M,20
D7619,Greg Hardwick,M,20
D7620,Regina Connell,M,20
D7621,VICIOUSRESULTS,M,20
D7622,Michael Bischel,M,20
D7623,Em Bays,M,20
D7624,Evander lopez,M,20
D7625,Eva,M,20
D7626,PrettiestFreeMind,M,20
D7627,Juanito Bandito,M,20
D7628,Farrell,M,20
D7629,Naira Diary,M,20
D7630,Arkansas Gal,M,20
D7631,SpiceyPatriotReal,M,20
D7632,Kristopher Heenk,M,20
D7633,Memow 2020,M,20
D7634,Edwin,M,20
D7635,Zeke Mazilli,M,20
D7636,Leoncio,M,20
D7637,Curtis Bailey,M,20
D7638,netcit,M,20
D7639,Debra Guild,M,20
D7640,Freckle Face,M,20
D7641,mtb mike @fredsparky,M,20
D7642,God  Trump  Patriots Save USA,M,20
D7643,RealVinnieJames,M,20
D7644,jacpton.bluesky.social,M,20
D7645,Corey B.,M,20
D7646,Trade 2 Win,M,20
D7647,Thomas Morris,M,20
D7648,Problematik,M,20
D7649,Blaise MacNEIL,M,20
D7650,CherylAJudy,M,20
D7651,Fawn Hoang,M,20
D7652,Talks a bit,M,20
D7653,Jerry Miller,M,20
D7654,Dm 714,M,20
D7655,Southern By Choice,M,20
D7656,Gerd Hansma,M,20
D7657,Naliq Aula,M,20
D7658,TheGrandeTop10,M,20
D7659,Yeetbread,M,20
D7660,Darlene Horton,M,20
D7661,Amy Hartung,M,20
D7662,CAPT FLASH,M,20
D7663,eyesoftexas,M,20
D7664,Slinky,M,20
D7665,Arizonaisred,M,20
D7666,The True Corrective Patrick,M,20
D7667,msteresa1987,M,20
D7668,Steve West,M,20
D7669,Adrian.Demery.Jr,M,20
D7670,Karl Elander ,M,20
D7671,Lore,M,20
D7672,donna burwell,M,20
D7673,Michele ,M,20
D7674,jt russell,M,20
D7675,AJinMN,M,20
D7676,Shelly Byrnes,M,20
D7677,Ricky Mac,M,20
D7678,Spegrogy ,M,20
D7679,Fighting Liberal,M,20
D7680,Jean,M,20
D7681,diamondgirl,M,20
D7682,SotanodeJose,M,20
D7683,RLLANDERS,M,20
D7684,passionatemom,M,20
D7685,Ray Foss,M,20
D7686,SOS,M,20
D7687,Ash,M,20
D7688,preshdera,M,20
D7689,Patti Putko,M,20
D7690,Corey Hawk,M,20
D7691,Cole Oshtamebaghe,M,20
D7692,N l,M,20
D7693,I HATE TIM WALZ,M,20
D7694,Sumo Magoomo,M,20
D7695,Mind Your Memes,M,20
D7696,Resister Sister,M,20
D7697,ouidafrazer,M,20
D7698,Jennifer Davis aka garbage deplorable notwithher,M,20
D7699,CMartinez,M,20
D7700,Bluegin,M,20
D7701,@MsLillie,M,20
D7702,Libhyps,M,20
D7703,Beantown Angry Abe,M,20
D7704,Mass Minuteman,M,20
D7705,i aint wrong,M,20
D7706,Unwoke Heather,M,20
