PersonId,Data
R1,lorem ipsum
R2,lorem ipsum
R3,lorem ipsum
R4,lorem ipsum
R5,lorem ipsum
R6,lorem ipsum
R7,lorem ipsum
R8,lorem ipsum
R9,lorem ipsum
R10,lorem ipsum
R11,lorem ipsum
R12,lorem ipsum
R13,lorem ipsum
R14,lorem ipsum
R15,lorem ipsum
R16,lorem ipsum
R17,lorem ipsum
R18,lorem ipsum
R19,lorem ipsum
R20,lorem ipsum
R21,lorem ipsum
R22,lorem ipsum
R23,lorem ipsum
R24,lorem ipsum
R25,lorem ipsum
R26,lorem ipsum
R27,lorem ipsum
R28,lorem ipsum
R29,lorem ipsum
R30,lorem ipsum
R31,lorem ipsum
R32,lorem ipsum
R33,lorem ipsum
R34,lorem ipsum
R35,lorem ipsum
R36,lorem ipsum
R37,lorem ipsum
R38,lorem ipsum
R39,lorem ipsum
R40,lorem ipsum
R41,lorem ipsum
R42,lorem ipsum
R43,lorem ipsum
R44,lorem ipsum
R45,lorem ipsum
R46,lorem ipsum
R47,lorem ipsum
R48,lorem ipsum
R49,lorem ipsum
R50,lorem ipsum
R51,lorem ipsum
R52,lorem ipsum
R53,lorem ipsum
R54,lorem ipsum
R55,lorem ipsum
R56,lorem ipsum
R57,lorem ipsum
R58,lorem ipsum
R59,lorem ipsum
R60,lorem ipsum
R61,lorem ipsum
R62,lorem ipsum
R63,lorem ipsum
R64,lorem ipsum
R65,lorem ipsum
R66,lorem ipsum
R67,lorem ipsum
R68,lorem ipsum
R69,lorem ipsum
R70,lorem ipsum
R71,lorem ipsum
R72,lorem ipsum
R73,lorem ipsum
R74,lorem ipsum
R75,lorem ipsum
R76,lorem ipsum
R77,lorem ipsum
R78,lorem ipsum
R79,lorem ipsum
R80,lorem ipsum
R81,lorem ipsum
R82,lorem ipsum
R83,lorem ipsum
R84,lorem ipsum
R85,lorem ipsum
R86,lorem ipsum
R87,lorem ipsum
R88,lorem ipsum
R89,lorem ipsum
R90,lorem ipsum
R91,lorem ipsum
R92,lorem ipsum
R93,lorem ipsum
R94,lorem ipsum
R95,lorem ipsum
R96,lorem ipsum
R97,lorem ipsum
R98,lorem ipsum
R99,lorem ipsum
R100,lorem ipsum
R101,lorem ipsum
R102,lorem ipsum
R103,lorem ipsum
R104,lorem ipsum
R105,lorem ipsum
R106,lorem ipsum
R107,lorem ipsum
R108,lorem ipsum
R109,lorem ipsum
R110,lorem ipsum
R111,lorem ipsum
R112,lorem ipsum
R113,lorem ipsum
R114,lorem ipsum
R115,lorem ipsum
R116,lorem ipsum
R117,lorem ipsum
R118,lorem ipsum
R119,lorem ipsum
R120,lorem ipsum
R121,lorem ipsum
R122,lorem ipsum
R123,lorem ipsum
R124,lorem ipsum
R125,lorem ipsum
R126,lorem ipsum
R127,lorem ipsum
R128,lorem ipsum
R129,lorem ipsum
R130,lorem ipsum
R131,lorem ipsum
R132,lorem ipsum
R133,lorem ipsum
R134,lorem ipsum
R135,lorem ipsum
R136,lorem ipsum
R137,lorem ipsum
R138,lorem ipsum
R139,lorem ipsum
R140,lorem ipsum
R141,lorem ipsum
R142,lorem ipsum
R143,lorem ipsum
R144,lorem ipsum
R145,lorem ipsum
R146,lorem ipsum
R147,lorem ipsum
R148,lorem ipsum
R149,lorem ipsum
R150,lorem ipsum
R151,lorem ipsum
R152,lorem ipsum
R153,lorem ipsum
R154,lorem ipsum
R155,lorem ipsum
R156,lorem ipsum
R157,lorem ipsum
R158,lorem ipsum
R159,lorem ipsum
R160,lorem ipsum
R161,lorem ipsum
R162,lorem ipsum
R163,lorem ipsum
R164,lorem ipsum
R165,lorem ipsum
R166,lorem ipsum
R167,lorem ipsum
R168,lorem ipsum
R169,lorem ipsum
R170,lorem ipsum
R171,lorem ipsum
R172,lorem ipsum
R173,lorem ipsum
R174,lorem ipsum
R175,lorem ipsum
R176,lorem ipsum
R177,lorem ipsum
R178,lorem ipsum
R179,lorem ipsum
R180,lorem ipsum
R181,lorem ipsum
R182,lorem ipsum
R183,lorem ipsum
R184,lorem ipsum
R185,lorem ipsum
R186,lorem ipsum
R187,lorem ipsum
R188,lorem ipsum
R189,lorem ipsum
R190,lorem ipsum
R191,lorem ipsum
R192,lorem ipsum
R193,lorem ipsum
R194,lorem ipsum
R195,lorem ipsum
R196,lorem ipsum
R197,lorem ipsum
R198,lorem ipsum
R199,lorem ipsum
R200,lorem ipsum
R201,lorem ipsum
R202,lorem ipsum
R203,lorem ipsum
R204,lorem ipsum
R205,lorem ipsum
R206,lorem ipsum
R207,lorem ipsum
R208,lorem ipsum
R209,lorem ipsum
R210,lorem ipsum
R211,lorem ipsum
R212,lorem ipsum
R213,lorem ipsum
R214,lorem ipsum
R215,lorem ipsum
R216,lorem ipsum
R217,lorem ipsum
R218,lorem ipsum
R219,lorem ipsum
R220,lorem ipsum
R221,lorem ipsum
R222,lorem ipsum
R223,lorem ipsum
R224,lorem ipsum
R225,lorem ipsum
R226,lorem ipsum
R227,lorem ipsum
R228,lorem ipsum
R229,lorem ipsum
R230,lorem ipsum
R231,lorem ipsum
R232,lorem ipsum
R233,lorem ipsum
R234,lorem ipsum
R235,lorem ipsum
R236,lorem ipsum
R237,lorem ipsum
R238,lorem ipsum
R239,lorem ipsum
R240,lorem ipsum
R241,lorem ipsum
R242,lorem ipsum
R243,lorem ipsum
R244,lorem ipsum
R245,lorem ipsum
R246,lorem ipsum
R247,lorem ipsum
R248,lorem ipsum
R249,lorem ipsum
R250,lorem ipsum
R251,lorem ipsum
R252,lorem ipsum
R253,lorem ipsum
R254,lorem ipsum
R255,lorem ipsum
R256,lorem ipsum
R257,lorem ipsum
R258,lorem ipsum
R259,lorem ipsum
R260,lorem ipsum
R261,lorem ipsum
R262,lorem ipsum
R263,lorem ipsum
R264,lorem ipsum
R265,lorem ipsum
R266,lorem ipsum
R267,lorem ipsum
R268,lorem ipsum
R269,lorem ipsum
R270,lorem ipsum
R271,lorem ipsum
R272,lorem ipsum
R273,lorem ipsum
R274,lorem ipsum
R275,lorem ipsum
R276,lorem ipsum
R277,lorem ipsum
R278,lorem ipsum
R279,lorem ipsum
R280,lorem ipsum
R281,lorem ipsum
R282,lorem ipsum
R283,lorem ipsum
R284,lorem ipsum
R285,lorem ipsum
R286,lorem ipsum
R287,lorem ipsum
R288,lorem ipsum
R289,lorem ipsum
R290,lorem ipsum
R291,lorem ipsum
R292,lorem ipsum
R293,lorem ipsum
R294,lorem ipsum
R295,lorem ipsum
R296,lorem ipsum
R297,lorem ipsum
R298,lorem ipsum
R299,lorem ipsum
R300,lorem ipsum
R301,lorem ipsum
R302,lorem ipsum
R303,lorem ipsum
R304,lorem ipsum
R305,lorem ipsum
R306,lorem ipsum
R307,lorem ipsum
R308,lorem ipsum
R309,lorem ipsum
R310,lorem ipsum
R311,lorem ipsum
R312,lorem ipsum
R313,lorem ipsum
R314,lorem ipsum
R315,lorem ipsum
R316,lorem ipsum
R317,lorem ipsum
R318,lorem ipsum
R319,lorem ipsum
R320,lorem ipsum
R321,lorem ipsum
R322,lorem ipsum
R323,lorem ipsum
R324,lorem ipsum
R325,lorem ipsum
R326,lorem ipsum
R327,lorem ipsum
R328,lorem ipsum
R329,lorem ipsum
R330,lorem ipsum
R331,lorem ipsum
R332,lorem ipsum
R333,lorem ipsum
R334,lorem ipsum
R335,lorem ipsum
R336,lorem ipsum
R337,lorem ipsum
R338,lorem ipsum
R339,lorem ipsum
R340,lorem ipsum
R341,lorem ipsum
R342,lorem ipsum
R343,lorem ipsum
R344,lorem ipsum
R345,lorem ipsum
R346,lorem ipsum
R347,lorem ipsum
R348,lorem ipsum
R349,lorem ipsum
R350,lorem ipsum
R351,lorem ipsum
R352,lorem ipsum
R353,lorem ipsum
R354,lorem ipsum
R355,lorem ipsum
R356,lorem ipsum
R357,lorem ipsum
R358,lorem ipsum
R359,lorem ipsum
R360,lorem ipsum
R361,lorem ipsum
R362,lorem ipsum
R363,lorem ipsum
R364,lorem ipsum
R365,lorem ipsum
R366,lorem ipsum
R367,lorem ipsum
R368,lorem ipsum
R369,lorem ipsum
R370,lorem ipsum
R371,lorem ipsum
R372,lorem ipsum
R373,lorem ipsum
R374,lorem ipsum
R375,lorem ipsum
R376,lorem ipsum
R377,lorem ipsum
R378,lorem ipsum
R379,lorem ipsum
R380,lorem ipsum
R381,lorem ipsum
R382,lorem ipsum
R383,lorem ipsum
R384,lorem ipsum
R385,lorem ipsum
R386,lorem ipsum
R387,lorem ipsum
R388,lorem ipsum
R389,lorem ipsum
R390,lorem ipsum
R391,lorem ipsum
R392,lorem ipsum
R393,lorem ipsum
R394,lorem ipsum
R395,lorem ipsum
R396,lorem ipsum
R397,lorem ipsum
R398,lorem ipsum
R399,lorem ipsum
R400,lorem ipsum
R401,lorem ipsum
R402,lorem ipsum
R403,lorem ipsum
R404,lorem ipsum
R405,lorem ipsum
R406,lorem ipsum
R407,lorem ipsum
R408,lorem ipsum
R409,lorem ipsum
R410,lorem ipsum
R411,lorem ipsum
R412,lorem ipsum
R413,lorem ipsum
R414,lorem ipsum
R415,lorem ipsum
R416,lorem ipsum
R417,lorem ipsum
R418,lorem ipsum
R419,lorem ipsum
R420,lorem ipsum
R421,lorem ipsum
R422,lorem ipsum
R423,lorem ipsum
R424,lorem ipsum
R425,lorem ipsum
R426,lorem ipsum
R427,lorem ipsum
R428,lorem ipsum
R429,lorem ipsum
R430,lorem ipsum
R431,lorem ipsum
R432,lorem ipsum
R433,lorem ipsum
R434,lorem ipsum
R435,lorem ipsum
R436,lorem ipsum
R437,lorem ipsum
R438,lorem ipsum
R439,lorem ipsum
R440,lorem ipsum
R441,lorem ipsum
R442,lorem ipsum
R443,lorem ipsum
R444,lorem ipsum
R445,lorem ipsum
R446,lorem ipsum
R447,lorem ipsum
R448,lorem ipsum
R449,lorem ipsum
R450,lorem ipsum
R451,lorem ipsum
R452,lorem ipsum
R453,lorem ipsum
R454,lorem ipsum
R455,lorem ipsum
R456,lorem ipsum
R457,lorem ipsum
R458,lorem ipsum
R459,lorem ipsum
R460,lorem ipsum
R461,lorem ipsum
R462,lorem ipsum
R463,lorem ipsum
R464,lorem ipsum
R465,lorem ipsum
R466,lorem ipsum
R467,lorem ipsum
R468,lorem ipsum
R469,lorem ipsum
R470,lorem ipsum
R471,lorem ipsum
R472,lorem ipsum
R473,lorem ipsum
R474,lorem ipsum
R475,lorem ipsum
R476,lorem ipsum
R477,lorem ipsum
R478,lorem ipsum
R479,lorem ipsum
R480,lorem ipsum
R481,lorem ipsum
R482,lorem ipsum
R483,lorem ipsum
R484,lorem ipsum
R485,lorem ipsum
R486,lorem ipsum
R487,lorem ipsum
R488,lorem ipsum
R489,lorem ipsum
R490,lorem ipsum
R491,lorem ipsum
R492,lorem ipsum
R493,lorem ipsum
R494,lorem ipsum
R495,lorem ipsum
R496,lorem ipsum
R497,lorem ipsum
R498,lorem ipsum
R499,lorem ipsum
R500,lorem ipsum
R501,lorem ipsum
R502,lorem ipsum
R503,lorem ipsum
R504,lorem ipsum
R505,lorem ipsum
R506,lorem ipsum
R507,lorem ipsum
R508,lorem ipsum
R509,lorem ipsum
R510,lorem ipsum
R511,lorem ipsum
R512,lorem ipsum
R513,lorem ipsum
R514,lorem ipsum
R515,lorem ipsum
R516,lorem ipsum
R517,lorem ipsum
R518,lorem ipsum
R519,lorem ipsum
R520,lorem ipsum
R521,lorem ipsum
R522,lorem ipsum
R523,lorem ipsum
R524,lorem ipsum
R525,lorem ipsum
R526,lorem ipsum
R527,lorem ipsum
R528,lorem ipsum
R529,lorem ipsum
R530,lorem ipsum
R531,lorem ipsum
R532,lorem ipsum
R533,lorem ipsum
R534,lorem ipsum
R535,lorem ipsum
R536,lorem ipsum
R537,lorem ipsum
R538,lorem ipsum
R539,lorem ipsum
R540,lorem ipsum
R541,lorem ipsum
R542,lorem ipsum
R543,lorem ipsum
R544,lorem ipsum
R545,lorem ipsum
R546,lorem ipsum
R547,lorem ipsum
R548,lorem ipsum
R549,lorem ipsum
R550,lorem ipsum
R551,lorem ipsum
R552,lorem ipsum
R553,lorem ipsum
R554,lorem ipsum
R555,lorem ipsum
R556,lorem ipsum
R557,lorem ipsum
R558,lorem ipsum
R559,lorem ipsum
R560,lorem ipsum
R561,lorem ipsum
R562,lorem ipsum
R563,lorem ipsum
R564,lorem ipsum
R565,lorem ipsum
R566,lorem ipsum
R567,lorem ipsum
R568,lorem ipsum
R569,lorem ipsum
R570,lorem ipsum
R571,lorem ipsum
R572,lorem ipsum
R573,lorem ipsum
R574,lorem ipsum
R575,lorem ipsum
R576,lorem ipsum
R577,lorem ipsum
R578,lorem ipsum
R579,lorem ipsum
R580,lorem ipsum
R581,lorem ipsum
R582,lorem ipsum
R583,lorem ipsum
R584,lorem ipsum
R585,lorem ipsum
R586,lorem ipsum
R587,lorem ipsum
R588,lorem ipsum
R589,lorem ipsum
R590,lorem ipsum
R591,lorem ipsum
R592,lorem ipsum
R593,lorem ipsum
R594,lorem ipsum
R595,lorem ipsum
R596,lorem ipsum
R597,lorem ipsum
R598,lorem ipsum
R599,lorem ipsum
R600,lorem ipsum
R601,lorem ipsum
R602,lorem ipsum
R603,lorem ipsum
R604,lorem ipsum
R605,lorem ipsum
R606,lorem ipsum
R607,lorem ipsum
R608,lorem ipsum
R609,lorem ipsum
R610,lorem ipsum
R611,lorem ipsum
R612,lorem ipsum
R613,lorem ipsum
R614,lorem ipsum
R615,lorem ipsum
R616,lorem ipsum
R617,lorem ipsum
R618,lorem ipsum
R619,lorem ipsum
R620,lorem ipsum
R621,lorem ipsum
R622,lorem ipsum
R623,lorem ipsum
R624,lorem ipsum
R625,lorem ipsum
R626,lorem ipsum
R627,lorem ipsum
R628,lorem ipsum
R629,lorem ipsum
R630,lorem ipsum
R631,lorem ipsum
R632,lorem ipsum
R633,lorem ipsum
R634,lorem ipsum
R635,lorem ipsum
R636,lorem ipsum
R637,lorem ipsum
R638,lorem ipsum
R639,lorem ipsum
R640,lorem ipsum
R641,lorem ipsum
R642,lorem ipsum
R643,lorem ipsum
R644,lorem ipsum
R645,lorem ipsum
R646,lorem ipsum
R647,lorem ipsum
R648,lorem ipsum
R649,lorem ipsum
R650,lorem ipsum
R651,lorem ipsum
R652,lorem ipsum
R653,lorem ipsum
R654,lorem ipsum
R655,lorem ipsum
R656,lorem ipsum
R657,lorem ipsum
R658,lorem ipsum
R659,lorem ipsum
R660,lorem ipsum
R661,lorem ipsum
R662,lorem ipsum
R663,lorem ipsum
R664,lorem ipsum
R665,lorem ipsum
R666,lorem ipsum
R667,lorem ipsum
R668,lorem ipsum
R669,lorem ipsum
R670,lorem ipsum
R671,lorem ipsum
R672,lorem ipsum
R673,lorem ipsum
R674,lorem ipsum
R675,lorem ipsum
R676,lorem ipsum
R677,lorem ipsum
R678,lorem ipsum
R679,lorem ipsum
R680,lorem ipsum
R681,lorem ipsum
R682,lorem ipsum
R683,lorem ipsum
R684,lorem ipsum
R685,lorem ipsum
R686,lorem ipsum
R687,lorem ipsum
R688,lorem ipsum
R689,lorem ipsum
R690,lorem ipsum
R691,lorem ipsum
R692,lorem ipsum
R693,lorem ipsum
R694,lorem ipsum
R695,lorem ipsum
R696,lorem ipsum
R697,lorem ipsum
R698,lorem ipsum
R699,lorem ipsum
R700,lorem ipsum
R701,lorem ipsum
R702,lorem ipsum
R703,lorem ipsum
R704,lorem ipsum
R705,lorem ipsum
R706,lorem ipsum
R707,lorem ipsum
R708,lorem ipsum
R709,lorem ipsum
R710,lorem ipsum
R711,lorem ipsum
R712,lorem ipsum
R713,lorem ipsum
R714,lorem ipsum
R715,lorem ipsum
R716,lorem ipsum
R717,lorem ipsum
R718,lorem ipsum
R719,lorem ipsum
R720,lorem ipsum
R721,lorem ipsum
R722,lorem ipsum
R723,lorem ipsum
R724,lorem ipsum
R725,lorem ipsum
R726,lorem ipsum
R727,lorem ipsum
R728,lorem ipsum
R729,lorem ipsum
R730,lorem ipsum
R731,lorem ipsum
R732,lorem ipsum
R733,lorem ipsum
R734,lorem ipsum
R735,lorem ipsum
R736,lorem ipsum
R737,lorem ipsum
R738,lorem ipsum
R739,lorem ipsum
R740,lorem ipsum
R741,lorem ipsum
R742,lorem ipsum
R743,lorem ipsum
R744,lorem ipsum
R745,lorem ipsum
R746,lorem ipsum
R747,lorem ipsum
R748,lorem ipsum
R749,lorem ipsum
R750,lorem ipsum
R751,lorem ipsum
R752,lorem ipsum
R753,lorem ipsum
R754,lorem ipsum
R755,lorem ipsum
R756,lorem ipsum
R757,lorem ipsum
R758,lorem ipsum
R759,lorem ipsum
R760,lorem ipsum
R761,lorem ipsum
R762,lorem ipsum
R763,lorem ipsum
R764,lorem ipsum
R765,lorem ipsum
R766,lorem ipsum
R767,lorem ipsum
R768,lorem ipsum
R769,lorem ipsum
R770,lorem ipsum
R771,lorem ipsum
R772,lorem ipsum
R773,lorem ipsum
R774,lorem ipsum
R775,lorem ipsum
R776,lorem ipsum
R777,lorem ipsum
R778,lorem ipsum
R779,lorem ipsum
R780,lorem ipsum
R781,lorem ipsum
R782,lorem ipsum
R783,lorem ipsum
R784,lorem ipsum
R785,lorem ipsum
R786,lorem ipsum
R787,lorem ipsum
R788,lorem ipsum
R789,lorem ipsum
R790,lorem ipsum
R791,lorem ipsum
R792,lorem ipsum
R793,lorem ipsum
R794,lorem ipsum
R795,lorem ipsum
R796,lorem ipsum
R797,lorem ipsum
R798,lorem ipsum
R799,lorem ipsum
R800,lorem ipsum
R801,lorem ipsum
R802,lorem ipsum
R803,lorem ipsum
R804,lorem ipsum
R805,lorem ipsum
R806,lorem ipsum
R807,lorem ipsum
R808,lorem ipsum
R809,lorem ipsum
R810,lorem ipsum
R811,lorem ipsum
R812,lorem ipsum
R813,lorem ipsum
R814,lorem ipsum
R815,lorem ipsum
R816,lorem ipsum
R817,lorem ipsum
R818,lorem ipsum
R819,lorem ipsum
R820,lorem ipsum
R821,lorem ipsum
R822,lorem ipsum
R823,lorem ipsum
R824,lorem ipsum
R825,lorem ipsum
R826,lorem ipsum
R827,lorem ipsum
R828,lorem ipsum
R829,lorem ipsum
R830,lorem ipsum
R831,lorem ipsum
R832,lorem ipsum
R833,lorem ipsum
R834,lorem ipsum
R835,lorem ipsum
R836,lorem ipsum
R837,lorem ipsum
R838,lorem ipsum
R839,lorem ipsum
R840,lorem ipsum
R841,lorem ipsum
R842,lorem ipsum
R843,lorem ipsum
R844,lorem ipsum
R845,lorem ipsum
R846,lorem ipsum
R847,lorem ipsum
R848,lorem ipsum
R849,lorem ipsum
R850,lorem ipsum
R851,lorem ipsum
R852,lorem ipsum
R853,lorem ipsum
R854,lorem ipsum
R855,lorem ipsum
R856,lorem ipsum
R857,lorem ipsum
R858,lorem ipsum
R859,lorem ipsum
R860,lorem ipsum
R861,lorem ipsum
R862,lorem ipsum
R863,lorem ipsum
R864,lorem ipsum
R865,lorem ipsum
R866,lorem ipsum
R867,lorem ipsum
R868,lorem ipsum
R869,lorem ipsum
R870,lorem ipsum
R871,lorem ipsum
R872,lorem ipsum
R873,lorem ipsum
R874,lorem ipsum
R875,lorem ipsum
R876,lorem ipsum
R877,lorem ipsum
R878,lorem ipsum
R879,lorem ipsum
R880,lorem ipsum
R881,lorem ipsum
R882,lorem ipsum
R883,lorem ipsum
R884,lorem ipsum
R885,lorem ipsum
R886,lorem ipsum
R887,lorem ipsum
R888,lorem ipsum
R889,lorem ipsum
R890,lorem ipsum
R891,lorem ipsum
R892,lorem ipsum
R893,lorem ipsum
R894,lorem ipsum
R895,lorem ipsum
R896,lorem ipsum
R897,lorem ipsum
R898,lorem ipsum
R899,lorem ipsum
R900,lorem ipsum
R901,lorem ipsum
R902,lorem ipsum
R903,lorem ipsum
R904,lorem ipsum
R905,lorem ipsum
R906,lorem ipsum
R907,lorem ipsum
R908,lorem ipsum
R909,lorem ipsum
R910,lorem ipsum
R911,lorem ipsum
R912,lorem ipsum
R913,lorem ipsum
R914,lorem ipsum
R915,lorem ipsum
R916,lorem ipsum
R917,lorem ipsum
R918,lorem ipsum
R919,lorem ipsum
R920,lorem ipsum
R921,lorem ipsum
R922,lorem ipsum
R923,lorem ipsum
R924,lorem ipsum
R925,lorem ipsum
R926,lorem ipsum
R927,lorem ipsum
R928,lorem ipsum
R929,lorem ipsum
R930,lorem ipsum
R931,lorem ipsum
R932,lorem ipsum
R933,lorem ipsum
R934,lorem ipsum
R935,lorem ipsum
R936,lorem ipsum
R937,lorem ipsum
R938,lorem ipsum
R939,lorem ipsum
R940,lorem ipsum
R941,lorem ipsum
R942,lorem ipsum
R943,lorem ipsum
R944,lorem ipsum
R945,lorem ipsum
R946,lorem ipsum
R947,lorem ipsum
R948,lorem ipsum
R949,lorem ipsum
R950,lorem ipsum
R951,lorem ipsum
R952,lorem ipsum
R953,lorem ipsum
R954,lorem ipsum
R955,lorem ipsum
R956,lorem ipsum
R957,lorem ipsum
R958,lorem ipsum
R959,lorem ipsum
R960,lorem ipsum
R961,lorem ipsum
R962,lorem ipsum
R963,lorem ipsum
R964,lorem ipsum
R965,lorem ipsum
R966,lorem ipsum
R967,lorem ipsum
R968,lorem ipsum
R969,lorem ipsum
R970,lorem ipsum
R971,lorem ipsum
R972,lorem ipsum
R973,lorem ipsum
R974,lorem ipsum
R975,lorem ipsum
R976,lorem ipsum
R977,lorem ipsum
R978,lorem ipsum
R979,lorem ipsum
R980,lorem ipsum
R981,lorem ipsum
R982,lorem ipsum
R983,lorem ipsum
R984,lorem ipsum
R985,lorem ipsum
R986,lorem ipsum
R987,lorem ipsum
R988,lorem ipsum
R989,lorem ipsum
R990,lorem ipsum
R991,lorem ipsum
R992,lorem ipsum
R993,lorem ipsum
R994,lorem ipsum
R995,lorem ipsum
R996,lorem ipsum
R997,lorem ipsum
R998,lorem ipsum
R999,lorem ipsum
R1000,lorem ipsum
R1001,lorem ipsum
R1002,lorem ipsum
R1003,lorem ipsum
R1004,lorem ipsum
R1005,lorem ipsum
R1006,lorem ipsum
R1007,lorem ipsum
R1008,lorem ipsum
R1009,lorem ipsum
R1010,lorem ipsum
R1011,lorem ipsum
R1012,lorem ipsum
R1013,lorem ipsum
R1014,lorem ipsum
R1015,lorem ipsum
R1016,lorem ipsum
R1017,lorem ipsum
R1018,lorem ipsum
R1019,lorem ipsum
R1020,lorem ipsum
R1021,lorem ipsum
R1022,lorem ipsum
R1023,lorem ipsum
R1024,lorem ipsum
R1025,lorem ipsum
R1026,lorem ipsum
R1027,lorem ipsum
R1028,lorem ipsum
R1029,lorem ipsum
R1030,lorem ipsum
R1031,lorem ipsum
R1032,lorem ipsum
R1033,lorem ipsum
R1034,lorem ipsum
R1035,lorem ipsum
R1036,lorem ipsum
R1037,lorem ipsum
R1038,lorem ipsum
R1039,lorem ipsum
R1040,lorem ipsum
R1041,lorem ipsum
R1042,lorem ipsum
R1043,lorem ipsum
R1044,lorem ipsum
R1045,lorem ipsum
R1046,lorem ipsum
R1047,lorem ipsum
R1048,lorem ipsum
R1049,lorem ipsum
R1050,lorem ipsum
R1051,lorem ipsum
R1052,lorem ipsum
R1053,lorem ipsum
R1054,lorem ipsum
R1055,lorem ipsum
R1056,lorem ipsum
R1057,lorem ipsum
R1058,lorem ipsum
R1059,lorem ipsum
R1060,lorem ipsum
R1061,lorem ipsum
R1062,lorem ipsum
R1063,lorem ipsum
R1064,lorem ipsum
R1065,lorem ipsum
R1066,lorem ipsum
R1067,lorem ipsum
R1068,lorem ipsum
R1069,lorem ipsum
R1070,lorem ipsum
R1071,lorem ipsum
R1072,lorem ipsum
R1073,lorem ipsum
R1074,lorem ipsum
R1075,lorem ipsum
R1076,lorem ipsum
R1077,lorem ipsum
R1078,lorem ipsum
R1079,lorem ipsum
R1080,lorem ipsum
R1081,lorem ipsum
R1082,lorem ipsum
R1083,lorem ipsum
R1084,lorem ipsum
R1085,lorem ipsum
R1086,lorem ipsum
R1087,lorem ipsum
R1088,lorem ipsum
R1089,lorem ipsum
R1090,lorem ipsum
R1091,lorem ipsum
R1092,lorem ipsum
R1093,lorem ipsum
R1094,lorem ipsum
R1095,lorem ipsum
R1096,lorem ipsum
R1097,lorem ipsum
R1098,lorem ipsum
R1099,lorem ipsum
R1100,lorem ipsum
R1101,lorem ipsum
R1102,lorem ipsum
R1103,lorem ipsum
R1104,lorem ipsum
R1105,lorem ipsum
R1106,lorem ipsum
R1107,lorem ipsum
R1108,lorem ipsum
R1109,lorem ipsum
R1110,lorem ipsum
R1111,lorem ipsum
R1112,lorem ipsum
R1113,lorem ipsum
R1114,lorem ipsum
R1115,lorem ipsum
R1116,lorem ipsum
R1117,lorem ipsum
R1118,lorem ipsum
R1119,lorem ipsum
R1120,lorem ipsum
R1121,lorem ipsum
R1122,lorem ipsum
R1123,lorem ipsum
R1124,lorem ipsum
R1125,lorem ipsum
R1126,lorem ipsum
R1127,lorem ipsum
R1128,lorem ipsum
R1129,lorem ipsum
R1130,lorem ipsum
R1131,lorem ipsum
R1132,lorem ipsum
R1133,lorem ipsum
R1134,lorem ipsum
R1135,lorem ipsum
R1136,lorem ipsum
R1137,lorem ipsum
R1138,lorem ipsum
R1139,lorem ipsum
R1140,lorem ipsum
R1141,lorem ipsum
R1142,lorem ipsum
R1143,lorem ipsum
R1144,lorem ipsum
R1145,lorem ipsum
R1146,lorem ipsum
R1147,lorem ipsum
R1148,lorem ipsum
R1149,lorem ipsum
R1150,lorem ipsum
R1151,lorem ipsum
R1152,lorem ipsum
R1153,lorem ipsum
R1154,lorem ipsum
R1155,lorem ipsum
R1156,lorem ipsum
R1157,lorem ipsum
R1158,lorem ipsum
R1159,lorem ipsum
R1160,lorem ipsum
R1161,lorem ipsum
R1162,lorem ipsum
R1163,lorem ipsum
R1164,lorem ipsum
R1165,lorem ipsum
R1166,lorem ipsum
R1167,lorem ipsum
R1168,lorem ipsum
R1169,lorem ipsum
R1170,lorem ipsum
R1171,lorem ipsum
R1172,lorem ipsum
R1173,lorem ipsum
R1174,lorem ipsum
R1175,lorem ipsum
R1176,lorem ipsum
R1177,lorem ipsum
R1178,lorem ipsum
R1179,lorem ipsum
R1180,lorem ipsum
R1181,lorem ipsum
R1182,lorem ipsum
R1183,lorem ipsum
R1184,lorem ipsum
R1185,lorem ipsum
R1186,lorem ipsum
R1187,lorem ipsum
R1188,lorem ipsum
R1189,lorem ipsum
R1190,lorem ipsum
R1191,lorem ipsum
R1192,lorem ipsum
R1193,lorem ipsum
R1194,lorem ipsum
R1195,lorem ipsum
R1196,lorem ipsum
R1197,lorem ipsum
R1198,lorem ipsum
R1199,lorem ipsum
R1200,lorem ipsum
R1201,lorem ipsum
R1202,lorem ipsum
R1203,lorem ipsum
R1204,lorem ipsum
R1205,lorem ipsum
R1206,lorem ipsum
R1207,lorem ipsum
R1208,lorem ipsum
R1209,lorem ipsum
R1210,lorem ipsum
R1211,lorem ipsum
R1212,lorem ipsum
R1213,lorem ipsum
R1214,lorem ipsum
R1215,lorem ipsum
R1216,lorem ipsum
R1217,lorem ipsum
R1218,lorem ipsum
R1219,lorem ipsum
R1220,lorem ipsum
R1221,lorem ipsum
R1222,lorem ipsum
R1223,lorem ipsum
R1224,lorem ipsum
R1225,lorem ipsum
R1226,lorem ipsum
R1227,lorem ipsum
R1228,lorem ipsum
R1229,lorem ipsum
R1230,lorem ipsum
R1231,lorem ipsum
R1232,lorem ipsum
R1233,lorem ipsum
R1234,lorem ipsum
R1235,lorem ipsum
R1236,lorem ipsum
R1237,lorem ipsum
R1238,lorem ipsum
R1239,lorem ipsum
R1240,lorem ipsum
R1241,lorem ipsum
R1242,lorem ipsum
R1243,lorem ipsum
R1244,lorem ipsum
R1245,lorem ipsum
R1246,lorem ipsum
R1247,lorem ipsum
R1248,lorem ipsum
R1249,lorem ipsum
R1250,lorem ipsum
R1251,lorem ipsum
R1252,lorem ipsum
R1253,lorem ipsum
R1254,lorem ipsum
R1255,lorem ipsum
R1256,lorem ipsum
R1257,lorem ipsum
R1258,lorem ipsum
R1259,lorem ipsum
R1260,lorem ipsum
R1261,lorem ipsum
R1262,lorem ipsum
R1263,lorem ipsum
R1264,lorem ipsum
R1265,lorem ipsum
R1266,lorem ipsum
R1267,lorem ipsum
R1268,lorem ipsum
R1269,lorem ipsum
R1270,lorem ipsum
R1271,lorem ipsum
R1272,lorem ipsum
R1273,lorem ipsum
R1274,lorem ipsum
R1275,lorem ipsum
R1276,lorem ipsum
R1277,lorem ipsum
R1278,lorem ipsum
R1279,lorem ipsum
R1280,lorem ipsum
R1281,lorem ipsum
R1282,lorem ipsum
R1283,lorem ipsum
R1284,lorem ipsum
R1285,lorem ipsum
R1286,lorem ipsum
R1287,lorem ipsum
R1288,lorem ipsum
R1289,lorem ipsum
R1290,lorem ipsum
R1291,lorem ipsum
R1292,lorem ipsum
R1293,lorem ipsum
R1294,lorem ipsum
R1295,lorem ipsum
R1296,lorem ipsum
R1297,lorem ipsum
R1298,lorem ipsum
R1299,lorem ipsum
R1300,lorem ipsum
R1301,lorem ipsum
R1302,lorem ipsum
R1303,lorem ipsum
R1304,lorem ipsum
R1305,lorem ipsum
R1306,lorem ipsum
R1307,lorem ipsum
R1308,lorem ipsum
R1309,lorem ipsum
R1310,lorem ipsum
R1311,lorem ipsum
R1312,lorem ipsum
R1313,lorem ipsum
R1314,lorem ipsum
R1315,lorem ipsum
R1316,lorem ipsum
R1317,lorem ipsum
R1318,lorem ipsum
R1319,lorem ipsum
R1320,lorem ipsum
R1321,lorem ipsum
R1322,lorem ipsum
R1323,lorem ipsum
R1324,lorem ipsum
R1325,lorem ipsum
R1326,lorem ipsum
R1327,lorem ipsum
R1328,lorem ipsum
R1329,lorem ipsum
R1330,lorem ipsum
R1331,lorem ipsum
R1332,lorem ipsum
R1333,lorem ipsum
R1334,lorem ipsum
R1335,lorem ipsum
R1336,lorem ipsum
R1337,lorem ipsum
R1338,lorem ipsum
R1339,lorem ipsum
R1340,lorem ipsum
R1341,lorem ipsum
R1342,lorem ipsum
R1343,lorem ipsum
R1344,lorem ipsum
R1345,lorem ipsum
R1346,lorem ipsum
R1347,lorem ipsum
R1348,lorem ipsum
R1349,lorem ipsum
R1350,lorem ipsum
R1351,lorem ipsum
R1352,lorem ipsum
R1353,lorem ipsum
R1354,lorem ipsum
R1355,lorem ipsum
R1356,lorem ipsum
R1357,lorem ipsum
R1358,lorem ipsum
R1359,lorem ipsum
R1360,lorem ipsum
R1361,lorem ipsum
R1362,lorem ipsum
R1363,lorem ipsum
R1364,lorem ipsum
R1365,lorem ipsum
R1366,lorem ipsum
R1367,lorem ipsum
R1368,lorem ipsum
R1369,lorem ipsum
R1370,lorem ipsum
R1371,lorem ipsum
R1372,lorem ipsum
R1373,lorem ipsum
R1374,lorem ipsum
R1375,lorem ipsum
R1376,lorem ipsum
R1377,lorem ipsum
R1378,lorem ipsum
R1379,lorem ipsum
R1380,lorem ipsum
R1381,lorem ipsum
R1382,lorem ipsum
R1383,lorem ipsum
R1384,lorem ipsum
R1385,lorem ipsum
R1386,lorem ipsum
R1387,lorem ipsum
R1388,lorem ipsum
R1389,lorem ipsum
R1390,lorem ipsum
R1391,lorem ipsum
R1392,lorem ipsum
R1393,lorem ipsum
R1394,lorem ipsum
R1395,lorem ipsum
R1396,lorem ipsum
R1397,lorem ipsum
R1398,lorem ipsum
R1399,lorem ipsum
R1400,lorem ipsum
R1401,lorem ipsum
R1402,lorem ipsum
R1403,lorem ipsum
R1404,lorem ipsum
R1405,lorem ipsum
R1406,lorem ipsum
R1407,lorem ipsum
R1408,lorem ipsum
R1409,lorem ipsum
R1410,lorem ipsum
R1411,lorem ipsum
R1412,lorem ipsum
R1413,lorem ipsum
R1414,lorem ipsum
R1415,lorem ipsum
R1416,lorem ipsum
R1417,lorem ipsum
R1418,lorem ipsum
R1419,lorem ipsum
R1420,lorem ipsum
R1421,lorem ipsum
R1422,lorem ipsum
R1423,lorem ipsum
R1424,lorem ipsum
R1425,lorem ipsum
R1426,lorem ipsum
R1427,lorem ipsum
R1428,lorem ipsum
R1429,lorem ipsum
R1430,lorem ipsum
R1431,lorem ipsum
R1432,lorem ipsum
R1433,lorem ipsum
R1434,lorem ipsum
R1435,lorem ipsum
R1436,lorem ipsum
R1437,lorem ipsum
R1438,lorem ipsum
R1439,lorem ipsum
R1440,lorem ipsum
R1441,lorem ipsum
R1442,lorem ipsum
R1443,lorem ipsum
R1444,lorem ipsum
R1445,lorem ipsum
R1446,lorem ipsum
R1447,lorem ipsum
R1448,lorem ipsum
R1449,lorem ipsum
R1450,lorem ipsum
R1451,lorem ipsum
R1452,lorem ipsum
R1453,lorem ipsum
R1454,lorem ipsum
R1455,lorem ipsum
R1456,lorem ipsum
R1457,lorem ipsum
R1458,lorem ipsum
R1459,lorem ipsum
R1460,lorem ipsum
R1461,lorem ipsum
R1462,lorem ipsum
R1463,lorem ipsum
R1464,lorem ipsum
R1465,lorem ipsum
R1466,lorem ipsum
R1467,lorem ipsum
R1468,lorem ipsum
R1469,lorem ipsum
R1470,lorem ipsum
R1471,lorem ipsum
R1472,lorem ipsum
R1473,lorem ipsum
R1474,lorem ipsum
R1475,lorem ipsum
R1476,lorem ipsum
R1477,lorem ipsum
R1478,lorem ipsum
R1479,lorem ipsum
R1480,lorem ipsum
R1481,lorem ipsum
R1482,lorem ipsum
R1483,lorem ipsum
R1484,lorem ipsum
R1485,lorem ipsum
R1486,lorem ipsum
R1487,lorem ipsum
R1488,lorem ipsum
R1489,lorem ipsum
R1490,lorem ipsum
R1491,lorem ipsum
R1492,lorem ipsum
R1493,lorem ipsum
R1494,lorem ipsum
R1495,lorem ipsum
R1496,lorem ipsum
R1497,lorem ipsum
R1498,lorem ipsum
R1499,lorem ipsum
R1500,lorem ipsum
R1501,lorem ipsum
R1502,lorem ipsum
R1503,lorem ipsum
R1504,lorem ipsum
R1505,lorem ipsum
R1506,lorem ipsum
R1507,lorem ipsum
R1508,lorem ipsum
R1509,lorem ipsum
R1510,lorem ipsum
R1511,lorem ipsum
R1512,lorem ipsum
R1513,lorem ipsum
R1514,lorem ipsum
R1515,lorem ipsum
R1516,lorem ipsum
R1517,lorem ipsum
R1518,lorem ipsum
R1519,lorem ipsum
R1520,lorem ipsum
R1521,lorem ipsum
R1522,lorem ipsum
R1523,lorem ipsum
R1524,lorem ipsum
R1525,lorem ipsum
R1526,lorem ipsum
R1527,lorem ipsum
R1528,lorem ipsum
R1529,lorem ipsum
R1530,lorem ipsum
R1531,lorem ipsum
R1532,lorem ipsum
R1533,lorem ipsum
R1534,lorem ipsum
R1535,lorem ipsum
R1536,lorem ipsum
R1537,lorem ipsum
R1538,lorem ipsum
R1539,lorem ipsum
R1540,lorem ipsum
R1541,lorem ipsum
R1542,lorem ipsum
R1543,lorem ipsum
R1544,lorem ipsum
R1545,lorem ipsum
R1546,lorem ipsum
R1547,lorem ipsum
R1548,lorem ipsum
R1549,lorem ipsum
R1550,lorem ipsum
R1551,lorem ipsum
R1552,lorem ipsum
R1553,lorem ipsum
R1554,lorem ipsum
R1555,lorem ipsum
R1556,lorem ipsum
R1557,lorem ipsum
R1558,lorem ipsum
R1559,lorem ipsum
R1560,lorem ipsum
R1561,lorem ipsum
R1562,lorem ipsum
R1563,lorem ipsum
R1564,lorem ipsum
R1565,lorem ipsum
R1566,lorem ipsum
R1567,lorem ipsum
R1568,lorem ipsum
R1569,lorem ipsum
R1570,lorem ipsum
R1571,lorem ipsum
R1572,lorem ipsum
R1573,lorem ipsum
R1574,lorem ipsum
R1575,lorem ipsum
R1576,lorem ipsum
R1577,lorem ipsum
R1578,lorem ipsum
R1579,lorem ipsum
R1580,lorem ipsum
R1581,lorem ipsum
R1582,lorem ipsum
R1583,lorem ipsum
R1584,lorem ipsum
R1585,lorem ipsum
R1586,lorem ipsum
R1587,lorem ipsum
R1588,lorem ipsum
R1589,lorem ipsum
R1590,lorem ipsum
R1591,lorem ipsum
R1592,lorem ipsum
R1593,lorem ipsum
R1594,lorem ipsum
R1595,lorem ipsum
R1596,lorem ipsum
R1597,lorem ipsum
R1598,lorem ipsum
R1599,lorem ipsum
R1600,lorem ipsum
R1601,lorem ipsum
R1602,lorem ipsum
R1603,lorem ipsum
R1604,lorem ipsum
R1605,lorem ipsum
R1606,lorem ipsum
R1607,lorem ipsum
R1608,lorem ipsum
R1609,lorem ipsum
R1610,lorem ipsum
R1611,lorem ipsum
R1612,lorem ipsum
R1613,lorem ipsum
R1614,lorem ipsum
R1615,lorem ipsum
R1616,lorem ipsum
R1617,lorem ipsum
R1618,lorem ipsum
R1619,lorem ipsum
R1620,lorem ipsum
R1621,lorem ipsum
R1622,lorem ipsum
R1623,lorem ipsum
R1624,lorem ipsum
R1625,lorem ipsum
R1626,lorem ipsum
R1627,lorem ipsum
R1628,lorem ipsum
R1629,lorem ipsum
R1630,lorem ipsum
R1631,lorem ipsum
R1632,lorem ipsum
R1633,lorem ipsum
R1634,lorem ipsum
R1635,lorem ipsum
R1636,lorem ipsum
R1637,lorem ipsum
R1638,lorem ipsum
R1639,lorem ipsum
R1640,lorem ipsum
R1641,lorem ipsum
R1642,lorem ipsum
R1643,lorem ipsum
R1644,lorem ipsum
R1645,lorem ipsum
R1646,lorem ipsum
R1647,lorem ipsum
R1648,lorem ipsum
R1649,lorem ipsum
R1650,lorem ipsum
R1651,lorem ipsum
R1652,lorem ipsum
R1653,lorem ipsum
R1654,lorem ipsum
R1655,lorem ipsum
R1656,lorem ipsum
R1657,lorem ipsum
R1658,lorem ipsum
R1659,lorem ipsum
R1660,lorem ipsum
R1661,lorem ipsum
R1662,lorem ipsum
R1663,lorem ipsum
R1664,lorem ipsum
R1665,lorem ipsum
R1666,lorem ipsum
R1667,lorem ipsum
R1668,lorem ipsum
R1669,lorem ipsum
R1670,lorem ipsum
R1671,lorem ipsum
R1672,lorem ipsum
R1673,lorem ipsum
R1674,lorem ipsum
R1675,lorem ipsum
R1676,lorem ipsum
R1677,lorem ipsum
R1678,lorem ipsum
R1679,lorem ipsum
R1680,lorem ipsum
R1681,lorem ipsum
R1682,lorem ipsum
R1683,lorem ipsum
R1684,lorem ipsum
R1685,lorem ipsum
R1686,lorem ipsum
R1687,lorem ipsum
R1688,lorem ipsum
R1689,lorem ipsum
R1690,lorem ipsum
R1691,lorem ipsum
R1692,lorem ipsum
R1693,lorem ipsum
R1694,lorem ipsum
R1695,lorem ipsum
R1696,lorem ipsum
R1697,lorem ipsum
R1698,lorem ipsum
R1699,lorem ipsum
R1700,lorem ipsum
R1701,lorem ipsum
R1702,lorem ipsum
R1703,lorem ipsum
R1704,lorem ipsum
R1705,lorem ipsum
R1706,lorem ipsum
R1707,lorem ipsum
R1708,lorem ipsum
R1709,lorem ipsum
R1710,lorem ipsum
R1711,lorem ipsum
R1712,lorem ipsum
R1713,lorem ipsum
R1714,lorem ipsum
R1715,lorem ipsum
R1716,lorem ipsum
R1717,lorem ipsum
R1718,lorem ipsum
R1719,lorem ipsum
R1720,lorem ipsum
R1721,lorem ipsum
R1722,lorem ipsum
R1723,lorem ipsum
R1724,lorem ipsum
R1725,lorem ipsum
R1726,lorem ipsum
R1727,lorem ipsum
R1728,lorem ipsum
R1729,lorem ipsum
R1730,lorem ipsum
R1731,lorem ipsum
R1732,lorem ipsum
R1733,lorem ipsum
R1734,lorem ipsum
R1735,lorem ipsum
R1736,lorem ipsum
R1737,lorem ipsum
R1738,lorem ipsum
R1739,lorem ipsum
R1740,lorem ipsum
R1741,lorem ipsum
R1742,lorem ipsum
R1743,lorem ipsum
R1744,lorem ipsum
R1745,lorem ipsum
R1746,lorem ipsum
R1747,lorem ipsum
R1748,lorem ipsum
R1749,lorem ipsum
R1750,lorem ipsum
R1751,lorem ipsum
R1752,lorem ipsum
R1753,lorem ipsum
R1754,lorem ipsum
R1755,lorem ipsum
R1756,lorem ipsum
R1757,lorem ipsum
R1758,lorem ipsum
R1759,lorem ipsum
R1760,lorem ipsum
R1761,lorem ipsum
R1762,lorem ipsum
R1763,lorem ipsum
R1764,lorem ipsum
R1765,lorem ipsum
R1766,lorem ipsum
R1767,lorem ipsum
R1768,lorem ipsum
R1769,lorem ipsum
R1770,lorem ipsum
R1771,lorem ipsum
R1772,lorem ipsum
R1773,lorem ipsum
R1774,lorem ipsum
R1775,lorem ipsum
R1776,lorem ipsum
R1777,lorem ipsum
R1778,lorem ipsum
R1779,lorem ipsum
R1780,lorem ipsum
R1781,lorem ipsum
R1782,lorem ipsum
R1783,lorem ipsum
R1784,lorem ipsum
R1785,lorem ipsum
R1786,lorem ipsum
R1787,lorem ipsum
R1788,lorem ipsum
R1789,lorem ipsum
R1790,lorem ipsum
R1791,lorem ipsum
R1792,lorem ipsum
R1793,lorem ipsum
R1794,lorem ipsum
R1795,lorem ipsum
R1796,lorem ipsum
R1797,lorem ipsum
R1798,lorem ipsum
R1799,lorem ipsum
R1800,lorem ipsum
R1801,lorem ipsum
R1802,lorem ipsum
R1803,lorem ipsum
R1804,lorem ipsum
R1805,lorem ipsum
R1806,lorem ipsum
R1807,lorem ipsum
R1808,lorem ipsum
R1809,lorem ipsum
R1810,lorem ipsum
R1811,lorem ipsum
R1812,lorem ipsum
R1813,lorem ipsum
R1814,lorem ipsum
R1815,lorem ipsum
R1816,lorem ipsum
R1817,lorem ipsum
R1818,lorem ipsum
R1819,lorem ipsum
R1820,lorem ipsum
R1821,lorem ipsum
R1822,lorem ipsum
R1823,lorem ipsum
R1824,lorem ipsum
R1825,lorem ipsum
R1826,lorem ipsum
R1827,lorem ipsum
R1828,lorem ipsum
R1829,lorem ipsum
R1830,lorem ipsum
R1831,lorem ipsum
R1832,lorem ipsum
R1833,lorem ipsum
R1834,lorem ipsum
R1835,lorem ipsum
R1836,lorem ipsum
R1837,lorem ipsum
R1838,lorem ipsum
R1839,lorem ipsum
R1840,lorem ipsum
R1841,lorem ipsum
R1842,lorem ipsum
R1843,lorem ipsum
R1844,lorem ipsum
R1845,lorem ipsum
R1846,lorem ipsum
R1847,lorem ipsum
R1848,lorem ipsum
R1849,lorem ipsum
R1850,lorem ipsum
R1851,lorem ipsum
R1852,lorem ipsum
R1853,lorem ipsum
R1854,lorem ipsum
R1855,lorem ipsum
R1856,lorem ipsum
R1857,lorem ipsum
R1858,lorem ipsum
R1859,lorem ipsum
R1860,lorem ipsum
R1861,lorem ipsum
R1862,lorem ipsum
R1863,lorem ipsum
R1864,lorem ipsum
R1865,lorem ipsum
R1866,lorem ipsum
R1867,lorem ipsum
R1868,lorem ipsum
R1869,lorem ipsum
R1870,lorem ipsum
R1871,lorem ipsum
R1872,lorem ipsum
R1873,lorem ipsum
R1874,lorem ipsum
R1875,lorem ipsum
R1876,lorem ipsum
R1877,lorem ipsum
R1878,lorem ipsum
R1879,lorem ipsum
R1880,lorem ipsum
R1881,lorem ipsum
R1882,lorem ipsum
R1883,lorem ipsum
R1884,lorem ipsum
R1885,lorem ipsum
R1886,lorem ipsum
R1887,lorem ipsum
R1888,lorem ipsum
R1889,lorem ipsum
R1890,lorem ipsum
R1891,lorem ipsum
R1892,lorem ipsum
R1893,lorem ipsum
R1894,lorem ipsum
R1895,lorem ipsum
R1896,lorem ipsum
R1897,lorem ipsum
R1898,lorem ipsum
R1899,lorem ipsum
R1900,lorem ipsum
R1901,lorem ipsum
R1902,lorem ipsum
R1903,lorem ipsum
R1904,lorem ipsum
R1905,lorem ipsum
R1906,lorem ipsum
R1907,lorem ipsum
R1908,lorem ipsum
R1909,lorem ipsum
R1910,lorem ipsum
R1911,lorem ipsum
R1912,lorem ipsum
R1913,lorem ipsum
R1914,lorem ipsum
R1915,lorem ipsum
R1916,lorem ipsum
R1917,lorem ipsum
R1918,lorem ipsum
R1919,lorem ipsum
R1920,lorem ipsum
R1921,lorem ipsum
R1922,lorem ipsum
R1923,lorem ipsum
R1924,lorem ipsum
R1925,lorem ipsum
R1926,lorem ipsum
R1927,lorem ipsum
R1928,lorem ipsum
R1929,lorem ipsum
R1930,lorem ipsum
R1931,lorem ipsum
R1932,lorem ipsum
R1933,lorem ipsum
R1934,lorem ipsum
R1935,lorem ipsum
R1936,lorem ipsum
R1937,lorem ipsum
R1938,lorem ipsum
R1939,lorem ipsum
R1940,lorem ipsum
R1941,lorem ipsum
R1942,lorem ipsum
R1943,lorem ipsum
R1944,lorem ipsum
R1945,lorem ipsum
R1946,lorem ipsum
R1947,lorem ipsum
R1948,lorem ipsum
R1949,lorem ipsum
R1950,lorem ipsum
R1951,lorem ipsum
R1952,lorem ipsum
R1953,lorem ipsum
R1954,lorem ipsum
R1955,lorem ipsum
R1956,lorem ipsum
R1957,lorem ipsum
R1958,lorem ipsum
R1959,lorem ipsum
R1960,lorem ipsum
R1961,lorem ipsum
R1962,lorem ipsum
R1963,lorem ipsum
R1964,lorem ipsum
R1965,lorem ipsum
R1966,lorem ipsum
R1967,lorem ipsum
R1968,lorem ipsum
R1969,lorem ipsum
R1970,lorem ipsum
R1971,lorem ipsum
R1972,lorem ipsum
R1973,lorem ipsum
R1974,lorem ipsum
R1975,lorem ipsum
R1976,lorem ipsum
R1977,lorem ipsum
R1978,lorem ipsum
R1979,lorem ipsum
R1980,lorem ipsum
R1981,lorem ipsum
R1982,lorem ipsum
R1983,lorem ipsum
R1984,lorem ipsum
R1985,lorem ipsum
R1986,lorem ipsum
R1987,lorem ipsum
R1988,lorem ipsum
R1989,lorem ipsum
R1990,lorem ipsum
R1991,lorem ipsum
R1992,lorem ipsum
R1993,lorem ipsum
R1994,lorem ipsum
R1995,lorem ipsum
R1996,lorem ipsum
R1997,lorem ipsum
R1998,lorem ipsum
R1999,lorem ipsum
R2000,lorem ipsum
R2001,lorem ipsum
R2002,lorem ipsum
R2003,lorem ipsum
R2004,lorem ipsum
R2005,lorem ipsum
R2006,lorem ipsum
R2007,lorem ipsum
R2008,lorem ipsum
R2009,lorem ipsum
R2010,lorem ipsum
R2011,lorem ipsum
R2012,lorem ipsum
R2013,lorem ipsum
R2014,lorem ipsum
R2015,lorem ipsum
R2016,lorem ipsum
R2017,lorem ipsum
R2018,lorem ipsum
R2019,lorem ipsum
R2020,lorem ipsum
R2021,lorem ipsum
R2022,lorem ipsum
R2023,lorem ipsum
R2024,lorem ipsum
R2025,lorem ipsum
R2026,lorem ipsum
R2027,lorem ipsum
R2028,lorem ipsum
R2029,lorem ipsum
R2030,lorem ipsum
R2031,lorem ipsum
R2032,lorem ipsum
R2033,lorem ipsum
R2034,lorem ipsum
R2035,lorem ipsum
R2036,lorem ipsum
R2037,lorem ipsum
R2038,lorem ipsum
R2039,lorem ipsum
R2040,lorem ipsum
R2041,lorem ipsum
R2042,lorem ipsum
R2043,lorem ipsum
R2044,lorem ipsum
R2045,lorem ipsum
R2046,lorem ipsum
R2047,lorem ipsum
R2048,lorem ipsum
R2049,lorem ipsum
R2050,lorem ipsum
R2051,lorem ipsum
R2052,lorem ipsum
R2053,lorem ipsum
R2054,lorem ipsum
R2055,lorem ipsum
R2056,lorem ipsum
R2057,lorem ipsum
R2058,lorem ipsum
R2059,lorem ipsum
R2060,lorem ipsum
R2061,lorem ipsum
R2062,lorem ipsum
R2063,lorem ipsum
R2064,lorem ipsum
R2065,lorem ipsum
R2066,lorem ipsum
R2067,lorem ipsum
R2068,lorem ipsum
R2069,lorem ipsum
R2070,lorem ipsum
R2071,lorem ipsum
R2072,lorem ipsum
R2073,lorem ipsum
R2074,lorem ipsum
R2075,lorem ipsum
R2076,lorem ipsum
R2077,lorem ipsum
R2078,lorem ipsum
R2079,lorem ipsum
R2080,lorem ipsum
R2081,lorem ipsum
R2082,lorem ipsum
R2083,lorem ipsum
R2084,lorem ipsum
R2085,lorem ipsum
R2086,lorem ipsum
R2087,lorem ipsum
R2088,lorem ipsum
R2089,lorem ipsum
R2090,lorem ipsum
R2091,lorem ipsum
R2092,lorem ipsum
R2093,lorem ipsum
R2094,lorem ipsum
R2095,lorem ipsum
R2096,lorem ipsum
R2097,lorem ipsum
R2098,lorem ipsum
R2099,lorem ipsum
R2100,lorem ipsum
R2101,lorem ipsum
R2102,lorem ipsum
R2103,lorem ipsum
R2104,lorem ipsum
R2105,lorem ipsum
R2106,lorem ipsum
R2107,lorem ipsum
R2108,lorem ipsum
R2109,lorem ipsum
R2110,lorem ipsum
R2111,lorem ipsum
R2112,lorem ipsum
R2113,lorem ipsum
R2114,lorem ipsum
R2115,lorem ipsum
R2116,lorem ipsum
R2117,lorem ipsum
R2118,lorem ipsum
R2119,lorem ipsum
R2120,lorem ipsum
R2121,lorem ipsum
R2122,lorem ipsum
R2123,lorem ipsum
R2124,lorem ipsum
R2125,lorem ipsum
R2126,lorem ipsum
R2127,lorem ipsum
R2128,lorem ipsum
R2129,lorem ipsum
R2130,lorem ipsum
R2131,lorem ipsum
R2132,lorem ipsum
R2133,lorem ipsum
R2134,lorem ipsum
R2135,lorem ipsum
R2136,lorem ipsum
R2137,lorem ipsum
R2138,lorem ipsum
R2139,lorem ipsum
R2140,lorem ipsum
R2141,lorem ipsum
R2142,lorem ipsum
R2143,lorem ipsum
R2144,lorem ipsum
R2145,lorem ipsum
R2146,lorem ipsum
R2147,lorem ipsum
R2148,lorem ipsum
R2149,lorem ipsum
R2150,lorem ipsum
R2151,lorem ipsum
R2152,lorem ipsum
R2153,lorem ipsum
R2154,lorem ipsum
R2155,lorem ipsum
R2156,lorem ipsum
R2157,lorem ipsum
R2158,lorem ipsum
R2159,lorem ipsum
R2160,lorem ipsum
R2161,lorem ipsum
R2162,lorem ipsum
R2163,lorem ipsum
R2164,lorem ipsum
R2165,lorem ipsum
R2166,lorem ipsum
R2167,lorem ipsum
R2168,lorem ipsum
R2169,lorem ipsum
R2170,lorem ipsum
R2171,lorem ipsum
R2172,lorem ipsum
R2173,lorem ipsum
R2174,lorem ipsum
R2175,lorem ipsum
R2176,lorem ipsum
R2177,lorem ipsum
R2178,lorem ipsum
R2179,lorem ipsum
R2180,lorem ipsum
R2181,lorem ipsum
R2182,lorem ipsum
R2183,lorem ipsum
R2184,lorem ipsum
R2185,lorem ipsum
R2186,lorem ipsum
R2187,lorem ipsum
R2188,lorem ipsum
R2189,lorem ipsum
R2190,lorem ipsum
R2191,lorem ipsum
R2192,lorem ipsum
R2193,lorem ipsum
R2194,lorem ipsum
R2195,lorem ipsum
R2196,lorem ipsum
R2197,lorem ipsum
R2198,lorem ipsum
R2199,lorem ipsum
R2200,lorem ipsum
R2201,lorem ipsum
R2202,lorem ipsum
R2203,lorem ipsum
R2204,lorem ipsum
R2205,lorem ipsum
R2206,lorem ipsum
R2207,lorem ipsum
R2208,lorem ipsum
R2209,lorem ipsum
R2210,lorem ipsum
R2211,lorem ipsum
R2212,lorem ipsum
R2213,lorem ipsum
R2214,lorem ipsum
R2215,lorem ipsum
R2216,lorem ipsum
R2217,lorem ipsum
R2218,lorem ipsum
R2219,lorem ipsum
R2220,lorem ipsum
R2221,lorem ipsum
R2222,lorem ipsum
R2223,lorem ipsum
R2224,lorem ipsum
R2225,lorem ipsum
R2226,lorem ipsum
R2227,lorem ipsum
R2228,lorem ipsum
R2229,lorem ipsum
R2230,lorem ipsum
R2231,lorem ipsum
R2232,lorem ipsum
R2233,lorem ipsum
R2234,lorem ipsum
R2235,lorem ipsum
R2236,lorem ipsum
R2237,lorem ipsum
R2238,lorem ipsum
R2239,lorem ipsum
R2240,lorem ipsum
R2241,lorem ipsum
R2242,lorem ipsum
R2243,lorem ipsum
R2244,lorem ipsum
R2245,lorem ipsum
R2246,lorem ipsum
R2247,lorem ipsum
R2248,lorem ipsum
R2249,lorem ipsum
R2250,lorem ipsum
R2251,lorem ipsum
R2252,lorem ipsum
R2253,lorem ipsum
R2254,lorem ipsum
R2255,lorem ipsum
R2256,lorem ipsum
R2257,lorem ipsum
R2258,lorem ipsum
R2259,lorem ipsum
R2260,lorem ipsum
R2261,lorem ipsum
R2262,lorem ipsum
R2263,lorem ipsum
R2264,lorem ipsum
R2265,lorem ipsum
R2266,lorem ipsum
R2267,lorem ipsum
R2268,lorem ipsum
R2269,lorem ipsum
R2270,lorem ipsum
R2271,lorem ipsum
R2272,lorem ipsum
R2273,lorem ipsum
R2274,lorem ipsum
R2275,lorem ipsum
R2276,lorem ipsum
R2277,lorem ipsum
R2278,lorem ipsum
R2279,lorem ipsum
R2280,lorem ipsum
R2281,lorem ipsum
R2282,lorem ipsum
R2283,lorem ipsum
R2284,lorem ipsum
R2285,lorem ipsum
R2286,lorem ipsum
R2287,lorem ipsum
R2288,lorem ipsum
R2289,lorem ipsum
R2290,lorem ipsum
R2291,lorem ipsum
R2292,lorem ipsum
R2293,lorem ipsum
R2294,lorem ipsum
R2295,lorem ipsum
R2296,lorem ipsum
R2297,lorem ipsum
R2298,lorem ipsum
R2299,lorem ipsum
R2300,lorem ipsum
R2301,lorem ipsum
R2302,lorem ipsum
R2303,lorem ipsum
R2304,lorem ipsum
R2305,lorem ipsum
R2306,lorem ipsum
R2307,lorem ipsum
R2308,lorem ipsum
R2309,lorem ipsum
R2310,lorem ipsum
R2311,lorem ipsum
R2312,lorem ipsum
R2313,lorem ipsum
R2314,lorem ipsum
R2315,lorem ipsum
R2316,lorem ipsum
R2317,lorem ipsum
R2318,lorem ipsum
R2319,lorem ipsum
R2320,lorem ipsum
R2321,lorem ipsum
R2322,lorem ipsum
R2323,lorem ipsum
R2324,lorem ipsum
R2325,lorem ipsum
R2326,lorem ipsum
R2327,lorem ipsum
R2328,lorem ipsum
R2329,lorem ipsum
R2330,lorem ipsum
R2331,lorem ipsum
R2332,lorem ipsum
R2333,lorem ipsum
R2334,lorem ipsum
R2335,lorem ipsum
R2336,lorem ipsum
R2337,lorem ipsum
R2338,lorem ipsum
R2339,lorem ipsum
R2340,lorem ipsum
R2341,lorem ipsum
R2342,lorem ipsum
R2343,lorem ipsum
R2344,lorem ipsum
R2345,lorem ipsum
R2346,lorem ipsum
R2347,lorem ipsum
R2348,lorem ipsum
R2349,lorem ipsum
R2350,lorem ipsum
R2351,lorem ipsum
R2352,lorem ipsum
R2353,lorem ipsum
R2354,lorem ipsum
R2355,lorem ipsum
R2356,lorem ipsum
R2357,lorem ipsum
R2358,lorem ipsum
R2359,lorem ipsum
R2360,lorem ipsum
R2361,lorem ipsum
R2362,lorem ipsum
R2363,lorem ipsum
R2364,lorem ipsum
R2365,lorem ipsum
R2366,lorem ipsum
R2367,lorem ipsum
R2368,lorem ipsum
R2369,lorem ipsum
R2370,lorem ipsum
R2371,lorem ipsum
R2372,lorem ipsum
R2373,lorem ipsum
R2374,lorem ipsum
R2375,lorem ipsum
R2376,lorem ipsum
R2377,lorem ipsum
R2378,lorem ipsum
R2379,lorem ipsum
R2380,lorem ipsum
R2381,lorem ipsum
R2382,lorem ipsum
R2383,lorem ipsum
R2384,lorem ipsum
R2385,lorem ipsum
R2386,lorem ipsum
R2387,lorem ipsum
R2388,lorem ipsum
R2389,lorem ipsum
R2390,lorem ipsum
R2391,lorem ipsum
R2392,lorem ipsum
R2393,lorem ipsum
R2394,lorem ipsum
R2395,lorem ipsum
R2396,lorem ipsum
R2397,lorem ipsum
R2398,lorem ipsum
R2399,lorem ipsum
R2400,lorem ipsum
R2401,lorem ipsum
R2402,lorem ipsum
R2403,lorem ipsum
R2404,lorem ipsum
R2405,lorem ipsum
R2406,lorem ipsum
R2407,lorem ipsum
R2408,lorem ipsum
R2409,lorem ipsum
R2410,lorem ipsum
R2411,lorem ipsum
R2412,lorem ipsum
R2413,lorem ipsum
R2414,lorem ipsum
R2415,lorem ipsum
R2416,lorem ipsum
R2417,lorem ipsum
R2418,lorem ipsum
R2419,lorem ipsum
R2420,lorem ipsum
R2421,lorem ipsum
R2422,lorem ipsum
R2423,lorem ipsum
R2424,lorem ipsum
R2425,lorem ipsum
R2426,lorem ipsum
R2427,lorem ipsum
R2428,lorem ipsum
R2429,lorem ipsum
R2430,lorem ipsum
R2431,lorem ipsum
R2432,lorem ipsum
R2433,lorem ipsum
R2434,lorem ipsum
R2435,lorem ipsum
R2436,lorem ipsum
R2437,lorem ipsum
R2438,lorem ipsum
R2439,lorem ipsum
R2440,lorem ipsum
R2441,lorem ipsum
R2442,lorem ipsum
R2443,lorem ipsum
R2444,lorem ipsum
R2445,lorem ipsum
R2446,lorem ipsum
R2447,lorem ipsum
R2448,lorem ipsum
R2449,lorem ipsum
R2450,lorem ipsum
R2451,lorem ipsum
R2452,lorem ipsum
R2453,lorem ipsum
R2454,lorem ipsum
R2455,lorem ipsum
R2456,lorem ipsum
R2457,lorem ipsum
R2458,lorem ipsum
R2459,lorem ipsum
R2460,lorem ipsum
R2461,lorem ipsum
R2462,lorem ipsum
R2463,lorem ipsum
R2464,lorem ipsum
R2465,lorem ipsum
R2466,lorem ipsum
R2467,lorem ipsum
R2468,lorem ipsum
R2469,lorem ipsum
R2470,lorem ipsum
R2471,lorem ipsum
R2472,lorem ipsum
R2473,lorem ipsum
R2474,lorem ipsum
R2475,lorem ipsum
R2476,lorem ipsum
R2477,lorem ipsum
R2478,lorem ipsum
R2479,lorem ipsum
R2480,lorem ipsum
R2481,lorem ipsum
R2482,lorem ipsum
R2483,lorem ipsum
R2484,lorem ipsum
R2485,lorem ipsum
R2486,lorem ipsum
R2487,lorem ipsum
R2488,lorem ipsum
R2489,lorem ipsum
R2490,lorem ipsum
R2491,lorem ipsum
R2492,lorem ipsum
R2493,lorem ipsum
R2494,lorem ipsum
R2495,lorem ipsum
R2496,lorem ipsum
R2497,lorem ipsum
R2498,lorem ipsum
R2499,lorem ipsum
R2500,lorem ipsum
R2501,lorem ipsum
R2502,lorem ipsum
R2503,lorem ipsum
R2504,lorem ipsum
R2505,lorem ipsum
R2506,lorem ipsum
R2507,lorem ipsum
R2508,lorem ipsum
R2509,lorem ipsum
R2510,lorem ipsum
R2511,lorem ipsum
R2512,lorem ipsum
R2513,lorem ipsum
R2514,lorem ipsum
R2515,lorem ipsum
R2516,lorem ipsum
R2517,lorem ipsum
R2518,lorem ipsum
R2519,lorem ipsum
R2520,lorem ipsum
R2521,lorem ipsum
R2522,lorem ipsum
R2523,lorem ipsum
R2524,lorem ipsum
R2525,lorem ipsum
R2526,lorem ipsum
R2527,lorem ipsum
R2528,lorem ipsum
R2529,lorem ipsum
R2530,lorem ipsum
R2531,lorem ipsum
R2532,lorem ipsum
R2533,lorem ipsum
R2534,lorem ipsum
R2535,lorem ipsum
R2536,lorem ipsum
R2537,lorem ipsum
R2538,lorem ipsum
R2539,lorem ipsum
R2540,lorem ipsum
R2541,lorem ipsum
R2542,lorem ipsum
R2543,lorem ipsum
R2544,lorem ipsum
R2545,lorem ipsum
R2546,lorem ipsum
R2547,lorem ipsum
R2548,lorem ipsum
R2549,lorem ipsum
R2550,lorem ipsum
R2551,lorem ipsum
R2552,lorem ipsum
R2553,lorem ipsum
R2554,lorem ipsum
R2555,lorem ipsum
R2556,lorem ipsum
R2557,lorem ipsum
R2558,lorem ipsum
R2559,lorem ipsum
R2560,lorem ipsum
R2561,lorem ipsum
R2562,lorem ipsum
R2563,lorem ipsum
R2564,lorem ipsum
R2565,lorem ipsum
R2566,lorem ipsum
R2567,lorem ipsum
R2568,lorem ipsum
R2569,lorem ipsum
R2570,lorem ipsum
R2571,lorem ipsum
R2572,lorem ipsum
R2573,lorem ipsum
R2574,lorem ipsum
R2575,lorem ipsum
R2576,lorem ipsum
R2577,lorem ipsum
R2578,lorem ipsum
R2579,lorem ipsum
R2580,lorem ipsum
R2581,lorem ipsum
R2582,lorem ipsum
R2583,lorem ipsum
R2584,lorem ipsum
R2585,lorem ipsum
R2586,lorem ipsum
R2587,lorem ipsum
R2588,lorem ipsum
R2589,lorem ipsum
R2590,lorem ipsum
R2591,lorem ipsum
R2592,lorem ipsum
R2593,lorem ipsum
R2594,lorem ipsum
R2595,lorem ipsum
R2596,lorem ipsum
R2597,lorem ipsum
R2598,lorem ipsum
R2599,lorem ipsum
R2600,lorem ipsum
R2601,lorem ipsum
R2602,lorem ipsum
R2603,lorem ipsum
R2604,lorem ipsum
R2605,lorem ipsum
R2606,lorem ipsum
R2607,lorem ipsum
R2608,lorem ipsum
R2609,lorem ipsum
R2610,lorem ipsum
R2611,lorem ipsum
R2612,lorem ipsum
R2613,lorem ipsum
R2614,lorem ipsum
R2615,lorem ipsum
R2616,lorem ipsum
R2617,lorem ipsum
R2618,lorem ipsum
R2619,lorem ipsum
R2620,lorem ipsum
R2621,lorem ipsum
R2622,lorem ipsum
R2623,lorem ipsum
R2624,lorem ipsum
R2625,lorem ipsum
R2626,lorem ipsum
R2627,lorem ipsum
R2628,lorem ipsum
R2629,lorem ipsum
R2630,lorem ipsum
R2631,lorem ipsum
R2632,lorem ipsum
R2633,lorem ipsum
R2634,lorem ipsum
R2635,lorem ipsum
R2636,lorem ipsum
R2637,lorem ipsum
R2638,lorem ipsum
R2639,lorem ipsum
R2640,lorem ipsum
R2641,lorem ipsum
R2642,lorem ipsum
R2643,lorem ipsum
R2644,lorem ipsum
R2645,lorem ipsum
R2646,lorem ipsum
R2647,lorem ipsum
R2648,lorem ipsum
R2649,lorem ipsum
R2650,lorem ipsum
R2651,lorem ipsum
R2652,lorem ipsum
R2653,lorem ipsum
R2654,lorem ipsum
R2655,lorem ipsum
R2656,lorem ipsum
R2657,lorem ipsum
R2658,lorem ipsum
R2659,lorem ipsum
R2660,lorem ipsum
R2661,lorem ipsum
R2662,lorem ipsum
R2663,lorem ipsum
R2664,lorem ipsum
R2665,lorem ipsum
R2666,lorem ipsum
R2667,lorem ipsum
R2668,lorem ipsum
R2669,lorem ipsum
R2670,lorem ipsum
R2671,lorem ipsum
R2672,lorem ipsum
R2673,lorem ipsum
R2674,lorem ipsum
R2675,lorem ipsum
R2676,lorem ipsum
R2677,lorem ipsum
R2678,lorem ipsum
R2679,lorem ipsum
R2680,lorem ipsum
R2681,lorem ipsum
R2682,lorem ipsum
R2683,lorem ipsum
R2684,lorem ipsum
R2685,lorem ipsum
R2686,lorem ipsum
R2687,lorem ipsum
R2688,lorem ipsum
R2689,lorem ipsum
R2690,lorem ipsum
R2691,lorem ipsum
R2692,lorem ipsum
R2693,lorem ipsum
R2694,lorem ipsum
R2695,lorem ipsum
R2696,lorem ipsum
R2697,lorem ipsum
R2698,lorem ipsum
R2699,lorem ipsum
R2700,lorem ipsum
R2701,lorem ipsum
R2702,lorem ipsum
R2703,lorem ipsum
R2704,lorem ipsum
R2705,lorem ipsum
R2706,lorem ipsum
R2707,lorem ipsum
R2708,lorem ipsum
R2709,lorem ipsum
R2710,lorem ipsum
R2711,lorem ipsum
R2712,lorem ipsum
R2713,lorem ipsum
R2714,lorem ipsum
R2715,lorem ipsum
R2716,lorem ipsum
R2717,lorem ipsum
R2718,lorem ipsum
R2719,lorem ipsum
R2720,lorem ipsum
R2721,lorem ipsum
R2722,lorem ipsum
R2723,lorem ipsum
R2724,lorem ipsum
R2725,lorem ipsum
R2726,lorem ipsum
R2727,lorem ipsum
R2728,lorem ipsum
R2729,lorem ipsum
R2730,lorem ipsum
R2731,lorem ipsum
R2732,lorem ipsum
R2733,lorem ipsum
R2734,lorem ipsum
R2735,lorem ipsum
R2736,lorem ipsum
R2737,lorem ipsum
R2738,lorem ipsum
R2739,lorem ipsum
R2740,lorem ipsum
R2741,lorem ipsum
R2742,lorem ipsum
R2743,lorem ipsum
R2744,lorem ipsum
R2745,lorem ipsum
R2746,lorem ipsum
R2747,lorem ipsum
R2748,lorem ipsum
R2749,lorem ipsum
R2750,lorem ipsum
R2751,lorem ipsum
R2752,lorem ipsum
R2753,lorem ipsum
R2754,lorem ipsum
R2755,lorem ipsum
R2756,lorem ipsum
R2757,lorem ipsum
R2758,lorem ipsum
R2759,lorem ipsum
R2760,lorem ipsum
R2761,lorem ipsum
R2762,lorem ipsum
R2763,lorem ipsum
R2764,lorem ipsum
R2765,lorem ipsum
R2766,lorem ipsum
R2767,lorem ipsum
R2768,lorem ipsum
R2769,lorem ipsum
R2770,lorem ipsum
R2771,lorem ipsum
R2772,lorem ipsum
R2773,lorem ipsum
R2774,lorem ipsum
R2775,lorem ipsum
R2776,lorem ipsum
R2777,lorem ipsum
R2778,lorem ipsum
R2779,lorem ipsum
R2780,lorem ipsum
R2781,lorem ipsum
R2782,lorem ipsum
R2783,lorem ipsum
R2784,lorem ipsum
R2785,lorem ipsum
R2786,lorem ipsum
R2787,lorem ipsum
R2788,lorem ipsum
R2789,lorem ipsum
R2790,lorem ipsum
R2791,lorem ipsum
R2792,lorem ipsum
R2793,lorem ipsum
R2794,lorem ipsum
R2795,lorem ipsum
R2796,lorem ipsum
R2797,lorem ipsum
R2798,lorem ipsum
R2799,lorem ipsum
R2800,lorem ipsum
R2801,lorem ipsum
R2802,lorem ipsum
R2803,lorem ipsum
R2804,lorem ipsum
R2805,lorem ipsum
R2806,lorem ipsum
R2807,lorem ipsum
R2808,lorem ipsum
R2809,lorem ipsum
R2810,lorem ipsum
R2811,lorem ipsum
R2812,lorem ipsum
R2813,lorem ipsum
R2814,lorem ipsum
R2815,lorem ipsum
R2816,lorem ipsum
R2817,lorem ipsum
R2818,lorem ipsum
R2819,lorem ipsum
R2820,lorem ipsum
R2821,lorem ipsum
R2822,lorem ipsum
R2823,lorem ipsum
R2824,lorem ipsum
R2825,lorem ipsum
R2826,lorem ipsum
R2827,lorem ipsum
R2828,lorem ipsum
R2829,lorem ipsum
R2830,lorem ipsum
R2831,lorem ipsum
R2832,lorem ipsum
R2833,lorem ipsum
R2834,lorem ipsum
R2835,lorem ipsum
R2836,lorem ipsum
R2837,lorem ipsum
R2838,lorem ipsum
R2839,lorem ipsum
R2840,lorem ipsum
R2841,lorem ipsum
R2842,lorem ipsum
R2843,lorem ipsum
R2844,lorem ipsum
R2845,lorem ipsum
R2846,lorem ipsum
R2847,lorem ipsum
R2848,lorem ipsum
R2849,lorem ipsum
R2850,lorem ipsum
R2851,lorem ipsum
R2852,lorem ipsum
R2853,lorem ipsum
R2854,lorem ipsum
R2855,lorem ipsum
R2856,lorem ipsum
R2857,lorem ipsum
R2858,lorem ipsum
R2859,lorem ipsum
R2860,lorem ipsum
R2861,lorem ipsum
R2862,lorem ipsum
R2863,lorem ipsum
R2864,lorem ipsum
R2865,lorem ipsum
R2866,lorem ipsum
R2867,lorem ipsum
R2868,lorem ipsum
R2869,lorem ipsum
R2870,lorem ipsum
R2871,lorem ipsum
R2872,lorem ipsum
R2873,lorem ipsum
R2874,lorem ipsum
R2875,lorem ipsum
R2876,lorem ipsum
R2877,lorem ipsum
R2878,lorem ipsum
R2879,lorem ipsum
R2880,lorem ipsum
R2881,lorem ipsum
R2882,lorem ipsum
R2883,lorem ipsum
R2884,lorem ipsum
R2885,lorem ipsum
R2886,lorem ipsum
R2887,lorem ipsum
R2888,lorem ipsum
R2889,lorem ipsum
R2890,lorem ipsum
R2891,lorem ipsum
R2892,lorem ipsum
R2893,lorem ipsum
R2894,lorem ipsum
R2895,lorem ipsum
R2896,lorem ipsum
R2897,lorem ipsum
R2898,lorem ipsum
R2899,lorem ipsum
R2900,lorem ipsum
R2901,lorem ipsum
R2902,lorem ipsum
R2903,lorem ipsum
R2904,lorem ipsum
R2905,lorem ipsum
R2906,lorem ipsum
R2907,lorem ipsum
R2908,lorem ipsum
R2909,lorem ipsum
R2910,lorem ipsum
R2911,lorem ipsum
R2912,lorem ipsum
R2913,lorem ipsum
R2914,lorem ipsum
R2915,lorem ipsum
R2916,lorem ipsum
R2917,lorem ipsum
R2918,lorem ipsum
R2919,lorem ipsum
R2920,lorem ipsum
R2921,lorem ipsum
R2922,lorem ipsum
R2923,lorem ipsum
R2924,lorem ipsum
R2925,lorem ipsum
R2926,lorem ipsum
R2927,lorem ipsum
R2928,lorem ipsum
R2929,lorem ipsum
R2930,lorem ipsum
R2931,lorem ipsum
R2932,lorem ipsum
R2933,lorem ipsum
R2934,lorem ipsum
R2935,lorem ipsum
R2936,lorem ipsum
R2937,lorem ipsum
R2938,lorem ipsum
R2939,lorem ipsum
R2940,lorem ipsum
R2941,lorem ipsum
R2942,lorem ipsum
R2943,lorem ipsum
R2944,lorem ipsum
R2945,lorem ipsum
R2946,lorem ipsum
R2947,lorem ipsum
R2948,lorem ipsum
R2949,lorem ipsum
R2950,lorem ipsum
R2951,lorem ipsum
R2952,lorem ipsum
R2953,lorem ipsum
R2954,lorem ipsum
R2955,lorem ipsum
R2956,lorem ipsum
R2957,lorem ipsum
R2958,lorem ipsum
R2959,lorem ipsum
R2960,lorem ipsum
R2961,lorem ipsum
R2962,lorem ipsum
R2963,lorem ipsum
R2964,lorem ipsum
R2965,lorem ipsum
R2966,lorem ipsum
R2967,lorem ipsum
R2968,lorem ipsum
R2969,lorem ipsum
R2970,lorem ipsum
R2971,lorem ipsum
R2972,lorem ipsum
R2973,lorem ipsum
R2974,lorem ipsum
R2975,lorem ipsum
R2976,lorem ipsum
R2977,lorem ipsum
R2978,lorem ipsum
R2979,lorem ipsum
R2980,lorem ipsum
R2981,lorem ipsum
R2982,lorem ipsum
R2983,lorem ipsum
R2984,lorem ipsum
R2985,lorem ipsum
R2986,lorem ipsum
R2987,lorem ipsum
R2988,lorem ipsum
R2989,lorem ipsum
R2990,lorem ipsum
R2991,lorem ipsum
R2992,lorem ipsum
R2993,lorem ipsum
R2994,lorem ipsum
R2995,lorem ipsum
R2996,lorem ipsum
R2997,lorem ipsum
R2998,lorem ipsum
R2999,lorem ipsum
R3000,lorem ipsum
R3001,lorem ipsum
R3002,lorem ipsum
R3003,lorem ipsum
R3004,lorem ipsum
R3005,lorem ipsum
R3006,lorem ipsum
R3007,lorem ipsum
R3008,lorem ipsum
R3009,lorem ipsum
R3010,lorem ipsum
R3011,lorem ipsum
R3012,lorem ipsum
R3013,lorem ipsum
R3014,lorem ipsum
R3015,lorem ipsum
R3016,lorem ipsum
R3017,lorem ipsum
R3018,lorem ipsum
R3019,lorem ipsum
R3020,lorem ipsum
R3021,lorem ipsum
R3022,lorem ipsum
R3023,lorem ipsum
R3024,lorem ipsum
R3025,lorem ipsum
R3026,lorem ipsum
R3027,lorem ipsum
R3028,lorem ipsum
R3029,lorem ipsum
R3030,lorem ipsum
R3031,lorem ipsum
R3032,lorem ipsum
R3033,lorem ipsum
R3034,lorem ipsum
R3035,lorem ipsum
R3036,lorem ipsum
R3037,lorem ipsum
R3038,lorem ipsum
R3039,lorem ipsum
R3040,lorem ipsum
R3041,lorem ipsum
R3042,lorem ipsum
R3043,lorem ipsum
R3044,lorem ipsum
R3045,lorem ipsum
R3046,lorem ipsum
R3047,lorem ipsum
R3048,lorem ipsum
R3049,lorem ipsum
R3050,lorem ipsum
R3051,lorem ipsum
R3052,lorem ipsum
R3053,lorem ipsum
R3054,lorem ipsum
R3055,lorem ipsum
R3056,lorem ipsum
R3057,lorem ipsum
R3058,lorem ipsum
R3059,lorem ipsum
R3060,lorem ipsum
R3061,lorem ipsum
R3062,lorem ipsum
R3063,lorem ipsum
R3064,lorem ipsum
R3065,lorem ipsum
R3066,lorem ipsum
R3067,lorem ipsum
R3068,lorem ipsum
R3069,lorem ipsum
R3070,lorem ipsum
R3071,lorem ipsum
R3072,lorem ipsum
R3073,lorem ipsum
R3074,lorem ipsum
R3075,lorem ipsum
R3076,lorem ipsum
R3077,lorem ipsum
R3078,lorem ipsum
R3079,lorem ipsum
R3080,lorem ipsum
R3081,lorem ipsum
R3082,lorem ipsum
R3083,lorem ipsum
R3084,lorem ipsum
R3085,lorem ipsum
R3086,lorem ipsum
R3087,lorem ipsum
R3088,lorem ipsum
R3089,lorem ipsum
R3090,lorem ipsum
R3091,lorem ipsum
R3092,lorem ipsum
R3093,lorem ipsum
R3094,lorem ipsum
R3095,lorem ipsum
R3096,lorem ipsum
R3097,lorem ipsum
R3098,lorem ipsum
R3099,lorem ipsum
R3100,lorem ipsum
R3101,lorem ipsum
R3102,lorem ipsum
R3103,lorem ipsum
R3104,lorem ipsum
R3105,lorem ipsum
R3106,lorem ipsum
R3107,lorem ipsum
R3108,lorem ipsum
R3109,lorem ipsum
R3110,lorem ipsum
R3111,lorem ipsum
R3112,lorem ipsum
R3113,lorem ipsum
R3114,lorem ipsum
R3115,lorem ipsum
R3116,lorem ipsum
R3117,lorem ipsum
R3118,lorem ipsum
R3119,lorem ipsum
R3120,lorem ipsum
R3121,lorem ipsum
R3122,lorem ipsum
R3123,lorem ipsum
R3124,lorem ipsum
R3125,lorem ipsum
R3126,lorem ipsum
R3127,lorem ipsum
R3128,lorem ipsum
R3129,lorem ipsum
R3130,lorem ipsum
R3131,lorem ipsum
R3132,lorem ipsum
R3133,lorem ipsum
R3134,lorem ipsum
R3135,lorem ipsum
R3136,lorem ipsum
R3137,lorem ipsum
R3138,lorem ipsum
R3139,lorem ipsum
R3140,lorem ipsum
R3141,lorem ipsum
R3142,lorem ipsum
R3143,lorem ipsum
R3144,lorem ipsum
R3145,lorem ipsum
R3146,lorem ipsum
R3147,lorem ipsum
R3148,lorem ipsum
R3149,lorem ipsum
R3150,lorem ipsum
R3151,lorem ipsum
R3152,lorem ipsum
R3153,lorem ipsum
R3154,lorem ipsum
R3155,lorem ipsum
R3156,lorem ipsum
R3157,lorem ipsum
R3158,lorem ipsum
R3159,lorem ipsum
R3160,lorem ipsum
R3161,lorem ipsum
R3162,lorem ipsum
R3163,lorem ipsum
R3164,lorem ipsum
R3165,lorem ipsum
R3166,lorem ipsum
R3167,lorem ipsum
R3168,lorem ipsum
R3169,lorem ipsum
R3170,lorem ipsum
R3171,lorem ipsum
R3172,lorem ipsum
R3173,lorem ipsum
R3174,lorem ipsum
R3175,lorem ipsum
R3176,lorem ipsum
R3177,lorem ipsum
R3178,lorem ipsum
R3179,lorem ipsum
R3180,lorem ipsum
R3181,lorem ipsum
R3182,lorem ipsum
R3183,lorem ipsum
R3184,lorem ipsum
R3185,lorem ipsum
R3186,lorem ipsum
R3187,lorem ipsum
R3188,lorem ipsum
R3189,lorem ipsum
R3190,lorem ipsum
R3191,lorem ipsum
R3192,lorem ipsum
R3193,lorem ipsum
R3194,lorem ipsum
R3195,lorem ipsum
R3196,lorem ipsum
R3197,lorem ipsum
R3198,lorem ipsum
R3199,lorem ipsum
R3200,lorem ipsum
R3201,lorem ipsum
R3202,lorem ipsum
R3203,lorem ipsum
R3204,lorem ipsum
R3205,lorem ipsum
R3206,lorem ipsum
R3207,lorem ipsum
R3208,lorem ipsum
R3209,lorem ipsum
R3210,lorem ipsum
R3211,lorem ipsum
R3212,lorem ipsum
R3213,lorem ipsum
R3214,lorem ipsum
R3215,lorem ipsum
R3216,lorem ipsum
R3217,lorem ipsum
R3218,lorem ipsum
R3219,lorem ipsum
R3220,lorem ipsum
R3221,lorem ipsum
R3222,lorem ipsum
R3223,lorem ipsum
R3224,lorem ipsum
R3225,lorem ipsum
R3226,lorem ipsum
R3227,lorem ipsum
R3228,lorem ipsum
R3229,lorem ipsum
R3230,lorem ipsum
R3231,lorem ipsum
R3232,lorem ipsum
R3233,lorem ipsum
R3234,lorem ipsum
R3235,lorem ipsum
R3236,lorem ipsum
R3237,lorem ipsum
R3238,lorem ipsum
R3239,lorem ipsum
R3240,lorem ipsum
R3241,lorem ipsum
R3242,lorem ipsum
R3243,lorem ipsum
R3244,lorem ipsum
R3245,lorem ipsum
R3246,lorem ipsum
R3247,lorem ipsum
R3248,lorem ipsum
R3249,lorem ipsum
R3250,lorem ipsum
R3251,lorem ipsum
R3252,lorem ipsum
R3253,lorem ipsum
R3254,lorem ipsum
R3255,lorem ipsum
R3256,lorem ipsum
R3257,lorem ipsum
R3258,lorem ipsum
R3259,lorem ipsum
R3260,lorem ipsum
R3261,lorem ipsum
R3262,lorem ipsum
R3263,lorem ipsum
R3264,lorem ipsum
R3265,lorem ipsum
R3266,lorem ipsum
R3267,lorem ipsum
R3268,lorem ipsum
R3269,lorem ipsum
R3270,lorem ipsum
R3271,lorem ipsum
R3272,lorem ipsum
R3273,lorem ipsum
R3274,lorem ipsum
R3275,lorem ipsum
R3276,lorem ipsum
R3277,lorem ipsum
R3278,lorem ipsum
R3279,lorem ipsum
R3280,lorem ipsum
R3281,lorem ipsum
R3282,lorem ipsum
R3283,lorem ipsum
R3284,lorem ipsum
R3285,lorem ipsum
R3286,lorem ipsum
R3287,lorem ipsum
R3288,lorem ipsum
R3289,lorem ipsum
R3290,lorem ipsum
R3291,lorem ipsum
R3292,lorem ipsum
R3293,lorem ipsum
R3294,lorem ipsum
R3295,lorem ipsum
R3296,lorem ipsum
R3297,lorem ipsum
R3298,lorem ipsum
R3299,lorem ipsum
R3300,lorem ipsum
R3301,lorem ipsum
R3302,lorem ipsum
R3303,lorem ipsum
R3304,lorem ipsum
R3305,lorem ipsum
R3306,lorem ipsum
R3307,lorem ipsum
R3308,lorem ipsum
R3309,lorem ipsum
R3310,lorem ipsum
R3311,lorem ipsum
R3312,lorem ipsum
R3313,lorem ipsum
R3314,lorem ipsum
R3315,lorem ipsum
R3316,lorem ipsum
R3317,lorem ipsum
R3318,lorem ipsum
R3319,lorem ipsum
R3320,lorem ipsum
R3321,lorem ipsum
R3322,lorem ipsum
R3323,lorem ipsum
R3324,lorem ipsum
R3325,lorem ipsum
R3326,lorem ipsum
R3327,lorem ipsum
R3328,lorem ipsum
R3329,lorem ipsum
R3330,lorem ipsum
R3331,lorem ipsum
R3332,lorem ipsum
R3333,lorem ipsum
R3334,lorem ipsum
R3335,lorem ipsum
R3336,lorem ipsum
R3337,lorem ipsum
R3338,lorem ipsum
R3339,lorem ipsum
R3340,lorem ipsum
R3341,lorem ipsum
R3342,lorem ipsum
R3343,lorem ipsum
R3344,lorem ipsum
R3345,lorem ipsum
R3346,lorem ipsum
R3347,lorem ipsum
R3348,lorem ipsum
R3349,lorem ipsum
R3350,lorem ipsum
R3351,lorem ipsum
R3352,lorem ipsum
R3353,lorem ipsum
R3354,lorem ipsum
R3355,lorem ipsum
R3356,lorem ipsum
R3357,lorem ipsum
R3358,lorem ipsum
R3359,lorem ipsum
R3360,lorem ipsum
R3361,lorem ipsum
R3362,lorem ipsum
R3363,lorem ipsum
R3364,lorem ipsum
R3365,lorem ipsum
R3366,lorem ipsum
R3367,lorem ipsum
R3368,lorem ipsum
R3369,lorem ipsum
R3370,lorem ipsum
R3371,lorem ipsum
R3372,lorem ipsum
R3373,lorem ipsum
R3374,lorem ipsum
R3375,lorem ipsum
R3376,lorem ipsum
R3377,lorem ipsum
R3378,lorem ipsum
R3379,lorem ipsum
R3380,lorem ipsum
R3381,lorem ipsum
R3382,lorem ipsum
R3383,lorem ipsum
R3384,lorem ipsum
R3385,lorem ipsum
R3386,lorem ipsum
R3387,lorem ipsum
R3388,lorem ipsum
R3389,lorem ipsum
R3390,lorem ipsum
R3391,lorem ipsum
R3392,lorem ipsum
R3393,lorem ipsum
R3394,lorem ipsum
R3395,lorem ipsum
R3396,lorem ipsum
R3397,lorem ipsum
R3398,lorem ipsum
R3399,lorem ipsum
R3400,lorem ipsum
R3401,lorem ipsum
R3402,lorem ipsum
R3403,lorem ipsum
R3404,lorem ipsum
R3405,lorem ipsum
R3406,lorem ipsum
R3407,lorem ipsum
R3408,lorem ipsum
R3409,lorem ipsum
R3410,lorem ipsum
R3411,lorem ipsum
R3412,lorem ipsum
R3413,lorem ipsum
R3414,lorem ipsum
R3415,lorem ipsum
R3416,lorem ipsum
R3417,lorem ipsum
R3418,lorem ipsum
R3419,lorem ipsum
R3420,lorem ipsum
R3421,lorem ipsum
R3422,lorem ipsum
R3423,lorem ipsum
R3424,lorem ipsum
R3425,lorem ipsum
R3426,lorem ipsum
R3427,lorem ipsum
R3428,lorem ipsum
R3429,lorem ipsum
R3430,lorem ipsum
R3431,lorem ipsum
R3432,lorem ipsum
R3433,lorem ipsum
R3434,lorem ipsum
R3435,lorem ipsum
R3436,lorem ipsum
R3437,lorem ipsum
R3438,lorem ipsum
R3439,lorem ipsum
R3440,lorem ipsum
R3441,lorem ipsum
R3442,lorem ipsum
R3443,lorem ipsum
R3444,lorem ipsum
R3445,lorem ipsum
R3446,lorem ipsum
R3447,lorem ipsum
R3448,lorem ipsum
R3449,lorem ipsum
R3450,lorem ipsum
R3451,lorem ipsum
R3452,lorem ipsum
R3453,lorem ipsum
R3454,lorem ipsum
R3455,lorem ipsum
R3456,lorem ipsum
R3457,lorem ipsum
R3458,lorem ipsum
R3459,lorem ipsum
R3460,lorem ipsum
R3461,lorem ipsum
R3462,lorem ipsum
R3463,lorem ipsum
R3464,lorem ipsum
R3465,lorem ipsum
R3466,lorem ipsum
R3467,lorem ipsum
R3468,lorem ipsum
R3469,lorem ipsum
R3470,lorem ipsum
R3471,lorem ipsum
R3472,lorem ipsum
R3473,lorem ipsum
R3474,lorem ipsum
R3475,lorem ipsum
R3476,lorem ipsum
R3477,lorem ipsum
R3478,lorem ipsum
R3479,lorem ipsum
R3480,lorem ipsum
R3481,lorem ipsum
R3482,lorem ipsum
R3483,lorem ipsum
R3484,lorem ipsum
R3485,lorem ipsum
R3486,lorem ipsum
R3487,lorem ipsum
R3488,lorem ipsum
R3489,lorem ipsum
R3490,lorem ipsum
R3491,lorem ipsum
R3492,lorem ipsum
R3493,lorem ipsum
R3494,lorem ipsum
R3495,lorem ipsum
R3496,lorem ipsum
R3497,lorem ipsum
R3498,lorem ipsum
R3499,lorem ipsum
R3500,lorem ipsum
R3501,lorem ipsum
R3502,lorem ipsum
R3503,lorem ipsum
R3504,lorem ipsum
R3505,lorem ipsum
R3506,lorem ipsum
R3507,lorem ipsum
R3508,lorem ipsum
R3509,lorem ipsum
R3510,lorem ipsum
R3511,lorem ipsum
R3512,lorem ipsum
R3513,lorem ipsum
R3514,lorem ipsum
R3515,lorem ipsum
R3516,lorem ipsum
R3517,lorem ipsum
R3518,lorem ipsum
R3519,lorem ipsum
R3520,lorem ipsum
R3521,lorem ipsum
R3522,lorem ipsum
R3523,lorem ipsum
R3524,lorem ipsum
R3525,lorem ipsum
R3526,lorem ipsum
R3527,lorem ipsum
R3528,lorem ipsum
R3529,lorem ipsum
R3530,lorem ipsum
R3531,lorem ipsum
R3532,lorem ipsum
R3533,lorem ipsum
R3534,lorem ipsum
R3535,lorem ipsum
R3536,lorem ipsum
R3537,lorem ipsum
R3538,lorem ipsum
R3539,lorem ipsum
R3540,lorem ipsum
R3541,lorem ipsum
R3542,lorem ipsum
R3543,lorem ipsum
R3544,lorem ipsum
R3545,lorem ipsum
R3546,lorem ipsum
R3547,lorem ipsum
R3548,lorem ipsum
R3549,lorem ipsum
R3550,lorem ipsum
R3551,lorem ipsum
R3552,lorem ipsum
R3553,lorem ipsum
R3554,lorem ipsum
R3555,lorem ipsum
R3556,lorem ipsum
R3557,lorem ipsum
R3558,lorem ipsum
R3559,lorem ipsum
R3560,lorem ipsum
R3561,lorem ipsum
R3562,lorem ipsum
R3563,lorem ipsum
R3564,lorem ipsum
R3565,lorem ipsum
R3566,lorem ipsum
R3567,lorem ipsum
R3568,lorem ipsum
R3569,lorem ipsum
R3570,lorem ipsum
R3571,lorem ipsum
R3572,lorem ipsum
R3573,lorem ipsum
R3574,lorem ipsum
R3575,lorem ipsum
R3576,lorem ipsum
R3577,lorem ipsum
R3578,lorem ipsum
R3579,lorem ipsum
R3580,lorem ipsum
R3581,lorem ipsum
R3582,lorem ipsum
R3583,lorem ipsum
R3584,lorem ipsum
R3585,lorem ipsum
R3586,lorem ipsum
R3587,lorem ipsum
R3588,lorem ipsum
R3589,lorem ipsum
R3590,lorem ipsum
R3591,lorem ipsum
R3592,lorem ipsum
R3593,lorem ipsum
R3594,lorem ipsum
R3595,lorem ipsum
R3596,lorem ipsum
R3597,lorem ipsum
R3598,lorem ipsum
R3599,lorem ipsum
R3600,lorem ipsum
R3601,lorem ipsum
R3602,lorem ipsum
R3603,lorem ipsum
R3604,lorem ipsum
R3605,lorem ipsum
R3606,lorem ipsum
R3607,lorem ipsum
R3608,lorem ipsum
R3609,lorem ipsum
R3610,lorem ipsum
R3611,lorem ipsum
R3612,lorem ipsum
R3613,lorem ipsum
R3614,lorem ipsum
R3615,lorem ipsum
R3616,lorem ipsum
R3617,lorem ipsum
R3618,lorem ipsum
R3619,lorem ipsum
R3620,lorem ipsum
R3621,lorem ipsum
R3622,lorem ipsum
R3623,lorem ipsum
R3624,lorem ipsum
R3625,lorem ipsum
R3626,lorem ipsum
R3627,lorem ipsum
R3628,lorem ipsum
R3629,lorem ipsum
R3630,lorem ipsum
R3631,lorem ipsum
R3632,lorem ipsum
R3633,lorem ipsum
R3634,lorem ipsum
R3635,lorem ipsum
R3636,lorem ipsum
R3637,lorem ipsum
R3638,lorem ipsum
R3639,lorem ipsum
R3640,lorem ipsum
R3641,lorem ipsum
R3642,lorem ipsum
R3643,lorem ipsum
R3644,lorem ipsum
R3645,lorem ipsum
R3646,lorem ipsum
R3647,lorem ipsum
R3648,lorem ipsum
R3649,lorem ipsum
R3650,lorem ipsum
R3651,lorem ipsum
R3652,lorem ipsum
R3653,lorem ipsum
R3654,lorem ipsum
R3655,lorem ipsum
R3656,lorem ipsum
R3657,lorem ipsum
R3658,lorem ipsum
R3659,lorem ipsum
R3660,lorem ipsum
R3661,lorem ipsum
R3662,lorem ipsum
R3663,lorem ipsum
R3664,lorem ipsum
R3665,lorem ipsum
R3666,lorem ipsum
R3667,lorem ipsum
R3668,lorem ipsum
R3669,lorem ipsum
R3670,lorem ipsum
R3671,lorem ipsum
R3672,lorem ipsum
R3673,lorem ipsum
R3674,lorem ipsum
R3675,lorem ipsum
R3676,lorem ipsum
R3677,lorem ipsum
R3678,lorem ipsum
R3679,lorem ipsum
R3680,lorem ipsum
R3681,lorem ipsum
R3682,lorem ipsum
R3683,lorem ipsum
R3684,lorem ipsum
R3685,lorem ipsum
R3686,lorem ipsum
R3687,lorem ipsum
R3688,lorem ipsum
R3689,lorem ipsum
R3690,lorem ipsum
R3691,lorem ipsum
R3692,lorem ipsum
R3693,lorem ipsum
R3694,lorem ipsum
R3695,lorem ipsum
R3696,lorem ipsum
R3697,lorem ipsum
R3698,lorem ipsum
R3699,lorem ipsum
R3700,lorem ipsum
R3701,lorem ipsum
R3702,lorem ipsum
R3703,lorem ipsum
R3704,lorem ipsum
R3705,lorem ipsum
R3706,lorem ipsum
R3707,lorem ipsum
R3708,lorem ipsum
R3709,lorem ipsum
R3710,lorem ipsum
R3711,lorem ipsum
R3712,lorem ipsum
R3713,lorem ipsum
R3714,lorem ipsum
R3715,lorem ipsum
R3716,lorem ipsum
R3717,lorem ipsum
R3718,lorem ipsum
R3719,lorem ipsum
R3720,lorem ipsum
R3721,lorem ipsum
R3722,lorem ipsum
R3723,lorem ipsum
R3724,lorem ipsum
R3725,lorem ipsum
R3726,lorem ipsum
R3727,lorem ipsum
R3728,lorem ipsum
R3729,lorem ipsum
R3730,lorem ipsum
R3731,lorem ipsum
R3732,lorem ipsum
R3733,lorem ipsum
R3734,lorem ipsum
R3735,lorem ipsum
R3736,lorem ipsum
R3737,lorem ipsum
R3738,lorem ipsum
R3739,lorem ipsum
R3740,lorem ipsum
R3741,lorem ipsum
R3742,lorem ipsum
R3743,lorem ipsum
R3744,lorem ipsum
R3745,lorem ipsum
R3746,lorem ipsum
R3747,lorem ipsum
R3748,lorem ipsum
R3749,lorem ipsum
R3750,lorem ipsum
R3751,lorem ipsum
R3752,lorem ipsum
R3753,lorem ipsum
R3754,lorem ipsum
R3755,lorem ipsum
R3756,lorem ipsum
R3757,lorem ipsum
R3758,lorem ipsum
R3759,lorem ipsum
R3760,lorem ipsum
R3761,lorem ipsum
R3762,lorem ipsum
R3763,lorem ipsum
R3764,lorem ipsum
R3765,lorem ipsum
R3766,lorem ipsum
R3767,lorem ipsum
R3768,lorem ipsum
R3769,lorem ipsum
R3770,lorem ipsum
R3771,lorem ipsum
R3772,lorem ipsum
R3773,lorem ipsum
R3774,lorem ipsum
R3775,lorem ipsum
R3776,lorem ipsum
R3777,lorem ipsum
R3778,lorem ipsum
R3779,lorem ipsum
R3780,lorem ipsum
R3781,lorem ipsum
R3782,lorem ipsum
R3783,lorem ipsum
R3784,lorem ipsum
R3785,lorem ipsum
R3786,lorem ipsum
R3787,lorem ipsum
R3788,lorem ipsum
R3789,lorem ipsum
R3790,lorem ipsum
R3791,lorem ipsum
R3792,lorem ipsum
R3793,lorem ipsum
R3794,lorem ipsum
R3795,lorem ipsum
R3796,lorem ipsum
R3797,lorem ipsum
R3798,lorem ipsum
R3799,lorem ipsum
R3800,lorem ipsum
R3801,lorem ipsum
R3802,lorem ipsum
R3803,lorem ipsum
R3804,lorem ipsum
R3805,lorem ipsum
R3806,lorem ipsum
R3807,lorem ipsum
R3808,lorem ipsum
R3809,lorem ipsum
R3810,lorem ipsum
R3811,lorem ipsum
R3812,lorem ipsum
R3813,lorem ipsum
R3814,lorem ipsum
R3815,lorem ipsum
R3816,lorem ipsum
R3817,lorem ipsum
R3818,lorem ipsum
R3819,lorem ipsum
R3820,lorem ipsum
R3821,lorem ipsum
R3822,lorem ipsum
R3823,lorem ipsum
R3824,lorem ipsum
R3825,lorem ipsum
R3826,lorem ipsum
R3827,lorem ipsum
R3828,lorem ipsum
R3829,lorem ipsum
R3830,lorem ipsum
R3831,lorem ipsum
R3832,lorem ipsum
R3833,lorem ipsum
R3834,lorem ipsum
R3835,lorem ipsum
R3836,lorem ipsum
R3837,lorem ipsum
R3838,lorem ipsum
R3839,lorem ipsum
R3840,lorem ipsum
R3841,lorem ipsum
R3842,lorem ipsum
R3843,lorem ipsum
R3844,lorem ipsum
R3845,lorem ipsum
R3846,lorem ipsum
R3847,lorem ipsum
R3848,lorem ipsum
R3849,lorem ipsum
R3850,lorem ipsum
R3851,lorem ipsum
R3852,lorem ipsum
R3853,lorem ipsum
R3854,lorem ipsum
R3855,lorem ipsum
R3856,lorem ipsum
R3857,lorem ipsum
R3858,lorem ipsum
R3859,lorem ipsum
R3860,lorem ipsum
R3861,lorem ipsum
R3862,lorem ipsum
R3863,lorem ipsum
R3864,lorem ipsum
R3865,lorem ipsum
R3866,lorem ipsum
R3867,lorem ipsum
R3868,lorem ipsum
R3869,lorem ipsum
R3870,lorem ipsum
R3871,lorem ipsum
R3872,lorem ipsum
R3873,lorem ipsum
R3874,lorem ipsum
R3875,lorem ipsum
R3876,lorem ipsum
R3877,lorem ipsum
R3878,lorem ipsum
R3879,lorem ipsum
R3880,lorem ipsum
R3881,lorem ipsum
R3882,lorem ipsum
R3883,lorem ipsum
R3884,lorem ipsum
R3885,lorem ipsum
R3886,lorem ipsum
R3887,lorem ipsum
R3888,lorem ipsum
R3889,lorem ipsum
R3890,lorem ipsum
R3891,lorem ipsum
R3892,lorem ipsum
R3893,lorem ipsum
R3894,lorem ipsum
R3895,lorem ipsum
R3896,lorem ipsum
R3897,lorem ipsum
R3898,lorem ipsum
R3899,lorem ipsum
R3900,lorem ipsum
R3901,lorem ipsum
R3902,lorem ipsum
R3903,lorem ipsum
R3904,lorem ipsum
R3905,lorem ipsum
R3906,lorem ipsum
R3907,lorem ipsum
R3908,lorem ipsum
R3909,lorem ipsum
R3910,lorem ipsum
R3911,lorem ipsum
R3912,lorem ipsum
R3913,lorem ipsum
R3914,lorem ipsum
R3915,lorem ipsum
R3916,lorem ipsum
R3917,lorem ipsum
R3918,lorem ipsum
R3919,lorem ipsum
R3920,lorem ipsum
R3921,lorem ipsum
R3922,lorem ipsum
R3923,lorem ipsum
R3924,lorem ipsum
R3925,lorem ipsum
R3926,lorem ipsum
R3927,lorem ipsum
R3928,lorem ipsum
R3929,lorem ipsum
R3930,lorem ipsum
R3931,lorem ipsum
R3932,lorem ipsum
R3933,lorem ipsum
R3934,lorem ipsum
R3935,lorem ipsum
R3936,lorem ipsum
R3937,lorem ipsum
R3938,lorem ipsum
R3939,lorem ipsum
R3940,lorem ipsum
R3941,lorem ipsum
R3942,lorem ipsum
R3943,lorem ipsum
R3944,lorem ipsum
R3945,lorem ipsum
R3946,lorem ipsum
R3947,lorem ipsum
R3948,lorem ipsum
R3949,lorem ipsum
R3950,lorem ipsum
R3951,lorem ipsum
R3952,lorem ipsum
R3953,lorem ipsum
R3954,lorem ipsum
R3955,lorem ipsum
R3956,lorem ipsum
R3957,lorem ipsum
R3958,lorem ipsum
R3959,lorem ipsum
R3960,lorem ipsum
R3961,lorem ipsum
R3962,lorem ipsum
R3963,lorem ipsum
R3964,lorem ipsum
R3965,lorem ipsum
R3966,lorem ipsum
R3967,lorem ipsum
R3968,lorem ipsum
R3969,lorem ipsum
R3970,lorem ipsum
R3971,lorem ipsum
R3972,lorem ipsum
R3973,lorem ipsum
R3974,lorem ipsum
R3975,lorem ipsum
R3976,lorem ipsum
R3977,lorem ipsum
R3978,lorem ipsum
R3979,lorem ipsum
R3980,lorem ipsum
R3981,lorem ipsum
R3982,lorem ipsum
R3983,lorem ipsum
R3984,lorem ipsum
R3985,lorem ipsum
R3986,lorem ipsum
R3987,lorem ipsum
R3988,lorem ipsum
R3989,lorem ipsum
R3990,lorem ipsum
R3991,lorem ipsum
R3992,lorem ipsum
R3993,lorem ipsum
R3994,lorem ipsum
R3995,lorem ipsum
R3996,lorem ipsum
R3997,lorem ipsum
R3998,lorem ipsum
R3999,lorem ipsum
R4000,lorem ipsum
R4001,lorem ipsum
R4002,lorem ipsum
R4003,lorem ipsum
R4004,lorem ipsum
R4005,lorem ipsum
R4006,lorem ipsum
R4007,lorem ipsum
R4008,lorem ipsum
R4009,lorem ipsum
R4010,lorem ipsum
R4011,lorem ipsum
R4012,lorem ipsum
R4013,lorem ipsum
R4014,lorem ipsum
R4015,lorem ipsum
R4016,lorem ipsum
R4017,lorem ipsum
R4018,lorem ipsum
R4019,lorem ipsum
R4020,lorem ipsum
R4021,lorem ipsum
R4022,lorem ipsum
R4023,lorem ipsum
R4024,lorem ipsum
R4025,lorem ipsum
R4026,lorem ipsum
R4027,lorem ipsum
R4028,lorem ipsum
R4029,lorem ipsum
R4030,lorem ipsum
R4031,lorem ipsum
R4032,lorem ipsum
R4033,lorem ipsum
R4034,lorem ipsum
R4035,lorem ipsum
R4036,lorem ipsum
R4037,lorem ipsum
R4038,lorem ipsum
R4039,lorem ipsum
R4040,lorem ipsum
R4041,lorem ipsum
R4042,lorem ipsum
R4043,lorem ipsum
R4044,lorem ipsum
R4045,lorem ipsum
R4046,lorem ipsum
R4047,lorem ipsum
R4048,lorem ipsum
R4049,lorem ipsum
R4050,lorem ipsum
R4051,lorem ipsum
R4052,lorem ipsum
R4053,lorem ipsum
R4054,lorem ipsum
R4055,lorem ipsum
R4056,lorem ipsum
R4057,lorem ipsum
R4058,lorem ipsum
R4059,lorem ipsum
R4060,lorem ipsum
R4061,lorem ipsum
R4062,lorem ipsum
R4063,lorem ipsum
R4064,lorem ipsum
R4065,lorem ipsum
R4066,lorem ipsum
R4067,lorem ipsum
R4068,lorem ipsum
R4069,lorem ipsum
R4070,lorem ipsum
R4071,lorem ipsum
R4072,lorem ipsum
R4073,lorem ipsum
R4074,lorem ipsum
R4075,lorem ipsum
R4076,lorem ipsum
R4077,lorem ipsum
R4078,lorem ipsum
R4079,lorem ipsum
R4080,lorem ipsum
R4081,lorem ipsum
R4082,lorem ipsum
R4083,lorem ipsum
R4084,lorem ipsum
R4085,lorem ipsum
R4086,lorem ipsum
R4087,lorem ipsum
R4088,lorem ipsum
R4089,lorem ipsum
R4090,lorem ipsum
R4091,lorem ipsum
R4092,lorem ipsum
R4093,lorem ipsum
R4094,lorem ipsum
R4095,lorem ipsum
R4096,lorem ipsum
R4097,lorem ipsum
R4098,lorem ipsum
R4099,lorem ipsum
R4100,lorem ipsum
R4101,lorem ipsum
R4102,lorem ipsum
R4103,lorem ipsum
R4104,lorem ipsum
R4105,lorem ipsum
R4106,lorem ipsum
R4107,lorem ipsum
R4108,lorem ipsum
R4109,lorem ipsum
R4110,lorem ipsum
R4111,lorem ipsum
R4112,lorem ipsum
R4113,lorem ipsum
R4114,lorem ipsum
R4115,lorem ipsum
R4116,lorem ipsum
R4117,lorem ipsum
R4118,lorem ipsum
R4119,lorem ipsum
R4120,lorem ipsum
R4121,lorem ipsum
R4122,lorem ipsum
R4123,lorem ipsum
R4124,lorem ipsum
R4125,lorem ipsum
R4126,lorem ipsum
R4127,lorem ipsum
R4128,lorem ipsum
R4129,lorem ipsum
R4130,lorem ipsum
R4131,lorem ipsum
R4132,lorem ipsum
R4133,lorem ipsum
R4134,lorem ipsum
R4135,lorem ipsum
R4136,lorem ipsum
R4137,lorem ipsum
R4138,lorem ipsum
R4139,lorem ipsum
R4140,lorem ipsum
R4141,lorem ipsum
R4142,lorem ipsum
R4143,lorem ipsum
R4144,lorem ipsum
R4145,lorem ipsum
R4146,lorem ipsum
R4147,lorem ipsum
R4148,lorem ipsum
R4149,lorem ipsum
R4150,lorem ipsum
R4151,lorem ipsum
R4152,lorem ipsum
R4153,lorem ipsum
R4154,lorem ipsum
R4155,lorem ipsum
R4156,lorem ipsum
R4157,lorem ipsum
R4158,lorem ipsum
R4159,lorem ipsum
R4160,lorem ipsum
R4161,lorem ipsum
R4162,lorem ipsum
R4163,lorem ipsum
R4164,lorem ipsum
R4165,lorem ipsum
R4166,lorem ipsum
R4167,lorem ipsum
R4168,lorem ipsum
R4169,lorem ipsum
R4170,lorem ipsum
R4171,lorem ipsum
R4172,lorem ipsum
R4173,lorem ipsum
R4174,lorem ipsum
R4175,lorem ipsum
R4176,lorem ipsum
R4177,lorem ipsum
R4178,lorem ipsum
R4179,lorem ipsum
R4180,lorem ipsum
R4181,lorem ipsum
R4182,lorem ipsum
R4183,lorem ipsum
R4184,lorem ipsum
R4185,lorem ipsum
R4186,lorem ipsum
R4187,lorem ipsum
R4188,lorem ipsum
R4189,lorem ipsum
R4190,lorem ipsum
R4191,lorem ipsum
R4192,lorem ipsum
R4193,lorem ipsum
R4194,lorem ipsum
R4195,lorem ipsum
R4196,lorem ipsum
R4197,lorem ipsum
R4198,lorem ipsum
R4199,lorem ipsum
R4200,lorem ipsum
R4201,lorem ipsum
R4202,lorem ipsum
R4203,lorem ipsum
R4204,lorem ipsum
R4205,lorem ipsum
R4206,lorem ipsum
R4207,lorem ipsum
R4208,lorem ipsum
R4209,lorem ipsum
R4210,lorem ipsum
R4211,lorem ipsum
R4212,lorem ipsum
R4213,lorem ipsum
R4214,lorem ipsum
R4215,lorem ipsum
R4216,lorem ipsum
R4217,lorem ipsum
R4218,lorem ipsum
R4219,lorem ipsum
R4220,lorem ipsum
R4221,lorem ipsum
R4222,lorem ipsum
R4223,lorem ipsum
R4224,lorem ipsum
R4225,lorem ipsum
R4226,lorem ipsum
R4227,lorem ipsum
R4228,lorem ipsum
R4229,lorem ipsum
R4230,lorem ipsum
R4231,lorem ipsum
R4232,lorem ipsum
R4233,lorem ipsum
R4234,lorem ipsum
R4235,lorem ipsum
R4236,lorem ipsum
R4237,lorem ipsum
R4238,lorem ipsum
R4239,lorem ipsum
R4240,lorem ipsum
R4241,lorem ipsum
R4242,lorem ipsum
R4243,lorem ipsum
R4244,lorem ipsum
R4245,lorem ipsum
R4246,lorem ipsum
R4247,lorem ipsum
R4248,lorem ipsum
R4249,lorem ipsum
R4250,lorem ipsum
R4251,lorem ipsum
R4252,lorem ipsum
R4253,lorem ipsum
R4254,lorem ipsum
R4255,lorem ipsum
R4256,lorem ipsum
R4257,lorem ipsum
R4258,lorem ipsum
R4259,lorem ipsum
R4260,lorem ipsum
R4261,lorem ipsum
R4262,lorem ipsum
R4263,lorem ipsum
R4264,lorem ipsum
R4265,lorem ipsum
R4266,lorem ipsum
R4267,lorem ipsum
R4268,lorem ipsum
R4269,lorem ipsum
R4270,lorem ipsum
R4271,lorem ipsum
R4272,lorem ipsum
R4273,lorem ipsum
R4274,lorem ipsum
R4275,lorem ipsum
R4276,lorem ipsum
R4277,lorem ipsum
R4278,lorem ipsum
R4279,lorem ipsum
R4280,lorem ipsum
R4281,lorem ipsum
R4282,lorem ipsum
R4283,lorem ipsum
R4284,lorem ipsum
R4285,lorem ipsum
R4286,lorem ipsum
R4287,lorem ipsum
R4288,lorem ipsum
R4289,lorem ipsum
R4290,lorem ipsum
R4291,lorem ipsum
R4292,lorem ipsum
R4293,lorem ipsum
R4294,lorem ipsum
R4295,lorem ipsum
R4296,lorem ipsum
R4297,lorem ipsum
R4298,lorem ipsum
R4299,lorem ipsum
R4300,lorem ipsum
R4301,lorem ipsum
R4302,lorem ipsum
R4303,lorem ipsum
R4304,lorem ipsum
R4305,lorem ipsum
R4306,lorem ipsum
R4307,lorem ipsum
R4308,lorem ipsum
R4309,lorem ipsum
R4310,lorem ipsum
R4311,lorem ipsum
R4312,lorem ipsum
R4313,lorem ipsum
R4314,lorem ipsum
R4315,lorem ipsum
R4316,lorem ipsum
R4317,lorem ipsum
R4318,lorem ipsum
R4319,lorem ipsum
R4320,lorem ipsum
R4321,lorem ipsum
R4322,lorem ipsum
R4323,lorem ipsum
R4324,lorem ipsum
R4325,lorem ipsum
R4326,lorem ipsum
R4327,lorem ipsum
R4328,lorem ipsum
R4329,lorem ipsum
R4330,lorem ipsum
R4331,lorem ipsum
R4332,lorem ipsum
R4333,lorem ipsum
R4334,lorem ipsum
R4335,lorem ipsum
R4336,lorem ipsum
R4337,lorem ipsum
R4338,lorem ipsum
R4339,lorem ipsum
R4340,lorem ipsum
R4341,lorem ipsum
R4342,lorem ipsum
R4343,lorem ipsum
R4344,lorem ipsum
R4345,lorem ipsum
R4346,lorem ipsum
R4347,lorem ipsum
R4348,lorem ipsum
R4349,lorem ipsum
R4350,lorem ipsum
R4351,lorem ipsum
R4352,lorem ipsum
R4353,lorem ipsum
R4354,lorem ipsum
R4355,lorem ipsum
R4356,lorem ipsum
R4357,lorem ipsum
R4358,lorem ipsum
R4359,lorem ipsum
R4360,lorem ipsum
R4361,lorem ipsum
R4362,lorem ipsum
R4363,lorem ipsum
R4364,lorem ipsum
R4365,lorem ipsum
R4366,lorem ipsum
R4367,lorem ipsum
R4368,lorem ipsum
R4369,lorem ipsum
R4370,lorem ipsum
R4371,lorem ipsum
R4372,lorem ipsum
R4373,lorem ipsum
R4374,lorem ipsum
R4375,lorem ipsum
R4376,lorem ipsum
R4377,lorem ipsum
R4378,lorem ipsum
R4379,lorem ipsum
R4380,lorem ipsum
R4381,lorem ipsum
R4382,lorem ipsum
R4383,lorem ipsum
R4384,lorem ipsum
R4385,lorem ipsum
R4386,lorem ipsum
R4387,lorem ipsum
R4388,lorem ipsum
R4389,lorem ipsum
R4390,lorem ipsum
R4391,lorem ipsum
R4392,lorem ipsum
R4393,lorem ipsum
R4394,lorem ipsum
R4395,lorem ipsum
R4396,lorem ipsum
R4397,lorem ipsum
R4398,lorem ipsum
R4399,lorem ipsum
R4400,lorem ipsum
R4401,lorem ipsum
R4402,lorem ipsum
R4403,lorem ipsum
R4404,lorem ipsum
R4405,lorem ipsum
R4406,lorem ipsum
R4407,lorem ipsum
R4408,lorem ipsum
R4409,lorem ipsum
R4410,lorem ipsum
R4411,lorem ipsum
R4412,lorem ipsum
R4413,lorem ipsum
R4414,lorem ipsum
R4415,lorem ipsum
R4416,lorem ipsum
R4417,lorem ipsum
R4418,lorem ipsum
R4419,lorem ipsum
R4420,lorem ipsum
R4421,lorem ipsum
R4422,lorem ipsum
R4423,lorem ipsum
R4424,lorem ipsum
R4425,lorem ipsum
R4426,lorem ipsum
R4427,lorem ipsum
R4428,lorem ipsum
R4429,lorem ipsum
R4430,lorem ipsum
R4431,lorem ipsum
R4432,lorem ipsum
R4433,lorem ipsum
R4434,lorem ipsum
R4435,lorem ipsum
R4436,lorem ipsum
R4437,lorem ipsum
R4438,lorem ipsum
R4439,lorem ipsum
R4440,lorem ipsum
R4441,lorem ipsum
R4442,lorem ipsum
R4443,lorem ipsum
R4444,lorem ipsum
R4445,lorem ipsum
R4446,lorem ipsum
R4447,lorem ipsum
R4448,lorem ipsum
R4449,lorem ipsum
R4450,lorem ipsum
R4451,lorem ipsum
R4452,lorem ipsum
R4453,lorem ipsum
R4454,lorem ipsum
R4455,lorem ipsum
R4456,lorem ipsum
R4457,lorem ipsum
R4458,lorem ipsum
R4459,lorem ipsum
R4460,lorem ipsum
R4461,lorem ipsum
R4462,lorem ipsum
R4463,lorem ipsum
R4464,lorem ipsum
R4465,lorem ipsum
R4466,lorem ipsum
R4467,lorem ipsum
R4468,lorem ipsum
R4469,lorem ipsum
R4470,lorem ipsum
R4471,lorem ipsum
R4472,lorem ipsum
R4473,lorem ipsum
R4474,lorem ipsum
R4475,lorem ipsum
R4476,lorem ipsum
R4477,lorem ipsum
R4478,lorem ipsum
R4479,lorem ipsum
R4480,lorem ipsum
R4481,lorem ipsum
R4482,lorem ipsum
R4483,lorem ipsum
R4484,lorem ipsum
R4485,lorem ipsum
R4486,lorem ipsum
R4487,lorem ipsum
R4488,lorem ipsum
R4489,lorem ipsum
R4490,lorem ipsum
R4491,lorem ipsum
R4492,lorem ipsum
R4493,lorem ipsum
R4494,lorem ipsum
R4495,lorem ipsum
R4496,lorem ipsum
R4497,lorem ipsum
R4498,lorem ipsum
R4499,lorem ipsum
R4500,lorem ipsum
R4501,lorem ipsum
R4502,lorem ipsum
R4503,lorem ipsum
R4504,lorem ipsum
R4505,lorem ipsum
R4506,lorem ipsum
R4507,lorem ipsum
R4508,lorem ipsum
R4509,lorem ipsum
R4510,lorem ipsum
R4511,lorem ipsum
R4512,lorem ipsum
R4513,lorem ipsum
R4514,lorem ipsum
R4515,lorem ipsum
R4516,lorem ipsum
R4517,lorem ipsum
R4518,lorem ipsum
R4519,lorem ipsum
R4520,lorem ipsum
R4521,lorem ipsum
R4522,lorem ipsum
R4523,lorem ipsum
R4524,lorem ipsum
R4525,lorem ipsum
R4526,lorem ipsum
R4527,lorem ipsum
R4528,lorem ipsum
R4529,lorem ipsum
R4530,lorem ipsum
R4531,lorem ipsum
R4532,lorem ipsum
R4533,lorem ipsum
R4534,lorem ipsum
R4535,lorem ipsum
R4536,lorem ipsum
R4537,lorem ipsum
R4538,lorem ipsum
R4539,lorem ipsum
R4540,lorem ipsum
R4541,lorem ipsum
R4542,lorem ipsum
R4543,lorem ipsum
R4544,lorem ipsum
R4545,lorem ipsum
R4546,lorem ipsum
R4547,lorem ipsum
R4548,lorem ipsum
R4549,lorem ipsum
R4550,lorem ipsum
R4551,lorem ipsum
R4552,lorem ipsum
R4553,lorem ipsum
R4554,lorem ipsum
R4555,lorem ipsum
R4556,lorem ipsum
R4557,lorem ipsum
R4558,lorem ipsum
R4559,lorem ipsum
R4560,lorem ipsum
R4561,lorem ipsum
R4562,lorem ipsum
R4563,lorem ipsum
R4564,lorem ipsum
R4565,lorem ipsum
R4566,lorem ipsum
R4567,lorem ipsum
R4568,lorem ipsum
R4569,lorem ipsum
R4570,lorem ipsum
R4571,lorem ipsum
R4572,lorem ipsum
R4573,lorem ipsum
R4574,lorem ipsum
R4575,lorem ipsum
R4576,lorem ipsum
R4577,lorem ipsum
R4578,lorem ipsum
R4579,lorem ipsum
R4580,lorem ipsum
R4581,lorem ipsum
R4582,lorem ipsum
R4583,lorem ipsum
R4584,lorem ipsum
R4585,lorem ipsum
R4586,lorem ipsum
R4587,lorem ipsum
R4588,lorem ipsum
R4589,lorem ipsum
R4590,lorem ipsum
R4591,lorem ipsum
R4592,lorem ipsum
R4593,lorem ipsum
R4594,lorem ipsum
R4595,lorem ipsum
R4596,lorem ipsum
R4597,lorem ipsum
R4598,lorem ipsum
R4599,lorem ipsum
R4600,lorem ipsum
R4601,lorem ipsum
R4602,lorem ipsum
R4603,lorem ipsum
R4604,lorem ipsum
R4605,lorem ipsum
R4606,lorem ipsum
R4607,lorem ipsum
R4608,lorem ipsum
R4609,lorem ipsum
R4610,lorem ipsum
R4611,lorem ipsum
R4612,lorem ipsum
R4613,lorem ipsum
R4614,lorem ipsum
R4615,lorem ipsum
R4616,lorem ipsum
R4617,lorem ipsum
R4618,lorem ipsum
R4619,lorem ipsum
R4620,lorem ipsum
R4621,lorem ipsum
R4622,lorem ipsum
R4623,lorem ipsum
R4624,lorem ipsum
R4625,lorem ipsum
R4626,lorem ipsum
R4627,lorem ipsum
R4628,lorem ipsum
R4629,lorem ipsum
R4630,lorem ipsum
R4631,lorem ipsum
R4632,lorem ipsum
R4633,lorem ipsum
R4634,lorem ipsum
R4635,lorem ipsum
R4636,lorem ipsum
R4637,lorem ipsum
R4638,lorem ipsum
R4639,lorem ipsum
R4640,lorem ipsum
R4641,lorem ipsum
R4642,lorem ipsum
R4643,lorem ipsum
R4644,lorem ipsum
R4645,lorem ipsum
R4646,lorem ipsum
R4647,lorem ipsum
R4648,lorem ipsum
R4649,lorem ipsum
R4650,lorem ipsum
R4651,lorem ipsum
R4652,lorem ipsum
R4653,lorem ipsum
R4654,lorem ipsum
R4655,lorem ipsum
R4656,lorem ipsum
R4657,lorem ipsum
R4658,lorem ipsum
R4659,lorem ipsum
R4660,lorem ipsum
R4661,lorem ipsum
R4662,lorem ipsum
R4663,lorem ipsum
R4664,lorem ipsum
R4665,lorem ipsum
R4666,lorem ipsum
R4667,lorem ipsum
R4668,lorem ipsum
R4669,lorem ipsum
R4670,lorem ipsum
R4671,lorem ipsum
R4672,lorem ipsum
R4673,lorem ipsum
R4674,lorem ipsum
R4675,lorem ipsum
R4676,lorem ipsum
R4677,lorem ipsum
R4678,lorem ipsum
R4679,lorem ipsum
R4680,lorem ipsum
R4681,lorem ipsum
R4682,lorem ipsum
R4683,lorem ipsum
R4684,lorem ipsum
R4685,lorem ipsum
R4686,lorem ipsum
R4687,lorem ipsum
R4688,lorem ipsum
R4689,lorem ipsum
R4690,lorem ipsum
R4691,lorem ipsum
R4692,lorem ipsum
R4693,lorem ipsum
R4694,lorem ipsum
R4695,lorem ipsum
R4696,lorem ipsum
R4697,lorem ipsum
R4698,lorem ipsum
R4699,lorem ipsum
R4700,lorem ipsum
R4701,lorem ipsum
R4702,lorem ipsum
R4703,lorem ipsum
R4704,lorem ipsum
R4705,lorem ipsum
R4706,lorem ipsum
R4707,lorem ipsum
R4708,lorem ipsum
R4709,lorem ipsum
R4710,lorem ipsum
R4711,lorem ipsum
R4712,lorem ipsum
R4713,lorem ipsum
R4714,lorem ipsum
R4715,lorem ipsum
R4716,lorem ipsum
R4717,lorem ipsum
R4718,lorem ipsum
R4719,lorem ipsum
R4720,lorem ipsum
R4721,lorem ipsum
R4722,lorem ipsum
R4723,lorem ipsum
R4724,lorem ipsum
R4725,lorem ipsum
R4726,lorem ipsum
R4727,lorem ipsum
R4728,lorem ipsum
R4729,lorem ipsum
R4730,lorem ipsum
R4731,lorem ipsum
R4732,lorem ipsum
R4733,lorem ipsum
R4734,lorem ipsum
R4735,lorem ipsum
R4736,lorem ipsum
R4737,lorem ipsum
R4738,lorem ipsum
R4739,lorem ipsum
R4740,lorem ipsum
R4741,lorem ipsum
R4742,lorem ipsum
R4743,lorem ipsum
R4744,lorem ipsum
R4745,lorem ipsum
R4746,lorem ipsum
R4747,lorem ipsum
R4748,lorem ipsum
R4749,lorem ipsum
R4750,lorem ipsum
R4751,lorem ipsum
R4752,lorem ipsum
R4753,lorem ipsum
R4754,lorem ipsum
R4755,lorem ipsum
R4756,lorem ipsum
R4757,lorem ipsum
R4758,lorem ipsum
R4759,lorem ipsum
R4760,lorem ipsum
R4761,lorem ipsum
R4762,lorem ipsum
R4763,lorem ipsum
R4764,lorem ipsum
R4765,lorem ipsum
R4766,lorem ipsum
R4767,lorem ipsum
R4768,lorem ipsum
R4769,lorem ipsum
R4770,lorem ipsum
R4771,lorem ipsum
R4772,lorem ipsum
R4773,lorem ipsum
R4774,lorem ipsum
R4775,lorem ipsum
R4776,lorem ipsum
R4777,lorem ipsum
R4778,lorem ipsum
R4779,lorem ipsum
R4780,lorem ipsum
R4781,lorem ipsum
R4782,lorem ipsum
R4783,lorem ipsum
R4784,lorem ipsum
R4785,lorem ipsum
R4786,lorem ipsum
R4787,lorem ipsum
R4788,lorem ipsum
R4789,lorem ipsum
R4790,lorem ipsum
R4791,lorem ipsum
R4792,lorem ipsum
R4793,lorem ipsum
R4794,lorem ipsum
R4795,lorem ipsum
R4796,lorem ipsum
R4797,lorem ipsum
R4798,lorem ipsum
R4799,lorem ipsum
R4800,lorem ipsum
R4801,lorem ipsum
R4802,lorem ipsum
R4803,lorem ipsum
R4804,lorem ipsum
R4805,lorem ipsum
R4806,lorem ipsum
R4807,lorem ipsum
R4808,lorem ipsum
R4809,lorem ipsum
R4810,lorem ipsum
R4811,lorem ipsum
R4812,lorem ipsum
R4813,lorem ipsum
R4814,lorem ipsum
R4815,lorem ipsum
R4816,lorem ipsum
R4817,lorem ipsum
R4818,lorem ipsum
R4819,lorem ipsum
R4820,lorem ipsum
R4821,lorem ipsum
R4822,lorem ipsum
R4823,lorem ipsum
R4824,lorem ipsum
R4825,lorem ipsum
R4826,lorem ipsum
R4827,lorem ipsum
R4828,lorem ipsum
R4829,lorem ipsum
R4830,lorem ipsum
R4831,lorem ipsum
R4832,lorem ipsum
R4833,lorem ipsum
R4834,lorem ipsum
R4835,lorem ipsum
R4836,lorem ipsum
R4837,lorem ipsum
R4838,lorem ipsum
R4839,lorem ipsum
R4840,lorem ipsum
R4841,lorem ipsum
R4842,lorem ipsum
R4843,lorem ipsum
R4844,lorem ipsum
R4845,lorem ipsum
R4846,lorem ipsum
R4847,lorem ipsum
R4848,lorem ipsum
R4849,lorem ipsum
R4850,lorem ipsum
R4851,lorem ipsum
R4852,lorem ipsum
R4853,lorem ipsum
R4854,lorem ipsum
R4855,lorem ipsum
R4856,lorem ipsum
R4857,lorem ipsum
R4858,lorem ipsum
R4859,lorem ipsum
R4860,lorem ipsum
R4861,lorem ipsum
R4862,lorem ipsum
R4863,lorem ipsum
R4864,lorem ipsum
R4865,lorem ipsum
R4866,lorem ipsum
R4867,lorem ipsum
R4868,lorem ipsum
R4869,lorem ipsum
R4870,lorem ipsum
R4871,lorem ipsum
R4872,lorem ipsum
R4873,lorem ipsum
R4874,lorem ipsum
R4875,lorem ipsum
R4876,lorem ipsum
R4877,lorem ipsum
R4878,lorem ipsum
R4879,lorem ipsum
R4880,lorem ipsum
R4881,lorem ipsum
R4882,lorem ipsum
R4883,lorem ipsum
R4884,lorem ipsum
R4885,lorem ipsum
R4886,lorem ipsum
R4887,lorem ipsum
R4888,lorem ipsum
R4889,lorem ipsum
R4890,lorem ipsum
R4891,lorem ipsum
R4892,lorem ipsum
R4893,lorem ipsum
R4894,lorem ipsum
R4895,lorem ipsum
R4896,lorem ipsum
R4897,lorem ipsum
R4898,lorem ipsum
R4899,lorem ipsum
R4900,lorem ipsum
R4901,lorem ipsum
R4902,lorem ipsum
R4903,lorem ipsum
R4904,lorem ipsum
R4905,lorem ipsum
R4906,lorem ipsum
R4907,lorem ipsum
R4908,lorem ipsum
R4909,lorem ipsum
R4910,lorem ipsum
R4911,lorem ipsum
R4912,lorem ipsum
R4913,lorem ipsum
R4914,lorem ipsum
R4915,lorem ipsum
R4916,lorem ipsum
R4917,lorem ipsum
R4918,lorem ipsum
R4919,lorem ipsum
R4920,lorem ipsum
R4921,lorem ipsum
R4922,lorem ipsum
R4923,lorem ipsum
R4924,lorem ipsum
R4925,lorem ipsum
R4926,lorem ipsum
R4927,lorem ipsum
R4928,lorem ipsum
R4929,lorem ipsum
R4930,lorem ipsum
R4931,lorem ipsum
R4932,lorem ipsum
R4933,lorem ipsum
R4934,lorem ipsum
R4935,lorem ipsum
R4936,lorem ipsum
R4937,lorem ipsum
R4938,lorem ipsum
R4939,lorem ipsum
R4940,lorem ipsum
R4941,lorem ipsum
R4942,lorem ipsum
R4943,lorem ipsum
R4944,lorem ipsum
R4945,lorem ipsum
R4946,lorem ipsum
R4947,lorem ipsum
R4948,lorem ipsum
R4949,lorem ipsum
R4950,lorem ipsum
R4951,lorem ipsum
R4952,lorem ipsum
R4953,lorem ipsum
R4954,lorem ipsum
R4955,lorem ipsum
R4956,lorem ipsum
R4957,lorem ipsum
R4958,lorem ipsum
R4959,lorem ipsum
R4960,lorem ipsum
R4961,lorem ipsum
R4962,lorem ipsum
R4963,lorem ipsum
R4964,lorem ipsum
R4965,lorem ipsum
R4966,lorem ipsum
R4967,lorem ipsum
R4968,lorem ipsum
R4969,lorem ipsum
R4970,lorem ipsum
R4971,lorem ipsum
R4972,lorem ipsum
R4973,lorem ipsum
R4974,lorem ipsum
R4975,lorem ipsum
R4976,lorem ipsum
R4977,lorem ipsum
R4978,lorem ipsum
R4979,lorem ipsum
R4980,lorem ipsum
R4981,lorem ipsum
R4982,lorem ipsum
R4983,lorem ipsum
R4984,lorem ipsum
R4985,lorem ipsum
R4986,lorem ipsum
R4987,lorem ipsum
R4988,lorem ipsum
R4989,lorem ipsum
R4990,lorem ipsum
R4991,lorem ipsum
R4992,lorem ipsum
R4993,lorem ipsum
R4994,lorem ipsum
R4995,lorem ipsum
R4996,lorem ipsum
R4997,lorem ipsum
R4998,lorem ipsum
R4999,lorem ipsum
R5000,lorem ipsum
R5001,lorem ipsum
R5002,lorem ipsum
R5003,lorem ipsum
R5004,lorem ipsum
R5005,lorem ipsum
R5006,lorem ipsum
R5007,lorem ipsum
R5008,lorem ipsum
R5009,lorem ipsum
R5010,lorem ipsum
R5011,lorem ipsum
R5012,lorem ipsum
R5013,lorem ipsum
R5014,lorem ipsum
R5015,lorem ipsum
R5016,lorem ipsum
R5017,lorem ipsum
R5018,lorem ipsum
R5019,lorem ipsum
R5020,lorem ipsum
R5021,lorem ipsum
R5022,lorem ipsum
R5023,lorem ipsum
R5024,lorem ipsum
R5025,lorem ipsum
R5026,lorem ipsum
R5027,lorem ipsum
R5028,lorem ipsum
R5029,lorem ipsum
R5030,lorem ipsum
R5031,lorem ipsum
R5032,lorem ipsum
R5033,lorem ipsum
R5034,lorem ipsum
R5035,lorem ipsum
R5036,lorem ipsum
R5037,lorem ipsum
R5038,lorem ipsum
R5039,lorem ipsum
R5040,lorem ipsum
R5041,lorem ipsum
R5042,lorem ipsum
R5043,lorem ipsum
R5044,lorem ipsum
R5045,lorem ipsum
R5046,lorem ipsum
R5047,lorem ipsum
R5048,lorem ipsum
R5049,lorem ipsum
R5050,lorem ipsum
R5051,lorem ipsum
R5052,lorem ipsum
R5053,lorem ipsum
R5054,lorem ipsum
R5055,lorem ipsum
R5056,lorem ipsum
R5057,lorem ipsum
R5058,lorem ipsum
R5059,lorem ipsum
R5060,lorem ipsum
R5061,lorem ipsum
R5062,lorem ipsum
R5063,lorem ipsum
R5064,lorem ipsum
R5065,lorem ipsum
R5066,lorem ipsum
R5067,lorem ipsum
R5068,lorem ipsum
R5069,lorem ipsum
R5070,lorem ipsum
R5071,lorem ipsum
R5072,lorem ipsum
R5073,lorem ipsum
R5074,lorem ipsum
R5075,lorem ipsum
R5076,lorem ipsum
R5077,lorem ipsum
R5078,lorem ipsum
R5079,lorem ipsum
R5080,lorem ipsum
R5081,lorem ipsum
R5082,lorem ipsum
R5083,lorem ipsum
R5084,lorem ipsum
R5085,lorem ipsum
R5086,lorem ipsum
R5087,lorem ipsum
R5088,lorem ipsum
R5089,lorem ipsum
R5090,lorem ipsum
R5091,lorem ipsum
R5092,lorem ipsum
R5093,lorem ipsum
R5094,lorem ipsum
R5095,lorem ipsum
R5096,lorem ipsum
R5097,lorem ipsum
R5098,lorem ipsum
R5099,lorem ipsum
R5100,lorem ipsum
R5101,lorem ipsum
R5102,lorem ipsum
R5103,lorem ipsum
R5104,lorem ipsum
R5105,lorem ipsum
R5106,lorem ipsum
R5107,lorem ipsum
R5108,lorem ipsum
R5109,lorem ipsum
R5110,lorem ipsum
R5111,lorem ipsum
R5112,lorem ipsum
R5113,lorem ipsum
R5114,lorem ipsum
R5115,lorem ipsum
R5116,lorem ipsum
R5117,lorem ipsum
R5118,lorem ipsum
R5119,lorem ipsum
R5120,lorem ipsum
R5121,lorem ipsum
R5122,lorem ipsum
R5123,lorem ipsum
R5124,lorem ipsum
R5125,lorem ipsum
R5126,lorem ipsum
R5127,lorem ipsum
R5128,lorem ipsum
R5129,lorem ipsum
R5130,lorem ipsum
R5131,lorem ipsum
R5132,lorem ipsum
R5133,lorem ipsum
R5134,lorem ipsum
R5135,lorem ipsum
R5136,lorem ipsum
R5137,lorem ipsum
R5138,lorem ipsum
R5139,lorem ipsum
R5140,lorem ipsum
R5141,lorem ipsum
R5142,lorem ipsum
R5143,lorem ipsum
R5144,lorem ipsum
R5145,lorem ipsum
R5146,lorem ipsum
R5147,lorem ipsum
R5148,lorem ipsum
R5149,lorem ipsum
R5150,lorem ipsum
R5151,lorem ipsum
R5152,lorem ipsum
R5153,lorem ipsum
R5154,lorem ipsum
R5155,lorem ipsum
R5156,lorem ipsum
R5157,lorem ipsum
R5158,lorem ipsum
R5159,lorem ipsum
R5160,lorem ipsum
R5161,lorem ipsum
R5162,lorem ipsum
R5163,lorem ipsum
R5164,lorem ipsum
R5165,lorem ipsum
R5166,lorem ipsum
R5167,lorem ipsum
R5168,lorem ipsum
R5169,lorem ipsum
R5170,lorem ipsum
R5171,lorem ipsum
R5172,lorem ipsum
R5173,lorem ipsum
R5174,lorem ipsum
R5175,lorem ipsum
R5176,lorem ipsum
R5177,lorem ipsum
R5178,lorem ipsum
R5179,lorem ipsum
R5180,lorem ipsum
R5181,lorem ipsum
R5182,lorem ipsum
R5183,lorem ipsum
R5184,lorem ipsum
R5185,lorem ipsum
R5186,lorem ipsum
R5187,lorem ipsum
R5188,lorem ipsum
R5189,lorem ipsum
R5190,lorem ipsum
R5191,lorem ipsum
R5192,lorem ipsum
R5193,lorem ipsum
R5194,lorem ipsum
R5195,lorem ipsum
R5196,lorem ipsum
R5197,lorem ipsum
R5198,lorem ipsum
R5199,lorem ipsum
R5200,lorem ipsum
R5201,lorem ipsum
R5202,lorem ipsum
R5203,lorem ipsum
R5204,lorem ipsum
R5205,lorem ipsum
R5206,lorem ipsum
R5207,lorem ipsum
R5208,lorem ipsum
R5209,lorem ipsum
R5210,lorem ipsum
R5211,lorem ipsum
R5212,lorem ipsum
R5213,lorem ipsum
R5214,lorem ipsum
R5215,lorem ipsum
R5216,lorem ipsum
R5217,lorem ipsum
R5218,lorem ipsum
R5219,lorem ipsum
R5220,lorem ipsum
R5221,lorem ipsum
R5222,lorem ipsum
R5223,lorem ipsum
R5224,lorem ipsum
R5225,lorem ipsum
R5226,lorem ipsum
R5227,lorem ipsum
R5228,lorem ipsum
R5229,lorem ipsum
R5230,lorem ipsum
R5231,lorem ipsum
R5232,lorem ipsum
R5233,lorem ipsum
R5234,lorem ipsum
R5235,lorem ipsum
R5236,lorem ipsum
R5237,lorem ipsum
R5238,lorem ipsum
R5239,lorem ipsum
R5240,lorem ipsum
R5241,lorem ipsum
R5242,lorem ipsum
R5243,lorem ipsum
R5244,lorem ipsum
R5245,lorem ipsum
R5246,lorem ipsum
R5247,lorem ipsum
R5248,lorem ipsum
R5249,lorem ipsum
R5250,lorem ipsum
R5251,lorem ipsum
R5252,lorem ipsum
R5253,lorem ipsum
R5254,lorem ipsum
R5255,lorem ipsum
R5256,lorem ipsum
R5257,lorem ipsum
R5258,lorem ipsum
R5259,lorem ipsum
R5260,lorem ipsum
R5261,lorem ipsum
R5262,lorem ipsum
R5263,lorem ipsum
R5264,lorem ipsum
R5265,lorem ipsum
R5266,lorem ipsum
R5267,lorem ipsum
R5268,lorem ipsum
R5269,lorem ipsum
R5270,lorem ipsum
R5271,lorem ipsum
R5272,lorem ipsum
R5273,lorem ipsum
R5274,lorem ipsum
R5275,lorem ipsum
R5276,lorem ipsum
R5277,lorem ipsum
R5278,lorem ipsum
R5279,lorem ipsum
R5280,lorem ipsum
R5281,lorem ipsum
R5282,lorem ipsum
R5283,lorem ipsum
R5284,lorem ipsum
R5285,lorem ipsum
R5286,lorem ipsum
R5287,lorem ipsum
R5288,lorem ipsum
R5289,lorem ipsum
R5290,lorem ipsum
R5291,lorem ipsum
R5292,lorem ipsum
R5293,lorem ipsum
R5294,lorem ipsum
R5295,lorem ipsum
R5296,lorem ipsum
R5297,lorem ipsum
R5298,lorem ipsum
R5299,lorem ipsum
R5300,lorem ipsum
R5301,lorem ipsum
R5302,lorem ipsum
R5303,lorem ipsum
R5304,lorem ipsum
R5305,lorem ipsum
R5306,lorem ipsum
R5307,lorem ipsum
R5308,lorem ipsum
R5309,lorem ipsum
R5310,lorem ipsum
R5311,lorem ipsum
R5312,lorem ipsum
R5313,lorem ipsum
R5314,lorem ipsum
R5315,lorem ipsum
R5316,lorem ipsum
R5317,lorem ipsum
R5318,lorem ipsum
R5319,lorem ipsum
R5320,lorem ipsum
R5321,lorem ipsum
R5322,lorem ipsum
R5323,lorem ipsum
R5324,lorem ipsum
R5325,lorem ipsum
R5326,lorem ipsum
R5327,lorem ipsum
R5328,lorem ipsum
R5329,lorem ipsum
R5330,lorem ipsum
R5331,lorem ipsum
R5332,lorem ipsum
R5333,lorem ipsum
R5334,lorem ipsum
R5335,lorem ipsum
R5336,lorem ipsum
R5337,lorem ipsum
R5338,lorem ipsum
R5339,lorem ipsum
R5340,lorem ipsum
R5341,lorem ipsum
R5342,lorem ipsum
R5343,lorem ipsum
R5344,lorem ipsum
R5345,lorem ipsum
R5346,lorem ipsum
R5347,lorem ipsum
R5348,lorem ipsum
R5349,lorem ipsum
R5350,lorem ipsum
R5351,lorem ipsum
R5352,lorem ipsum
R5353,lorem ipsum
R5354,lorem ipsum
R5355,lorem ipsum
R5356,lorem ipsum
R5357,lorem ipsum
R5358,lorem ipsum
R5359,lorem ipsum
R5360,lorem ipsum
R5361,lorem ipsum
R5362,lorem ipsum
R5363,lorem ipsum
R5364,lorem ipsum
R5365,lorem ipsum
R5366,lorem ipsum
R5367,lorem ipsum
R5368,lorem ipsum
R5369,lorem ipsum
R5370,lorem ipsum
R5371,lorem ipsum
R5372,lorem ipsum
R5373,lorem ipsum
R5374,lorem ipsum
R5375,lorem ipsum
R5376,lorem ipsum
R5377,lorem ipsum
R5378,lorem ipsum
R5379,lorem ipsum
R5380,lorem ipsum
R5381,lorem ipsum
R5382,lorem ipsum
R5383,lorem ipsum
R5384,lorem ipsum
R5385,lorem ipsum
R5386,lorem ipsum
R5387,lorem ipsum
R5388,lorem ipsum
R5389,lorem ipsum
R5390,lorem ipsum
R5391,lorem ipsum
R5392,lorem ipsum
R5393,lorem ipsum
R5394,lorem ipsum
R5395,lorem ipsum
R5396,lorem ipsum
R5397,lorem ipsum
R5398,lorem ipsum
R5399,lorem ipsum
R5400,lorem ipsum
R5401,lorem ipsum
R5402,lorem ipsum
R5403,lorem ipsum
R5404,lorem ipsum
R5405,lorem ipsum
R5406,lorem ipsum
R5407,lorem ipsum
R5408,lorem ipsum
R5409,lorem ipsum
R5410,lorem ipsum
R5411,lorem ipsum
R5412,lorem ipsum
R5413,lorem ipsum
R5414,lorem ipsum
R5415,lorem ipsum
R5416,lorem ipsum
R5417,lorem ipsum
R5418,lorem ipsum
R5419,lorem ipsum
R5420,lorem ipsum
R5421,lorem ipsum
R5422,lorem ipsum
R5423,lorem ipsum
R5424,lorem ipsum
R5425,lorem ipsum
R5426,lorem ipsum
R5427,lorem ipsum
R5428,lorem ipsum
R5429,lorem ipsum
R5430,lorem ipsum
R5431,lorem ipsum
R5432,lorem ipsum
R5433,lorem ipsum
R5434,lorem ipsum
R5435,lorem ipsum
R5436,lorem ipsum
R5437,lorem ipsum
R5438,lorem ipsum
R5439,lorem ipsum
R5440,lorem ipsum
R5441,lorem ipsum
R5442,lorem ipsum
R5443,lorem ipsum
R5444,lorem ipsum
R5445,lorem ipsum
R5446,lorem ipsum
R5447,lorem ipsum
R5448,lorem ipsum
R5449,lorem ipsum
R5450,lorem ipsum
R5451,lorem ipsum
R5452,lorem ipsum
R5453,lorem ipsum
R5454,lorem ipsum
R5455,lorem ipsum
R5456,lorem ipsum
R5457,lorem ipsum
R5458,lorem ipsum
R5459,lorem ipsum
R5460,lorem ipsum
R5461,lorem ipsum
R5462,lorem ipsum
R5463,lorem ipsum
R5464,lorem ipsum
R5465,lorem ipsum
R5466,lorem ipsum
R5467,lorem ipsum
R5468,lorem ipsum
R5469,lorem ipsum
R5470,lorem ipsum
R5471,lorem ipsum
R5472,lorem ipsum
R5473,lorem ipsum
R5474,lorem ipsum
R5475,lorem ipsum
R5476,lorem ipsum
R5477,lorem ipsum
R5478,lorem ipsum
R5479,lorem ipsum
R5480,lorem ipsum
R5481,lorem ipsum
R5482,lorem ipsum
R5483,lorem ipsum
R5484,lorem ipsum
R5485,lorem ipsum
R5486,lorem ipsum
R5487,lorem ipsum
R5488,lorem ipsum
R5489,lorem ipsum
R5490,lorem ipsum
R5491,lorem ipsum
R5492,lorem ipsum
R5493,lorem ipsum
R5494,lorem ipsum
R5495,lorem ipsum
R5496,lorem ipsum
R5497,lorem ipsum
R5498,lorem ipsum
R5499,lorem ipsum
R5500,lorem ipsum
R5501,lorem ipsum
R5502,lorem ipsum
R5503,lorem ipsum
R5504,lorem ipsum
R5505,lorem ipsum
R5506,lorem ipsum
R5507,lorem ipsum
R5508,lorem ipsum
R5509,lorem ipsum
R5510,lorem ipsum
R5511,lorem ipsum
R5512,lorem ipsum
R5513,lorem ipsum
R5514,lorem ipsum
R5515,lorem ipsum
R5516,lorem ipsum
R5517,lorem ipsum
R5518,lorem ipsum
R5519,lorem ipsum
R5520,lorem ipsum
R5521,lorem ipsum
R5522,lorem ipsum
R5523,lorem ipsum
R5524,lorem ipsum
R5525,lorem ipsum
R5526,lorem ipsum
R5527,lorem ipsum
R5528,lorem ipsum
R5529,lorem ipsum
R5530,lorem ipsum
R5531,lorem ipsum
R5532,lorem ipsum
R5533,lorem ipsum
R5534,lorem ipsum
R5535,lorem ipsum
R5536,lorem ipsum
R5537,lorem ipsum
R5538,lorem ipsum
R5539,lorem ipsum
R5540,lorem ipsum
R5541,lorem ipsum
R5542,lorem ipsum
R5543,lorem ipsum
R5544,lorem ipsum
R5545,lorem ipsum
R5546,lorem ipsum
R5547,lorem ipsum
R5548,lorem ipsum
R5549,lorem ipsum
R5550,lorem ipsum
R5551,lorem ipsum
R5552,lorem ipsum
R5553,lorem ipsum
R5554,lorem ipsum
R5555,lorem ipsum
R5556,lorem ipsum
R5557,lorem ipsum
R5558,lorem ipsum
R5559,lorem ipsum
R5560,lorem ipsum
R5561,lorem ipsum
R5562,lorem ipsum
R5563,lorem ipsum
R5564,lorem ipsum
R5565,lorem ipsum
R5566,lorem ipsum
R5567,lorem ipsum
R5568,lorem ipsum
R5569,lorem ipsum
R5570,lorem ipsum
R5571,lorem ipsum
R5572,lorem ipsum
R5573,lorem ipsum
R5574,lorem ipsum
R5575,lorem ipsum
R5576,lorem ipsum
R5577,lorem ipsum
R5578,lorem ipsum
R5579,lorem ipsum
R5580,lorem ipsum
R5581,lorem ipsum
R5582,lorem ipsum
R5583,lorem ipsum
R5584,lorem ipsum
R5585,lorem ipsum
R5586,lorem ipsum
R5587,lorem ipsum
R5588,lorem ipsum
R5589,lorem ipsum
R5590,lorem ipsum
R5591,lorem ipsum
R5592,lorem ipsum
R5593,lorem ipsum
R5594,lorem ipsum
R5595,lorem ipsum
R5596,lorem ipsum
R5597,lorem ipsum
R5598,lorem ipsum
R5599,lorem ipsum
R5600,lorem ipsum
R5601,lorem ipsum
R5602,lorem ipsum
R5603,lorem ipsum
R5604,lorem ipsum
R5605,lorem ipsum
R5606,lorem ipsum
R5607,lorem ipsum
R5608,lorem ipsum
R5609,lorem ipsum
R5610,lorem ipsum
R5611,lorem ipsum
R5612,lorem ipsum
R5613,lorem ipsum
R5614,lorem ipsum
R5615,lorem ipsum
R5616,lorem ipsum
R5617,lorem ipsum
R5618,lorem ipsum
R5619,lorem ipsum
R5620,lorem ipsum
R5621,lorem ipsum
R5622,lorem ipsum
R5623,lorem ipsum
R5624,lorem ipsum
R5625,lorem ipsum
R5626,lorem ipsum
R5627,lorem ipsum
R5628,lorem ipsum
R5629,lorem ipsum
R5630,lorem ipsum
R5631,lorem ipsum
R5632,lorem ipsum
R5633,lorem ipsum
R5634,lorem ipsum
R5635,lorem ipsum
R5636,lorem ipsum
R5637,lorem ipsum
R5638,lorem ipsum
R5639,lorem ipsum
R5640,lorem ipsum
R5641,lorem ipsum
R5642,lorem ipsum
R5643,lorem ipsum
R5644,lorem ipsum
R5645,lorem ipsum
R5646,lorem ipsum
R5647,lorem ipsum
R5648,lorem ipsum
R5649,lorem ipsum
R5650,lorem ipsum
R5651,lorem ipsum
R5652,lorem ipsum
R5653,lorem ipsum
R5654,lorem ipsum
R5655,lorem ipsum
R5656,lorem ipsum
R5657,lorem ipsum
R5658,lorem ipsum
R5659,lorem ipsum
R5660,lorem ipsum
R5661,lorem ipsum
R5662,lorem ipsum
R5663,lorem ipsum
R5664,lorem ipsum
R5665,lorem ipsum
R5666,lorem ipsum
R5667,lorem ipsum
R5668,lorem ipsum
R5669,lorem ipsum
R5670,lorem ipsum
R5671,lorem ipsum
R5672,lorem ipsum
R5673,lorem ipsum
R5674,lorem ipsum
R5675,lorem ipsum
R5676,lorem ipsum
R5677,lorem ipsum
R5678,lorem ipsum
R5679,lorem ipsum
R5680,lorem ipsum
R5681,lorem ipsum
R5682,lorem ipsum
R5683,lorem ipsum
R5684,lorem ipsum
R5685,lorem ipsum
R5686,lorem ipsum
R5687,lorem ipsum
R5688,lorem ipsum
R5689,lorem ipsum
R5690,lorem ipsum
R5691,lorem ipsum
R5692,lorem ipsum
R5693,lorem ipsum
R5694,lorem ipsum
R5695,lorem ipsum
R5696,lorem ipsum
R5697,lorem ipsum
R5698,lorem ipsum
R5699,lorem ipsum
R5700,lorem ipsum
R5701,lorem ipsum
R5702,lorem ipsum
R5703,lorem ipsum
R5704,lorem ipsum
R5705,lorem ipsum
R5706,lorem ipsum
R5707,lorem ipsum
R5708,lorem ipsum
R5709,lorem ipsum
R5710,lorem ipsum
R5711,lorem ipsum
R5712,lorem ipsum
R5713,lorem ipsum
R5714,lorem ipsum
R5715,lorem ipsum
R5716,lorem ipsum
R5717,lorem ipsum
R5718,lorem ipsum
R5719,lorem ipsum
R5720,lorem ipsum
R5721,lorem ipsum
R5722,lorem ipsum
R5723,lorem ipsum
R5724,lorem ipsum
R5725,lorem ipsum
R5726,lorem ipsum
R5727,lorem ipsum
R5728,lorem ipsum
R5729,lorem ipsum
R5730,lorem ipsum
R5731,lorem ipsum
R5732,lorem ipsum
R5733,lorem ipsum
R5734,lorem ipsum
R5735,lorem ipsum
R5736,lorem ipsum
R5737,lorem ipsum
R5738,lorem ipsum
R5739,lorem ipsum
R5740,lorem ipsum
R5741,lorem ipsum
R5742,lorem ipsum
R5743,lorem ipsum
R5744,lorem ipsum
R5745,lorem ipsum
R5746,lorem ipsum
R5747,lorem ipsum
R5748,lorem ipsum
R5749,lorem ipsum
R5750,lorem ipsum
R5751,lorem ipsum
R5752,lorem ipsum
R5753,lorem ipsum
R5754,lorem ipsum
R5755,lorem ipsum
R5756,lorem ipsum
R5757,lorem ipsum
R5758,lorem ipsum
R5759,lorem ipsum
R5760,lorem ipsum
R5761,lorem ipsum
R5762,lorem ipsum
R5763,lorem ipsum
R5764,lorem ipsum
R5765,lorem ipsum
R5766,lorem ipsum
R5767,lorem ipsum
R5768,lorem ipsum
R5769,lorem ipsum
R5770,lorem ipsum
R5771,lorem ipsum
R5772,lorem ipsum
R5773,lorem ipsum
R5774,lorem ipsum
R5775,lorem ipsum
R5776,lorem ipsum
R5777,lorem ipsum
R5778,lorem ipsum
R5779,lorem ipsum
R5780,lorem ipsum
R5781,lorem ipsum
R5782,lorem ipsum
R5783,lorem ipsum
R5784,lorem ipsum
R5785,lorem ipsum
R5786,lorem ipsum
R5787,lorem ipsum
R5788,lorem ipsum
R5789,lorem ipsum
R5790,lorem ipsum
R5791,lorem ipsum
R5792,lorem ipsum
R5793,lorem ipsum
R5794,lorem ipsum
R5795,lorem ipsum
R5796,lorem ipsum
R5797,lorem ipsum
R5798,lorem ipsum
R5799,lorem ipsum
R5800,lorem ipsum
R5801,lorem ipsum
R5802,lorem ipsum
R5803,lorem ipsum
R5804,lorem ipsum
R5805,lorem ipsum
R5806,lorem ipsum
R5807,lorem ipsum
R5808,lorem ipsum
R5809,lorem ipsum
R5810,lorem ipsum
R5811,lorem ipsum
R5812,lorem ipsum
R5813,lorem ipsum
R5814,lorem ipsum
R5815,lorem ipsum
R5816,lorem ipsum
R5817,lorem ipsum
R5818,lorem ipsum
R5819,lorem ipsum
R5820,lorem ipsum
R5821,lorem ipsum
R5822,lorem ipsum
R5823,lorem ipsum
R5824,lorem ipsum
R5825,lorem ipsum
R5826,lorem ipsum
R5827,lorem ipsum
R5828,lorem ipsum
R5829,lorem ipsum
R5830,lorem ipsum
R5831,lorem ipsum
R5832,lorem ipsum
R5833,lorem ipsum
R5834,lorem ipsum
R5835,lorem ipsum
R5836,lorem ipsum
R5837,lorem ipsum
R5838,lorem ipsum
R5839,lorem ipsum
R5840,lorem ipsum
R5841,lorem ipsum
R5842,lorem ipsum
R5843,lorem ipsum
R5844,lorem ipsum
R5845,lorem ipsum
R5846,lorem ipsum
R5847,lorem ipsum
R5848,lorem ipsum
R5849,lorem ipsum
R5850,lorem ipsum
R5851,lorem ipsum
R5852,lorem ipsum
R5853,lorem ipsum
R5854,lorem ipsum
R5855,lorem ipsum
R5856,lorem ipsum
R5857,lorem ipsum
R5858,lorem ipsum
R5859,lorem ipsum
R5860,lorem ipsum
R5861,lorem ipsum
R5862,lorem ipsum
R5863,lorem ipsum
R5864,lorem ipsum
R5865,lorem ipsum
R5866,lorem ipsum
R5867,lorem ipsum
R5868,lorem ipsum
R5869,lorem ipsum
R5870,lorem ipsum
R5871,lorem ipsum
R5872,lorem ipsum
R5873,lorem ipsum
R5874,lorem ipsum
R5875,lorem ipsum
R5876,lorem ipsum
R5877,lorem ipsum
R5878,lorem ipsum
R5879,lorem ipsum
R5880,lorem ipsum
R5881,lorem ipsum
R5882,lorem ipsum
R5883,lorem ipsum
R5884,lorem ipsum
R5885,lorem ipsum
R5886,lorem ipsum
R5887,lorem ipsum
R5888,lorem ipsum
R5889,lorem ipsum
R5890,lorem ipsum
R5891,lorem ipsum
R5892,lorem ipsum
R5893,lorem ipsum
R5894,lorem ipsum
R5895,lorem ipsum
R5896,lorem ipsum
R5897,lorem ipsum
R5898,lorem ipsum
R5899,lorem ipsum
R5900,lorem ipsum
R5901,lorem ipsum
R5902,lorem ipsum
R5903,lorem ipsum
R5904,lorem ipsum
R5905,lorem ipsum
R5906,lorem ipsum
R5907,lorem ipsum
R5908,lorem ipsum
R5909,lorem ipsum
R5910,lorem ipsum
R5911,lorem ipsum
R5912,lorem ipsum
R5913,lorem ipsum
R5914,lorem ipsum
R5915,lorem ipsum
R5916,lorem ipsum
R5917,lorem ipsum
R5918,lorem ipsum
R5919,lorem ipsum
R5920,lorem ipsum
R5921,lorem ipsum
R5922,lorem ipsum
R5923,lorem ipsum
R5924,lorem ipsum
R5925,lorem ipsum
R5926,lorem ipsum
R5927,lorem ipsum
R5928,lorem ipsum
R5929,lorem ipsum
R5930,lorem ipsum
R5931,lorem ipsum
R5932,lorem ipsum
R5933,lorem ipsum
R5934,lorem ipsum
R5935,lorem ipsum
R5936,lorem ipsum
R5937,lorem ipsum
R5938,lorem ipsum
R5939,lorem ipsum
R5940,lorem ipsum
R5941,lorem ipsum
R5942,lorem ipsum
R5943,lorem ipsum
R5944,lorem ipsum
R5945,lorem ipsum
R5946,lorem ipsum
R5947,lorem ipsum
R5948,lorem ipsum
R5949,lorem ipsum
R5950,lorem ipsum
R5951,lorem ipsum
R5952,lorem ipsum
R5953,lorem ipsum
R5954,lorem ipsum
R5955,lorem ipsum
R5956,lorem ipsum
R5957,lorem ipsum
R5958,lorem ipsum
R5959,lorem ipsum
R5960,lorem ipsum
R5961,lorem ipsum
R5962,lorem ipsum
R5963,lorem ipsum
R5964,lorem ipsum
R5965,lorem ipsum
R5966,lorem ipsum
R5967,lorem ipsum
R5968,lorem ipsum
R5969,lorem ipsum
R5970,lorem ipsum
R5971,lorem ipsum
R5972,lorem ipsum
R5973,lorem ipsum
R5974,lorem ipsum
R5975,lorem ipsum
R5976,lorem ipsum
R5977,lorem ipsum
R5978,lorem ipsum
R5979,lorem ipsum
R5980,lorem ipsum
R5981,lorem ipsum
R5982,lorem ipsum
R5983,lorem ipsum
R5984,lorem ipsum
R5985,lorem ipsum
R5986,lorem ipsum
R5987,lorem ipsum
R5988,lorem ipsum
R5989,lorem ipsum
R5990,lorem ipsum
R5991,lorem ipsum
R5992,lorem ipsum
R5993,lorem ipsum
R5994,lorem ipsum
R5995,lorem ipsum
R5996,lorem ipsum
R5997,lorem ipsum
R5998,lorem ipsum
R5999,lorem ipsum
R6000,lorem ipsum
R6001,lorem ipsum
R6002,lorem ipsum
R6003,lorem ipsum
R6004,lorem ipsum
R6005,lorem ipsum
R6006,lorem ipsum
R6007,lorem ipsum
R6008,lorem ipsum
R6009,lorem ipsum
R6010,lorem ipsum
R6011,lorem ipsum
R6012,lorem ipsum
R6013,lorem ipsum
R6014,lorem ipsum
R6015,lorem ipsum
R6016,lorem ipsum
R6017,lorem ipsum
R6018,lorem ipsum
R6019,lorem ipsum
R6020,lorem ipsum
R6021,lorem ipsum
R6022,lorem ipsum
R6023,lorem ipsum
R6024,lorem ipsum
R6025,lorem ipsum
R6026,lorem ipsum
R6027,lorem ipsum
R6028,lorem ipsum
R6029,lorem ipsum
R6030,lorem ipsum
R6031,lorem ipsum
R6032,lorem ipsum
R6033,lorem ipsum
R6034,lorem ipsum
R6035,lorem ipsum
R6036,lorem ipsum
R6037,lorem ipsum
R6038,lorem ipsum
R6039,lorem ipsum
R6040,lorem ipsum
R6041,lorem ipsum
R6042,lorem ipsum
R6043,lorem ipsum
R6044,lorem ipsum
R6045,lorem ipsum
R6046,lorem ipsum
R6047,lorem ipsum
R6048,lorem ipsum
R6049,lorem ipsum
R6050,lorem ipsum
R6051,lorem ipsum
R6052,lorem ipsum
R6053,lorem ipsum
R6054,lorem ipsum
R6055,lorem ipsum
R6056,lorem ipsum
R6057,lorem ipsum
R6058,lorem ipsum
R6059,lorem ipsum
R6060,lorem ipsum
R6061,lorem ipsum
R6062,lorem ipsum
R6063,lorem ipsum
R6064,lorem ipsum
R6065,lorem ipsum
R6066,lorem ipsum
R6067,lorem ipsum
R6068,lorem ipsum
R6069,lorem ipsum
R6070,lorem ipsum
R6071,lorem ipsum
R6072,lorem ipsum
R6073,lorem ipsum
R6074,lorem ipsum
R6075,lorem ipsum
R6076,lorem ipsum
R6077,lorem ipsum
R6078,lorem ipsum
R6079,lorem ipsum
R6080,lorem ipsum
R6081,lorem ipsum
R6082,lorem ipsum
R6083,lorem ipsum
R6084,lorem ipsum
R6085,lorem ipsum
R6086,lorem ipsum
R6087,lorem ipsum
R6088,lorem ipsum
R6089,lorem ipsum
R6090,lorem ipsum
R6091,lorem ipsum
R6092,lorem ipsum
R6093,lorem ipsum
R6094,lorem ipsum
R6095,lorem ipsum
R6096,lorem ipsum
R6097,lorem ipsum
R6098,lorem ipsum
R6099,lorem ipsum
R6100,lorem ipsum
R6101,lorem ipsum
R6102,lorem ipsum
R6103,lorem ipsum
R6104,lorem ipsum
R6105,lorem ipsum
R6106,lorem ipsum
R6107,lorem ipsum
R6108,lorem ipsum
R6109,lorem ipsum
R6110,lorem ipsum
R6111,lorem ipsum
R6112,lorem ipsum
R6113,lorem ipsum
R6114,lorem ipsum
R6115,lorem ipsum
R6116,lorem ipsum
R6117,lorem ipsum
R6118,lorem ipsum
R6119,lorem ipsum
R6120,lorem ipsum
R6121,lorem ipsum
R6122,lorem ipsum
R6123,lorem ipsum
R6124,lorem ipsum
R6125,lorem ipsum
R6126,lorem ipsum
R6127,lorem ipsum
R6128,lorem ipsum
R6129,lorem ipsum
R6130,lorem ipsum
R6131,lorem ipsum
R6132,lorem ipsum
R6133,lorem ipsum
R6134,lorem ipsum
R6135,lorem ipsum
R6136,lorem ipsum
R6137,lorem ipsum
R6138,lorem ipsum
R6139,lorem ipsum
R6140,lorem ipsum
R6141,lorem ipsum
R6142,lorem ipsum
R6143,lorem ipsum
R6144,lorem ipsum
R6145,lorem ipsum
R6146,lorem ipsum
R6147,lorem ipsum
R6148,lorem ipsum
R6149,lorem ipsum
R6150,lorem ipsum
R6151,lorem ipsum
R6152,lorem ipsum
R6153,lorem ipsum
R6154,lorem ipsum
R6155,lorem ipsum
R6156,lorem ipsum
R6157,lorem ipsum
R6158,lorem ipsum
R6159,lorem ipsum
R6160,lorem ipsum
R6161,lorem ipsum
R6162,lorem ipsum
R6163,lorem ipsum
R6164,lorem ipsum
R6165,lorem ipsum
R6166,lorem ipsum
R6167,lorem ipsum
R6168,lorem ipsum
R6169,lorem ipsum
R6170,lorem ipsum
R6171,lorem ipsum
R6172,lorem ipsum
R6173,lorem ipsum
R6174,lorem ipsum
R6175,lorem ipsum
R6176,lorem ipsum
R6177,lorem ipsum
R6178,lorem ipsum
R6179,lorem ipsum
R6180,lorem ipsum
R6181,lorem ipsum
R6182,lorem ipsum
R6183,lorem ipsum
R6184,lorem ipsum
R6185,lorem ipsum
R6186,lorem ipsum
R6187,lorem ipsum
R6188,lorem ipsum
R6189,lorem ipsum
R6190,lorem ipsum
R6191,lorem ipsum
R6192,lorem ipsum
R6193,lorem ipsum
R6194,lorem ipsum
R6195,lorem ipsum
R6196,lorem ipsum
R6197,lorem ipsum
R6198,lorem ipsum
R6199,lorem ipsum
R6200,lorem ipsum
R6201,lorem ipsum
R6202,lorem ipsum
R6203,lorem ipsum
R6204,lorem ipsum
R6205,lorem ipsum
R6206,lorem ipsum
R6207,lorem ipsum
R6208,lorem ipsum
R6209,lorem ipsum
R6210,lorem ipsum
R6211,lorem ipsum
R6212,lorem ipsum
R6213,lorem ipsum
R6214,lorem ipsum
R6215,lorem ipsum
R6216,lorem ipsum
R6217,lorem ipsum
R6218,lorem ipsum
R6219,lorem ipsum
R6220,lorem ipsum
R6221,lorem ipsum
R6222,lorem ipsum
R6223,lorem ipsum
R6224,lorem ipsum
R6225,lorem ipsum
R6226,lorem ipsum
R6227,lorem ipsum
R6228,lorem ipsum
R6229,lorem ipsum
R6230,lorem ipsum
R6231,lorem ipsum
R6232,lorem ipsum
R6233,lorem ipsum
R6234,lorem ipsum
R6235,lorem ipsum
R6236,lorem ipsum
R6237,lorem ipsum
R6238,lorem ipsum
R6239,lorem ipsum
R6240,lorem ipsum
R6241,lorem ipsum
R6242,lorem ipsum
R6243,lorem ipsum
R6244,lorem ipsum
R6245,lorem ipsum
R6246,lorem ipsum
R6247,lorem ipsum
R6248,lorem ipsum
R6249,lorem ipsum
R6250,lorem ipsum
R6251,lorem ipsum
R6252,lorem ipsum
R6253,lorem ipsum
R6254,lorem ipsum
R6255,lorem ipsum
R6256,lorem ipsum
R6257,lorem ipsum
R6258,lorem ipsum
R6259,lorem ipsum
R6260,lorem ipsum
R6261,lorem ipsum
R6262,lorem ipsum
R6263,lorem ipsum
R6264,lorem ipsum
R6265,lorem ipsum
R6266,lorem ipsum
R6267,lorem ipsum
R6268,lorem ipsum
R6269,lorem ipsum
R6270,lorem ipsum
R6271,lorem ipsum
R6272,lorem ipsum
R6273,lorem ipsum
R6274,lorem ipsum
R6275,lorem ipsum
R6276,lorem ipsum
R6277,lorem ipsum
R6278,lorem ipsum
R6279,lorem ipsum
R6280,lorem ipsum
R6281,lorem ipsum
R6282,lorem ipsum
R6283,lorem ipsum
R6284,lorem ipsum
R6285,lorem ipsum
R6286,lorem ipsum
R6287,lorem ipsum
R6288,lorem ipsum
R6289,lorem ipsum
R6290,lorem ipsum
R6291,lorem ipsum
R6292,lorem ipsum
R6293,lorem ipsum
R6294,lorem ipsum
R6295,lorem ipsum
R6296,lorem ipsum
R6297,lorem ipsum
R6298,lorem ipsum
R6299,lorem ipsum
R6300,lorem ipsum
R6301,lorem ipsum
R6302,lorem ipsum
R6303,lorem ipsum
R6304,lorem ipsum
R6305,lorem ipsum
R6306,lorem ipsum
R6307,lorem ipsum
R6308,lorem ipsum
R6309,lorem ipsum
R6310,lorem ipsum
R6311,lorem ipsum
R6312,lorem ipsum
R6313,lorem ipsum
R6314,lorem ipsum
R6315,lorem ipsum
R6316,lorem ipsum
R6317,lorem ipsum
R6318,lorem ipsum
R6319,lorem ipsum
R6320,lorem ipsum
R6321,lorem ipsum
R6322,lorem ipsum
R6323,lorem ipsum
R6324,lorem ipsum
R6325,lorem ipsum
R6326,lorem ipsum
R6327,lorem ipsum
R6328,lorem ipsum
R6329,lorem ipsum
R6330,lorem ipsum
R6331,lorem ipsum
R6332,lorem ipsum
R6333,lorem ipsum
R6334,lorem ipsum
R6335,lorem ipsum
R6336,lorem ipsum
R6337,lorem ipsum
R6338,lorem ipsum
R6339,lorem ipsum
R6340,lorem ipsum
R6341,lorem ipsum
R6342,lorem ipsum
R6343,lorem ipsum
R6344,lorem ipsum
R6345,lorem ipsum
R6346,lorem ipsum
R6347,lorem ipsum
R6348,lorem ipsum
R6349,lorem ipsum
R6350,lorem ipsum
R6351,lorem ipsum
R6352,lorem ipsum
R6353,lorem ipsum
R6354,lorem ipsum
R6355,lorem ipsum
R6356,lorem ipsum
R6357,lorem ipsum
R6358,lorem ipsum
R6359,lorem ipsum
R6360,lorem ipsum
R6361,lorem ipsum
R6362,lorem ipsum
R6363,lorem ipsum
R6364,lorem ipsum
R6365,lorem ipsum
R6366,lorem ipsum
R6367,lorem ipsum
R6368,lorem ipsum
R6369,lorem ipsum
R6370,lorem ipsum
R6371,lorem ipsum
R6372,lorem ipsum
R6373,lorem ipsum
R6374,lorem ipsum
R6375,lorem ipsum
R6376,lorem ipsum
R6377,lorem ipsum
R6378,lorem ipsum
R6379,lorem ipsum
R6380,lorem ipsum
R6381,lorem ipsum
R6382,lorem ipsum
R6383,lorem ipsum
R6384,lorem ipsum
R6385,lorem ipsum
R6386,lorem ipsum
R6387,lorem ipsum
R6388,lorem ipsum
R6389,lorem ipsum
R6390,lorem ipsum
R6391,lorem ipsum
R6392,lorem ipsum
R6393,lorem ipsum
R6394,lorem ipsum
R6395,lorem ipsum
R6396,lorem ipsum
R6397,lorem ipsum
R6398,lorem ipsum
R6399,lorem ipsum
R6400,lorem ipsum
R6401,lorem ipsum
R6402,lorem ipsum
R6403,lorem ipsum
R6404,lorem ipsum
R6405,lorem ipsum
R6406,lorem ipsum
R6407,lorem ipsum
R6408,lorem ipsum
R6409,lorem ipsum
R6410,lorem ipsum
R6411,lorem ipsum
R6412,lorem ipsum
R6413,lorem ipsum
R6414,lorem ipsum
R6415,lorem ipsum
R6416,lorem ipsum
R6417,lorem ipsum
R6418,lorem ipsum
R6419,lorem ipsum
R6420,lorem ipsum
R6421,lorem ipsum
R6422,lorem ipsum
R6423,lorem ipsum
R6424,lorem ipsum
R6425,lorem ipsum
R6426,lorem ipsum
R6427,lorem ipsum
R6428,lorem ipsum
R6429,lorem ipsum
R6430,lorem ipsum
R6431,lorem ipsum
R6432,lorem ipsum
R6433,lorem ipsum
R6434,lorem ipsum
R6435,lorem ipsum
R6436,lorem ipsum
R6437,lorem ipsum
R6438,lorem ipsum
R6439,lorem ipsum
R6440,lorem ipsum
R6441,lorem ipsum
R6442,lorem ipsum
R6443,lorem ipsum
R6444,lorem ipsum
R6445,lorem ipsum
R6446,lorem ipsum
R6447,lorem ipsum
R6448,lorem ipsum
R6449,lorem ipsum
R6450,lorem ipsum
R6451,lorem ipsum
R6452,lorem ipsum
R6453,lorem ipsum
R6454,lorem ipsum
R6455,lorem ipsum
R6456,lorem ipsum
R6457,lorem ipsum
R6458,lorem ipsum
R6459,lorem ipsum
R6460,lorem ipsum
R6461,lorem ipsum
R6462,lorem ipsum
R6463,lorem ipsum
R6464,lorem ipsum
R6465,lorem ipsum
R6466,lorem ipsum
R6467,lorem ipsum
R6468,lorem ipsum
R6469,lorem ipsum
R6470,lorem ipsum
R6471,lorem ipsum
R6472,lorem ipsum
R6473,lorem ipsum
R6474,lorem ipsum
R6475,lorem ipsum
R6476,lorem ipsum
R6477,lorem ipsum
R6478,lorem ipsum
R6479,lorem ipsum
R6480,lorem ipsum
R6481,lorem ipsum
R6482,lorem ipsum
R6483,lorem ipsum
R6484,lorem ipsum
R6485,lorem ipsum
R6486,lorem ipsum
R6487,lorem ipsum
R6488,lorem ipsum
R6489,lorem ipsum
R6490,lorem ipsum
R6491,lorem ipsum
R6492,lorem ipsum
R6493,lorem ipsum
R6494,lorem ipsum
R6495,lorem ipsum
R6496,lorem ipsum
R6497,lorem ipsum
R6498,lorem ipsum
R6499,lorem ipsum
R6500,lorem ipsum
R6501,lorem ipsum
R6502,lorem ipsum
R6503,lorem ipsum
R6504,lorem ipsum
R6505,lorem ipsum
R6506,lorem ipsum
R6507,lorem ipsum
R6508,lorem ipsum
R6509,lorem ipsum
R6510,lorem ipsum
R6511,lorem ipsum
R6512,lorem ipsum
R6513,lorem ipsum
R6514,lorem ipsum
R6515,lorem ipsum
R6516,lorem ipsum
R6517,lorem ipsum
R6518,lorem ipsum
R6519,lorem ipsum
R6520,lorem ipsum
R6521,lorem ipsum
R6522,lorem ipsum
R6523,lorem ipsum
R6524,lorem ipsum
R6525,lorem ipsum
R6526,lorem ipsum
R6527,lorem ipsum
R6528,lorem ipsum
R6529,lorem ipsum
R6530,lorem ipsum
R6531,lorem ipsum
R6532,lorem ipsum
R6533,lorem ipsum
R6534,lorem ipsum
R6535,lorem ipsum
R6536,lorem ipsum
R6537,lorem ipsum
R6538,lorem ipsum
R6539,lorem ipsum
R6540,lorem ipsum
R6541,lorem ipsum
R6542,lorem ipsum
R6543,lorem ipsum
R6544,lorem ipsum
R6545,lorem ipsum
R6546,lorem ipsum
R6547,lorem ipsum
R6548,lorem ipsum
R6549,lorem ipsum
R6550,lorem ipsum
R6551,lorem ipsum
R6552,lorem ipsum
R6553,lorem ipsum
R6554,lorem ipsum
R6555,lorem ipsum
R6556,lorem ipsum
R6557,lorem ipsum
R6558,lorem ipsum
R6559,lorem ipsum
R6560,lorem ipsum
R6561,lorem ipsum
R6562,lorem ipsum
R6563,lorem ipsum
R6564,lorem ipsum
R6565,lorem ipsum
R6566,lorem ipsum
R6567,lorem ipsum
R6568,lorem ipsum
R6569,lorem ipsum
R6570,lorem ipsum
R6571,lorem ipsum
R6572,lorem ipsum
R6573,lorem ipsum
R6574,lorem ipsum
R6575,lorem ipsum
R6576,lorem ipsum
R6577,lorem ipsum
R6578,lorem ipsum
R6579,lorem ipsum
R6580,lorem ipsum
R6581,lorem ipsum
R6582,lorem ipsum
R6583,lorem ipsum
R6584,lorem ipsum
R6585,lorem ipsum
R6586,lorem ipsum
R6587,lorem ipsum
R6588,lorem ipsum
R6589,lorem ipsum
R6590,lorem ipsum
R6591,lorem ipsum
R6592,lorem ipsum
R6593,lorem ipsum
R6594,lorem ipsum
R6595,lorem ipsum
R6596,lorem ipsum
R6597,lorem ipsum
R6598,lorem ipsum
R6599,lorem ipsum
R6600,lorem ipsum
R6601,lorem ipsum
R6602,lorem ipsum
R6603,lorem ipsum
R6604,lorem ipsum
R6605,lorem ipsum
R6606,lorem ipsum
R6607,lorem ipsum
R6608,lorem ipsum
R6609,lorem ipsum
R6610,lorem ipsum
R6611,lorem ipsum
R6612,lorem ipsum
R6613,lorem ipsum
R6614,lorem ipsum
R6615,lorem ipsum
R6616,lorem ipsum
R6617,lorem ipsum
R6618,lorem ipsum
R6619,lorem ipsum
R6620,lorem ipsum
R6621,lorem ipsum
R6622,lorem ipsum
R6623,lorem ipsum
R6624,lorem ipsum
R6625,lorem ipsum
R6626,lorem ipsum
R6627,lorem ipsum
R6628,lorem ipsum
R6629,lorem ipsum
R6630,lorem ipsum
R6631,lorem ipsum
R6632,lorem ipsum
R6633,lorem ipsum
R6634,lorem ipsum
R6635,lorem ipsum
R6636,lorem ipsum
R6637,lorem ipsum
R6638,lorem ipsum
R6639,lorem ipsum
R6640,lorem ipsum
R6641,lorem ipsum
R6642,lorem ipsum
R6643,lorem ipsum
R6644,lorem ipsum
R6645,lorem ipsum
R6646,lorem ipsum
R6647,lorem ipsum
R6648,lorem ipsum
R6649,lorem ipsum
R6650,lorem ipsum
R6651,lorem ipsum
R6652,lorem ipsum
R6653,lorem ipsum
R6654,lorem ipsum
R6655,lorem ipsum
R6656,lorem ipsum
R6657,lorem ipsum
R6658,lorem ipsum
R6659,lorem ipsum
R6660,lorem ipsum
R6661,lorem ipsum
R6662,lorem ipsum
R6663,lorem ipsum
R6664,lorem ipsum
R6665,lorem ipsum
R6666,lorem ipsum
R6667,lorem ipsum
R6668,lorem ipsum
R6669,lorem ipsum
R6670,lorem ipsum
R6671,lorem ipsum
R6672,lorem ipsum
R6673,lorem ipsum
R6674,lorem ipsum
R6675,lorem ipsum
R6676,lorem ipsum
R6677,lorem ipsum
R6678,lorem ipsum
R6679,lorem ipsum
R6680,lorem ipsum
R6681,lorem ipsum
R6682,lorem ipsum
R6683,lorem ipsum
R6684,lorem ipsum
R6685,lorem ipsum
R6686,lorem ipsum
R6687,lorem ipsum
R6688,lorem ipsum
R6689,lorem ipsum
R6690,lorem ipsum
R6691,lorem ipsum
R6692,lorem ipsum
R6693,lorem ipsum
R6694,lorem ipsum
R6695,lorem ipsum
R6696,lorem ipsum
R6697,lorem ipsum
R6698,lorem ipsum
R6699,lorem ipsum
R6700,lorem ipsum
R6701,lorem ipsum
R6702,lorem ipsum
R6703,lorem ipsum
R6704,lorem ipsum
R6705,lorem ipsum
R6706,lorem ipsum
R6707,lorem ipsum
R6708,lorem ipsum
R6709,lorem ipsum
R6710,lorem ipsum
R6711,lorem ipsum
R6712,lorem ipsum
R6713,lorem ipsum
R6714,lorem ipsum
R6715,lorem ipsum
R6716,lorem ipsum
R6717,lorem ipsum
R6718,lorem ipsum
R6719,lorem ipsum
R6720,lorem ipsum
R6721,lorem ipsum
R6722,lorem ipsum
R6723,lorem ipsum
R6724,lorem ipsum
R6725,lorem ipsum
R6726,lorem ipsum
R6727,lorem ipsum
R6728,lorem ipsum
R6729,lorem ipsum
R6730,lorem ipsum
R6731,lorem ipsum
R6732,lorem ipsum
R6733,lorem ipsum
R6734,lorem ipsum
R6735,lorem ipsum
R6736,lorem ipsum
R6737,lorem ipsum
R6738,lorem ipsum
R6739,lorem ipsum
R6740,lorem ipsum
R6741,lorem ipsum
R6742,lorem ipsum
R6743,lorem ipsum
R6744,lorem ipsum
R6745,lorem ipsum
R6746,lorem ipsum
R6747,lorem ipsum
R6748,lorem ipsum
R6749,lorem ipsum
R6750,lorem ipsum
R6751,lorem ipsum
R6752,lorem ipsum
R6753,lorem ipsum
R6754,lorem ipsum
R6755,lorem ipsum
R6756,lorem ipsum
R6757,lorem ipsum
R6758,lorem ipsum
R6759,lorem ipsum
R6760,lorem ipsum
R6761,lorem ipsum
R6762,lorem ipsum
R6763,lorem ipsum
R6764,lorem ipsum
R6765,lorem ipsum
R6766,lorem ipsum
R6767,lorem ipsum
R6768,lorem ipsum
R6769,lorem ipsum
R6770,lorem ipsum
R6771,lorem ipsum
R6772,lorem ipsum
R6773,lorem ipsum
R6774,lorem ipsum
R6775,lorem ipsum
R6776,lorem ipsum
R6777,lorem ipsum
R6778,lorem ipsum
R6779,lorem ipsum
R6780,lorem ipsum
R6781,lorem ipsum
R6782,lorem ipsum
R6783,lorem ipsum
R6784,lorem ipsum
R6785,lorem ipsum
R6786,lorem ipsum
R6787,lorem ipsum
R6788,lorem ipsum
R6789,lorem ipsum
R6790,lorem ipsum
R6791,lorem ipsum
R6792,lorem ipsum
R6793,lorem ipsum
R6794,lorem ipsum
R6795,lorem ipsum
R6796,lorem ipsum
R6797,lorem ipsum
R6798,lorem ipsum
R6799,lorem ipsum
R6800,lorem ipsum
R6801,lorem ipsum
R6802,lorem ipsum
R6803,lorem ipsum
R6804,lorem ipsum
R6805,lorem ipsum
R6806,lorem ipsum
R6807,lorem ipsum
R6808,lorem ipsum
R6809,lorem ipsum
R6810,lorem ipsum
R6811,lorem ipsum
R6812,lorem ipsum
R6813,lorem ipsum
R6814,lorem ipsum
R6815,lorem ipsum
R6816,lorem ipsum
R6817,lorem ipsum
R6818,lorem ipsum
R6819,lorem ipsum
R6820,lorem ipsum
R6821,lorem ipsum
R6822,lorem ipsum
R6823,lorem ipsum
R6824,lorem ipsum
R6825,lorem ipsum
R6826,lorem ipsum
R6827,lorem ipsum
R6828,lorem ipsum
R6829,lorem ipsum
R6830,lorem ipsum
R6831,lorem ipsum
R6832,lorem ipsum
R6833,lorem ipsum
R6834,lorem ipsum
R6835,lorem ipsum
R6836,lorem ipsum
R6837,lorem ipsum
R6838,lorem ipsum
R6839,lorem ipsum
R6840,lorem ipsum
R6841,lorem ipsum
R6842,lorem ipsum
R6843,lorem ipsum
R6844,lorem ipsum
R6845,lorem ipsum
R6846,lorem ipsum
R6847,lorem ipsum
R6848,lorem ipsum
R6849,lorem ipsum
R6850,lorem ipsum
R6851,lorem ipsum
R6852,lorem ipsum
R6853,lorem ipsum
R6854,lorem ipsum
R6855,lorem ipsum
R6856,lorem ipsum
R6857,lorem ipsum
R6858,lorem ipsum
R6859,lorem ipsum
R6860,lorem ipsum
R6861,lorem ipsum
R6862,lorem ipsum
R6863,lorem ipsum
R6864,lorem ipsum
R6865,lorem ipsum
R6866,lorem ipsum
R6867,lorem ipsum
R6868,lorem ipsum
R6869,lorem ipsum
R6870,lorem ipsum
R6871,lorem ipsum
R6872,lorem ipsum
R6873,lorem ipsum
R6874,lorem ipsum
R6875,lorem ipsum
R6876,lorem ipsum
R6877,lorem ipsum
R6878,lorem ipsum
R6879,lorem ipsum
R6880,lorem ipsum
R6881,lorem ipsum
R6882,lorem ipsum
R6883,lorem ipsum
R6884,lorem ipsum
R6885,lorem ipsum
R6886,lorem ipsum
R6887,lorem ipsum
R6888,lorem ipsum
R6889,lorem ipsum
R6890,lorem ipsum
R6891,lorem ipsum
R6892,lorem ipsum
R6893,lorem ipsum
R6894,lorem ipsum
R6895,lorem ipsum
R6896,lorem ipsum
R6897,lorem ipsum
R6898,lorem ipsum
R6899,lorem ipsum
R6900,lorem ipsum
R6901,lorem ipsum
R6902,lorem ipsum
R6903,lorem ipsum
R6904,lorem ipsum
R6905,lorem ipsum
R6906,lorem ipsum
R6907,lorem ipsum
R6908,lorem ipsum
R6909,lorem ipsum
R6910,lorem ipsum
R6911,lorem ipsum
R6912,lorem ipsum
R6913,lorem ipsum
R6914,lorem ipsum
R6915,lorem ipsum
R6916,lorem ipsum
R6917,lorem ipsum
R6918,lorem ipsum
R6919,lorem ipsum
R6920,lorem ipsum
R6921,lorem ipsum
R6922,lorem ipsum
R6923,lorem ipsum
R6924,lorem ipsum
R6925,lorem ipsum
R6926,lorem ipsum
R6927,lorem ipsum
R6928,lorem ipsum
R6929,lorem ipsum
R6930,lorem ipsum
R6931,lorem ipsum
R6932,lorem ipsum
R6933,lorem ipsum
R6934,lorem ipsum
R6935,lorem ipsum
R6936,lorem ipsum
R6937,lorem ipsum
R6938,lorem ipsum
R6939,lorem ipsum
R6940,lorem ipsum
R6941,lorem ipsum
R6942,lorem ipsum
R6943,lorem ipsum
R6944,lorem ipsum
R6945,lorem ipsum
R6946,lorem ipsum
R6947,lorem ipsum
R6948,lorem ipsum
R6949,lorem ipsum
R6950,lorem ipsum
R6951,lorem ipsum
R6952,lorem ipsum
R6953,lorem ipsum
R6954,lorem ipsum
R6955,lorem ipsum
R6956,lorem ipsum
R6957,lorem ipsum
R6958,lorem ipsum
R6959,lorem ipsum
R6960,lorem ipsum
R6961,lorem ipsum
R6962,lorem ipsum
R6963,lorem ipsum
R6964,lorem ipsum
R6965,lorem ipsum
R6966,lorem ipsum
R6967,lorem ipsum
R6968,lorem ipsum
R6969,lorem ipsum
R6970,lorem ipsum
R6971,lorem ipsum
R6972,lorem ipsum
R6973,lorem ipsum
R6974,lorem ipsum
R6975,lorem ipsum
R6976,lorem ipsum
R6977,lorem ipsum
R6978,lorem ipsum
R6979,lorem ipsum
R6980,lorem ipsum
R6981,lorem ipsum
R6982,lorem ipsum
R6983,lorem ipsum
R6984,lorem ipsum
R6985,lorem ipsum
R6986,lorem ipsum
R6987,lorem ipsum
R6988,lorem ipsum
R6989,lorem ipsum
R6990,lorem ipsum
R6991,lorem ipsum
R6992,lorem ipsum
R6993,lorem ipsum
R6994,lorem ipsum
R6995,lorem ipsum
R6996,lorem ipsum
R6997,lorem ipsum
R6998,lorem ipsum
R6999,lorem ipsum
R7000,lorem ipsum
R7001,lorem ipsum
R7002,lorem ipsum
R7003,lorem ipsum
R7004,lorem ipsum
R7005,lorem ipsum
R7006,lorem ipsum
R7007,lorem ipsum
R7008,lorem ipsum
R7009,lorem ipsum
R7010,lorem ipsum
R7011,lorem ipsum
R7012,lorem ipsum
R7013,lorem ipsum
R7014,lorem ipsum
R7015,lorem ipsum
R7016,lorem ipsum
R7017,lorem ipsum
R7018,lorem ipsum
R7019,lorem ipsum
R7020,lorem ipsum
R7021,lorem ipsum
R7022,lorem ipsum
R7023,lorem ipsum
R7024,lorem ipsum
R7025,lorem ipsum
R7026,lorem ipsum
R7027,lorem ipsum
R7028,lorem ipsum
R7029,lorem ipsum
R7030,lorem ipsum
R7031,lorem ipsum
R7032,lorem ipsum
R7033,lorem ipsum
R7034,lorem ipsum
R7035,lorem ipsum
R7036,lorem ipsum
R7037,lorem ipsum
R7038,lorem ipsum
R7039,lorem ipsum
R7040,lorem ipsum
R7041,lorem ipsum
R7042,lorem ipsum
R7043,lorem ipsum
R7044,lorem ipsum
R7045,lorem ipsum
R7046,lorem ipsum
R7047,lorem ipsum
R7048,lorem ipsum
R7049,lorem ipsum
R7050,lorem ipsum
R7051,lorem ipsum
R7052,lorem ipsum
R7053,lorem ipsum
R7054,lorem ipsum
R7055,lorem ipsum
R7056,lorem ipsum
R7057,lorem ipsum
R7058,lorem ipsum
R7059,lorem ipsum
R7060,lorem ipsum
R7061,lorem ipsum
R7062,lorem ipsum
R7063,lorem ipsum
R7064,lorem ipsum
R7065,lorem ipsum
R7066,lorem ipsum
R7067,lorem ipsum
R7068,lorem ipsum
R7069,lorem ipsum
R7070,lorem ipsum
R7071,lorem ipsum
R7072,lorem ipsum
R7073,lorem ipsum
R7074,lorem ipsum
R7075,lorem ipsum
R7076,lorem ipsum
R7077,lorem ipsum
R7078,lorem ipsum
R7079,lorem ipsum
R7080,lorem ipsum
R7081,lorem ipsum
R7082,lorem ipsum
R7083,lorem ipsum
R7084,lorem ipsum
R7085,lorem ipsum
R7086,lorem ipsum
R7087,lorem ipsum
R7088,lorem ipsum
R7089,lorem ipsum
R7090,lorem ipsum
R7091,lorem ipsum
R7092,lorem ipsum
R7093,lorem ipsum
R7094,lorem ipsum
R7095,lorem ipsum
R7096,lorem ipsum
R7097,lorem ipsum
R7098,lorem ipsum
R7099,lorem ipsum
R7100,lorem ipsum
R7101,lorem ipsum
R7102,lorem ipsum
R7103,lorem ipsum
R7104,lorem ipsum
R7105,lorem ipsum
R7106,lorem ipsum
R7107,lorem ipsum
R7108,lorem ipsum
R7109,lorem ipsum
R7110,lorem ipsum
R7111,lorem ipsum
R7112,lorem ipsum
R7113,lorem ipsum
R7114,lorem ipsum
R7115,lorem ipsum
R7116,lorem ipsum
R7117,lorem ipsum
R7118,lorem ipsum
R7119,lorem ipsum
R7120,lorem ipsum
R7121,lorem ipsum
R7122,lorem ipsum
R7123,lorem ipsum
R7124,lorem ipsum
R7125,lorem ipsum
R7126,lorem ipsum
R7127,lorem ipsum
R7128,lorem ipsum
R7129,lorem ipsum
R7130,lorem ipsum
R7131,lorem ipsum
R7132,lorem ipsum
R7133,lorem ipsum
R7134,lorem ipsum
R7135,lorem ipsum
R7136,lorem ipsum
R7137,lorem ipsum
R7138,lorem ipsum
R7139,lorem ipsum
R7140,lorem ipsum
R7141,lorem ipsum
R7142,lorem ipsum
R7143,lorem ipsum
R7144,lorem ipsum
R7145,lorem ipsum
R7146,lorem ipsum
R7147,lorem ipsum
R7148,lorem ipsum
R7149,lorem ipsum
R7150,lorem ipsum
R7151,lorem ipsum
R7152,lorem ipsum
R7153,lorem ipsum
R7154,lorem ipsum
R7155,lorem ipsum
R7156,lorem ipsum
R7157,lorem ipsum
R7158,lorem ipsum
R7159,lorem ipsum
R7160,lorem ipsum
R7161,lorem ipsum
R7162,lorem ipsum
R7163,lorem ipsum
R7164,lorem ipsum
R7165,lorem ipsum
R7166,lorem ipsum
R7167,lorem ipsum
R7168,lorem ipsum
R7169,lorem ipsum
R7170,lorem ipsum
R7171,lorem ipsum
R7172,lorem ipsum
R7173,lorem ipsum
R7174,lorem ipsum
R7175,lorem ipsum
R7176,lorem ipsum
R7177,lorem ipsum
R7178,lorem ipsum
R7179,lorem ipsum
R7180,lorem ipsum
R7181,lorem ipsum
R7182,lorem ipsum
R7183,lorem ipsum
R7184,lorem ipsum
R7185,lorem ipsum
R7186,lorem ipsum
R7187,lorem ipsum
R7188,lorem ipsum
R7189,lorem ipsum
R7190,lorem ipsum
R7191,lorem ipsum
R7192,lorem ipsum
R7193,lorem ipsum
R7194,lorem ipsum
R7195,lorem ipsum
R7196,lorem ipsum
R7197,lorem ipsum
R7198,lorem ipsum
R7199,lorem ipsum
R7200,lorem ipsum
R7201,lorem ipsum
R7202,lorem ipsum
R7203,lorem ipsum
R7204,lorem ipsum
R7205,lorem ipsum
R7206,lorem ipsum
R7207,lorem ipsum
R7208,lorem ipsum
R7209,lorem ipsum
R7210,lorem ipsum
R7211,lorem ipsum
R7212,lorem ipsum
R7213,lorem ipsum
R7214,lorem ipsum
R7215,lorem ipsum
R7216,lorem ipsum
R7217,lorem ipsum
R7218,lorem ipsum
R7219,lorem ipsum
R7220,lorem ipsum
R7221,lorem ipsum
R7222,lorem ipsum
R7223,lorem ipsum
R7224,lorem ipsum
R7225,lorem ipsum
R7226,lorem ipsum
R7227,lorem ipsum
R7228,lorem ipsum
R7229,lorem ipsum
R7230,lorem ipsum
R7231,lorem ipsum
R7232,lorem ipsum
R7233,lorem ipsum
R7234,lorem ipsum
R7235,lorem ipsum
R7236,lorem ipsum
R7237,lorem ipsum
R7238,lorem ipsum
R7239,lorem ipsum
R7240,lorem ipsum
R7241,lorem ipsum
R7242,lorem ipsum
R7243,lorem ipsum
R7244,lorem ipsum
R7245,lorem ipsum
R7246,lorem ipsum
R7247,lorem ipsum
R7248,lorem ipsum
R7249,lorem ipsum
R7250,lorem ipsum
R7251,lorem ipsum
R7252,lorem ipsum
R7253,lorem ipsum
R7254,lorem ipsum
R7255,lorem ipsum
R7256,lorem ipsum
R7257,lorem ipsum
R7258,lorem ipsum
R7259,lorem ipsum
R7260,lorem ipsum
R7261,lorem ipsum
R7262,lorem ipsum
R7263,lorem ipsum
R7264,lorem ipsum
R7265,lorem ipsum
R7266,lorem ipsum
R7267,lorem ipsum
R7268,lorem ipsum
R7269,lorem ipsum
R7270,lorem ipsum
R7271,lorem ipsum
R7272,lorem ipsum
R7273,lorem ipsum
R7274,lorem ipsum
R7275,lorem ipsum
R7276,lorem ipsum
R7277,lorem ipsum
R7278,lorem ipsum
R7279,lorem ipsum
R7280,lorem ipsum
R7281,lorem ipsum
R7282,lorem ipsum
R7283,lorem ipsum
R7284,lorem ipsum
R7285,lorem ipsum
R7286,lorem ipsum
R7287,lorem ipsum
R7288,lorem ipsum
R7289,lorem ipsum
R7290,lorem ipsum
R7291,lorem ipsum
R7292,lorem ipsum
R7293,lorem ipsum
R7294,lorem ipsum
R7295,lorem ipsum
R7296,lorem ipsum
R7297,lorem ipsum
R7298,lorem ipsum
R7299,lorem ipsum
R7300,lorem ipsum
R7301,lorem ipsum
R7302,lorem ipsum
R7303,lorem ipsum
R7304,lorem ipsum
R7305,lorem ipsum
R7306,lorem ipsum
R7307,lorem ipsum
R7308,lorem ipsum
R7309,lorem ipsum
R7310,lorem ipsum
R7311,lorem ipsum
R7312,lorem ipsum
R7313,lorem ipsum
R7314,lorem ipsum
R7315,lorem ipsum
R7316,lorem ipsum
R7317,lorem ipsum
R7318,lorem ipsum
R7319,lorem ipsum
R7320,lorem ipsum
R7321,lorem ipsum
R7322,lorem ipsum
R7323,lorem ipsum
R7324,lorem ipsum
R7325,lorem ipsum
R7326,lorem ipsum
R7327,lorem ipsum
R7328,lorem ipsum
R7329,lorem ipsum
R7330,lorem ipsum
R7331,lorem ipsum
R7332,lorem ipsum
R7333,lorem ipsum
R7334,lorem ipsum
R7335,lorem ipsum
R7336,lorem ipsum
R7337,lorem ipsum
R7338,lorem ipsum
R7339,lorem ipsum
R7340,lorem ipsum
R7341,lorem ipsum
R7342,lorem ipsum
R7343,lorem ipsum
R7344,lorem ipsum
R7345,lorem ipsum
R7346,lorem ipsum
R7347,lorem ipsum
R7348,lorem ipsum
R7349,lorem ipsum
R7350,lorem ipsum
R7351,lorem ipsum
R7352,lorem ipsum
R7353,lorem ipsum
R7354,lorem ipsum
R7355,lorem ipsum
R7356,lorem ipsum
R7357,lorem ipsum
R7358,lorem ipsum
R7359,lorem ipsum
R7360,lorem ipsum
R7361,lorem ipsum
R7362,lorem ipsum
R7363,lorem ipsum
R7364,lorem ipsum
R7365,lorem ipsum
R7366,lorem ipsum
R7367,lorem ipsum
R7368,lorem ipsum
R7369,lorem ipsum
R7370,lorem ipsum
R7371,lorem ipsum
R7372,lorem ipsum
R7373,lorem ipsum
R7374,lorem ipsum
R7375,lorem ipsum
R7376,lorem ipsum
R7377,lorem ipsum
R7378,lorem ipsum
R7379,lorem ipsum
R7380,lorem ipsum
R7381,lorem ipsum
R7382,lorem ipsum
R7383,lorem ipsum
R7384,lorem ipsum
R7385,lorem ipsum
R7386,lorem ipsum
R7387,lorem ipsum
R7388,lorem ipsum
R7389,lorem ipsum
R7390,lorem ipsum
R7391,lorem ipsum
R7392,lorem ipsum
R7393,lorem ipsum
R7394,lorem ipsum
R7395,lorem ipsum
R7396,lorem ipsum
R7397,lorem ipsum
R7398,lorem ipsum
R7399,lorem ipsum
R7400,lorem ipsum
R7401,lorem ipsum
R7402,lorem ipsum
R7403,lorem ipsum
R7404,lorem ipsum
R7405,lorem ipsum
R7406,lorem ipsum
R7407,lorem ipsum
R7408,lorem ipsum
R7409,lorem ipsum
R7410,lorem ipsum
R7411,lorem ipsum
R7412,lorem ipsum
R7413,lorem ipsum
R7414,lorem ipsum
R7415,lorem ipsum
R7416,lorem ipsum
R7417,lorem ipsum
R7418,lorem ipsum
R7419,lorem ipsum
R7420,lorem ipsum
R7421,lorem ipsum
R7422,lorem ipsum
R7423,lorem ipsum
R7424,lorem ipsum
R7425,lorem ipsum
R7426,lorem ipsum
R7427,lorem ipsum
R7428,lorem ipsum
R7429,lorem ipsum
R7430,lorem ipsum
R7431,lorem ipsum
R7432,lorem ipsum
R7433,lorem ipsum
R7434,lorem ipsum
R7435,lorem ipsum
R7436,lorem ipsum
R7437,lorem ipsum
R7438,lorem ipsum
R7439,lorem ipsum
R7440,lorem ipsum
R7441,lorem ipsum
R7442,lorem ipsum
R7443,lorem ipsum
R7444,lorem ipsum
R7445,lorem ipsum
R7446,lorem ipsum
R7447,lorem ipsum
R7448,lorem ipsum
R7449,lorem ipsum
R7450,lorem ipsum
R7451,lorem ipsum
R7452,lorem ipsum
R7453,lorem ipsum
R7454,lorem ipsum
R7455,lorem ipsum
R7456,lorem ipsum
R7457,lorem ipsum
R7458,lorem ipsum
R7459,lorem ipsum
R7460,lorem ipsum
R7461,lorem ipsum
R7462,lorem ipsum
R7463,lorem ipsum
R7464,lorem ipsum
R7465,lorem ipsum
R7466,lorem ipsum
R7467,lorem ipsum
R7468,lorem ipsum
R7469,lorem ipsum
R7470,lorem ipsum
R7471,lorem ipsum
R7472,lorem ipsum
R7473,lorem ipsum
R7474,lorem ipsum
R7475,lorem ipsum
R7476,lorem ipsum
R7477,lorem ipsum
R7478,lorem ipsum
R7479,lorem ipsum
R7480,lorem ipsum
R7481,lorem ipsum
R7482,lorem ipsum
R7483,lorem ipsum
R7484,lorem ipsum
R7485,lorem ipsum
R7486,lorem ipsum
R7487,lorem ipsum
R7488,lorem ipsum
R7489,lorem ipsum
R7490,lorem ipsum
R7491,lorem ipsum
R7492,lorem ipsum
R7493,lorem ipsum
R7494,lorem ipsum
R7495,lorem ipsum
R7496,lorem ipsum
R7497,lorem ipsum
R7498,lorem ipsum
R7499,lorem ipsum
R7500,lorem ipsum
R7501,lorem ipsum
R7502,lorem ipsum
R7503,lorem ipsum
R7504,lorem ipsum
R7505,lorem ipsum
R7506,lorem ipsum
R7507,lorem ipsum
R7508,lorem ipsum
R7509,lorem ipsum
R7510,lorem ipsum
R7511,lorem ipsum
R7512,lorem ipsum
R7513,lorem ipsum
R7514,lorem ipsum
R7515,lorem ipsum
R7516,lorem ipsum
R7517,lorem ipsum
R7518,lorem ipsum
R7519,lorem ipsum
R7520,lorem ipsum
R7521,lorem ipsum
R7522,lorem ipsum
R7523,lorem ipsum
R7524,lorem ipsum
R7525,lorem ipsum
R7526,lorem ipsum
R7527,lorem ipsum
R7528,lorem ipsum
R7529,lorem ipsum
R7530,lorem ipsum
R7531,lorem ipsum
R7532,lorem ipsum
R7533,lorem ipsum
R7534,lorem ipsum
R7535,lorem ipsum
R7536,lorem ipsum
R7537,lorem ipsum
R7538,lorem ipsum
R7539,lorem ipsum
R7540,lorem ipsum
R7541,lorem ipsum
R7542,lorem ipsum
R7543,lorem ipsum
R7544,lorem ipsum
R7545,lorem ipsum
R7546,lorem ipsum
R7547,lorem ipsum
R7548,lorem ipsum
R7549,lorem ipsum
R7550,lorem ipsum
R7551,lorem ipsum
R7552,lorem ipsum
R7553,lorem ipsum
R7554,lorem ipsum
R7555,lorem ipsum
R7556,lorem ipsum
R7557,lorem ipsum
R7558,lorem ipsum
R7559,lorem ipsum
R7560,lorem ipsum
R7561,lorem ipsum
R7562,lorem ipsum
R7563,lorem ipsum
R7564,lorem ipsum
R7565,lorem ipsum
R7566,lorem ipsum
R7567,lorem ipsum
R7568,lorem ipsum
R7569,lorem ipsum
R7570,lorem ipsum
R7571,lorem ipsum
R7572,lorem ipsum
R7573,lorem ipsum
R7574,lorem ipsum
R7575,lorem ipsum
R7576,lorem ipsum
R7577,lorem ipsum
R7578,lorem ipsum
R7579,lorem ipsum
R7580,lorem ipsum
R7581,lorem ipsum
R7582,lorem ipsum
R7583,lorem ipsum
R7584,lorem ipsum
R7585,lorem ipsum
R7586,lorem ipsum
R7587,lorem ipsum
R7588,lorem ipsum
R7589,lorem ipsum
R7590,lorem ipsum
R7591,lorem ipsum
R7592,lorem ipsum
R7593,lorem ipsum
R7594,lorem ipsum
R7595,lorem ipsum
R7596,lorem ipsum
R7597,lorem ipsum
R7598,lorem ipsum
R7599,lorem ipsum
R7600,lorem ipsum
R7601,lorem ipsum
R7602,lorem ipsum
R7603,lorem ipsum
R7604,lorem ipsum
R7605,lorem ipsum
R7606,lorem ipsum
R7607,lorem ipsum
R7608,lorem ipsum
R7609,lorem ipsum
R7610,lorem ipsum
R7611,lorem ipsum
R7612,lorem ipsum
R7613,lorem ipsum
R7614,lorem ipsum
R7615,lorem ipsum
R7616,lorem ipsum
R7617,lorem ipsum
R7618,lorem ipsum
R7619,lorem ipsum
R7620,lorem ipsum
R7621,lorem ipsum
R7622,lorem ipsum
R7623,lorem ipsum
R7624,lorem ipsum
R7625,lorem ipsum
R7626,lorem ipsum
R7627,lorem ipsum
R7628,lorem ipsum
R7629,lorem ipsum
R7630,lorem ipsum
R7631,lorem ipsum
R7632,lorem ipsum
R7633,lorem ipsum
R7634,lorem ipsum
R7635,lorem ipsum
R7636,lorem ipsum
R7637,lorem ipsum
R7638,lorem ipsum
R7639,lorem ipsum
R7640,lorem ipsum
R7641,lorem ipsum
R7642,lorem ipsum
R7643,lorem ipsum
R7644,lorem ipsum
R7645,lorem ipsum
R7646,lorem ipsum
R7647,lorem ipsum
R7648,lorem ipsum
R7649,lorem ipsum
R7650,lorem ipsum
R7651,lorem ipsum
R7652,lorem ipsum
R7653,lorem ipsum
R7654,lorem ipsum
R7655,lorem ipsum
R7656,lorem ipsum
R7657,lorem ipsum
R7658,lorem ipsum
R7659,lorem ipsum
R7660,lorem ipsum
R7661,lorem ipsum
R7662,lorem ipsum
R7663,lorem ipsum
R7664,lorem ipsum
R7665,lorem ipsum
R7666,lorem ipsum
R7667,lorem ipsum
R7668,lorem ipsum
R7669,lorem ipsum
R7670,lorem ipsum
R7671,lorem ipsum
R7672,lorem ipsum
R7673,lorem ipsum
R7674,lorem ipsum
R7675,lorem ipsum
R7676,lorem ipsum
R7677,lorem ipsum
R7678,lorem ipsum
R7679,lorem ipsum
R7680,lorem ipsum
R7681,lorem ipsum
R7682,lorem ipsum
R7683,lorem ipsum
R7684,lorem ipsum
R7685,lorem ipsum
R7686,lorem ipsum
R7687,lorem ipsum
R7688,lorem ipsum
R7689,lorem ipsum
R7690,lorem ipsum
R7691,lorem ipsum
R7692,lorem ipsum
R7693,lorem ipsum
R7694,lorem ipsum
R7695,lorem ipsum
R7696,lorem ipsum
R7697,lorem ipsum
R7698,lorem ipsum
R7699,lorem ipsum
R7700,lorem ipsum
R7701,lorem ipsum
R7702,lorem ipsum
R7703,lorem ipsum
R7704,lorem ipsum
R7705,lorem ipsum
R7706,lorem ipsum
R7707,lorem ipsum
R7708,lorem ipsum
R7709,lorem ipsum
R7710,lorem ipsum
R7711,lorem ipsum
R7712,lorem ipsum
R7713,lorem ipsum
R7714,lorem ipsum
R7715,lorem ipsum
R7716,lorem ipsum
R7717,lorem ipsum
R7718,lorem ipsum
R7719,lorem ipsum
R7720,lorem ipsum
R7721,lorem ipsum
R7722,lorem ipsum
R7723,lorem ipsum
R7724,lorem ipsum
R7725,lorem ipsum
R7726,lorem ipsum
R7727,lorem ipsum
R7728,lorem ipsum
R7729,lorem ipsum
R7730,lorem ipsum
R7731,lorem ipsum
R7732,lorem ipsum
R7733,lorem ipsum
R7734,lorem ipsum
R7735,lorem ipsum
R7736,lorem ipsum
R7737,lorem ipsum
R7738,lorem ipsum
R7739,lorem ipsum
R7740,lorem ipsum
R7741,lorem ipsum
R7742,lorem ipsum
R7743,lorem ipsum
R7744,lorem ipsum
R7745,lorem ipsum
R7746,lorem ipsum
R7747,lorem ipsum
R7748,lorem ipsum
R7749,lorem ipsum
R7750,lorem ipsum
R7751,lorem ipsum
R7752,lorem ipsum
R7753,lorem ipsum
R7754,lorem ipsum
R7755,lorem ipsum
R7756,lorem ipsum
R7757,lorem ipsum
R7758,lorem ipsum
R7759,lorem ipsum
R7760,lorem ipsum
R7761,lorem ipsum
R7762,lorem ipsum
R7763,lorem ipsum
R7764,lorem ipsum
R7765,lorem ipsum
R7766,lorem ipsum
R7767,lorem ipsum
R7768,lorem ipsum
R7769,lorem ipsum
R7770,lorem ipsum
R7771,lorem ipsum
R7772,lorem ipsum
R7773,lorem ipsum
R7774,lorem ipsum
R7775,lorem ipsum
R7776,lorem ipsum
R7777,lorem ipsum
R7778,lorem ipsum
R7779,lorem ipsum
R7780,lorem ipsum
R7781,lorem ipsum
R7782,lorem ipsum
R7783,lorem ipsum
R7784,lorem ipsum
R7785,lorem ipsum
R7786,lorem ipsum
R7787,lorem ipsum
R7788,lorem ipsum
R7789,lorem ipsum
R7790,lorem ipsum
R7791,lorem ipsum
R7792,lorem ipsum
R7793,lorem ipsum
R7794,lorem ipsum
R7795,lorem ipsum
R7796,lorem ipsum
R7797,lorem ipsum
R7798,lorem ipsum
R7799,lorem ipsum
R7800,lorem ipsum
R7801,lorem ipsum
R7802,lorem ipsum
R7803,lorem ipsum
R7804,lorem ipsum
R7805,lorem ipsum
R7806,lorem ipsum
R7807,lorem ipsum
R7808,lorem ipsum
R7809,lorem ipsum
R7810,lorem ipsum
R7811,lorem ipsum
R7812,lorem ipsum
R7813,lorem ipsum
R7814,lorem ipsum
R7815,lorem ipsum
R7816,lorem ipsum
R7817,lorem ipsum
R7818,lorem ipsum
R7819,lorem ipsum
R7820,lorem ipsum
R7821,lorem ipsum
R7822,lorem ipsum
R7823,lorem ipsum
R7824,lorem ipsum
R7825,lorem ipsum
R7826,lorem ipsum
R7827,lorem ipsum
R7828,lorem ipsum
R7829,lorem ipsum
R7830,lorem ipsum
R7831,lorem ipsum
R7832,lorem ipsum
R7833,lorem ipsum
R7834,lorem ipsum
R7835,lorem ipsum
R7836,lorem ipsum
R7837,lorem ipsum
R7838,lorem ipsum
R7839,lorem ipsum
R7840,lorem ipsum
R7841,lorem ipsum
R7842,lorem ipsum
R7843,lorem ipsum
R7844,lorem ipsum
R7845,lorem ipsum
R7846,lorem ipsum
R7847,lorem ipsum
R7848,lorem ipsum
R7849,lorem ipsum
R7850,lorem ipsum
R7851,lorem ipsum
R7852,lorem ipsum
R7853,lorem ipsum
R7854,lorem ipsum
R7855,lorem ipsum
R7856,lorem ipsum
R7857,lorem ipsum
R7858,lorem ipsum
R7859,lorem ipsum
R7860,lorem ipsum
R7861,lorem ipsum
R7862,lorem ipsum
R7863,lorem ipsum
R7864,lorem ipsum
R7865,lorem ipsum
R7866,lorem ipsum
R7867,lorem ipsum
R7868,lorem ipsum
R7869,lorem ipsum
R7870,lorem ipsum
R7871,lorem ipsum
R7872,lorem ipsum
R7873,lorem ipsum
R7874,lorem ipsum
R7875,lorem ipsum
R7876,lorem ipsum
R7877,lorem ipsum
R7878,lorem ipsum
R7879,lorem ipsum
R7880,lorem ipsum
R7881,lorem ipsum
R7882,lorem ipsum
R7883,lorem ipsum
R7884,lorem ipsum
R7885,lorem ipsum
R7886,lorem ipsum
R7887,lorem ipsum
R7888,lorem ipsum
R7889,lorem ipsum
R7890,lorem ipsum
R7891,lorem ipsum
R7892,lorem ipsum
R7893,lorem ipsum
R7894,lorem ipsum
R7895,lorem ipsum
R7896,lorem ipsum
D1,lorem ipsum
D2,lorem ipsum
D3,lorem ipsum
D4,lorem ipsum
D5,lorem ipsum
D6,lorem ipsum
D7,lorem ipsum
D8,lorem ipsum
D9,lorem ipsum
D10,lorem ipsum
D11,lorem ipsum
D12,lorem ipsum
D13,lorem ipsum
D14,lorem ipsum
D15,lorem ipsum
D16,lorem ipsum
D17,lorem ipsum
D18,lorem ipsum
D19,lorem ipsum
D20,lorem ipsum
D21,lorem ipsum
D22,lorem ipsum
D23,lorem ipsum
D24,lorem ipsum
D25,lorem ipsum
D26,lorem ipsum
D27,lorem ipsum
D28,lorem ipsum
D29,lorem ipsum
D30,lorem ipsum
D31,lorem ipsum
D32,lorem ipsum
D33,lorem ipsum
D34,lorem ipsum
D35,lorem ipsum
D36,lorem ipsum
D37,lorem ipsum
D38,lorem ipsum
D39,lorem ipsum
D40,lorem ipsum
D41,lorem ipsum
D42,lorem ipsum
D43,lorem ipsum
D44,lorem ipsum
D45,lorem ipsum
D46,lorem ipsum
D47,lorem ipsum
D48,lorem ipsum
D49,lorem ipsum
D50,lorem ipsum
D51,lorem ipsum
D52,lorem ipsum
D53,lorem ipsum
D54,lorem ipsum
D55,lorem ipsum
D56,lorem ipsum
D57,lorem ipsum
D58,lorem ipsum
D59,lorem ipsum
D60,lorem ipsum
D61,lorem ipsum
D62,lorem ipsum
D63,lorem ipsum
D64,lorem ipsum
D65,lorem ipsum
D66,lorem ipsum
D67,lorem ipsum
D68,lorem ipsum
D69,lorem ipsum
D70,lorem ipsum
D71,lorem ipsum
D72,lorem ipsum
D73,lorem ipsum
D74,lorem ipsum
D75,lorem ipsum
D76,lorem ipsum
D77,lorem ipsum
D78,lorem ipsum
D79,lorem ipsum
D80,lorem ipsum
D81,lorem ipsum
D82,lorem ipsum
D83,lorem ipsum
D84,lorem ipsum
D85,lorem ipsum
D86,lorem ipsum
D87,lorem ipsum
D88,lorem ipsum
D89,lorem ipsum
D90,lorem ipsum
D91,lorem ipsum
D92,lorem ipsum
D93,lorem ipsum
D94,lorem ipsum
D95,lorem ipsum
D96,lorem ipsum
D97,lorem ipsum
D98,lorem ipsum
D99,lorem ipsum
D100,lorem ipsum
D101,lorem ipsum
D102,lorem ipsum
D103,lorem ipsum
D104,lorem ipsum
D105,lorem ipsum
D106,lorem ipsum
D107,lorem ipsum
D108,lorem ipsum
D109,lorem ipsum
D110,lorem ipsum
D111,lorem ipsum
D112,lorem ipsum
D113,lorem ipsum
D114,lorem ipsum
D115,lorem ipsum
D116,lorem ipsum
D117,lorem ipsum
D118,lorem ipsum
D119,lorem ipsum
D120,lorem ipsum
D121,lorem ipsum
D122,lorem ipsum
D123,lorem ipsum
D124,lorem ipsum
D125,lorem ipsum
D126,lorem ipsum
D127,lorem ipsum
D128,lorem ipsum
D129,lorem ipsum
D130,lorem ipsum
D131,lorem ipsum
D132,lorem ipsum
D133,lorem ipsum
D134,lorem ipsum
D135,lorem ipsum
D136,lorem ipsum
D137,lorem ipsum
D138,lorem ipsum
D139,lorem ipsum
D140,lorem ipsum
D141,lorem ipsum
D142,lorem ipsum
D143,lorem ipsum
D144,lorem ipsum
D145,lorem ipsum
D146,lorem ipsum
D147,lorem ipsum
D148,lorem ipsum
D149,lorem ipsum
D150,lorem ipsum
D151,lorem ipsum
D152,lorem ipsum
D153,lorem ipsum
D154,lorem ipsum
D155,lorem ipsum
D156,lorem ipsum
D157,lorem ipsum
D158,lorem ipsum
D159,lorem ipsum
D160,lorem ipsum
D161,lorem ipsum
D162,lorem ipsum
D163,lorem ipsum
D164,lorem ipsum
D165,lorem ipsum
D166,lorem ipsum
D167,lorem ipsum
D168,lorem ipsum
D169,lorem ipsum
D170,lorem ipsum
D171,lorem ipsum
D172,lorem ipsum
D173,lorem ipsum
D174,lorem ipsum
D175,lorem ipsum
D176,lorem ipsum
D177,lorem ipsum
D178,lorem ipsum
D179,lorem ipsum
D180,lorem ipsum
D181,lorem ipsum
D182,lorem ipsum
D183,lorem ipsum
D184,lorem ipsum
D185,lorem ipsum
D186,lorem ipsum
D187,lorem ipsum
D188,lorem ipsum
D189,lorem ipsum
D190,lorem ipsum
D191,lorem ipsum
D192,lorem ipsum
D193,lorem ipsum
D194,lorem ipsum
D195,lorem ipsum
D196,lorem ipsum
D197,lorem ipsum
D198,lorem ipsum
D199,lorem ipsum
D200,lorem ipsum
D201,lorem ipsum
D202,lorem ipsum
D203,lorem ipsum
D204,lorem ipsum
D205,lorem ipsum
D206,lorem ipsum
D207,lorem ipsum
D208,lorem ipsum
D209,lorem ipsum
D210,lorem ipsum
D211,lorem ipsum
D212,lorem ipsum
D213,lorem ipsum
D214,lorem ipsum
D215,lorem ipsum
D216,lorem ipsum
D217,lorem ipsum
D218,lorem ipsum
D219,lorem ipsum
D220,lorem ipsum
D221,lorem ipsum
D222,lorem ipsum
D223,lorem ipsum
D224,lorem ipsum
D225,lorem ipsum
D226,lorem ipsum
D227,lorem ipsum
D228,lorem ipsum
D229,lorem ipsum
D230,lorem ipsum
D231,lorem ipsum
D232,lorem ipsum
D233,lorem ipsum
D234,lorem ipsum
D235,lorem ipsum
D236,lorem ipsum
D237,lorem ipsum
D238,lorem ipsum
D239,lorem ipsum
D240,lorem ipsum
D241,lorem ipsum
D242,lorem ipsum
D243,lorem ipsum
D244,lorem ipsum
D245,lorem ipsum
D246,lorem ipsum
D247,lorem ipsum
D248,lorem ipsum
D249,lorem ipsum
D250,lorem ipsum
D251,lorem ipsum
D252,lorem ipsum
D253,lorem ipsum
D254,lorem ipsum
D255,lorem ipsum
D256,lorem ipsum
D257,lorem ipsum
D258,lorem ipsum
D259,lorem ipsum
D260,lorem ipsum
D261,lorem ipsum
D262,lorem ipsum
D263,lorem ipsum
D264,lorem ipsum
D265,lorem ipsum
D266,lorem ipsum
D267,lorem ipsum
D268,lorem ipsum
D269,lorem ipsum
D270,lorem ipsum
D271,lorem ipsum
D272,lorem ipsum
D273,lorem ipsum
D274,lorem ipsum
D275,lorem ipsum
D276,lorem ipsum
D277,lorem ipsum
D278,lorem ipsum
D279,lorem ipsum
D280,lorem ipsum
D281,lorem ipsum
D282,lorem ipsum
D283,lorem ipsum
D284,lorem ipsum
D285,lorem ipsum
D286,lorem ipsum
D287,lorem ipsum
D288,lorem ipsum
D289,lorem ipsum
D290,lorem ipsum
D291,lorem ipsum
D292,lorem ipsum
D293,lorem ipsum
D294,lorem ipsum
D295,lorem ipsum
D296,lorem ipsum
D297,lorem ipsum
D298,lorem ipsum
D299,lorem ipsum
D300,lorem ipsum
D301,lorem ipsum
D302,lorem ipsum
D303,lorem ipsum
D304,lorem ipsum
D305,lorem ipsum
D306,lorem ipsum
D307,lorem ipsum
D308,lorem ipsum
D309,lorem ipsum
D310,lorem ipsum
D311,lorem ipsum
D312,lorem ipsum
D313,lorem ipsum
D314,lorem ipsum
D315,lorem ipsum
D316,lorem ipsum
D317,lorem ipsum
D318,lorem ipsum
D319,lorem ipsum
D320,lorem ipsum
D321,lorem ipsum
D322,lorem ipsum
D323,lorem ipsum
D324,lorem ipsum
D325,lorem ipsum
D326,lorem ipsum
D327,lorem ipsum
D328,lorem ipsum
D329,lorem ipsum
D330,lorem ipsum
D331,lorem ipsum
D332,lorem ipsum
D333,lorem ipsum
D334,lorem ipsum
D335,lorem ipsum
D336,lorem ipsum
D337,lorem ipsum
D338,lorem ipsum
D339,lorem ipsum
D340,lorem ipsum
D341,lorem ipsum
D342,lorem ipsum
D343,lorem ipsum
D344,lorem ipsum
D345,lorem ipsum
D346,lorem ipsum
D347,lorem ipsum
D348,lorem ipsum
D349,lorem ipsum
D350,lorem ipsum
D351,lorem ipsum
D352,lorem ipsum
D353,lorem ipsum
D354,lorem ipsum
D355,lorem ipsum
D356,lorem ipsum
D357,lorem ipsum
D358,lorem ipsum
D359,lorem ipsum
D360,lorem ipsum
D361,lorem ipsum
D362,lorem ipsum
D363,lorem ipsum
D364,lorem ipsum
D365,lorem ipsum
D366,lorem ipsum
D367,lorem ipsum
D368,lorem ipsum
D369,lorem ipsum
D370,lorem ipsum
D371,lorem ipsum
D372,lorem ipsum
D373,lorem ipsum
D374,lorem ipsum
D375,lorem ipsum
D376,lorem ipsum
D377,lorem ipsum
D378,lorem ipsum
D379,lorem ipsum
D380,lorem ipsum
D381,lorem ipsum
D382,lorem ipsum
D383,lorem ipsum
D384,lorem ipsum
D385,lorem ipsum
D386,lorem ipsum
D387,lorem ipsum
D388,lorem ipsum
D389,lorem ipsum
D390,lorem ipsum
D391,lorem ipsum
D392,lorem ipsum
D393,lorem ipsum
D394,lorem ipsum
D395,lorem ipsum
D396,lorem ipsum
D397,lorem ipsum
D398,lorem ipsum
D399,lorem ipsum
D400,lorem ipsum
D401,lorem ipsum
D402,lorem ipsum
D403,lorem ipsum
D404,lorem ipsum
D405,lorem ipsum
D406,lorem ipsum
D407,lorem ipsum
D408,lorem ipsum
D409,lorem ipsum
D410,lorem ipsum
D411,lorem ipsum
D412,lorem ipsum
D413,lorem ipsum
D414,lorem ipsum
D415,lorem ipsum
D416,lorem ipsum
D417,lorem ipsum
D418,lorem ipsum
D419,lorem ipsum
D420,lorem ipsum
D421,lorem ipsum
D422,lorem ipsum
D423,lorem ipsum
D424,lorem ipsum
D425,lorem ipsum
D426,lorem ipsum
D427,lorem ipsum
D428,lorem ipsum
D429,lorem ipsum
D430,lorem ipsum
D431,lorem ipsum
D432,lorem ipsum
D433,lorem ipsum
D434,lorem ipsum
D435,lorem ipsum
D436,lorem ipsum
D437,lorem ipsum
D438,lorem ipsum
D439,lorem ipsum
D440,lorem ipsum
D441,lorem ipsum
D442,lorem ipsum
D443,lorem ipsum
D444,lorem ipsum
D445,lorem ipsum
D446,lorem ipsum
D447,lorem ipsum
D448,lorem ipsum
D449,lorem ipsum
D450,lorem ipsum
D451,lorem ipsum
D452,lorem ipsum
D453,lorem ipsum
D454,lorem ipsum
D455,lorem ipsum
D456,lorem ipsum
D457,lorem ipsum
D458,lorem ipsum
D459,lorem ipsum
D460,lorem ipsum
D461,lorem ipsum
D462,lorem ipsum
D463,lorem ipsum
D464,lorem ipsum
D465,lorem ipsum
D466,lorem ipsum
D467,lorem ipsum
D468,lorem ipsum
D469,lorem ipsum
D470,lorem ipsum
D471,lorem ipsum
D472,lorem ipsum
D473,lorem ipsum
D474,lorem ipsum
D475,lorem ipsum
D476,lorem ipsum
D477,lorem ipsum
D478,lorem ipsum
D479,lorem ipsum
D480,lorem ipsum
D481,lorem ipsum
D482,lorem ipsum
D483,lorem ipsum
D484,lorem ipsum
D485,lorem ipsum
D486,lorem ipsum
D487,lorem ipsum
D488,lorem ipsum
D489,lorem ipsum
D490,lorem ipsum
D491,lorem ipsum
D492,lorem ipsum
D493,lorem ipsum
D494,lorem ipsum
D495,lorem ipsum
D496,lorem ipsum
D497,lorem ipsum
D498,lorem ipsum
D499,lorem ipsum
D500,lorem ipsum
D501,lorem ipsum
D502,lorem ipsum
D503,lorem ipsum
D504,lorem ipsum
D505,lorem ipsum
D506,lorem ipsum
D507,lorem ipsum
D508,lorem ipsum
D509,lorem ipsum
D510,lorem ipsum
D511,lorem ipsum
D512,lorem ipsum
D513,lorem ipsum
D514,lorem ipsum
D515,lorem ipsum
D516,lorem ipsum
D517,lorem ipsum
D518,lorem ipsum
D519,lorem ipsum
D520,lorem ipsum
D521,lorem ipsum
D522,lorem ipsum
D523,lorem ipsum
D524,lorem ipsum
D525,lorem ipsum
D526,lorem ipsum
D527,lorem ipsum
D528,lorem ipsum
D529,lorem ipsum
D530,lorem ipsum
D531,lorem ipsum
D532,lorem ipsum
D533,lorem ipsum
D534,lorem ipsum
D535,lorem ipsum
D536,lorem ipsum
D537,lorem ipsum
D538,lorem ipsum
D539,lorem ipsum
D540,lorem ipsum
D541,lorem ipsum
D542,lorem ipsum
D543,lorem ipsum
D544,lorem ipsum
D545,lorem ipsum
D546,lorem ipsum
D547,lorem ipsum
D548,lorem ipsum
D549,lorem ipsum
D550,lorem ipsum
D551,lorem ipsum
D552,lorem ipsum
D553,lorem ipsum
D554,lorem ipsum
D555,lorem ipsum
D556,lorem ipsum
D557,lorem ipsum
D558,lorem ipsum
D559,lorem ipsum
D560,lorem ipsum
D561,lorem ipsum
D562,lorem ipsum
D563,lorem ipsum
D564,lorem ipsum
D565,lorem ipsum
D566,lorem ipsum
D567,lorem ipsum
D568,lorem ipsum
D569,lorem ipsum
D570,lorem ipsum
D571,lorem ipsum
D572,lorem ipsum
D573,lorem ipsum
D574,lorem ipsum
D575,lorem ipsum
D576,lorem ipsum
D577,lorem ipsum
D578,lorem ipsum
D579,lorem ipsum
D580,lorem ipsum
D581,lorem ipsum
D582,lorem ipsum
D583,lorem ipsum
D584,lorem ipsum
D585,lorem ipsum
D586,lorem ipsum
D587,lorem ipsum
D588,lorem ipsum
D589,lorem ipsum
D590,lorem ipsum
D591,lorem ipsum
D592,lorem ipsum
D593,lorem ipsum
D594,lorem ipsum
D595,lorem ipsum
D596,lorem ipsum
D597,lorem ipsum
D598,lorem ipsum
D599,lorem ipsum
D600,lorem ipsum
D601,lorem ipsum
D602,lorem ipsum
D603,lorem ipsum
D604,lorem ipsum
D605,lorem ipsum
D606,lorem ipsum
D607,lorem ipsum
D608,lorem ipsum
D609,lorem ipsum
D610,lorem ipsum
D611,lorem ipsum
D612,lorem ipsum
D613,lorem ipsum
D614,lorem ipsum
D615,lorem ipsum
D616,lorem ipsum
D617,lorem ipsum
D618,lorem ipsum
D619,lorem ipsum
D620,lorem ipsum
D621,lorem ipsum
D622,lorem ipsum
D623,lorem ipsum
D624,lorem ipsum
D625,lorem ipsum
D626,lorem ipsum
D627,lorem ipsum
D628,lorem ipsum
D629,lorem ipsum
D630,lorem ipsum
D631,lorem ipsum
D632,lorem ipsum
D633,lorem ipsum
D634,lorem ipsum
D635,lorem ipsum
D636,lorem ipsum
D637,lorem ipsum
D638,lorem ipsum
D639,lorem ipsum
D640,lorem ipsum
D641,lorem ipsum
D642,lorem ipsum
D643,lorem ipsum
D644,lorem ipsum
D645,lorem ipsum
D646,lorem ipsum
D647,lorem ipsum
D648,lorem ipsum
D649,lorem ipsum
D650,lorem ipsum
D651,lorem ipsum
D652,lorem ipsum
D653,lorem ipsum
D654,lorem ipsum
D655,lorem ipsum
D656,lorem ipsum
D657,lorem ipsum
D658,lorem ipsum
D659,lorem ipsum
D660,lorem ipsum
D661,lorem ipsum
D662,lorem ipsum
D663,lorem ipsum
D664,lorem ipsum
D665,lorem ipsum
D666,lorem ipsum
D667,lorem ipsum
D668,lorem ipsum
D669,lorem ipsum
D670,lorem ipsum
D671,lorem ipsum
D672,lorem ipsum
D673,lorem ipsum
D674,lorem ipsum
D675,lorem ipsum
D676,lorem ipsum
D677,lorem ipsum
D678,lorem ipsum
D679,lorem ipsum
D680,lorem ipsum
D681,lorem ipsum
D682,lorem ipsum
D683,lorem ipsum
D684,lorem ipsum
D685,lorem ipsum
D686,lorem ipsum
D687,lorem ipsum
D688,lorem ipsum
D689,lorem ipsum
D690,lorem ipsum
D691,lorem ipsum
D692,lorem ipsum
D693,lorem ipsum
D694,lorem ipsum
D695,lorem ipsum
D696,lorem ipsum
D697,lorem ipsum
D698,lorem ipsum
D699,lorem ipsum
D700,lorem ipsum
D701,lorem ipsum
D702,lorem ipsum
D703,lorem ipsum
D704,lorem ipsum
D705,lorem ipsum
D706,lorem ipsum
D707,lorem ipsum
D708,lorem ipsum
D709,lorem ipsum
D710,lorem ipsum
D711,lorem ipsum
D712,lorem ipsum
D713,lorem ipsum
D714,lorem ipsum
D715,lorem ipsum
D716,lorem ipsum
D717,lorem ipsum
D718,lorem ipsum
D719,lorem ipsum
D720,lorem ipsum
D721,lorem ipsum
D722,lorem ipsum
D723,lorem ipsum
D724,lorem ipsum
D725,lorem ipsum
D726,lorem ipsum
D727,lorem ipsum
D728,lorem ipsum
D729,lorem ipsum
D730,lorem ipsum
D731,lorem ipsum
D732,lorem ipsum
D733,lorem ipsum
D734,lorem ipsum
D735,lorem ipsum
D736,lorem ipsum
D737,lorem ipsum
D738,lorem ipsum
D739,lorem ipsum
D740,lorem ipsum
D741,lorem ipsum
D742,lorem ipsum
D743,lorem ipsum
D744,lorem ipsum
D745,lorem ipsum
D746,lorem ipsum
D747,lorem ipsum
D748,lorem ipsum
D749,lorem ipsum
D750,lorem ipsum
D751,lorem ipsum
D752,lorem ipsum
D753,lorem ipsum
D754,lorem ipsum
D755,lorem ipsum
D756,lorem ipsum
D757,lorem ipsum
D758,lorem ipsum
D759,lorem ipsum
D760,lorem ipsum
D761,lorem ipsum
D762,lorem ipsum
D763,lorem ipsum
D764,lorem ipsum
D765,lorem ipsum
D766,lorem ipsum
D767,lorem ipsum
D768,lorem ipsum
D769,lorem ipsum
D770,lorem ipsum
D771,lorem ipsum
D772,lorem ipsum
D773,lorem ipsum
D774,lorem ipsum
D775,lorem ipsum
D776,lorem ipsum
D777,lorem ipsum
D778,lorem ipsum
D779,lorem ipsum
D780,lorem ipsum
D781,lorem ipsum
D782,lorem ipsum
D783,lorem ipsum
D784,lorem ipsum
D785,lorem ipsum
D786,lorem ipsum
D787,lorem ipsum
D788,lorem ipsum
D789,lorem ipsum
D790,lorem ipsum
D791,lorem ipsum
D792,lorem ipsum
D793,lorem ipsum
D794,lorem ipsum
D795,lorem ipsum
D796,lorem ipsum
D797,lorem ipsum
D798,lorem ipsum
D799,lorem ipsum
D800,lorem ipsum
D801,lorem ipsum
D802,lorem ipsum
D803,lorem ipsum
D804,lorem ipsum
D805,lorem ipsum
D806,lorem ipsum
D807,lorem ipsum
D808,lorem ipsum
D809,lorem ipsum
D810,lorem ipsum
D811,lorem ipsum
D812,lorem ipsum
D813,lorem ipsum
D814,lorem ipsum
D815,lorem ipsum
D816,lorem ipsum
D817,lorem ipsum
D818,lorem ipsum
D819,lorem ipsum
D820,lorem ipsum
D821,lorem ipsum
D822,lorem ipsum
D823,lorem ipsum
D824,lorem ipsum
D825,lorem ipsum
D826,lorem ipsum
D827,lorem ipsum
D828,lorem ipsum
D829,lorem ipsum
D830,lorem ipsum
D831,lorem ipsum
D832,lorem ipsum
D833,lorem ipsum
D834,lorem ipsum
D835,lorem ipsum
D836,lorem ipsum
D837,lorem ipsum
D838,lorem ipsum
D839,lorem ipsum
D840,lorem ipsum
D841,lorem ipsum
D842,lorem ipsum
D843,lorem ipsum
D844,lorem ipsum
D845,lorem ipsum
D846,lorem ipsum
D847,lorem ipsum
D848,lorem ipsum
D849,lorem ipsum
D850,lorem ipsum
D851,lorem ipsum
D852,lorem ipsum
D853,lorem ipsum
D854,lorem ipsum
D855,lorem ipsum
D856,lorem ipsum
D857,lorem ipsum
D858,lorem ipsum
D859,lorem ipsum
D860,lorem ipsum
D861,lorem ipsum
D862,lorem ipsum
D863,lorem ipsum
D864,lorem ipsum
D865,lorem ipsum
D866,lorem ipsum
D867,lorem ipsum
D868,lorem ipsum
D869,lorem ipsum
D870,lorem ipsum
D871,lorem ipsum
D872,lorem ipsum
D873,lorem ipsum
D874,lorem ipsum
D875,lorem ipsum
D876,lorem ipsum
D877,lorem ipsum
D878,lorem ipsum
D879,lorem ipsum
D880,lorem ipsum
D881,lorem ipsum
D882,lorem ipsum
D883,lorem ipsum
D884,lorem ipsum
D885,lorem ipsum
D886,lorem ipsum
D887,lorem ipsum
D888,lorem ipsum
D889,lorem ipsum
D890,lorem ipsum
D891,lorem ipsum
D892,lorem ipsum
D893,lorem ipsum
D894,lorem ipsum
D895,lorem ipsum
D896,lorem ipsum
D897,lorem ipsum
D898,lorem ipsum
D899,lorem ipsum
D900,lorem ipsum
D901,lorem ipsum
D902,lorem ipsum
D903,lorem ipsum
D904,lorem ipsum
D905,lorem ipsum
D906,lorem ipsum
D907,lorem ipsum
D908,lorem ipsum
D909,lorem ipsum
D910,lorem ipsum
D911,lorem ipsum
D912,lorem ipsum
D913,lorem ipsum
D914,lorem ipsum
D915,lorem ipsum
D916,lorem ipsum
D917,lorem ipsum
D918,lorem ipsum
D919,lorem ipsum
D920,lorem ipsum
D921,lorem ipsum
D922,lorem ipsum
D923,lorem ipsum
D924,lorem ipsum
D925,lorem ipsum
D926,lorem ipsum
D927,lorem ipsum
D928,lorem ipsum
D929,lorem ipsum
D930,lorem ipsum
D931,lorem ipsum
D932,lorem ipsum
D933,lorem ipsum
D934,lorem ipsum
D935,lorem ipsum
D936,lorem ipsum
D937,lorem ipsum
D938,lorem ipsum
D939,lorem ipsum
D940,lorem ipsum
D941,lorem ipsum
D942,lorem ipsum
D943,lorem ipsum
D944,lorem ipsum
D945,lorem ipsum
D946,lorem ipsum
D947,lorem ipsum
D948,lorem ipsum
D949,lorem ipsum
D950,lorem ipsum
D951,lorem ipsum
D952,lorem ipsum
D953,lorem ipsum
D954,lorem ipsum
D955,lorem ipsum
D956,lorem ipsum
D957,lorem ipsum
D958,lorem ipsum
D959,lorem ipsum
D960,lorem ipsum
D961,lorem ipsum
D962,lorem ipsum
D963,lorem ipsum
D964,lorem ipsum
D965,lorem ipsum
D966,lorem ipsum
D967,lorem ipsum
D968,lorem ipsum
D969,lorem ipsum
D970,lorem ipsum
D971,lorem ipsum
D972,lorem ipsum
D973,lorem ipsum
D974,lorem ipsum
D975,lorem ipsum
D976,lorem ipsum
D977,lorem ipsum
D978,lorem ipsum
D979,lorem ipsum
D980,lorem ipsum
D981,lorem ipsum
D982,lorem ipsum
D983,lorem ipsum
D984,lorem ipsum
D985,lorem ipsum
D986,lorem ipsum
D987,lorem ipsum
D988,lorem ipsum
D989,lorem ipsum
D990,lorem ipsum
D991,lorem ipsum
D992,lorem ipsum
D993,lorem ipsum
D994,lorem ipsum
D995,lorem ipsum
D996,lorem ipsum
D997,lorem ipsum
D998,lorem ipsum
D999,lorem ipsum
D1000,lorem ipsum
D1001,lorem ipsum
D1002,lorem ipsum
D1003,lorem ipsum
D1004,lorem ipsum
D1005,lorem ipsum
D1006,lorem ipsum
D1007,lorem ipsum
D1008,lorem ipsum
D1009,lorem ipsum
D1010,lorem ipsum
D1011,lorem ipsum
D1012,lorem ipsum
D1013,lorem ipsum
D1014,lorem ipsum
D1015,lorem ipsum
D1016,lorem ipsum
D1017,lorem ipsum
D1018,lorem ipsum
D1019,lorem ipsum
D1020,lorem ipsum
D1021,lorem ipsum
D1022,lorem ipsum
D1023,lorem ipsum
D1024,lorem ipsum
D1025,lorem ipsum
D1026,lorem ipsum
D1027,lorem ipsum
D1028,lorem ipsum
D1029,lorem ipsum
D1030,lorem ipsum
D1031,lorem ipsum
D1032,lorem ipsum
D1033,lorem ipsum
D1034,lorem ipsum
D1035,lorem ipsum
D1036,lorem ipsum
D1037,lorem ipsum
D1038,lorem ipsum
D1039,lorem ipsum
D1040,lorem ipsum
D1041,lorem ipsum
D1042,lorem ipsum
D1043,lorem ipsum
D1044,lorem ipsum
D1045,lorem ipsum
D1046,lorem ipsum
D1047,lorem ipsum
D1048,lorem ipsum
D1049,lorem ipsum
D1050,lorem ipsum
D1051,lorem ipsum
D1052,lorem ipsum
D1053,lorem ipsum
D1054,lorem ipsum
D1055,lorem ipsum
D1056,lorem ipsum
D1057,lorem ipsum
D1058,lorem ipsum
D1059,lorem ipsum
D1060,lorem ipsum
D1061,lorem ipsum
D1062,lorem ipsum
D1063,lorem ipsum
D1064,lorem ipsum
D1065,lorem ipsum
D1066,lorem ipsum
D1067,lorem ipsum
D1068,lorem ipsum
D1069,lorem ipsum
D1070,lorem ipsum
D1071,lorem ipsum
D1072,lorem ipsum
D1073,lorem ipsum
D1074,lorem ipsum
D1075,lorem ipsum
D1076,lorem ipsum
D1077,lorem ipsum
D1078,lorem ipsum
D1079,lorem ipsum
D1080,lorem ipsum
D1081,lorem ipsum
D1082,lorem ipsum
D1083,lorem ipsum
D1084,lorem ipsum
D1085,lorem ipsum
D1086,lorem ipsum
D1087,lorem ipsum
D1088,lorem ipsum
D1089,lorem ipsum
D1090,lorem ipsum
D1091,lorem ipsum
D1092,lorem ipsum
D1093,lorem ipsum
D1094,lorem ipsum
D1095,lorem ipsum
D1096,lorem ipsum
D1097,lorem ipsum
D1098,lorem ipsum
D1099,lorem ipsum
D1100,lorem ipsum
D1101,lorem ipsum
D1102,lorem ipsum
D1103,lorem ipsum
D1104,lorem ipsum
D1105,lorem ipsum
D1106,lorem ipsum
D1107,lorem ipsum
D1108,lorem ipsum
D1109,lorem ipsum
D1110,lorem ipsum
D1111,lorem ipsum
D1112,lorem ipsum
D1113,lorem ipsum
D1114,lorem ipsum
D1115,lorem ipsum
D1116,lorem ipsum
D1117,lorem ipsum
D1118,lorem ipsum
D1119,lorem ipsum
D1120,lorem ipsum
D1121,lorem ipsum
D1122,lorem ipsum
D1123,lorem ipsum
D1124,lorem ipsum
D1125,lorem ipsum
D1126,lorem ipsum
D1127,lorem ipsum
D1128,lorem ipsum
D1129,lorem ipsum
D1130,lorem ipsum
D1131,lorem ipsum
D1132,lorem ipsum
D1133,lorem ipsum
D1134,lorem ipsum
D1135,lorem ipsum
D1136,lorem ipsum
D1137,lorem ipsum
D1138,lorem ipsum
D1139,lorem ipsum
D1140,lorem ipsum
D1141,lorem ipsum
D1142,lorem ipsum
D1143,lorem ipsum
D1144,lorem ipsum
D1145,lorem ipsum
D1146,lorem ipsum
D1147,lorem ipsum
D1148,lorem ipsum
D1149,lorem ipsum
D1150,lorem ipsum
D1151,lorem ipsum
D1152,lorem ipsum
D1153,lorem ipsum
D1154,lorem ipsum
D1155,lorem ipsum
D1156,lorem ipsum
D1157,lorem ipsum
D1158,lorem ipsum
D1159,lorem ipsum
D1160,lorem ipsum
D1161,lorem ipsum
D1162,lorem ipsum
D1163,lorem ipsum
D1164,lorem ipsum
D1165,lorem ipsum
D1166,lorem ipsum
D1167,lorem ipsum
D1168,lorem ipsum
D1169,lorem ipsum
D1170,lorem ipsum
D1171,lorem ipsum
D1172,lorem ipsum
D1173,lorem ipsum
D1174,lorem ipsum
D1175,lorem ipsum
D1176,lorem ipsum
D1177,lorem ipsum
D1178,lorem ipsum
D1179,lorem ipsum
D1180,lorem ipsum
D1181,lorem ipsum
D1182,lorem ipsum
D1183,lorem ipsum
D1184,lorem ipsum
D1185,lorem ipsum
D1186,lorem ipsum
D1187,lorem ipsum
D1188,lorem ipsum
D1189,lorem ipsum
D1190,lorem ipsum
D1191,lorem ipsum
D1192,lorem ipsum
D1193,lorem ipsum
D1194,lorem ipsum
D1195,lorem ipsum
D1196,lorem ipsum
D1197,lorem ipsum
D1198,lorem ipsum
D1199,lorem ipsum
D1200,lorem ipsum
D1201,lorem ipsum
D1202,lorem ipsum
D1203,lorem ipsum
D1204,lorem ipsum
D1205,lorem ipsum
D1206,lorem ipsum
D1207,lorem ipsum
D1208,lorem ipsum
D1209,lorem ipsum
D1210,lorem ipsum
D1211,lorem ipsum
D1212,lorem ipsum
D1213,lorem ipsum
D1214,lorem ipsum
D1215,lorem ipsum
D1216,lorem ipsum
D1217,lorem ipsum
D1218,lorem ipsum
D1219,lorem ipsum
D1220,lorem ipsum
D1221,lorem ipsum
D1222,lorem ipsum
D1223,lorem ipsum
D1224,lorem ipsum
D1225,lorem ipsum
D1226,lorem ipsum
D1227,lorem ipsum
D1228,lorem ipsum
D1229,lorem ipsum
D1230,lorem ipsum
D1231,lorem ipsum
D1232,lorem ipsum
D1233,lorem ipsum
D1234,lorem ipsum
D1235,lorem ipsum
D1236,lorem ipsum
D1237,lorem ipsum
D1238,lorem ipsum
D1239,lorem ipsum
D1240,lorem ipsum
D1241,lorem ipsum
D1242,lorem ipsum
D1243,lorem ipsum
D1244,lorem ipsum
D1245,lorem ipsum
D1246,lorem ipsum
D1247,lorem ipsum
D1248,lorem ipsum
D1249,lorem ipsum
D1250,lorem ipsum
D1251,lorem ipsum
D1252,lorem ipsum
D1253,lorem ipsum
D1254,lorem ipsum
D1255,lorem ipsum
D1256,lorem ipsum
D1257,lorem ipsum
D1258,lorem ipsum
D1259,lorem ipsum
D1260,lorem ipsum
D1261,lorem ipsum
D1262,lorem ipsum
D1263,lorem ipsum
D1264,lorem ipsum
D1265,lorem ipsum
D1266,lorem ipsum
D1267,lorem ipsum
D1268,lorem ipsum
D1269,lorem ipsum
D1270,lorem ipsum
D1271,lorem ipsum
D1272,lorem ipsum
D1273,lorem ipsum
D1274,lorem ipsum
D1275,lorem ipsum
D1276,lorem ipsum
D1277,lorem ipsum
D1278,lorem ipsum
D1279,lorem ipsum
D1280,lorem ipsum
D1281,lorem ipsum
D1282,lorem ipsum
D1283,lorem ipsum
D1284,lorem ipsum
D1285,lorem ipsum
D1286,lorem ipsum
D1287,lorem ipsum
D1288,lorem ipsum
D1289,lorem ipsum
D1290,lorem ipsum
D1291,lorem ipsum
D1292,lorem ipsum
D1293,lorem ipsum
D1294,lorem ipsum
D1295,lorem ipsum
D1296,lorem ipsum
D1297,lorem ipsum
D1298,lorem ipsum
D1299,lorem ipsum
D1300,lorem ipsum
D1301,lorem ipsum
D1302,lorem ipsum
D1303,lorem ipsum
D1304,lorem ipsum
D1305,lorem ipsum
D1306,lorem ipsum
D1307,lorem ipsum
D1308,lorem ipsum
D1309,lorem ipsum
D1310,lorem ipsum
D1311,lorem ipsum
D1312,lorem ipsum
D1313,lorem ipsum
D1314,lorem ipsum
D1315,lorem ipsum
D1316,lorem ipsum
D1317,lorem ipsum
D1318,lorem ipsum
D1319,lorem ipsum
D1320,lorem ipsum
D1321,lorem ipsum
D1322,lorem ipsum
D1323,lorem ipsum
D1324,lorem ipsum
D1325,lorem ipsum
D1326,lorem ipsum
D1327,lorem ipsum
D1328,lorem ipsum
D1329,lorem ipsum
D1330,lorem ipsum
D1331,lorem ipsum
D1332,lorem ipsum
D1333,lorem ipsum
D1334,lorem ipsum
D1335,lorem ipsum
D1336,lorem ipsum
D1337,lorem ipsum
D1338,lorem ipsum
D1339,lorem ipsum
D1340,lorem ipsum
D1341,lorem ipsum
D1342,lorem ipsum
D1343,lorem ipsum
D1344,lorem ipsum
D1345,lorem ipsum
D1346,lorem ipsum
D1347,lorem ipsum
D1348,lorem ipsum
D1349,lorem ipsum
D1350,lorem ipsum
D1351,lorem ipsum
D1352,lorem ipsum
D1353,lorem ipsum
D1354,lorem ipsum
D1355,lorem ipsum
D1356,lorem ipsum
D1357,lorem ipsum
D1358,lorem ipsum
D1359,lorem ipsum
D1360,lorem ipsum
D1361,lorem ipsum
D1362,lorem ipsum
D1363,lorem ipsum
D1364,lorem ipsum
D1365,lorem ipsum
D1366,lorem ipsum
D1367,lorem ipsum
D1368,lorem ipsum
D1369,lorem ipsum
D1370,lorem ipsum
D1371,lorem ipsum
D1372,lorem ipsum
D1373,lorem ipsum
D1374,lorem ipsum
D1375,lorem ipsum
D1376,lorem ipsum
D1377,lorem ipsum
D1378,lorem ipsum
D1379,lorem ipsum
D1380,lorem ipsum
D1381,lorem ipsum
D1382,lorem ipsum
D1383,lorem ipsum
D1384,lorem ipsum
D1385,lorem ipsum
D1386,lorem ipsum
D1387,lorem ipsum
D1388,lorem ipsum
D1389,lorem ipsum
D1390,lorem ipsum
D1391,lorem ipsum
D1392,lorem ipsum
D1393,lorem ipsum
D1394,lorem ipsum
D1395,lorem ipsum
D1396,lorem ipsum
D1397,lorem ipsum
D1398,lorem ipsum
D1399,lorem ipsum
D1400,lorem ipsum
D1401,lorem ipsum
D1402,lorem ipsum
D1403,lorem ipsum
D1404,lorem ipsum
D1405,lorem ipsum
D1406,lorem ipsum
D1407,lorem ipsum
D1408,lorem ipsum
D1409,lorem ipsum
D1410,lorem ipsum
D1411,lorem ipsum
D1412,lorem ipsum
D1413,lorem ipsum
D1414,lorem ipsum
D1415,lorem ipsum
D1416,lorem ipsum
D1417,lorem ipsum
D1418,lorem ipsum
D1419,lorem ipsum
D1420,lorem ipsum
D1421,lorem ipsum
D1422,lorem ipsum
D1423,lorem ipsum
D1424,lorem ipsum
D1425,lorem ipsum
D1426,lorem ipsum
D1427,lorem ipsum
D1428,lorem ipsum
D1429,lorem ipsum
D1430,lorem ipsum
D1431,lorem ipsum
D1432,lorem ipsum
D1433,lorem ipsum
D1434,lorem ipsum
D1435,lorem ipsum
D1436,lorem ipsum
D1437,lorem ipsum
D1438,lorem ipsum
D1439,lorem ipsum
D1440,lorem ipsum
D1441,lorem ipsum
D1442,lorem ipsum
D1443,lorem ipsum
D1444,lorem ipsum
D1445,lorem ipsum
D1446,lorem ipsum
D1447,lorem ipsum
D1448,lorem ipsum
D1449,lorem ipsum
D1450,lorem ipsum
D1451,lorem ipsum
D1452,lorem ipsum
D1453,lorem ipsum
D1454,lorem ipsum
D1455,lorem ipsum
D1456,lorem ipsum
D1457,lorem ipsum
D1458,lorem ipsum
D1459,lorem ipsum
D1460,lorem ipsum
D1461,lorem ipsum
D1462,lorem ipsum
D1463,lorem ipsum
D1464,lorem ipsum
D1465,lorem ipsum
D1466,lorem ipsum
D1467,lorem ipsum
D1468,lorem ipsum
D1469,lorem ipsum
D1470,lorem ipsum
D1471,lorem ipsum
D1472,lorem ipsum
D1473,lorem ipsum
D1474,lorem ipsum
D1475,lorem ipsum
D1476,lorem ipsum
D1477,lorem ipsum
D1478,lorem ipsum
D1479,lorem ipsum
D1480,lorem ipsum
D1481,lorem ipsum
D1482,lorem ipsum
D1483,lorem ipsum
D1484,lorem ipsum
D1485,lorem ipsum
D1486,lorem ipsum
D1487,lorem ipsum
D1488,lorem ipsum
D1489,lorem ipsum
D1490,lorem ipsum
D1491,lorem ipsum
D1492,lorem ipsum
D1493,lorem ipsum
D1494,lorem ipsum
D1495,lorem ipsum
D1496,lorem ipsum
D1497,lorem ipsum
D1498,lorem ipsum
D1499,lorem ipsum
D1500,lorem ipsum
D1501,lorem ipsum
D1502,lorem ipsum
D1503,lorem ipsum
D1504,lorem ipsum
D1505,lorem ipsum
D1506,lorem ipsum
D1507,lorem ipsum
D1508,lorem ipsum
D1509,lorem ipsum
D1510,lorem ipsum
D1511,lorem ipsum
D1512,lorem ipsum
D1513,lorem ipsum
D1514,lorem ipsum
D1515,lorem ipsum
D1516,lorem ipsum
D1517,lorem ipsum
D1518,lorem ipsum
D1519,lorem ipsum
D1520,lorem ipsum
D1521,lorem ipsum
D1522,lorem ipsum
D1523,lorem ipsum
D1524,lorem ipsum
D1525,lorem ipsum
D1526,lorem ipsum
D1527,lorem ipsum
D1528,lorem ipsum
D1529,lorem ipsum
D1530,lorem ipsum
D1531,lorem ipsum
D1532,lorem ipsum
D1533,lorem ipsum
D1534,lorem ipsum
D1535,lorem ipsum
D1536,lorem ipsum
D1537,lorem ipsum
D1538,lorem ipsum
D1539,lorem ipsum
D1540,lorem ipsum
D1541,lorem ipsum
D1542,lorem ipsum
D1543,lorem ipsum
D1544,lorem ipsum
D1545,lorem ipsum
D1546,lorem ipsum
D1547,lorem ipsum
D1548,lorem ipsum
D1549,lorem ipsum
D1550,lorem ipsum
D1551,lorem ipsum
D1552,lorem ipsum
D1553,lorem ipsum
D1554,lorem ipsum
D1555,lorem ipsum
D1556,lorem ipsum
D1557,lorem ipsum
D1558,lorem ipsum
D1559,lorem ipsum
D1560,lorem ipsum
D1561,lorem ipsum
D1562,lorem ipsum
D1563,lorem ipsum
D1564,lorem ipsum
D1565,lorem ipsum
D1566,lorem ipsum
D1567,lorem ipsum
D1568,lorem ipsum
D1569,lorem ipsum
D1570,lorem ipsum
D1571,lorem ipsum
D1572,lorem ipsum
D1573,lorem ipsum
D1574,lorem ipsum
D1575,lorem ipsum
D1576,lorem ipsum
D1577,lorem ipsum
D1578,lorem ipsum
D1579,lorem ipsum
D1580,lorem ipsum
D1581,lorem ipsum
D1582,lorem ipsum
D1583,lorem ipsum
D1584,lorem ipsum
D1585,lorem ipsum
D1586,lorem ipsum
D1587,lorem ipsum
D1588,lorem ipsum
D1589,lorem ipsum
D1590,lorem ipsum
D1591,lorem ipsum
D1592,lorem ipsum
D1593,lorem ipsum
D1594,lorem ipsum
D1595,lorem ipsum
D1596,lorem ipsum
D1597,lorem ipsum
D1598,lorem ipsum
D1599,lorem ipsum
D1600,lorem ipsum
D1601,lorem ipsum
D1602,lorem ipsum
D1603,lorem ipsum
D1604,lorem ipsum
D1605,lorem ipsum
D1606,lorem ipsum
D1607,lorem ipsum
D1608,lorem ipsum
D1609,lorem ipsum
D1610,lorem ipsum
D1611,lorem ipsum
D1612,lorem ipsum
D1613,lorem ipsum
D1614,lorem ipsum
D1615,lorem ipsum
D1616,lorem ipsum
D1617,lorem ipsum
D1618,lorem ipsum
D1619,lorem ipsum
D1620,lorem ipsum
D1621,lorem ipsum
D1622,lorem ipsum
D1623,lorem ipsum
D1624,lorem ipsum
D1625,lorem ipsum
D1626,lorem ipsum
D1627,lorem ipsum
D1628,lorem ipsum
D1629,lorem ipsum
D1630,lorem ipsum
D1631,lorem ipsum
D1632,lorem ipsum
D1633,lorem ipsum
D1634,lorem ipsum
D1635,lorem ipsum
D1636,lorem ipsum
D1637,lorem ipsum
D1638,lorem ipsum
D1639,lorem ipsum
D1640,lorem ipsum
D1641,lorem ipsum
D1642,lorem ipsum
D1643,lorem ipsum
D1644,lorem ipsum
D1645,lorem ipsum
D1646,lorem ipsum
D1647,lorem ipsum
D1648,lorem ipsum
D1649,lorem ipsum
D1650,lorem ipsum
D1651,lorem ipsum
D1652,lorem ipsum
D1653,lorem ipsum
D1654,lorem ipsum
D1655,lorem ipsum
D1656,lorem ipsum
D1657,lorem ipsum
D1658,lorem ipsum
D1659,lorem ipsum
D1660,lorem ipsum
D1661,lorem ipsum
D1662,lorem ipsum
D1663,lorem ipsum
D1664,lorem ipsum
D1665,lorem ipsum
D1666,lorem ipsum
D1667,lorem ipsum
D1668,lorem ipsum
D1669,lorem ipsum
D1670,lorem ipsum
D1671,lorem ipsum
D1672,lorem ipsum
D1673,lorem ipsum
D1674,lorem ipsum
D1675,lorem ipsum
D1676,lorem ipsum
D1677,lorem ipsum
D1678,lorem ipsum
D1679,lorem ipsum
D1680,lorem ipsum
D1681,lorem ipsum
D1682,lorem ipsum
D1683,lorem ipsum
D1684,lorem ipsum
D1685,lorem ipsum
D1686,lorem ipsum
D1687,lorem ipsum
D1688,lorem ipsum
D1689,lorem ipsum
D1690,lorem ipsum
D1691,lorem ipsum
D1692,lorem ipsum
D1693,lorem ipsum
D1694,lorem ipsum
D1695,lorem ipsum
D1696,lorem ipsum
D1697,lorem ipsum
D1698,lorem ipsum
D1699,lorem ipsum
D1700,lorem ipsum
D1701,lorem ipsum
D1702,lorem ipsum
D1703,lorem ipsum
D1704,lorem ipsum
D1705,lorem ipsum
D1706,lorem ipsum
D1707,lorem ipsum
D1708,lorem ipsum
D1709,lorem ipsum
D1710,lorem ipsum
D1711,lorem ipsum
D1712,lorem ipsum
D1713,lorem ipsum
D1714,lorem ipsum
D1715,lorem ipsum
D1716,lorem ipsum
D1717,lorem ipsum
D1718,lorem ipsum
D1719,lorem ipsum
D1720,lorem ipsum
D1721,lorem ipsum
D1722,lorem ipsum
D1723,lorem ipsum
D1724,lorem ipsum
D1725,lorem ipsum
D1726,lorem ipsum
D1727,lorem ipsum
D1728,lorem ipsum
D1729,lorem ipsum
D1730,lorem ipsum
D1731,lorem ipsum
D1732,lorem ipsum
D1733,lorem ipsum
D1734,lorem ipsum
D1735,lorem ipsum
D1736,lorem ipsum
D1737,lorem ipsum
D1738,lorem ipsum
D1739,lorem ipsum
D1740,lorem ipsum
D1741,lorem ipsum
D1742,lorem ipsum
D1743,lorem ipsum
D1744,lorem ipsum
D1745,lorem ipsum
D1746,lorem ipsum
D1747,lorem ipsum
D1748,lorem ipsum
D1749,lorem ipsum
D1750,lorem ipsum
D1751,lorem ipsum
D1752,lorem ipsum
D1753,lorem ipsum
D1754,lorem ipsum
D1755,lorem ipsum
D1756,lorem ipsum
D1757,lorem ipsum
D1758,lorem ipsum
D1759,lorem ipsum
D1760,lorem ipsum
D1761,lorem ipsum
D1762,lorem ipsum
D1763,lorem ipsum
D1764,lorem ipsum
D1765,lorem ipsum
D1766,lorem ipsum
D1767,lorem ipsum
D1768,lorem ipsum
D1769,lorem ipsum
D1770,lorem ipsum
D1771,lorem ipsum
D1772,lorem ipsum
D1773,lorem ipsum
D1774,lorem ipsum
D1775,lorem ipsum
D1776,lorem ipsum
D1777,lorem ipsum
D1778,lorem ipsum
D1779,lorem ipsum
D1780,lorem ipsum
D1781,lorem ipsum
D1782,lorem ipsum
D1783,lorem ipsum
D1784,lorem ipsum
D1785,lorem ipsum
D1786,lorem ipsum
D1787,lorem ipsum
D1788,lorem ipsum
D1789,lorem ipsum
D1790,lorem ipsum
D1791,lorem ipsum
D1792,lorem ipsum
D1793,lorem ipsum
D1794,lorem ipsum
D1795,lorem ipsum
D1796,lorem ipsum
D1797,lorem ipsum
D1798,lorem ipsum
D1799,lorem ipsum
D1800,lorem ipsum
D1801,lorem ipsum
D1802,lorem ipsum
D1803,lorem ipsum
D1804,lorem ipsum
D1805,lorem ipsum
D1806,lorem ipsum
D1807,lorem ipsum
D1808,lorem ipsum
D1809,lorem ipsum
D1810,lorem ipsum
D1811,lorem ipsum
D1812,lorem ipsum
D1813,lorem ipsum
D1814,lorem ipsum
D1815,lorem ipsum
D1816,lorem ipsum
D1817,lorem ipsum
D1818,lorem ipsum
D1819,lorem ipsum
D1820,lorem ipsum
D1821,lorem ipsum
D1822,lorem ipsum
D1823,lorem ipsum
D1824,lorem ipsum
D1825,lorem ipsum
D1826,lorem ipsum
D1827,lorem ipsum
D1828,lorem ipsum
D1829,lorem ipsum
D1830,lorem ipsum
D1831,lorem ipsum
D1832,lorem ipsum
D1833,lorem ipsum
D1834,lorem ipsum
D1835,lorem ipsum
D1836,lorem ipsum
D1837,lorem ipsum
D1838,lorem ipsum
D1839,lorem ipsum
D1840,lorem ipsum
D1841,lorem ipsum
D1842,lorem ipsum
D1843,lorem ipsum
D1844,lorem ipsum
D1845,lorem ipsum
D1846,lorem ipsum
D1847,lorem ipsum
D1848,lorem ipsum
D1849,lorem ipsum
D1850,lorem ipsum
D1851,lorem ipsum
D1852,lorem ipsum
D1853,lorem ipsum
D1854,lorem ipsum
D1855,lorem ipsum
D1856,lorem ipsum
D1857,lorem ipsum
D1858,lorem ipsum
D1859,lorem ipsum
D1860,lorem ipsum
D1861,lorem ipsum
D1862,lorem ipsum
D1863,lorem ipsum
D1864,lorem ipsum
D1865,lorem ipsum
D1866,lorem ipsum
D1867,lorem ipsum
D1868,lorem ipsum
D1869,lorem ipsum
D1870,lorem ipsum
D1871,lorem ipsum
D1872,lorem ipsum
D1873,lorem ipsum
D1874,lorem ipsum
D1875,lorem ipsum
D1876,lorem ipsum
D1877,lorem ipsum
D1878,lorem ipsum
D1879,lorem ipsum
D1880,lorem ipsum
D1881,lorem ipsum
D1882,lorem ipsum
D1883,lorem ipsum
D1884,lorem ipsum
D1885,lorem ipsum
D1886,lorem ipsum
D1887,lorem ipsum
D1888,lorem ipsum
D1889,lorem ipsum
D1890,lorem ipsum
D1891,lorem ipsum
D1892,lorem ipsum
D1893,lorem ipsum
D1894,lorem ipsum
D1895,lorem ipsum
D1896,lorem ipsum
D1897,lorem ipsum
D1898,lorem ipsum
D1899,lorem ipsum
D1900,lorem ipsum
D1901,lorem ipsum
D1902,lorem ipsum
D1903,lorem ipsum
D1904,lorem ipsum
D1905,lorem ipsum
D1906,lorem ipsum
D1907,lorem ipsum
D1908,lorem ipsum
D1909,lorem ipsum
D1910,lorem ipsum
D1911,lorem ipsum
D1912,lorem ipsum
D1913,lorem ipsum
D1914,lorem ipsum
D1915,lorem ipsum
D1916,lorem ipsum
D1917,lorem ipsum
D1918,lorem ipsum
D1919,lorem ipsum
D1920,lorem ipsum
D1921,lorem ipsum
D1922,lorem ipsum
D1923,lorem ipsum
D1924,lorem ipsum
D1925,lorem ipsum
D1926,lorem ipsum
D1927,lorem ipsum
D1928,lorem ipsum
D1929,lorem ipsum
D1930,lorem ipsum
D1931,lorem ipsum
D1932,lorem ipsum
D1933,lorem ipsum
D1934,lorem ipsum
D1935,lorem ipsum
D1936,lorem ipsum
D1937,lorem ipsum
D1938,lorem ipsum
D1939,lorem ipsum
D1940,lorem ipsum
D1941,lorem ipsum
D1942,lorem ipsum
D1943,lorem ipsum
D1944,lorem ipsum
D1945,lorem ipsum
D1946,lorem ipsum
D1947,lorem ipsum
D1948,lorem ipsum
D1949,lorem ipsum
D1950,lorem ipsum
D1951,lorem ipsum
D1952,lorem ipsum
D1953,lorem ipsum
D1954,lorem ipsum
D1955,lorem ipsum
D1956,lorem ipsum
D1957,lorem ipsum
D1958,lorem ipsum
D1959,lorem ipsum
D1960,lorem ipsum
D1961,lorem ipsum
D1962,lorem ipsum
D1963,lorem ipsum
D1964,lorem ipsum
D1965,lorem ipsum
D1966,lorem ipsum
D1967,lorem ipsum
D1968,lorem ipsum
D1969,lorem ipsum
D1970,lorem ipsum
D1971,lorem ipsum
D1972,lorem ipsum
D1973,lorem ipsum
D1974,lorem ipsum
D1975,lorem ipsum
D1976,lorem ipsum
D1977,lorem ipsum
D1978,lorem ipsum
D1979,lorem ipsum
D1980,lorem ipsum
D1981,lorem ipsum
D1982,lorem ipsum
D1983,lorem ipsum
D1984,lorem ipsum
D1985,lorem ipsum
D1986,lorem ipsum
D1987,lorem ipsum
D1988,lorem ipsum
D1989,lorem ipsum
D1990,lorem ipsum
D1991,lorem ipsum
D1992,lorem ipsum
D1993,lorem ipsum
D1994,lorem ipsum
D1995,lorem ipsum
D1996,lorem ipsum
D1997,lorem ipsum
D1998,lorem ipsum
D1999,lorem ipsum
D2000,lorem ipsum
D2001,lorem ipsum
D2002,lorem ipsum
D2003,lorem ipsum
D2004,lorem ipsum
D2005,lorem ipsum
D2006,lorem ipsum
D2007,lorem ipsum
D2008,lorem ipsum
D2009,lorem ipsum
D2010,lorem ipsum
D2011,lorem ipsum
D2012,lorem ipsum
D2013,lorem ipsum
D2014,lorem ipsum
D2015,lorem ipsum
D2016,lorem ipsum
D2017,lorem ipsum
D2018,lorem ipsum
D2019,lorem ipsum
D2020,lorem ipsum
D2021,lorem ipsum
D2022,lorem ipsum
D2023,lorem ipsum
D2024,lorem ipsum
D2025,lorem ipsum
D2026,lorem ipsum
D2027,lorem ipsum
D2028,lorem ipsum
D2029,lorem ipsum
D2030,lorem ipsum
D2031,lorem ipsum
D2032,lorem ipsum
D2033,lorem ipsum
D2034,lorem ipsum
D2035,lorem ipsum
D2036,lorem ipsum
D2037,lorem ipsum
D2038,lorem ipsum
D2039,lorem ipsum
D2040,lorem ipsum
D2041,lorem ipsum
D2042,lorem ipsum
D2043,lorem ipsum
D2044,lorem ipsum
D2045,lorem ipsum
D2046,lorem ipsum
D2047,lorem ipsum
D2048,lorem ipsum
D2049,lorem ipsum
D2050,lorem ipsum
D2051,lorem ipsum
D2052,lorem ipsum
D2053,lorem ipsum
D2054,lorem ipsum
D2055,lorem ipsum
D2056,lorem ipsum
D2057,lorem ipsum
D2058,lorem ipsum
D2059,lorem ipsum
D2060,lorem ipsum
D2061,lorem ipsum
D2062,lorem ipsum
D2063,lorem ipsum
D2064,lorem ipsum
D2065,lorem ipsum
D2066,lorem ipsum
D2067,lorem ipsum
D2068,lorem ipsum
D2069,lorem ipsum
D2070,lorem ipsum
D2071,lorem ipsum
D2072,lorem ipsum
D2073,lorem ipsum
D2074,lorem ipsum
D2075,lorem ipsum
D2076,lorem ipsum
D2077,lorem ipsum
D2078,lorem ipsum
D2079,lorem ipsum
D2080,lorem ipsum
D2081,lorem ipsum
D2082,lorem ipsum
D2083,lorem ipsum
D2084,lorem ipsum
D2085,lorem ipsum
D2086,lorem ipsum
D2087,lorem ipsum
D2088,lorem ipsum
D2089,lorem ipsum
D2090,lorem ipsum
D2091,lorem ipsum
D2092,lorem ipsum
D2093,lorem ipsum
D2094,lorem ipsum
D2095,lorem ipsum
D2096,lorem ipsum
D2097,lorem ipsum
D2098,lorem ipsum
D2099,lorem ipsum
D2100,lorem ipsum
D2101,lorem ipsum
D2102,lorem ipsum
D2103,lorem ipsum
D2104,lorem ipsum
D2105,lorem ipsum
D2106,lorem ipsum
D2107,lorem ipsum
D2108,lorem ipsum
D2109,lorem ipsum
D2110,lorem ipsum
D2111,lorem ipsum
D2112,lorem ipsum
D2113,lorem ipsum
D2114,lorem ipsum
D2115,lorem ipsum
D2116,lorem ipsum
D2117,lorem ipsum
D2118,lorem ipsum
D2119,lorem ipsum
D2120,lorem ipsum
D2121,lorem ipsum
D2122,lorem ipsum
D2123,lorem ipsum
D2124,lorem ipsum
D2125,lorem ipsum
D2126,lorem ipsum
D2127,lorem ipsum
D2128,lorem ipsum
D2129,lorem ipsum
D2130,lorem ipsum
D2131,lorem ipsum
D2132,lorem ipsum
D2133,lorem ipsum
D2134,lorem ipsum
D2135,lorem ipsum
D2136,lorem ipsum
D2137,lorem ipsum
D2138,lorem ipsum
D2139,lorem ipsum
D2140,lorem ipsum
D2141,lorem ipsum
D2142,lorem ipsum
D2143,lorem ipsum
D2144,lorem ipsum
D2145,lorem ipsum
D2146,lorem ipsum
D2147,lorem ipsum
D2148,lorem ipsum
D2149,lorem ipsum
D2150,lorem ipsum
D2151,lorem ipsum
D2152,lorem ipsum
D2153,lorem ipsum
D2154,lorem ipsum
D2155,lorem ipsum
D2156,lorem ipsum
D2157,lorem ipsum
D2158,lorem ipsum
D2159,lorem ipsum
D2160,lorem ipsum
D2161,lorem ipsum
D2162,lorem ipsum
D2163,lorem ipsum
D2164,lorem ipsum
D2165,lorem ipsum
D2166,lorem ipsum
D2167,lorem ipsum
D2168,lorem ipsum
D2169,lorem ipsum
D2170,lorem ipsum
D2171,lorem ipsum
D2172,lorem ipsum
D2173,lorem ipsum
D2174,lorem ipsum
D2175,lorem ipsum
D2176,lorem ipsum
D2177,lorem ipsum
D2178,lorem ipsum
D2179,lorem ipsum
D2180,lorem ipsum
D2181,lorem ipsum
D2182,lorem ipsum
D2183,lorem ipsum
D2184,lorem ipsum
D2185,lorem ipsum
D2186,lorem ipsum
D2187,lorem ipsum
D2188,lorem ipsum
D2189,lorem ipsum
D2190,lorem ipsum
D2191,lorem ipsum
D2192,lorem ipsum
D2193,lorem ipsum
D2194,lorem ipsum
D2195,lorem ipsum
D2196,lorem ipsum
D2197,lorem ipsum
D2198,lorem ipsum
D2199,lorem ipsum
D2200,lorem ipsum
D2201,lorem ipsum
D2202,lorem ipsum
D2203,lorem ipsum
D2204,lorem ipsum
D2205,lorem ipsum
D2206,lorem ipsum
D2207,lorem ipsum
D2208,lorem ipsum
D2209,lorem ipsum
D2210,lorem ipsum
D2211,lorem ipsum
D2212,lorem ipsum
D2213,lorem ipsum
D2214,lorem ipsum
D2215,lorem ipsum
D2216,lorem ipsum
D2217,lorem ipsum
D2218,lorem ipsum
D2219,lorem ipsum
D2220,lorem ipsum
D2221,lorem ipsum
D2222,lorem ipsum
D2223,lorem ipsum
D2224,lorem ipsum
D2225,lorem ipsum
D2226,lorem ipsum
D2227,lorem ipsum
D2228,lorem ipsum
D2229,lorem ipsum
D2230,lorem ipsum
D2231,lorem ipsum
D2232,lorem ipsum
D2233,lorem ipsum
D2234,lorem ipsum
D2235,lorem ipsum
D2236,lorem ipsum
D2237,lorem ipsum
D2238,lorem ipsum
D2239,lorem ipsum
D2240,lorem ipsum
D2241,lorem ipsum
D2242,lorem ipsum
D2243,lorem ipsum
D2244,lorem ipsum
D2245,lorem ipsum
D2246,lorem ipsum
D2247,lorem ipsum
D2248,lorem ipsum
D2249,lorem ipsum
D2250,lorem ipsum
D2251,lorem ipsum
D2252,lorem ipsum
D2253,lorem ipsum
D2254,lorem ipsum
D2255,lorem ipsum
D2256,lorem ipsum
D2257,lorem ipsum
D2258,lorem ipsum
D2259,lorem ipsum
D2260,lorem ipsum
D2261,lorem ipsum
D2262,lorem ipsum
D2263,lorem ipsum
D2264,lorem ipsum
D2265,lorem ipsum
D2266,lorem ipsum
D2267,lorem ipsum
D2268,lorem ipsum
D2269,lorem ipsum
D2270,lorem ipsum
D2271,lorem ipsum
D2272,lorem ipsum
D2273,lorem ipsum
D2274,lorem ipsum
D2275,lorem ipsum
D2276,lorem ipsum
D2277,lorem ipsum
D2278,lorem ipsum
D2279,lorem ipsum
D2280,lorem ipsum
D2281,lorem ipsum
D2282,lorem ipsum
D2283,lorem ipsum
D2284,lorem ipsum
D2285,lorem ipsum
D2286,lorem ipsum
D2287,lorem ipsum
D2288,lorem ipsum
D2289,lorem ipsum
D2290,lorem ipsum
D2291,lorem ipsum
D2292,lorem ipsum
D2293,lorem ipsum
D2294,lorem ipsum
D2295,lorem ipsum
D2296,lorem ipsum
D2297,lorem ipsum
D2298,lorem ipsum
D2299,lorem ipsum
D2300,lorem ipsum
D2301,lorem ipsum
D2302,lorem ipsum
D2303,lorem ipsum
D2304,lorem ipsum
D2305,lorem ipsum
D2306,lorem ipsum
D2307,lorem ipsum
D2308,lorem ipsum
D2309,lorem ipsum
D2310,lorem ipsum
D2311,lorem ipsum
D2312,lorem ipsum
D2313,lorem ipsum
D2314,lorem ipsum
D2315,lorem ipsum
D2316,lorem ipsum
D2317,lorem ipsum
D2318,lorem ipsum
D2319,lorem ipsum
D2320,lorem ipsum
D2321,lorem ipsum
D2322,lorem ipsum
D2323,lorem ipsum
D2324,lorem ipsum
D2325,lorem ipsum
D2326,lorem ipsum
D2327,lorem ipsum
D2328,lorem ipsum
D2329,lorem ipsum
D2330,lorem ipsum
D2331,lorem ipsum
D2332,lorem ipsum
D2333,lorem ipsum
D2334,lorem ipsum
D2335,lorem ipsum
D2336,lorem ipsum
D2337,lorem ipsum
D2338,lorem ipsum
D2339,lorem ipsum
D2340,lorem ipsum
D2341,lorem ipsum
D2342,lorem ipsum
D2343,lorem ipsum
D2344,lorem ipsum
D2345,lorem ipsum
D2346,lorem ipsum
D2347,lorem ipsum
D2348,lorem ipsum
D2349,lorem ipsum
D2350,lorem ipsum
D2351,lorem ipsum
D2352,lorem ipsum
D2353,lorem ipsum
D2354,lorem ipsum
D2355,lorem ipsum
D2356,lorem ipsum
D2357,lorem ipsum
D2358,lorem ipsum
D2359,lorem ipsum
D2360,lorem ipsum
D2361,lorem ipsum
D2362,lorem ipsum
D2363,lorem ipsum
D2364,lorem ipsum
D2365,lorem ipsum
D2366,lorem ipsum
D2367,lorem ipsum
D2368,lorem ipsum
D2369,lorem ipsum
D2370,lorem ipsum
D2371,lorem ipsum
D2372,lorem ipsum
D2373,lorem ipsum
D2374,lorem ipsum
D2375,lorem ipsum
D2376,lorem ipsum
D2377,lorem ipsum
D2378,lorem ipsum
D2379,lorem ipsum
D2380,lorem ipsum
D2381,lorem ipsum
D2382,lorem ipsum
D2383,lorem ipsum
D2384,lorem ipsum
D2385,lorem ipsum
D2386,lorem ipsum
D2387,lorem ipsum
D2388,lorem ipsum
D2389,lorem ipsum
D2390,lorem ipsum
D2391,lorem ipsum
D2392,lorem ipsum
D2393,lorem ipsum
D2394,lorem ipsum
D2395,lorem ipsum
D2396,lorem ipsum
D2397,lorem ipsum
D2398,lorem ipsum
D2399,lorem ipsum
D2400,lorem ipsum
D2401,lorem ipsum
D2402,lorem ipsum
D2403,lorem ipsum
D2404,lorem ipsum
D2405,lorem ipsum
D2406,lorem ipsum
D2407,lorem ipsum
D2408,lorem ipsum
D2409,lorem ipsum
D2410,lorem ipsum
D2411,lorem ipsum
D2412,lorem ipsum
D2413,lorem ipsum
D2414,lorem ipsum
D2415,lorem ipsum
D2416,lorem ipsum
D2417,lorem ipsum
D2418,lorem ipsum
D2419,lorem ipsum
D2420,lorem ipsum
D2421,lorem ipsum
D2422,lorem ipsum
D2423,lorem ipsum
D2424,lorem ipsum
D2425,lorem ipsum
D2426,lorem ipsum
D2427,lorem ipsum
D2428,lorem ipsum
D2429,lorem ipsum
D2430,lorem ipsum
D2431,lorem ipsum
D2432,lorem ipsum
D2433,lorem ipsum
D2434,lorem ipsum
D2435,lorem ipsum
D2436,lorem ipsum
D2437,lorem ipsum
D2438,lorem ipsum
D2439,lorem ipsum
D2440,lorem ipsum
D2441,lorem ipsum
D2442,lorem ipsum
D2443,lorem ipsum
D2444,lorem ipsum
D2445,lorem ipsum
D2446,lorem ipsum
D2447,lorem ipsum
D2448,lorem ipsum
D2449,lorem ipsum
D2450,lorem ipsum
D2451,lorem ipsum
D2452,lorem ipsum
D2453,lorem ipsum
D2454,lorem ipsum
D2455,lorem ipsum
D2456,lorem ipsum
D2457,lorem ipsum
D2458,lorem ipsum
D2459,lorem ipsum
D2460,lorem ipsum
D2461,lorem ipsum
D2462,lorem ipsum
D2463,lorem ipsum
D2464,lorem ipsum
D2465,lorem ipsum
D2466,lorem ipsum
D2467,lorem ipsum
D2468,lorem ipsum
D2469,lorem ipsum
D2470,lorem ipsum
D2471,lorem ipsum
D2472,lorem ipsum
D2473,lorem ipsum
D2474,lorem ipsum
D2475,lorem ipsum
D2476,lorem ipsum
D2477,lorem ipsum
D2478,lorem ipsum
D2479,lorem ipsum
D2480,lorem ipsum
D2481,lorem ipsum
D2482,lorem ipsum
D2483,lorem ipsum
D2484,lorem ipsum
D2485,lorem ipsum
D2486,lorem ipsum
D2487,lorem ipsum
D2488,lorem ipsum
D2489,lorem ipsum
D2490,lorem ipsum
D2491,lorem ipsum
D2492,lorem ipsum
D2493,lorem ipsum
D2494,lorem ipsum
D2495,lorem ipsum
D2496,lorem ipsum
D2497,lorem ipsum
D2498,lorem ipsum
D2499,lorem ipsum
D2500,lorem ipsum
D2501,lorem ipsum
D2502,lorem ipsum
D2503,lorem ipsum
D2504,lorem ipsum
D2505,lorem ipsum
D2506,lorem ipsum
D2507,lorem ipsum
D2508,lorem ipsum
D2509,lorem ipsum
D2510,lorem ipsum
D2511,lorem ipsum
D2512,lorem ipsum
D2513,lorem ipsum
D2514,lorem ipsum
D2515,lorem ipsum
D2516,lorem ipsum
D2517,lorem ipsum
D2518,lorem ipsum
D2519,lorem ipsum
D2520,lorem ipsum
D2521,lorem ipsum
D2522,lorem ipsum
D2523,lorem ipsum
D2524,lorem ipsum
D2525,lorem ipsum
D2526,lorem ipsum
D2527,lorem ipsum
D2528,lorem ipsum
D2529,lorem ipsum
D2530,lorem ipsum
D2531,lorem ipsum
D2532,lorem ipsum
D2533,lorem ipsum
D2534,lorem ipsum
D2535,lorem ipsum
D2536,lorem ipsum
D2537,lorem ipsum
D2538,lorem ipsum
D2539,lorem ipsum
D2540,lorem ipsum
D2541,lorem ipsum
D2542,lorem ipsum
D2543,lorem ipsum
D2544,lorem ipsum
D2545,lorem ipsum
D2546,lorem ipsum
D2547,lorem ipsum
D2548,lorem ipsum
D2549,lorem ipsum
D2550,lorem ipsum
D2551,lorem ipsum
D2552,lorem ipsum
D2553,lorem ipsum
D2554,lorem ipsum
D2555,lorem ipsum
D2556,lorem ipsum
D2557,lorem ipsum
D2558,lorem ipsum
D2559,lorem ipsum
D2560,lorem ipsum
D2561,lorem ipsum
D2562,lorem ipsum
D2563,lorem ipsum
D2564,lorem ipsum
D2565,lorem ipsum
D2566,lorem ipsum
D2567,lorem ipsum
D2568,lorem ipsum
D2569,lorem ipsum
D2570,lorem ipsum
D2571,lorem ipsum
D2572,lorem ipsum
D2573,lorem ipsum
D2574,lorem ipsum
D2575,lorem ipsum
D2576,lorem ipsum
D2577,lorem ipsum
D2578,lorem ipsum
D2579,lorem ipsum
D2580,lorem ipsum
D2581,lorem ipsum
D2582,lorem ipsum
D2583,lorem ipsum
D2584,lorem ipsum
D2585,lorem ipsum
D2586,lorem ipsum
D2587,lorem ipsum
D2588,lorem ipsum
D2589,lorem ipsum
D2590,lorem ipsum
D2591,lorem ipsum
D2592,lorem ipsum
D2593,lorem ipsum
D2594,lorem ipsum
D2595,lorem ipsum
D2596,lorem ipsum
D2597,lorem ipsum
D2598,lorem ipsum
D2599,lorem ipsum
D2600,lorem ipsum
D2601,lorem ipsum
D2602,lorem ipsum
D2603,lorem ipsum
D2604,lorem ipsum
D2605,lorem ipsum
D2606,lorem ipsum
D2607,lorem ipsum
D2608,lorem ipsum
D2609,lorem ipsum
D2610,lorem ipsum
D2611,lorem ipsum
D2612,lorem ipsum
D2613,lorem ipsum
D2614,lorem ipsum
D2615,lorem ipsum
D2616,lorem ipsum
D2617,lorem ipsum
D2618,lorem ipsum
D2619,lorem ipsum
D2620,lorem ipsum
D2621,lorem ipsum
D2622,lorem ipsum
D2623,lorem ipsum
D2624,lorem ipsum
D2625,lorem ipsum
D2626,lorem ipsum
D2627,lorem ipsum
D2628,lorem ipsum
D2629,lorem ipsum
D2630,lorem ipsum
D2631,lorem ipsum
D2632,lorem ipsum
D2633,lorem ipsum
D2634,lorem ipsum
D2635,lorem ipsum
D2636,lorem ipsum
D2637,lorem ipsum
D2638,lorem ipsum
D2639,lorem ipsum
D2640,lorem ipsum
D2641,lorem ipsum
D2642,lorem ipsum
D2643,lorem ipsum
D2644,lorem ipsum
D2645,lorem ipsum
D2646,lorem ipsum
D2647,lorem ipsum
D2648,lorem ipsum
D2649,lorem ipsum
D2650,lorem ipsum
D2651,lorem ipsum
D2652,lorem ipsum
D2653,lorem ipsum
D2654,lorem ipsum
D2655,lorem ipsum
D2656,lorem ipsum
D2657,lorem ipsum
D2658,lorem ipsum
D2659,lorem ipsum
D2660,lorem ipsum
D2661,lorem ipsum
D2662,lorem ipsum
D2663,lorem ipsum
D2664,lorem ipsum
D2665,lorem ipsum
D2666,lorem ipsum
D2667,lorem ipsum
D2668,lorem ipsum
D2669,lorem ipsum
D2670,lorem ipsum
D2671,lorem ipsum
D2672,lorem ipsum
D2673,lorem ipsum
D2674,lorem ipsum
D2675,lorem ipsum
D2676,lorem ipsum
D2677,lorem ipsum
D2678,lorem ipsum
D2679,lorem ipsum
D2680,lorem ipsum
D2681,lorem ipsum
D2682,lorem ipsum
D2683,lorem ipsum
D2684,lorem ipsum
D2685,lorem ipsum
D2686,lorem ipsum
D2687,lorem ipsum
D2688,lorem ipsum
D2689,lorem ipsum
D2690,lorem ipsum
D2691,lorem ipsum
D2692,lorem ipsum
D2693,lorem ipsum
D2694,lorem ipsum
D2695,lorem ipsum
D2696,lorem ipsum
D2697,lorem ipsum
D2698,lorem ipsum
D2699,lorem ipsum
D2700,lorem ipsum
D2701,lorem ipsum
D2702,lorem ipsum
D2703,lorem ipsum
D2704,lorem ipsum
D2705,lorem ipsum
D2706,lorem ipsum
D2707,lorem ipsum
D2708,lorem ipsum
D2709,lorem ipsum
D2710,lorem ipsum
D2711,lorem ipsum
D2712,lorem ipsum
D2713,lorem ipsum
D2714,lorem ipsum
D2715,lorem ipsum
D2716,lorem ipsum
D2717,lorem ipsum
D2718,lorem ipsum
D2719,lorem ipsum
D2720,lorem ipsum
D2721,lorem ipsum
D2722,lorem ipsum
D2723,lorem ipsum
D2724,lorem ipsum
D2725,lorem ipsum
D2726,lorem ipsum
D2727,lorem ipsum
D2728,lorem ipsum
D2729,lorem ipsum
D2730,lorem ipsum
D2731,lorem ipsum
D2732,lorem ipsum
D2733,lorem ipsum
D2734,lorem ipsum
D2735,lorem ipsum
D2736,lorem ipsum
D2737,lorem ipsum
D2738,lorem ipsum
D2739,lorem ipsum
D2740,lorem ipsum
D2741,lorem ipsum
D2742,lorem ipsum
D2743,lorem ipsum
D2744,lorem ipsum
D2745,lorem ipsum
D2746,lorem ipsum
D2747,lorem ipsum
D2748,lorem ipsum
D2749,lorem ipsum
D2750,lorem ipsum
D2751,lorem ipsum
D2752,lorem ipsum
D2753,lorem ipsum
D2754,lorem ipsum
D2755,lorem ipsum
D2756,lorem ipsum
D2757,lorem ipsum
D2758,lorem ipsum
D2759,lorem ipsum
D2760,lorem ipsum
D2761,lorem ipsum
D2762,lorem ipsum
D2763,lorem ipsum
D2764,lorem ipsum
D2765,lorem ipsum
D2766,lorem ipsum
D2767,lorem ipsum
D2768,lorem ipsum
D2769,lorem ipsum
D2770,lorem ipsum
D2771,lorem ipsum
D2772,lorem ipsum
D2773,lorem ipsum
D2774,lorem ipsum
D2775,lorem ipsum
D2776,lorem ipsum
D2777,lorem ipsum
D2778,lorem ipsum
D2779,lorem ipsum
D2780,lorem ipsum
D2781,lorem ipsum
D2782,lorem ipsum
D2783,lorem ipsum
D2784,lorem ipsum
D2785,lorem ipsum
D2786,lorem ipsum
D2787,lorem ipsum
D2788,lorem ipsum
D2789,lorem ipsum
D2790,lorem ipsum
D2791,lorem ipsum
D2792,lorem ipsum
D2793,lorem ipsum
D2794,lorem ipsum
D2795,lorem ipsum
D2796,lorem ipsum
D2797,lorem ipsum
D2798,lorem ipsum
D2799,lorem ipsum
D2800,lorem ipsum
D2801,lorem ipsum
D2802,lorem ipsum
D2803,lorem ipsum
D2804,lorem ipsum
D2805,lorem ipsum
D2806,lorem ipsum
D2807,lorem ipsum
D2808,lorem ipsum
D2809,lorem ipsum
D2810,lorem ipsum
D2811,lorem ipsum
D2812,lorem ipsum
D2813,lorem ipsum
D2814,lorem ipsum
D2815,lorem ipsum
D2816,lorem ipsum
D2817,lorem ipsum
D2818,lorem ipsum
D2819,lorem ipsum
D2820,lorem ipsum
D2821,lorem ipsum
D2822,lorem ipsum
D2823,lorem ipsum
D2824,lorem ipsum
D2825,lorem ipsum
D2826,lorem ipsum
D2827,lorem ipsum
D2828,lorem ipsum
D2829,lorem ipsum
D2830,lorem ipsum
D2831,lorem ipsum
D2832,lorem ipsum
D2833,lorem ipsum
D2834,lorem ipsum
D2835,lorem ipsum
D2836,lorem ipsum
D2837,lorem ipsum
D2838,lorem ipsum
D2839,lorem ipsum
D2840,lorem ipsum
D2841,lorem ipsum
D2842,lorem ipsum
D2843,lorem ipsum
D2844,lorem ipsum
D2845,lorem ipsum
D2846,lorem ipsum
D2847,lorem ipsum
D2848,lorem ipsum
D2849,lorem ipsum
D2850,lorem ipsum
D2851,lorem ipsum
D2852,lorem ipsum
D2853,lorem ipsum
D2854,lorem ipsum
D2855,lorem ipsum
D2856,lorem ipsum
D2857,lorem ipsum
D2858,lorem ipsum
D2859,lorem ipsum
D2860,lorem ipsum
D2861,lorem ipsum
D2862,lorem ipsum
D2863,lorem ipsum
D2864,lorem ipsum
D2865,lorem ipsum
D2866,lorem ipsum
D2867,lorem ipsum
D2868,lorem ipsum
D2869,lorem ipsum
D2870,lorem ipsum
D2871,lorem ipsum
D2872,lorem ipsum
D2873,lorem ipsum
D2874,lorem ipsum
D2875,lorem ipsum
D2876,lorem ipsum
D2877,lorem ipsum
D2878,lorem ipsum
D2879,lorem ipsum
D2880,lorem ipsum
D2881,lorem ipsum
D2882,lorem ipsum
D2883,lorem ipsum
D2884,lorem ipsum
D2885,lorem ipsum
D2886,lorem ipsum
D2887,lorem ipsum
D2888,lorem ipsum
D2889,lorem ipsum
D2890,lorem ipsum
D2891,lorem ipsum
D2892,lorem ipsum
D2893,lorem ipsum
D2894,lorem ipsum
D2895,lorem ipsum
D2896,lorem ipsum
D2897,lorem ipsum
D2898,lorem ipsum
D2899,lorem ipsum
D2900,lorem ipsum
D2901,lorem ipsum
D2902,lorem ipsum
D2903,lorem ipsum
D2904,lorem ipsum
D2905,lorem ipsum
D2906,lorem ipsum
D2907,lorem ipsum
D2908,lorem ipsum
D2909,lorem ipsum
D2910,lorem ipsum
D2911,lorem ipsum
D2912,lorem ipsum
D2913,lorem ipsum
D2914,lorem ipsum
D2915,lorem ipsum
D2916,lorem ipsum
D2917,lorem ipsum
D2918,lorem ipsum
D2919,lorem ipsum
D2920,lorem ipsum
D2921,lorem ipsum
D2922,lorem ipsum
D2923,lorem ipsum
D2924,lorem ipsum
D2925,lorem ipsum
D2926,lorem ipsum
D2927,lorem ipsum
D2928,lorem ipsum
D2929,lorem ipsum
D2930,lorem ipsum
D2931,lorem ipsum
D2932,lorem ipsum
D2933,lorem ipsum
D2934,lorem ipsum
D2935,lorem ipsum
D2936,lorem ipsum
D2937,lorem ipsum
D2938,lorem ipsum
D2939,lorem ipsum
D2940,lorem ipsum
D2941,lorem ipsum
D2942,lorem ipsum
D2943,lorem ipsum
D2944,lorem ipsum
D2945,lorem ipsum
D2946,lorem ipsum
D2947,lorem ipsum
D2948,lorem ipsum
D2949,lorem ipsum
D2950,lorem ipsum
D2951,lorem ipsum
D2952,lorem ipsum
D2953,lorem ipsum
D2954,lorem ipsum
D2955,lorem ipsum
D2956,lorem ipsum
D2957,lorem ipsum
D2958,lorem ipsum
D2959,lorem ipsum
D2960,lorem ipsum
D2961,lorem ipsum
D2962,lorem ipsum
D2963,lorem ipsum
D2964,lorem ipsum
D2965,lorem ipsum
D2966,lorem ipsum
D2967,lorem ipsum
D2968,lorem ipsum
D2969,lorem ipsum
D2970,lorem ipsum
D2971,lorem ipsum
D2972,lorem ipsum
D2973,lorem ipsum
D2974,lorem ipsum
D2975,lorem ipsum
D2976,lorem ipsum
D2977,lorem ipsum
D2978,lorem ipsum
D2979,lorem ipsum
D2980,lorem ipsum
D2981,lorem ipsum
D2982,lorem ipsum
D2983,lorem ipsum
D2984,lorem ipsum
D2985,lorem ipsum
D2986,lorem ipsum
D2987,lorem ipsum
D2988,lorem ipsum
D2989,lorem ipsum
D2990,lorem ipsum
D2991,lorem ipsum
D2992,lorem ipsum
D2993,lorem ipsum
D2994,lorem ipsum
D2995,lorem ipsum
D2996,lorem ipsum
D2997,lorem ipsum
D2998,lorem ipsum
D2999,lorem ipsum
D3000,lorem ipsum
D3001,lorem ipsum
D3002,lorem ipsum
D3003,lorem ipsum
D3004,lorem ipsum
D3005,lorem ipsum
D3006,lorem ipsum
D3007,lorem ipsum
D3008,lorem ipsum
D3009,lorem ipsum
D3010,lorem ipsum
D3011,lorem ipsum
D3012,lorem ipsum
D3013,lorem ipsum
D3014,lorem ipsum
D3015,lorem ipsum
D3016,lorem ipsum
D3017,lorem ipsum
D3018,lorem ipsum
D3019,lorem ipsum
D3020,lorem ipsum
D3021,lorem ipsum
D3022,lorem ipsum
D3023,lorem ipsum
D3024,lorem ipsum
D3025,lorem ipsum
D3026,lorem ipsum
D3027,lorem ipsum
D3028,lorem ipsum
D3029,lorem ipsum
D3030,lorem ipsum
D3031,lorem ipsum
D3032,lorem ipsum
D3033,lorem ipsum
D3034,lorem ipsum
D3035,lorem ipsum
D3036,lorem ipsum
D3037,lorem ipsum
D3038,lorem ipsum
D3039,lorem ipsum
D3040,lorem ipsum
D3041,lorem ipsum
D3042,lorem ipsum
D3043,lorem ipsum
D3044,lorem ipsum
D3045,lorem ipsum
D3046,lorem ipsum
D3047,lorem ipsum
D3048,lorem ipsum
D3049,lorem ipsum
D3050,lorem ipsum
D3051,lorem ipsum
D3052,lorem ipsum
D3053,lorem ipsum
D3054,lorem ipsum
D3055,lorem ipsum
D3056,lorem ipsum
D3057,lorem ipsum
D3058,lorem ipsum
D3059,lorem ipsum
D3060,lorem ipsum
D3061,lorem ipsum
D3062,lorem ipsum
D3063,lorem ipsum
D3064,lorem ipsum
D3065,lorem ipsum
D3066,lorem ipsum
D3067,lorem ipsum
D3068,lorem ipsum
D3069,lorem ipsum
D3070,lorem ipsum
D3071,lorem ipsum
D3072,lorem ipsum
D3073,lorem ipsum
D3074,lorem ipsum
D3075,lorem ipsum
D3076,lorem ipsum
D3077,lorem ipsum
D3078,lorem ipsum
D3079,lorem ipsum
D3080,lorem ipsum
D3081,lorem ipsum
D3082,lorem ipsum
D3083,lorem ipsum
D3084,lorem ipsum
D3085,lorem ipsum
D3086,lorem ipsum
D3087,lorem ipsum
D3088,lorem ipsum
D3089,lorem ipsum
D3090,lorem ipsum
D3091,lorem ipsum
D3092,lorem ipsum
D3093,lorem ipsum
D3094,lorem ipsum
D3095,lorem ipsum
D3096,lorem ipsum
D3097,lorem ipsum
D3098,lorem ipsum
D3099,lorem ipsum
D3100,lorem ipsum
D3101,lorem ipsum
D3102,lorem ipsum
D3103,lorem ipsum
D3104,lorem ipsum
D3105,lorem ipsum
D3106,lorem ipsum
D3107,lorem ipsum
D3108,lorem ipsum
D3109,lorem ipsum
D3110,lorem ipsum
D3111,lorem ipsum
D3112,lorem ipsum
D3113,lorem ipsum
D3114,lorem ipsum
D3115,lorem ipsum
D3116,lorem ipsum
D3117,lorem ipsum
D3118,lorem ipsum
D3119,lorem ipsum
D3120,lorem ipsum
D3121,lorem ipsum
D3122,lorem ipsum
D3123,lorem ipsum
D3124,lorem ipsum
D3125,lorem ipsum
D3126,lorem ipsum
D3127,lorem ipsum
D3128,lorem ipsum
D3129,lorem ipsum
D3130,lorem ipsum
D3131,lorem ipsum
D3132,lorem ipsum
D3133,lorem ipsum
D3134,lorem ipsum
D3135,lorem ipsum
D3136,lorem ipsum
D3137,lorem ipsum
D3138,lorem ipsum
D3139,lorem ipsum
D3140,lorem ipsum
D3141,lorem ipsum
D3142,lorem ipsum
D3143,lorem ipsum
D3144,lorem ipsum
D3145,lorem ipsum
D3146,lorem ipsum
D3147,lorem ipsum
D3148,lorem ipsum
D3149,lorem ipsum
D3150,lorem ipsum
D3151,lorem ipsum
D3152,lorem ipsum
D3153,lorem ipsum
D3154,lorem ipsum
D3155,lorem ipsum
D3156,lorem ipsum
D3157,lorem ipsum
D3158,lorem ipsum
D3159,lorem ipsum
D3160,lorem ipsum
D3161,lorem ipsum
D3162,lorem ipsum
D3163,lorem ipsum
D3164,lorem ipsum
D3165,lorem ipsum
D3166,lorem ipsum
D3167,lorem ipsum
D3168,lorem ipsum
D3169,lorem ipsum
D3170,lorem ipsum
D3171,lorem ipsum
D3172,lorem ipsum
D3173,lorem ipsum
D3174,lorem ipsum
D3175,lorem ipsum
D3176,lorem ipsum
D3177,lorem ipsum
D3178,lorem ipsum
D3179,lorem ipsum
D3180,lorem ipsum
D3181,lorem ipsum
D3182,lorem ipsum
D3183,lorem ipsum
D3184,lorem ipsum
D3185,lorem ipsum
D3186,lorem ipsum
D3187,lorem ipsum
D3188,lorem ipsum
D3189,lorem ipsum
D3190,lorem ipsum
D3191,lorem ipsum
D3192,lorem ipsum
D3193,lorem ipsum
D3194,lorem ipsum
D3195,lorem ipsum
D3196,lorem ipsum
D3197,lorem ipsum
D3198,lorem ipsum
D3199,lorem ipsum
D3200,lorem ipsum
D3201,lorem ipsum
D3202,lorem ipsum
D3203,lorem ipsum
D3204,lorem ipsum
D3205,lorem ipsum
D3206,lorem ipsum
D3207,lorem ipsum
D3208,lorem ipsum
D3209,lorem ipsum
D3210,lorem ipsum
D3211,lorem ipsum
D3212,lorem ipsum
D3213,lorem ipsum
D3214,lorem ipsum
D3215,lorem ipsum
D3216,lorem ipsum
D3217,lorem ipsum
D3218,lorem ipsum
D3219,lorem ipsum
D3220,lorem ipsum
D3221,lorem ipsum
D3222,lorem ipsum
D3223,lorem ipsum
D3224,lorem ipsum
D3225,lorem ipsum
D3226,lorem ipsum
D3227,lorem ipsum
D3228,lorem ipsum
D3229,lorem ipsum
D3230,lorem ipsum
D3231,lorem ipsum
D3232,lorem ipsum
D3233,lorem ipsum
D3234,lorem ipsum
D3235,lorem ipsum
D3236,lorem ipsum
D3237,lorem ipsum
D3238,lorem ipsum
D3239,lorem ipsum
D3240,lorem ipsum
D3241,lorem ipsum
D3242,lorem ipsum
D3243,lorem ipsum
D3244,lorem ipsum
D3245,lorem ipsum
D3246,lorem ipsum
D3247,lorem ipsum
D3248,lorem ipsum
D3249,lorem ipsum
D3250,lorem ipsum
D3251,lorem ipsum
D3252,lorem ipsum
D3253,lorem ipsum
D3254,lorem ipsum
D3255,lorem ipsum
D3256,lorem ipsum
D3257,lorem ipsum
D3258,lorem ipsum
D3259,lorem ipsum
D3260,lorem ipsum
D3261,lorem ipsum
D3262,lorem ipsum
D3263,lorem ipsum
D3264,lorem ipsum
D3265,lorem ipsum
D3266,lorem ipsum
D3267,lorem ipsum
D3268,lorem ipsum
D3269,lorem ipsum
D3270,lorem ipsum
D3271,lorem ipsum
D3272,lorem ipsum
D3273,lorem ipsum
D3274,lorem ipsum
D3275,lorem ipsum
D3276,lorem ipsum
D3277,lorem ipsum
D3278,lorem ipsum
D3279,lorem ipsum
D3280,lorem ipsum
D3281,lorem ipsum
D3282,lorem ipsum
D3283,lorem ipsum
D3284,lorem ipsum
D3285,lorem ipsum
D3286,lorem ipsum
D3287,lorem ipsum
D3288,lorem ipsum
D3289,lorem ipsum
D3290,lorem ipsum
D3291,lorem ipsum
D3292,lorem ipsum
D3293,lorem ipsum
D3294,lorem ipsum
D3295,lorem ipsum
D3296,lorem ipsum
D3297,lorem ipsum
D3298,lorem ipsum
D3299,lorem ipsum
D3300,lorem ipsum
D3301,lorem ipsum
D3302,lorem ipsum
D3303,lorem ipsum
D3304,lorem ipsum
D3305,lorem ipsum
D3306,lorem ipsum
D3307,lorem ipsum
D3308,lorem ipsum
D3309,lorem ipsum
D3310,lorem ipsum
D3311,lorem ipsum
D3312,lorem ipsum
D3313,lorem ipsum
D3314,lorem ipsum
D3315,lorem ipsum
D3316,lorem ipsum
D3317,lorem ipsum
D3318,lorem ipsum
D3319,lorem ipsum
D3320,lorem ipsum
D3321,lorem ipsum
D3322,lorem ipsum
D3323,lorem ipsum
D3324,lorem ipsum
D3325,lorem ipsum
D3326,lorem ipsum
D3327,lorem ipsum
D3328,lorem ipsum
D3329,lorem ipsum
D3330,lorem ipsum
D3331,lorem ipsum
D3332,lorem ipsum
D3333,lorem ipsum
D3334,lorem ipsum
D3335,lorem ipsum
D3336,lorem ipsum
D3337,lorem ipsum
D3338,lorem ipsum
D3339,lorem ipsum
D3340,lorem ipsum
D3341,lorem ipsum
D3342,lorem ipsum
D3343,lorem ipsum
D3344,lorem ipsum
D3345,lorem ipsum
D3346,lorem ipsum
D3347,lorem ipsum
D3348,lorem ipsum
D3349,lorem ipsum
D3350,lorem ipsum
D3351,lorem ipsum
D3352,lorem ipsum
D3353,lorem ipsum
D3354,lorem ipsum
D3355,lorem ipsum
D3356,lorem ipsum
D3357,lorem ipsum
D3358,lorem ipsum
D3359,lorem ipsum
D3360,lorem ipsum
D3361,lorem ipsum
D3362,lorem ipsum
D3363,lorem ipsum
D3364,lorem ipsum
D3365,lorem ipsum
D3366,lorem ipsum
D3367,lorem ipsum
D3368,lorem ipsum
D3369,lorem ipsum
D3370,lorem ipsum
D3371,lorem ipsum
D3372,lorem ipsum
D3373,lorem ipsum
D3374,lorem ipsum
D3375,lorem ipsum
D3376,lorem ipsum
D3377,lorem ipsum
D3378,lorem ipsum
D3379,lorem ipsum
D3380,lorem ipsum
D3381,lorem ipsum
D3382,lorem ipsum
D3383,lorem ipsum
D3384,lorem ipsum
D3385,lorem ipsum
D3386,lorem ipsum
D3387,lorem ipsum
D3388,lorem ipsum
D3389,lorem ipsum
D3390,lorem ipsum
D3391,lorem ipsum
D3392,lorem ipsum
D3393,lorem ipsum
D3394,lorem ipsum
D3395,lorem ipsum
D3396,lorem ipsum
D3397,lorem ipsum
D3398,lorem ipsum
D3399,lorem ipsum
D3400,lorem ipsum
D3401,lorem ipsum
D3402,lorem ipsum
D3403,lorem ipsum
D3404,lorem ipsum
D3405,lorem ipsum
D3406,lorem ipsum
D3407,lorem ipsum
D3408,lorem ipsum
D3409,lorem ipsum
D3410,lorem ipsum
D3411,lorem ipsum
D3412,lorem ipsum
D3413,lorem ipsum
D3414,lorem ipsum
D3415,lorem ipsum
D3416,lorem ipsum
D3417,lorem ipsum
D3418,lorem ipsum
D3419,lorem ipsum
D3420,lorem ipsum
D3421,lorem ipsum
D3422,lorem ipsum
D3423,lorem ipsum
D3424,lorem ipsum
D3425,lorem ipsum
D3426,lorem ipsum
D3427,lorem ipsum
D3428,lorem ipsum
D3429,lorem ipsum
D3430,lorem ipsum
D3431,lorem ipsum
D3432,lorem ipsum
D3433,lorem ipsum
D3434,lorem ipsum
D3435,lorem ipsum
D3436,lorem ipsum
D3437,lorem ipsum
D3438,lorem ipsum
D3439,lorem ipsum
D3440,lorem ipsum
D3441,lorem ipsum
D3442,lorem ipsum
D3443,lorem ipsum
D3444,lorem ipsum
D3445,lorem ipsum
D3446,lorem ipsum
D3447,lorem ipsum
D3448,lorem ipsum
D3449,lorem ipsum
D3450,lorem ipsum
D3451,lorem ipsum
D3452,lorem ipsum
D3453,lorem ipsum
D3454,lorem ipsum
D3455,lorem ipsum
D3456,lorem ipsum
D3457,lorem ipsum
D3458,lorem ipsum
D3459,lorem ipsum
D3460,lorem ipsum
D3461,lorem ipsum
D3462,lorem ipsum
D3463,lorem ipsum
D3464,lorem ipsum
D3465,lorem ipsum
D3466,lorem ipsum
D3467,lorem ipsum
D3468,lorem ipsum
D3469,lorem ipsum
D3470,lorem ipsum
D3471,lorem ipsum
D3472,lorem ipsum
D3473,lorem ipsum
D3474,lorem ipsum
D3475,lorem ipsum
D3476,lorem ipsum
D3477,lorem ipsum
D3478,lorem ipsum
D3479,lorem ipsum
D3480,lorem ipsum
D3481,lorem ipsum
D3482,lorem ipsum
D3483,lorem ipsum
D3484,lorem ipsum
D3485,lorem ipsum
D3486,lorem ipsum
D3487,lorem ipsum
D3488,lorem ipsum
D3489,lorem ipsum
D3490,lorem ipsum
D3491,lorem ipsum
D3492,lorem ipsum
D3493,lorem ipsum
D3494,lorem ipsum
D3495,lorem ipsum
D3496,lorem ipsum
D3497,lorem ipsum
D3498,lorem ipsum
D3499,lorem ipsum
D3500,lorem ipsum
D3501,lorem ipsum
D3502,lorem ipsum
D3503,lorem ipsum
D3504,lorem ipsum
D3505,lorem ipsum
D3506,lorem ipsum
D3507,lorem ipsum
D3508,lorem ipsum
D3509,lorem ipsum
D3510,lorem ipsum
D3511,lorem ipsum
D3512,lorem ipsum
D3513,lorem ipsum
D3514,lorem ipsum
D3515,lorem ipsum
D3516,lorem ipsum
D3517,lorem ipsum
D3518,lorem ipsum
D3519,lorem ipsum
D3520,lorem ipsum
D3521,lorem ipsum
D3522,lorem ipsum
D3523,lorem ipsum
D3524,lorem ipsum
D3525,lorem ipsum
D3526,lorem ipsum
D3527,lorem ipsum
D3528,lorem ipsum
D3529,lorem ipsum
D3530,lorem ipsum
D3531,lorem ipsum
D3532,lorem ipsum
D3533,lorem ipsum
D3534,lorem ipsum
D3535,lorem ipsum
D3536,lorem ipsum
D3537,lorem ipsum
D3538,lorem ipsum
D3539,lorem ipsum
D3540,lorem ipsum
D3541,lorem ipsum
D3542,lorem ipsum
D3543,lorem ipsum
D3544,lorem ipsum
D3545,lorem ipsum
D3546,lorem ipsum
D3547,lorem ipsum
D3548,lorem ipsum
D3549,lorem ipsum
D3550,lorem ipsum
D3551,lorem ipsum
D3552,lorem ipsum
D3553,lorem ipsum
D3554,lorem ipsum
D3555,lorem ipsum
D3556,lorem ipsum
D3557,lorem ipsum
D3558,lorem ipsum
D3559,lorem ipsum
D3560,lorem ipsum
D3561,lorem ipsum
D3562,lorem ipsum
D3563,lorem ipsum
D3564,lorem ipsum
D3565,lorem ipsum
D3566,lorem ipsum
D3567,lorem ipsum
D3568,lorem ipsum
D3569,lorem ipsum
D3570,lorem ipsum
D3571,lorem ipsum
D3572,lorem ipsum
D3573,lorem ipsum
D3574,lorem ipsum
D3575,lorem ipsum
D3576,lorem ipsum
D3577,lorem ipsum
D3578,lorem ipsum
D3579,lorem ipsum
D3580,lorem ipsum
D3581,lorem ipsum
D3582,lorem ipsum
D3583,lorem ipsum
D3584,lorem ipsum
D3585,lorem ipsum
D3586,lorem ipsum
D3587,lorem ipsum
D3588,lorem ipsum
D3589,lorem ipsum
D3590,lorem ipsum
D3591,lorem ipsum
D3592,lorem ipsum
D3593,lorem ipsum
D3594,lorem ipsum
D3595,lorem ipsum
D3596,lorem ipsum
D3597,lorem ipsum
D3598,lorem ipsum
D3599,lorem ipsum
D3600,lorem ipsum
D3601,lorem ipsum
D3602,lorem ipsum
D3603,lorem ipsum
D3604,lorem ipsum
D3605,lorem ipsum
D3606,lorem ipsum
D3607,lorem ipsum
D3608,lorem ipsum
D3609,lorem ipsum
D3610,lorem ipsum
D3611,lorem ipsum
D3612,lorem ipsum
D3613,lorem ipsum
D3614,lorem ipsum
D3615,lorem ipsum
D3616,lorem ipsum
D3617,lorem ipsum
D3618,lorem ipsum
D3619,lorem ipsum
D3620,lorem ipsum
D3621,lorem ipsum
D3622,lorem ipsum
D3623,lorem ipsum
D3624,lorem ipsum
D3625,lorem ipsum
D3626,lorem ipsum
D3627,lorem ipsum
D3628,lorem ipsum
D3629,lorem ipsum
D3630,lorem ipsum
D3631,lorem ipsum
D3632,lorem ipsum
D3633,lorem ipsum
D3634,lorem ipsum
D3635,lorem ipsum
D3636,lorem ipsum
D3637,lorem ipsum
D3638,lorem ipsum
D3639,lorem ipsum
D3640,lorem ipsum
D3641,lorem ipsum
D3642,lorem ipsum
D3643,lorem ipsum
D3644,lorem ipsum
D3645,lorem ipsum
D3646,lorem ipsum
D3647,lorem ipsum
D3648,lorem ipsum
D3649,lorem ipsum
D3650,lorem ipsum
D3651,lorem ipsum
D3652,lorem ipsum
D3653,lorem ipsum
D3654,lorem ipsum
D3655,lorem ipsum
D3656,lorem ipsum
D3657,lorem ipsum
D3658,lorem ipsum
D3659,lorem ipsum
D3660,lorem ipsum
D3661,lorem ipsum
D3662,lorem ipsum
D3663,lorem ipsum
D3664,lorem ipsum
D3665,lorem ipsum
D3666,lorem ipsum
D3667,lorem ipsum
D3668,lorem ipsum
D3669,lorem ipsum
D3670,lorem ipsum
D3671,lorem ipsum
D3672,lorem ipsum
D3673,lorem ipsum
D3674,lorem ipsum
D3675,lorem ipsum
D3676,lorem ipsum
D3677,lorem ipsum
D3678,lorem ipsum
D3679,lorem ipsum
D3680,lorem ipsum
D3681,lorem ipsum
D3682,lorem ipsum
D3683,lorem ipsum
D3684,lorem ipsum
D3685,lorem ipsum
D3686,lorem ipsum
D3687,lorem ipsum
D3688,lorem ipsum
D3689,lorem ipsum
D3690,lorem ipsum
D3691,lorem ipsum
D3692,lorem ipsum
D3693,lorem ipsum
D3694,lorem ipsum
D3695,lorem ipsum
D3696,lorem ipsum
D3697,lorem ipsum
D3698,lorem ipsum
D3699,lorem ipsum
D3700,lorem ipsum
D3701,lorem ipsum
D3702,lorem ipsum
D3703,lorem ipsum
D3704,lorem ipsum
D3705,lorem ipsum
D3706,lorem ipsum
D3707,lorem ipsum
D3708,lorem ipsum
D3709,lorem ipsum
D3710,lorem ipsum
D3711,lorem ipsum
D3712,lorem ipsum
D3713,lorem ipsum
D3714,lorem ipsum
D3715,lorem ipsum
D3716,lorem ipsum
D3717,lorem ipsum
D3718,lorem ipsum
D3719,lorem ipsum
D3720,lorem ipsum
D3721,lorem ipsum
D3722,lorem ipsum
D3723,lorem ipsum
D3724,lorem ipsum
D3725,lorem ipsum
D3726,lorem ipsum
D3727,lorem ipsum
D3728,lorem ipsum
D3729,lorem ipsum
D3730,lorem ipsum
D3731,lorem ipsum
D3732,lorem ipsum
D3733,lorem ipsum
D3734,lorem ipsum
D3735,lorem ipsum
D3736,lorem ipsum
D3737,lorem ipsum
D3738,lorem ipsum
D3739,lorem ipsum
D3740,lorem ipsum
D3741,lorem ipsum
D3742,lorem ipsum
D3743,lorem ipsum
D3744,lorem ipsum
D3745,lorem ipsum
D3746,lorem ipsum
D3747,lorem ipsum
D3748,lorem ipsum
D3749,lorem ipsum
D3750,lorem ipsum
D3751,lorem ipsum
D3752,lorem ipsum
D3753,lorem ipsum
D3754,lorem ipsum
D3755,lorem ipsum
D3756,lorem ipsum
D3757,lorem ipsum
D3758,lorem ipsum
D3759,lorem ipsum
D3760,lorem ipsum
D3761,lorem ipsum
D3762,lorem ipsum
D3763,lorem ipsum
D3764,lorem ipsum
D3765,lorem ipsum
D3766,lorem ipsum
D3767,lorem ipsum
D3768,lorem ipsum
D3769,lorem ipsum
D3770,lorem ipsum
D3771,lorem ipsum
D3772,lorem ipsum
D3773,lorem ipsum
D3774,lorem ipsum
D3775,lorem ipsum
D3776,lorem ipsum
D3777,lorem ipsum
D3778,lorem ipsum
D3779,lorem ipsum
D3780,lorem ipsum
D3781,lorem ipsum
D3782,lorem ipsum
D3783,lorem ipsum
D3784,lorem ipsum
D3785,lorem ipsum
D3786,lorem ipsum
D3787,lorem ipsum
D3788,lorem ipsum
D3789,lorem ipsum
D3790,lorem ipsum
D3791,lorem ipsum
D3792,lorem ipsum
D3793,lorem ipsum
D3794,lorem ipsum
D3795,lorem ipsum
D3796,lorem ipsum
D3797,lorem ipsum
D3798,lorem ipsum
D3799,lorem ipsum
D3800,lorem ipsum
D3801,lorem ipsum
D3802,lorem ipsum
D3803,lorem ipsum
D3804,lorem ipsum
D3805,lorem ipsum
D3806,lorem ipsum
D3807,lorem ipsum
D3808,lorem ipsum
D3809,lorem ipsum
D3810,lorem ipsum
D3811,lorem ipsum
D3812,lorem ipsum
D3813,lorem ipsum
D3814,lorem ipsum
D3815,lorem ipsum
D3816,lorem ipsum
D3817,lorem ipsum
D3818,lorem ipsum
D3819,lorem ipsum
D3820,lorem ipsum
D3821,lorem ipsum
D3822,lorem ipsum
D3823,lorem ipsum
D3824,lorem ipsum
D3825,lorem ipsum
D3826,lorem ipsum
D3827,lorem ipsum
D3828,lorem ipsum
D3829,lorem ipsum
D3830,lorem ipsum
D3831,lorem ipsum
D3832,lorem ipsum
D3833,lorem ipsum
D3834,lorem ipsum
D3835,lorem ipsum
D3836,lorem ipsum
D3837,lorem ipsum
D3838,lorem ipsum
D3839,lorem ipsum
D3840,lorem ipsum
D3841,lorem ipsum
D3842,lorem ipsum
D3843,lorem ipsum
D3844,lorem ipsum
D3845,lorem ipsum
D3846,lorem ipsum
D3847,lorem ipsum
D3848,lorem ipsum
D3849,lorem ipsum
D3850,lorem ipsum
D3851,lorem ipsum
D3852,lorem ipsum
D3853,lorem ipsum
D3854,lorem ipsum
D3855,lorem ipsum
D3856,lorem ipsum
D3857,lorem ipsum
D3858,lorem ipsum
D3859,lorem ipsum
D3860,lorem ipsum
D3861,lorem ipsum
D3862,lorem ipsum
D3863,lorem ipsum
D3864,lorem ipsum
D3865,lorem ipsum
D3866,lorem ipsum
D3867,lorem ipsum
D3868,lorem ipsum
D3869,lorem ipsum
D3870,lorem ipsum
D3871,lorem ipsum
D3872,lorem ipsum
D3873,lorem ipsum
D3874,lorem ipsum
D3875,lorem ipsum
D3876,lorem ipsum
D3877,lorem ipsum
D3878,lorem ipsum
D3879,lorem ipsum
D3880,lorem ipsum
D3881,lorem ipsum
D3882,lorem ipsum
D3883,lorem ipsum
D3884,lorem ipsum
D3885,lorem ipsum
D3886,lorem ipsum
D3887,lorem ipsum
D3888,lorem ipsum
D3889,lorem ipsum
D3890,lorem ipsum
D3891,lorem ipsum
D3892,lorem ipsum
D3893,lorem ipsum
D3894,lorem ipsum
D3895,lorem ipsum
D3896,lorem ipsum
D3897,lorem ipsum
D3898,lorem ipsum
D3899,lorem ipsum
D3900,lorem ipsum
D3901,lorem ipsum
D3902,lorem ipsum
D3903,lorem ipsum
D3904,lorem ipsum
D3905,lorem ipsum
D3906,lorem ipsum
D3907,lorem ipsum
D3908,lorem ipsum
D3909,lorem ipsum
D3910,lorem ipsum
D3911,lorem ipsum
D3912,lorem ipsum
D3913,lorem ipsum
D3914,lorem ipsum
D3915,lorem ipsum
D3916,lorem ipsum
D3917,lorem ipsum
D3918,lorem ipsum
D3919,lorem ipsum
D3920,lorem ipsum
D3921,lorem ipsum
D3922,lorem ipsum
D3923,lorem ipsum
D3924,lorem ipsum
D3925,lorem ipsum
D3926,lorem ipsum
D3927,lorem ipsum
D3928,lorem ipsum
D3929,lorem ipsum
D3930,lorem ipsum
D3931,lorem ipsum
D3932,lorem ipsum
D3933,lorem ipsum
D3934,lorem ipsum
D3935,lorem ipsum
D3936,lorem ipsum
D3937,lorem ipsum
D3938,lorem ipsum
D3939,lorem ipsum
D3940,lorem ipsum
D3941,lorem ipsum
D3942,lorem ipsum
D3943,lorem ipsum
D3944,lorem ipsum
D3945,lorem ipsum
D3946,lorem ipsum
D3947,lorem ipsum
D3948,lorem ipsum
D3949,lorem ipsum
D3950,lorem ipsum
D3951,lorem ipsum
D3952,lorem ipsum
D3953,lorem ipsum
D3954,lorem ipsum
D3955,lorem ipsum
D3956,lorem ipsum
D3957,lorem ipsum
D3958,lorem ipsum
D3959,lorem ipsum
D3960,lorem ipsum
D3961,lorem ipsum
D3962,lorem ipsum
D3963,lorem ipsum
D3964,lorem ipsum
D3965,lorem ipsum
D3966,lorem ipsum
D3967,lorem ipsum
D3968,lorem ipsum
D3969,lorem ipsum
D3970,lorem ipsum
D3971,lorem ipsum
D3972,lorem ipsum
D3973,lorem ipsum
D3974,lorem ipsum
D3975,lorem ipsum
D3976,lorem ipsum
D3977,lorem ipsum
D3978,lorem ipsum
D3979,lorem ipsum
D3980,lorem ipsum
D3981,lorem ipsum
D3982,lorem ipsum
D3983,lorem ipsum
D3984,lorem ipsum
D3985,lorem ipsum
D3986,lorem ipsum
D3987,lorem ipsum
D3988,lorem ipsum
D3989,lorem ipsum
D3990,lorem ipsum
D3991,lorem ipsum
D3992,lorem ipsum
D3993,lorem ipsum
D3994,lorem ipsum
D3995,lorem ipsum
D3996,lorem ipsum
D3997,lorem ipsum
D3998,lorem ipsum
D3999,lorem ipsum
D4000,lorem ipsum
D4001,lorem ipsum
D4002,lorem ipsum
D4003,lorem ipsum
D4004,lorem ipsum
D4005,lorem ipsum
D4006,lorem ipsum
D4007,lorem ipsum
D4008,lorem ipsum
D4009,lorem ipsum
D4010,lorem ipsum
D4011,lorem ipsum
D4012,lorem ipsum
D4013,lorem ipsum
D4014,lorem ipsum
D4015,lorem ipsum
D4016,lorem ipsum
D4017,lorem ipsum
D4018,lorem ipsum
D4019,lorem ipsum
D4020,lorem ipsum
D4021,lorem ipsum
D4022,lorem ipsum
D4023,lorem ipsum
D4024,lorem ipsum
D4025,lorem ipsum
D4026,lorem ipsum
D4027,lorem ipsum
D4028,lorem ipsum
D4029,lorem ipsum
D4030,lorem ipsum
D4031,lorem ipsum
D4032,lorem ipsum
D4033,lorem ipsum
D4034,lorem ipsum
D4035,lorem ipsum
D4036,lorem ipsum
D4037,lorem ipsum
D4038,lorem ipsum
D4039,lorem ipsum
D4040,lorem ipsum
D4041,lorem ipsum
D4042,lorem ipsum
D4043,lorem ipsum
D4044,lorem ipsum
D4045,lorem ipsum
D4046,lorem ipsum
D4047,lorem ipsum
D4048,lorem ipsum
D4049,lorem ipsum
D4050,lorem ipsum
D4051,lorem ipsum
D4052,lorem ipsum
D4053,lorem ipsum
D4054,lorem ipsum
D4055,lorem ipsum
D4056,lorem ipsum
D4057,lorem ipsum
D4058,lorem ipsum
D4059,lorem ipsum
D4060,lorem ipsum
D4061,lorem ipsum
D4062,lorem ipsum
D4063,lorem ipsum
D4064,lorem ipsum
D4065,lorem ipsum
D4066,lorem ipsum
D4067,lorem ipsum
D4068,lorem ipsum
D4069,lorem ipsum
D4070,lorem ipsum
D4071,lorem ipsum
D4072,lorem ipsum
D4073,lorem ipsum
D4074,lorem ipsum
D4075,lorem ipsum
D4076,lorem ipsum
D4077,lorem ipsum
D4078,lorem ipsum
D4079,lorem ipsum
D4080,lorem ipsum
D4081,lorem ipsum
D4082,lorem ipsum
D4083,lorem ipsum
D4084,lorem ipsum
D4085,lorem ipsum
D4086,lorem ipsum
D4087,lorem ipsum
D4088,lorem ipsum
D4089,lorem ipsum
D4090,lorem ipsum
D4091,lorem ipsum
D4092,lorem ipsum
D4093,lorem ipsum
D4094,lorem ipsum
D4095,lorem ipsum
D4096,lorem ipsum
D4097,lorem ipsum
D4098,lorem ipsum
D4099,lorem ipsum
D4100,lorem ipsum
D4101,lorem ipsum
D4102,lorem ipsum
D4103,lorem ipsum
D4104,lorem ipsum
D4105,lorem ipsum
D4106,lorem ipsum
D4107,lorem ipsum
D4108,lorem ipsum
D4109,lorem ipsum
D4110,lorem ipsum
D4111,lorem ipsum
D4112,lorem ipsum
D4113,lorem ipsum
D4114,lorem ipsum
D4115,lorem ipsum
D4116,lorem ipsum
D4117,lorem ipsum
D4118,lorem ipsum
D4119,lorem ipsum
D4120,lorem ipsum
D4121,lorem ipsum
D4122,lorem ipsum
D4123,lorem ipsum
D4124,lorem ipsum
D4125,lorem ipsum
D4126,lorem ipsum
D4127,lorem ipsum
D4128,lorem ipsum
D4129,lorem ipsum
D4130,lorem ipsum
D4131,lorem ipsum
D4132,lorem ipsum
D4133,lorem ipsum
D4134,lorem ipsum
D4135,lorem ipsum
D4136,lorem ipsum
D4137,lorem ipsum
D4138,lorem ipsum
D4139,lorem ipsum
D4140,lorem ipsum
D4141,lorem ipsum
D4142,lorem ipsum
D4143,lorem ipsum
D4144,lorem ipsum
D4145,lorem ipsum
D4146,lorem ipsum
D4147,lorem ipsum
D4148,lorem ipsum
D4149,lorem ipsum
D4150,lorem ipsum
D4151,lorem ipsum
D4152,lorem ipsum
D4153,lorem ipsum
D4154,lorem ipsum
D4155,lorem ipsum
D4156,lorem ipsum
D4157,lorem ipsum
D4158,lorem ipsum
D4159,lorem ipsum
D4160,lorem ipsum
D4161,lorem ipsum
D4162,lorem ipsum
D4163,lorem ipsum
D4164,lorem ipsum
D4165,lorem ipsum
D4166,lorem ipsum
D4167,lorem ipsum
D4168,lorem ipsum
D4169,lorem ipsum
D4170,lorem ipsum
D4171,lorem ipsum
D4172,lorem ipsum
D4173,lorem ipsum
D4174,lorem ipsum
D4175,lorem ipsum
D4176,lorem ipsum
D4177,lorem ipsum
D4178,lorem ipsum
D4179,lorem ipsum
D4180,lorem ipsum
D4181,lorem ipsum
D4182,lorem ipsum
D4183,lorem ipsum
D4184,lorem ipsum
D4185,lorem ipsum
D4186,lorem ipsum
D4187,lorem ipsum
D4188,lorem ipsum
D4189,lorem ipsum
D4190,lorem ipsum
D4191,lorem ipsum
D4192,lorem ipsum
D4193,lorem ipsum
D4194,lorem ipsum
D4195,lorem ipsum
D4196,lorem ipsum
D4197,lorem ipsum
D4198,lorem ipsum
D4199,lorem ipsum
D4200,lorem ipsum
D4201,lorem ipsum
D4202,lorem ipsum
D4203,lorem ipsum
D4204,lorem ipsum
D4205,lorem ipsum
D4206,lorem ipsum
D4207,lorem ipsum
D4208,lorem ipsum
D4209,lorem ipsum
D4210,lorem ipsum
D4211,lorem ipsum
D4212,lorem ipsum
D4213,lorem ipsum
D4214,lorem ipsum
D4215,lorem ipsum
D4216,lorem ipsum
D4217,lorem ipsum
D4218,lorem ipsum
D4219,lorem ipsum
D4220,lorem ipsum
D4221,lorem ipsum
D4222,lorem ipsum
D4223,lorem ipsum
D4224,lorem ipsum
D4225,lorem ipsum
D4226,lorem ipsum
D4227,lorem ipsum
D4228,lorem ipsum
D4229,lorem ipsum
D4230,lorem ipsum
D4231,lorem ipsum
D4232,lorem ipsum
D4233,lorem ipsum
D4234,lorem ipsum
D4235,lorem ipsum
D4236,lorem ipsum
D4237,lorem ipsum
D4238,lorem ipsum
D4239,lorem ipsum
D4240,lorem ipsum
D4241,lorem ipsum
D4242,lorem ipsum
D4243,lorem ipsum
D4244,lorem ipsum
D4245,lorem ipsum
D4246,lorem ipsum
D4247,lorem ipsum
D4248,lorem ipsum
D4249,lorem ipsum
D4250,lorem ipsum
D4251,lorem ipsum
D4252,lorem ipsum
D4253,lorem ipsum
D4254,lorem ipsum
D4255,lorem ipsum
D4256,lorem ipsum
D4257,lorem ipsum
D4258,lorem ipsum
D4259,lorem ipsum
D4260,lorem ipsum
D4261,lorem ipsum
D4262,lorem ipsum
D4263,lorem ipsum
D4264,lorem ipsum
D4265,lorem ipsum
D4266,lorem ipsum
D4267,lorem ipsum
D4268,lorem ipsum
D4269,lorem ipsum
D4270,lorem ipsum
D4271,lorem ipsum
D4272,lorem ipsum
D4273,lorem ipsum
D4274,lorem ipsum
D4275,lorem ipsum
D4276,lorem ipsum
D4277,lorem ipsum
D4278,lorem ipsum
D4279,lorem ipsum
D4280,lorem ipsum
D4281,lorem ipsum
D4282,lorem ipsum
D4283,lorem ipsum
D4284,lorem ipsum
D4285,lorem ipsum
D4286,lorem ipsum
D4287,lorem ipsum
D4288,lorem ipsum
D4289,lorem ipsum
D4290,lorem ipsum
D4291,lorem ipsum
D4292,lorem ipsum
D4293,lorem ipsum
D4294,lorem ipsum
D4295,lorem ipsum
D4296,lorem ipsum
D4297,lorem ipsum
D4298,lorem ipsum
D4299,lorem ipsum
D4300,lorem ipsum
D4301,lorem ipsum
D4302,lorem ipsum
D4303,lorem ipsum
D4304,lorem ipsum
D4305,lorem ipsum
D4306,lorem ipsum
D4307,lorem ipsum
D4308,lorem ipsum
D4309,lorem ipsum
D4310,lorem ipsum
D4311,lorem ipsum
D4312,lorem ipsum
D4313,lorem ipsum
D4314,lorem ipsum
D4315,lorem ipsum
D4316,lorem ipsum
D4317,lorem ipsum
D4318,lorem ipsum
D4319,lorem ipsum
D4320,lorem ipsum
D4321,lorem ipsum
D4322,lorem ipsum
D4323,lorem ipsum
D4324,lorem ipsum
D4325,lorem ipsum
D4326,lorem ipsum
D4327,lorem ipsum
D4328,lorem ipsum
D4329,lorem ipsum
D4330,lorem ipsum
D4331,lorem ipsum
D4332,lorem ipsum
D4333,lorem ipsum
D4334,lorem ipsum
D4335,lorem ipsum
D4336,lorem ipsum
D4337,lorem ipsum
D4338,lorem ipsum
D4339,lorem ipsum
D4340,lorem ipsum
D4341,lorem ipsum
D4342,lorem ipsum
D4343,lorem ipsum
D4344,lorem ipsum
D4345,lorem ipsum
D4346,lorem ipsum
D4347,lorem ipsum
D4348,lorem ipsum
D4349,lorem ipsum
D4350,lorem ipsum
D4351,lorem ipsum
D4352,lorem ipsum
D4353,lorem ipsum
D4354,lorem ipsum
D4355,lorem ipsum
D4356,lorem ipsum
D4357,lorem ipsum
D4358,lorem ipsum
D4359,lorem ipsum
D4360,lorem ipsum
D4361,lorem ipsum
D4362,lorem ipsum
D4363,lorem ipsum
D4364,lorem ipsum
D4365,lorem ipsum
D4366,lorem ipsum
D4367,lorem ipsum
D4368,lorem ipsum
D4369,lorem ipsum
D4370,lorem ipsum
D4371,lorem ipsum
D4372,lorem ipsum
D4373,lorem ipsum
D4374,lorem ipsum
D4375,lorem ipsum
D4376,lorem ipsum
D4377,lorem ipsum
D4378,lorem ipsum
D4379,lorem ipsum
D4380,lorem ipsum
D4381,lorem ipsum
D4382,lorem ipsum
D4383,lorem ipsum
D4384,lorem ipsum
D4385,lorem ipsum
D4386,lorem ipsum
D4387,lorem ipsum
D4388,lorem ipsum
D4389,lorem ipsum
D4390,lorem ipsum
D4391,lorem ipsum
D4392,lorem ipsum
D4393,lorem ipsum
D4394,lorem ipsum
D4395,lorem ipsum
D4396,lorem ipsum
D4397,lorem ipsum
D4398,lorem ipsum
D4399,lorem ipsum
D4400,lorem ipsum
D4401,lorem ipsum
D4402,lorem ipsum
D4403,lorem ipsum
D4404,lorem ipsum
D4405,lorem ipsum
D4406,lorem ipsum
D4407,lorem ipsum
D4408,lorem ipsum
D4409,lorem ipsum
D4410,lorem ipsum
D4411,lorem ipsum
D4412,lorem ipsum
D4413,lorem ipsum
D4414,lorem ipsum
D4415,lorem ipsum
D4416,lorem ipsum
D4417,lorem ipsum
D4418,lorem ipsum
D4419,lorem ipsum
D4420,lorem ipsum
D4421,lorem ipsum
D4422,lorem ipsum
D4423,lorem ipsum
D4424,lorem ipsum
D4425,lorem ipsum
D4426,lorem ipsum
D4427,lorem ipsum
D4428,lorem ipsum
D4429,lorem ipsum
D4430,lorem ipsum
D4431,lorem ipsum
D4432,lorem ipsum
D4433,lorem ipsum
D4434,lorem ipsum
D4435,lorem ipsum
D4436,lorem ipsum
D4437,lorem ipsum
D4438,lorem ipsum
D4439,lorem ipsum
D4440,lorem ipsum
D4441,lorem ipsum
D4442,lorem ipsum
D4443,lorem ipsum
D4444,lorem ipsum
D4445,lorem ipsum
D4446,lorem ipsum
D4447,lorem ipsum
D4448,lorem ipsum
D4449,lorem ipsum
D4450,lorem ipsum
D4451,lorem ipsum
D4452,lorem ipsum
D4453,lorem ipsum
D4454,lorem ipsum
D4455,lorem ipsum
D4456,lorem ipsum
D4457,lorem ipsum
D4458,lorem ipsum
D4459,lorem ipsum
D4460,lorem ipsum
D4461,lorem ipsum
D4462,lorem ipsum
D4463,lorem ipsum
D4464,lorem ipsum
D4465,lorem ipsum
D4466,lorem ipsum
D4467,lorem ipsum
D4468,lorem ipsum
D4469,lorem ipsum
D4470,lorem ipsum
D4471,lorem ipsum
D4472,lorem ipsum
D4473,lorem ipsum
D4474,lorem ipsum
D4475,lorem ipsum
D4476,lorem ipsum
D4477,lorem ipsum
D4478,lorem ipsum
D4479,lorem ipsum
D4480,lorem ipsum
D4481,lorem ipsum
D4482,lorem ipsum
D4483,lorem ipsum
D4484,lorem ipsum
D4485,lorem ipsum
D4486,lorem ipsum
D4487,lorem ipsum
D4488,lorem ipsum
D4489,lorem ipsum
D4490,lorem ipsum
D4491,lorem ipsum
D4492,lorem ipsum
D4493,lorem ipsum
D4494,lorem ipsum
D4495,lorem ipsum
D4496,lorem ipsum
D4497,lorem ipsum
D4498,lorem ipsum
D4499,lorem ipsum
D4500,lorem ipsum
D4501,lorem ipsum
D4502,lorem ipsum
D4503,lorem ipsum
D4504,lorem ipsum
D4505,lorem ipsum
D4506,lorem ipsum
D4507,lorem ipsum
D4508,lorem ipsum
D4509,lorem ipsum
D4510,lorem ipsum
D4511,lorem ipsum
D4512,lorem ipsum
D4513,lorem ipsum
D4514,lorem ipsum
D4515,lorem ipsum
D4516,lorem ipsum
D4517,lorem ipsum
D4518,lorem ipsum
D4519,lorem ipsum
D4520,lorem ipsum
D4521,lorem ipsum
D4522,lorem ipsum
D4523,lorem ipsum
D4524,lorem ipsum
D4525,lorem ipsum
D4526,lorem ipsum
D4527,lorem ipsum
D4528,lorem ipsum
D4529,lorem ipsum
D4530,lorem ipsum
D4531,lorem ipsum
D4532,lorem ipsum
D4533,lorem ipsum
D4534,lorem ipsum
D4535,lorem ipsum
D4536,lorem ipsum
D4537,lorem ipsum
D4538,lorem ipsum
D4539,lorem ipsum
D4540,lorem ipsum
D4541,lorem ipsum
D4542,lorem ipsum
D4543,lorem ipsum
D4544,lorem ipsum
D4545,lorem ipsum
D4546,lorem ipsum
D4547,lorem ipsum
D4548,lorem ipsum
D4549,lorem ipsum
D4550,lorem ipsum
D4551,lorem ipsum
D4552,lorem ipsum
D4553,lorem ipsum
D4554,lorem ipsum
D4555,lorem ipsum
D4556,lorem ipsum
D4557,lorem ipsum
D4558,lorem ipsum
D4559,lorem ipsum
D4560,lorem ipsum
D4561,lorem ipsum
D4562,lorem ipsum
D4563,lorem ipsum
D4564,lorem ipsum
D4565,lorem ipsum
D4566,lorem ipsum
D4567,lorem ipsum
D4568,lorem ipsum
D4569,lorem ipsum
D4570,lorem ipsum
D4571,lorem ipsum
D4572,lorem ipsum
D4573,lorem ipsum
D4574,lorem ipsum
D4575,lorem ipsum
D4576,lorem ipsum
D4577,lorem ipsum
D4578,lorem ipsum
D4579,lorem ipsum
D4580,lorem ipsum
D4581,lorem ipsum
D4582,lorem ipsum
D4583,lorem ipsum
D4584,lorem ipsum
D4585,lorem ipsum
D4586,lorem ipsum
D4587,lorem ipsum
D4588,lorem ipsum
D4589,lorem ipsum
D4590,lorem ipsum
D4591,lorem ipsum
D4592,lorem ipsum
D4593,lorem ipsum
D4594,lorem ipsum
D4595,lorem ipsum
D4596,lorem ipsum
D4597,lorem ipsum
D4598,lorem ipsum
D4599,lorem ipsum
D4600,lorem ipsum
D4601,lorem ipsum
D4602,lorem ipsum
D4603,lorem ipsum
D4604,lorem ipsum
D4605,lorem ipsum
D4606,lorem ipsum
D4607,lorem ipsum
D4608,lorem ipsum
D4609,lorem ipsum
D4610,lorem ipsum
D4611,lorem ipsum
D4612,lorem ipsum
D4613,lorem ipsum
D4614,lorem ipsum
D4615,lorem ipsum
D4616,lorem ipsum
D4617,lorem ipsum
D4618,lorem ipsum
D4619,lorem ipsum
D4620,lorem ipsum
D4621,lorem ipsum
D4622,lorem ipsum
D4623,lorem ipsum
D4624,lorem ipsum
D4625,lorem ipsum
D4626,lorem ipsum
D4627,lorem ipsum
D4628,lorem ipsum
D4629,lorem ipsum
D4630,lorem ipsum
D4631,lorem ipsum
D4632,lorem ipsum
D4633,lorem ipsum
D4634,lorem ipsum
D4635,lorem ipsum
D4636,lorem ipsum
D4637,lorem ipsum
D4638,lorem ipsum
D4639,lorem ipsum
D4640,lorem ipsum
D4641,lorem ipsum
D4642,lorem ipsum
D4643,lorem ipsum
D4644,lorem ipsum
D4645,lorem ipsum
D4646,lorem ipsum
D4647,lorem ipsum
D4648,lorem ipsum
D4649,lorem ipsum
D4650,lorem ipsum
D4651,lorem ipsum
D4652,lorem ipsum
D4653,lorem ipsum
D4654,lorem ipsum
D4655,lorem ipsum
D4656,lorem ipsum
D4657,lorem ipsum
D4658,lorem ipsum
D4659,lorem ipsum
D4660,lorem ipsum
D4661,lorem ipsum
D4662,lorem ipsum
D4663,lorem ipsum
D4664,lorem ipsum
D4665,lorem ipsum
D4666,lorem ipsum
D4667,lorem ipsum
D4668,lorem ipsum
D4669,lorem ipsum
D4670,lorem ipsum
D4671,lorem ipsum
D4672,lorem ipsum
D4673,lorem ipsum
D4674,lorem ipsum
D4675,lorem ipsum
D4676,lorem ipsum
D4677,lorem ipsum
D4678,lorem ipsum
D4679,lorem ipsum
D4680,lorem ipsum
D4681,lorem ipsum
D4682,lorem ipsum
D4683,lorem ipsum
D4684,lorem ipsum
D4685,lorem ipsum
D4686,lorem ipsum
D4687,lorem ipsum
D4688,lorem ipsum
D4689,lorem ipsum
D4690,lorem ipsum
D4691,lorem ipsum
D4692,lorem ipsum
D4693,lorem ipsum
D4694,lorem ipsum
D4695,lorem ipsum
D4696,lorem ipsum
D4697,lorem ipsum
D4698,lorem ipsum
D4699,lorem ipsum
D4700,lorem ipsum
D4701,lorem ipsum
D4702,lorem ipsum
D4703,lorem ipsum
D4704,lorem ipsum
D4705,lorem ipsum
D4706,lorem ipsum
D4707,lorem ipsum
D4708,lorem ipsum
D4709,lorem ipsum
D4710,lorem ipsum
D4711,lorem ipsum
D4712,lorem ipsum
D4713,lorem ipsum
D4714,lorem ipsum
D4715,lorem ipsum
D4716,lorem ipsum
D4717,lorem ipsum
D4718,lorem ipsum
D4719,lorem ipsum
D4720,lorem ipsum
D4721,lorem ipsum
D4722,lorem ipsum
D4723,lorem ipsum
D4724,lorem ipsum
D4725,lorem ipsum
D4726,lorem ipsum
D4727,lorem ipsum
D4728,lorem ipsum
D4729,lorem ipsum
D4730,lorem ipsum
D4731,lorem ipsum
D4732,lorem ipsum
D4733,lorem ipsum
D4734,lorem ipsum
D4735,lorem ipsum
D4736,lorem ipsum
D4737,lorem ipsum
D4738,lorem ipsum
D4739,lorem ipsum
D4740,lorem ipsum
D4741,lorem ipsum
D4742,lorem ipsum
D4743,lorem ipsum
D4744,lorem ipsum
D4745,lorem ipsum
D4746,lorem ipsum
D4747,lorem ipsum
D4748,lorem ipsum
D4749,lorem ipsum
D4750,lorem ipsum
D4751,lorem ipsum
D4752,lorem ipsum
D4753,lorem ipsum
D4754,lorem ipsum
D4755,lorem ipsum
D4756,lorem ipsum
D4757,lorem ipsum
D4758,lorem ipsum
D4759,lorem ipsum
D4760,lorem ipsum
D4761,lorem ipsum
D4762,lorem ipsum
D4763,lorem ipsum
D4764,lorem ipsum
D4765,lorem ipsum
D4766,lorem ipsum
D4767,lorem ipsum
D4768,lorem ipsum
D4769,lorem ipsum
D4770,lorem ipsum
D4771,lorem ipsum
D4772,lorem ipsum
D4773,lorem ipsum
D4774,lorem ipsum
D4775,lorem ipsum
D4776,lorem ipsum
D4777,lorem ipsum
D4778,lorem ipsum
D4779,lorem ipsum
D4780,lorem ipsum
D4781,lorem ipsum
D4782,lorem ipsum
D4783,lorem ipsum
D4784,lorem ipsum
D4785,lorem ipsum
D4786,lorem ipsum
D4787,lorem ipsum
D4788,lorem ipsum
D4789,lorem ipsum
D4790,lorem ipsum
D4791,lorem ipsum
D4792,lorem ipsum
D4793,lorem ipsum
D4794,lorem ipsum
D4795,lorem ipsum
D4796,lorem ipsum
D4797,lorem ipsum
D4798,lorem ipsum
D4799,lorem ipsum
D4800,lorem ipsum
D4801,lorem ipsum
D4802,lorem ipsum
D4803,lorem ipsum
D4804,lorem ipsum
D4805,lorem ipsum
D4806,lorem ipsum
D4807,lorem ipsum
D4808,lorem ipsum
D4809,lorem ipsum
D4810,lorem ipsum
D4811,lorem ipsum
D4812,lorem ipsum
D4813,lorem ipsum
D4814,lorem ipsum
D4815,lorem ipsum
D4816,lorem ipsum
D4817,lorem ipsum
D4818,lorem ipsum
D4819,lorem ipsum
D4820,lorem ipsum
D4821,lorem ipsum
D4822,lorem ipsum
D4823,lorem ipsum
D4824,lorem ipsum
D4825,lorem ipsum
D4826,lorem ipsum
D4827,lorem ipsum
D4828,lorem ipsum
D4829,lorem ipsum
D4830,lorem ipsum
D4831,lorem ipsum
D4832,lorem ipsum
D4833,lorem ipsum
D4834,lorem ipsum
D4835,lorem ipsum
D4836,lorem ipsum
D4837,lorem ipsum
D4838,lorem ipsum
D4839,lorem ipsum
D4840,lorem ipsum
D4841,lorem ipsum
D4842,lorem ipsum
D4843,lorem ipsum
D4844,lorem ipsum
D4845,lorem ipsum
D4846,lorem ipsum
D4847,lorem ipsum
D4848,lorem ipsum
D4849,lorem ipsum
D4850,lorem ipsum
D4851,lorem ipsum
D4852,lorem ipsum
D4853,lorem ipsum
D4854,lorem ipsum
D4855,lorem ipsum
D4856,lorem ipsum
D4857,lorem ipsum
D4858,lorem ipsum
D4859,lorem ipsum
D4860,lorem ipsum
D4861,lorem ipsum
D4862,lorem ipsum
D4863,lorem ipsum
D4864,lorem ipsum
D4865,lorem ipsum
D4866,lorem ipsum
D4867,lorem ipsum
D4868,lorem ipsum
D4869,lorem ipsum
D4870,lorem ipsum
D4871,lorem ipsum
D4872,lorem ipsum
D4873,lorem ipsum
D4874,lorem ipsum
D4875,lorem ipsum
D4876,lorem ipsum
D4877,lorem ipsum
D4878,lorem ipsum
D4879,lorem ipsum
D4880,lorem ipsum
D4881,lorem ipsum
D4882,lorem ipsum
D4883,lorem ipsum
D4884,lorem ipsum
D4885,lorem ipsum
D4886,lorem ipsum
D4887,lorem ipsum
D4888,lorem ipsum
D4889,lorem ipsum
D4890,lorem ipsum
D4891,lorem ipsum
D4892,lorem ipsum
D4893,lorem ipsum
D4894,lorem ipsum
D4895,lorem ipsum
D4896,lorem ipsum
D4897,lorem ipsum
D4898,lorem ipsum
D4899,lorem ipsum
D4900,lorem ipsum
D4901,lorem ipsum
D4902,lorem ipsum
D4903,lorem ipsum
D4904,lorem ipsum
D4905,lorem ipsum
D4906,lorem ipsum
D4907,lorem ipsum
D4908,lorem ipsum
D4909,lorem ipsum
D4910,lorem ipsum
D4911,lorem ipsum
D4912,lorem ipsum
D4913,lorem ipsum
D4914,lorem ipsum
D4915,lorem ipsum
D4916,lorem ipsum
D4917,lorem ipsum
D4918,lorem ipsum
D4919,lorem ipsum
D4920,lorem ipsum
D4921,lorem ipsum
D4922,lorem ipsum
D4923,lorem ipsum
D4924,lorem ipsum
D4925,lorem ipsum
D4926,lorem ipsum
D4927,lorem ipsum
D4928,lorem ipsum
D4929,lorem ipsum
D4930,lorem ipsum
D4931,lorem ipsum
D4932,lorem ipsum
D4933,lorem ipsum
D4934,lorem ipsum
D4935,lorem ipsum
D4936,lorem ipsum
D4937,lorem ipsum
D4938,lorem ipsum
D4939,lorem ipsum
D4940,lorem ipsum
D4941,lorem ipsum
D4942,lorem ipsum
D4943,lorem ipsum
D4944,lorem ipsum
D4945,lorem ipsum
D4946,lorem ipsum
D4947,lorem ipsum
D4948,lorem ipsum
D4949,lorem ipsum
D4950,lorem ipsum
D4951,lorem ipsum
D4952,lorem ipsum
D4953,lorem ipsum
D4954,lorem ipsum
D4955,lorem ipsum
D4956,lorem ipsum
D4957,lorem ipsum
D4958,lorem ipsum
D4959,lorem ipsum
D4960,lorem ipsum
D4961,lorem ipsum
D4962,lorem ipsum
D4963,lorem ipsum
D4964,lorem ipsum
D4965,lorem ipsum
D4966,lorem ipsum
D4967,lorem ipsum
D4968,lorem ipsum
D4969,lorem ipsum
D4970,lorem ipsum
D4971,lorem ipsum
D4972,lorem ipsum
D4973,lorem ipsum
D4974,lorem ipsum
D4975,lorem ipsum
D4976,lorem ipsum
D4977,lorem ipsum
D4978,lorem ipsum
D4979,lorem ipsum
D4980,lorem ipsum
D4981,lorem ipsum
D4982,lorem ipsum
D4983,lorem ipsum
D4984,lorem ipsum
D4985,lorem ipsum
D4986,lorem ipsum
D4987,lorem ipsum
D4988,lorem ipsum
D4989,lorem ipsum
D4990,lorem ipsum
D4991,lorem ipsum
D4992,lorem ipsum
D4993,lorem ipsum
D4994,lorem ipsum
D4995,lorem ipsum
D4996,lorem ipsum
D4997,lorem ipsum
D4998,lorem ipsum
D4999,lorem ipsum
D5000,lorem ipsum
D5001,lorem ipsum
D5002,lorem ipsum
D5003,lorem ipsum
D5004,lorem ipsum
D5005,lorem ipsum
D5006,lorem ipsum
D5007,lorem ipsum
D5008,lorem ipsum
D5009,lorem ipsum
D5010,lorem ipsum
D5011,lorem ipsum
D5012,lorem ipsum
D5013,lorem ipsum
D5014,lorem ipsum
D5015,lorem ipsum
D5016,lorem ipsum
D5017,lorem ipsum
D5018,lorem ipsum
D5019,lorem ipsum
D5020,lorem ipsum
D5021,lorem ipsum
D5022,lorem ipsum
D5023,lorem ipsum
D5024,lorem ipsum
D5025,lorem ipsum
D5026,lorem ipsum
D5027,lorem ipsum
D5028,lorem ipsum
D5029,lorem ipsum
D5030,lorem ipsum
D5031,lorem ipsum
D5032,lorem ipsum
D5033,lorem ipsum
D5034,lorem ipsum
D5035,lorem ipsum
D5036,lorem ipsum
D5037,lorem ipsum
D5038,lorem ipsum
D5039,lorem ipsum
D5040,lorem ipsum
D5041,lorem ipsum
D5042,lorem ipsum
D5043,lorem ipsum
D5044,lorem ipsum
D5045,lorem ipsum
D5046,lorem ipsum
D5047,lorem ipsum
D5048,lorem ipsum
D5049,lorem ipsum
D5050,lorem ipsum
D5051,lorem ipsum
D5052,lorem ipsum
D5053,lorem ipsum
D5054,lorem ipsum
D5055,lorem ipsum
D5056,lorem ipsum
D5057,lorem ipsum
D5058,lorem ipsum
D5059,lorem ipsum
D5060,lorem ipsum
D5061,lorem ipsum
D5062,lorem ipsum
D5063,lorem ipsum
D5064,lorem ipsum
D5065,lorem ipsum
D5066,lorem ipsum
D5067,lorem ipsum
D5068,lorem ipsum
D5069,lorem ipsum
D5070,lorem ipsum
D5071,lorem ipsum
D5072,lorem ipsum
D5073,lorem ipsum
D5074,lorem ipsum
D5075,lorem ipsum
D5076,lorem ipsum
D5077,lorem ipsum
D5078,lorem ipsum
D5079,lorem ipsum
D5080,lorem ipsum
D5081,lorem ipsum
D5082,lorem ipsum
D5083,lorem ipsum
D5084,lorem ipsum
D5085,lorem ipsum
D5086,lorem ipsum
D5087,lorem ipsum
D5088,lorem ipsum
D5089,lorem ipsum
D5090,lorem ipsum
D5091,lorem ipsum
D5092,lorem ipsum
D5093,lorem ipsum
D5094,lorem ipsum
D5095,lorem ipsum
D5096,lorem ipsum
D5097,lorem ipsum
D5098,lorem ipsum
D5099,lorem ipsum
D5100,lorem ipsum
D5101,lorem ipsum
D5102,lorem ipsum
D5103,lorem ipsum
D5104,lorem ipsum
D5105,lorem ipsum
D5106,lorem ipsum
D5107,lorem ipsum
D5108,lorem ipsum
D5109,lorem ipsum
D5110,lorem ipsum
D5111,lorem ipsum
D5112,lorem ipsum
D5113,lorem ipsum
D5114,lorem ipsum
D5115,lorem ipsum
D5116,lorem ipsum
D5117,lorem ipsum
D5118,lorem ipsum
D5119,lorem ipsum
D5120,lorem ipsum
D5121,lorem ipsum
D5122,lorem ipsum
D5123,lorem ipsum
D5124,lorem ipsum
D5125,lorem ipsum
D5126,lorem ipsum
D5127,lorem ipsum
D5128,lorem ipsum
D5129,lorem ipsum
D5130,lorem ipsum
D5131,lorem ipsum
D5132,lorem ipsum
D5133,lorem ipsum
D5134,lorem ipsum
D5135,lorem ipsum
D5136,lorem ipsum
D5137,lorem ipsum
D5138,lorem ipsum
D5139,lorem ipsum
D5140,lorem ipsum
D5141,lorem ipsum
D5142,lorem ipsum
D5143,lorem ipsum
D5144,lorem ipsum
D5145,lorem ipsum
D5146,lorem ipsum
D5147,lorem ipsum
D5148,lorem ipsum
D5149,lorem ipsum
D5150,lorem ipsum
D5151,lorem ipsum
D5152,lorem ipsum
D5153,lorem ipsum
D5154,lorem ipsum
D5155,lorem ipsum
D5156,lorem ipsum
D5157,lorem ipsum
D5158,lorem ipsum
D5159,lorem ipsum
D5160,lorem ipsum
D5161,lorem ipsum
D5162,lorem ipsum
D5163,lorem ipsum
D5164,lorem ipsum
D5165,lorem ipsum
D5166,lorem ipsum
D5167,lorem ipsum
D5168,lorem ipsum
D5169,lorem ipsum
D5170,lorem ipsum
D5171,lorem ipsum
D5172,lorem ipsum
D5173,lorem ipsum
D5174,lorem ipsum
D5175,lorem ipsum
D5176,lorem ipsum
D5177,lorem ipsum
D5178,lorem ipsum
D5179,lorem ipsum
D5180,lorem ipsum
D5181,lorem ipsum
D5182,lorem ipsum
D5183,lorem ipsum
D5184,lorem ipsum
D5185,lorem ipsum
D5186,lorem ipsum
D5187,lorem ipsum
D5188,lorem ipsum
D5189,lorem ipsum
D5190,lorem ipsum
D5191,lorem ipsum
D5192,lorem ipsum
D5193,lorem ipsum
D5194,lorem ipsum
D5195,lorem ipsum
D5196,lorem ipsum
D5197,lorem ipsum
D5198,lorem ipsum
D5199,lorem ipsum
D5200,lorem ipsum
D5201,lorem ipsum
D5202,lorem ipsum
D5203,lorem ipsum
D5204,lorem ipsum
D5205,lorem ipsum
D5206,lorem ipsum
D5207,lorem ipsum
D5208,lorem ipsum
D5209,lorem ipsum
D5210,lorem ipsum
D5211,lorem ipsum
D5212,lorem ipsum
D5213,lorem ipsum
D5214,lorem ipsum
D5215,lorem ipsum
D5216,lorem ipsum
D5217,lorem ipsum
D5218,lorem ipsum
D5219,lorem ipsum
D5220,lorem ipsum
D5221,lorem ipsum
D5222,lorem ipsum
D5223,lorem ipsum
D5224,lorem ipsum
D5225,lorem ipsum
D5226,lorem ipsum
D5227,lorem ipsum
D5228,lorem ipsum
D5229,lorem ipsum
D5230,lorem ipsum
D5231,lorem ipsum
D5232,lorem ipsum
D5233,lorem ipsum
D5234,lorem ipsum
D5235,lorem ipsum
D5236,lorem ipsum
D5237,lorem ipsum
D5238,lorem ipsum
D5239,lorem ipsum
D5240,lorem ipsum
D5241,lorem ipsum
D5242,lorem ipsum
D5243,lorem ipsum
D5244,lorem ipsum
D5245,lorem ipsum
D5246,lorem ipsum
D5247,lorem ipsum
D5248,lorem ipsum
D5249,lorem ipsum
D5250,lorem ipsum
D5251,lorem ipsum
D5252,lorem ipsum
D5253,lorem ipsum
D5254,lorem ipsum
D5255,lorem ipsum
D5256,lorem ipsum
D5257,lorem ipsum
D5258,lorem ipsum
D5259,lorem ipsum
D5260,lorem ipsum
D5261,lorem ipsum
D5262,lorem ipsum
D5263,lorem ipsum
D5264,lorem ipsum
D5265,lorem ipsum
D5266,lorem ipsum
D5267,lorem ipsum
D5268,lorem ipsum
D5269,lorem ipsum
D5270,lorem ipsum
D5271,lorem ipsum
D5272,lorem ipsum
D5273,lorem ipsum
D5274,lorem ipsum
D5275,lorem ipsum
D5276,lorem ipsum
D5277,lorem ipsum
D5278,lorem ipsum
D5279,lorem ipsum
D5280,lorem ipsum
D5281,lorem ipsum
D5282,lorem ipsum
D5283,lorem ipsum
D5284,lorem ipsum
D5285,lorem ipsum
D5286,lorem ipsum
D5287,lorem ipsum
D5288,lorem ipsum
D5289,lorem ipsum
D5290,lorem ipsum
D5291,lorem ipsum
D5292,lorem ipsum
D5293,lorem ipsum
D5294,lorem ipsum
D5295,lorem ipsum
D5296,lorem ipsum
D5297,lorem ipsum
D5298,lorem ipsum
D5299,lorem ipsum
D5300,lorem ipsum
D5301,lorem ipsum
D5302,lorem ipsum
D5303,lorem ipsum
D5304,lorem ipsum
D5305,lorem ipsum
D5306,lorem ipsum
D5307,lorem ipsum
D5308,lorem ipsum
D5309,lorem ipsum
D5310,lorem ipsum
D5311,lorem ipsum
D5312,lorem ipsum
D5313,lorem ipsum
D5314,lorem ipsum
D5315,lorem ipsum
D5316,lorem ipsum
D5317,lorem ipsum
D5318,lorem ipsum
D5319,lorem ipsum
D5320,lorem ipsum
D5321,lorem ipsum
D5322,lorem ipsum
D5323,lorem ipsum
D5324,lorem ipsum
D5325,lorem ipsum
D5326,lorem ipsum
D5327,lorem ipsum
D5328,lorem ipsum
D5329,lorem ipsum
D5330,lorem ipsum
D5331,lorem ipsum
D5332,lorem ipsum
D5333,lorem ipsum
D5334,lorem ipsum
D5335,lorem ipsum
D5336,lorem ipsum
D5337,lorem ipsum
D5338,lorem ipsum
D5339,lorem ipsum
D5340,lorem ipsum
D5341,lorem ipsum
D5342,lorem ipsum
D5343,lorem ipsum
D5344,lorem ipsum
D5345,lorem ipsum
D5346,lorem ipsum
D5347,lorem ipsum
D5348,lorem ipsum
D5349,lorem ipsum
D5350,lorem ipsum
D5351,lorem ipsum
D5352,lorem ipsum
D5353,lorem ipsum
D5354,lorem ipsum
D5355,lorem ipsum
D5356,lorem ipsum
D5357,lorem ipsum
D5358,lorem ipsum
D5359,lorem ipsum
D5360,lorem ipsum
D5361,lorem ipsum
D5362,lorem ipsum
D5363,lorem ipsum
D5364,lorem ipsum
D5365,lorem ipsum
D5366,lorem ipsum
D5367,lorem ipsum
D5368,lorem ipsum
D5369,lorem ipsum
D5370,lorem ipsum
D5371,lorem ipsum
D5372,lorem ipsum
D5373,lorem ipsum
D5374,lorem ipsum
D5375,lorem ipsum
D5376,lorem ipsum
D5377,lorem ipsum
D5378,lorem ipsum
D5379,lorem ipsum
D5380,lorem ipsum
D5381,lorem ipsum
D5382,lorem ipsum
D5383,lorem ipsum
D5384,lorem ipsum
D5385,lorem ipsum
D5386,lorem ipsum
D5387,lorem ipsum
D5388,lorem ipsum
D5389,lorem ipsum
D5390,lorem ipsum
D5391,lorem ipsum
D5392,lorem ipsum
D5393,lorem ipsum
D5394,lorem ipsum
D5395,lorem ipsum
D5396,lorem ipsum
D5397,lorem ipsum
D5398,lorem ipsum
D5399,lorem ipsum
D5400,lorem ipsum
D5401,lorem ipsum
D5402,lorem ipsum
D5403,lorem ipsum
D5404,lorem ipsum
D5405,lorem ipsum
D5406,lorem ipsum
D5407,lorem ipsum
D5408,lorem ipsum
D5409,lorem ipsum
D5410,lorem ipsum
D5411,lorem ipsum
D5412,lorem ipsum
D5413,lorem ipsum
D5414,lorem ipsum
D5415,lorem ipsum
D5416,lorem ipsum
D5417,lorem ipsum
D5418,lorem ipsum
D5419,lorem ipsum
D5420,lorem ipsum
D5421,lorem ipsum
D5422,lorem ipsum
D5423,lorem ipsum
D5424,lorem ipsum
D5425,lorem ipsum
D5426,lorem ipsum
D5427,lorem ipsum
D5428,lorem ipsum
D5429,lorem ipsum
D5430,lorem ipsum
D5431,lorem ipsum
D5432,lorem ipsum
D5433,lorem ipsum
D5434,lorem ipsum
D5435,lorem ipsum
D5436,lorem ipsum
D5437,lorem ipsum
D5438,lorem ipsum
D5439,lorem ipsum
D5440,lorem ipsum
D5441,lorem ipsum
D5442,lorem ipsum
D5443,lorem ipsum
D5444,lorem ipsum
D5445,lorem ipsum
D5446,lorem ipsum
D5447,lorem ipsum
D5448,lorem ipsum
D5449,lorem ipsum
D5450,lorem ipsum
D5451,lorem ipsum
D5452,lorem ipsum
D5453,lorem ipsum
D5454,lorem ipsum
D5455,lorem ipsum
D5456,lorem ipsum
D5457,lorem ipsum
D5458,lorem ipsum
D5459,lorem ipsum
D5460,lorem ipsum
D5461,lorem ipsum
D5462,lorem ipsum
D5463,lorem ipsum
D5464,lorem ipsum
D5465,lorem ipsum
D5466,lorem ipsum
D5467,lorem ipsum
D5468,lorem ipsum
D5469,lorem ipsum
D5470,lorem ipsum
D5471,lorem ipsum
D5472,lorem ipsum
D5473,lorem ipsum
D5474,lorem ipsum
D5475,lorem ipsum
D5476,lorem ipsum
D5477,lorem ipsum
D5478,lorem ipsum
D5479,lorem ipsum
D5480,lorem ipsum
D5481,lorem ipsum
D5482,lorem ipsum
D5483,lorem ipsum
D5484,lorem ipsum
D5485,lorem ipsum
D5486,lorem ipsum
D5487,lorem ipsum
D5488,lorem ipsum
D5489,lorem ipsum
D5490,lorem ipsum
D5491,lorem ipsum
D5492,lorem ipsum
D5493,lorem ipsum
D5494,lorem ipsum
D5495,lorem ipsum
D5496,lorem ipsum
D5497,lorem ipsum
D5498,lorem ipsum
D5499,lorem ipsum
D5500,lorem ipsum
D5501,lorem ipsum
D5502,lorem ipsum
D5503,lorem ipsum
D5504,lorem ipsum
D5505,lorem ipsum
D5506,lorem ipsum
D5507,lorem ipsum
D5508,lorem ipsum
D5509,lorem ipsum
D5510,lorem ipsum
D5511,lorem ipsum
D5512,lorem ipsum
D5513,lorem ipsum
D5514,lorem ipsum
D5515,lorem ipsum
D5516,lorem ipsum
D5517,lorem ipsum
D5518,lorem ipsum
D5519,lorem ipsum
D5520,lorem ipsum
D5521,lorem ipsum
D5522,lorem ipsum
D5523,lorem ipsum
D5524,lorem ipsum
D5525,lorem ipsum
D5526,lorem ipsum
D5527,lorem ipsum
D5528,lorem ipsum
D5529,lorem ipsum
D5530,lorem ipsum
D5531,lorem ipsum
D5532,lorem ipsum
D5533,lorem ipsum
D5534,lorem ipsum
D5535,lorem ipsum
D5536,lorem ipsum
D5537,lorem ipsum
D5538,lorem ipsum
D5539,lorem ipsum
D5540,lorem ipsum
D5541,lorem ipsum
D5542,lorem ipsum
D5543,lorem ipsum
D5544,lorem ipsum
D5545,lorem ipsum
D5546,lorem ipsum
D5547,lorem ipsum
D5548,lorem ipsum
D5549,lorem ipsum
D5550,lorem ipsum
D5551,lorem ipsum
D5552,lorem ipsum
D5553,lorem ipsum
D5554,lorem ipsum
D5555,lorem ipsum
D5556,lorem ipsum
D5557,lorem ipsum
D5558,lorem ipsum
D5559,lorem ipsum
D5560,lorem ipsum
D5561,lorem ipsum
D5562,lorem ipsum
D5563,lorem ipsum
D5564,lorem ipsum
D5565,lorem ipsum
D5566,lorem ipsum
D5567,lorem ipsum
D5568,lorem ipsum
D5569,lorem ipsum
D5570,lorem ipsum
D5571,lorem ipsum
D5572,lorem ipsum
D5573,lorem ipsum
D5574,lorem ipsum
D5575,lorem ipsum
D5576,lorem ipsum
D5577,lorem ipsum
D5578,lorem ipsum
D5579,lorem ipsum
D5580,lorem ipsum
D5581,lorem ipsum
D5582,lorem ipsum
D5583,lorem ipsum
D5584,lorem ipsum
D5585,lorem ipsum
D5586,lorem ipsum
D5587,lorem ipsum
D5588,lorem ipsum
D5589,lorem ipsum
D5590,lorem ipsum
D5591,lorem ipsum
D5592,lorem ipsum
D5593,lorem ipsum
D5594,lorem ipsum
D5595,lorem ipsum
D5596,lorem ipsum
D5597,lorem ipsum
D5598,lorem ipsum
D5599,lorem ipsum
D5600,lorem ipsum
D5601,lorem ipsum
D5602,lorem ipsum
D5603,lorem ipsum
D5604,lorem ipsum
D5605,lorem ipsum
D5606,lorem ipsum
D5607,lorem ipsum
D5608,lorem ipsum
D5609,lorem ipsum
D5610,lorem ipsum
D5611,lorem ipsum
D5612,lorem ipsum
D5613,lorem ipsum
D5614,lorem ipsum
D5615,lorem ipsum
D5616,lorem ipsum
D5617,lorem ipsum
D5618,lorem ipsum
D5619,lorem ipsum
D5620,lorem ipsum
D5621,lorem ipsum
D5622,lorem ipsum
D5623,lorem ipsum
D5624,lorem ipsum
D5625,lorem ipsum
D5626,lorem ipsum
D5627,lorem ipsum
D5628,lorem ipsum
D5629,lorem ipsum
D5630,lorem ipsum
D5631,lorem ipsum
D5632,lorem ipsum
D5633,lorem ipsum
D5634,lorem ipsum
D5635,lorem ipsum
D5636,lorem ipsum
D5637,lorem ipsum
D5638,lorem ipsum
D5639,lorem ipsum
D5640,lorem ipsum
D5641,lorem ipsum
D5642,lorem ipsum
D5643,lorem ipsum
D5644,lorem ipsum
D5645,lorem ipsum
D5646,lorem ipsum
D5647,lorem ipsum
D5648,lorem ipsum
D5649,lorem ipsum
D5650,lorem ipsum
D5651,lorem ipsum
D5652,lorem ipsum
D5653,lorem ipsum
D5654,lorem ipsum
D5655,lorem ipsum
D5656,lorem ipsum
D5657,lorem ipsum
D5658,lorem ipsum
D5659,lorem ipsum
D5660,lorem ipsum
D5661,lorem ipsum
D5662,lorem ipsum
D5663,lorem ipsum
D5664,lorem ipsum
D5665,lorem ipsum
D5666,lorem ipsum
D5667,lorem ipsum
D5668,lorem ipsum
D5669,lorem ipsum
D5670,lorem ipsum
D5671,lorem ipsum
D5672,lorem ipsum
D5673,lorem ipsum
D5674,lorem ipsum
D5675,lorem ipsum
D5676,lorem ipsum
D5677,lorem ipsum
D5678,lorem ipsum
D5679,lorem ipsum
D5680,lorem ipsum
D5681,lorem ipsum
D5682,lorem ipsum
D5683,lorem ipsum
D5684,lorem ipsum
D5685,lorem ipsum
D5686,lorem ipsum
D5687,lorem ipsum
D5688,lorem ipsum
D5689,lorem ipsum
D5690,lorem ipsum
D5691,lorem ipsum
D5692,lorem ipsum
D5693,lorem ipsum
D5694,lorem ipsum
D5695,lorem ipsum
D5696,lorem ipsum
D5697,lorem ipsum
D5698,lorem ipsum
D5699,lorem ipsum
D5700,lorem ipsum
D5701,lorem ipsum
D5702,lorem ipsum
D5703,lorem ipsum
D5704,lorem ipsum
D5705,lorem ipsum
D5706,lorem ipsum
D5707,lorem ipsum
D5708,lorem ipsum
D5709,lorem ipsum
D5710,lorem ipsum
D5711,lorem ipsum
D5712,lorem ipsum
D5713,lorem ipsum
D5714,lorem ipsum
D5715,lorem ipsum
D5716,lorem ipsum
D5717,lorem ipsum
D5718,lorem ipsum
D5719,lorem ipsum
D5720,lorem ipsum
D5721,lorem ipsum
D5722,lorem ipsum
D5723,lorem ipsum
D5724,lorem ipsum
D5725,lorem ipsum
D5726,lorem ipsum
D5727,lorem ipsum
D5728,lorem ipsum
D5729,lorem ipsum
D5730,lorem ipsum
D5731,lorem ipsum
D5732,lorem ipsum
D5733,lorem ipsum
D5734,lorem ipsum
D5735,lorem ipsum
D5736,lorem ipsum
D5737,lorem ipsum
D5738,lorem ipsum
D5739,lorem ipsum
D5740,lorem ipsum
D5741,lorem ipsum
D5742,lorem ipsum
D5743,lorem ipsum
D5744,lorem ipsum
D5745,lorem ipsum
D5746,lorem ipsum
D5747,lorem ipsum
D5748,lorem ipsum
D5749,lorem ipsum
D5750,lorem ipsum
D5751,lorem ipsum
D5752,lorem ipsum
D5753,lorem ipsum
D5754,lorem ipsum
D5755,lorem ipsum
D5756,lorem ipsum
D5757,lorem ipsum
D5758,lorem ipsum
D5759,lorem ipsum
D5760,lorem ipsum
D5761,lorem ipsum
D5762,lorem ipsum
D5763,lorem ipsum
D5764,lorem ipsum
D5765,lorem ipsum
D5766,lorem ipsum
D5767,lorem ipsum
D5768,lorem ipsum
D5769,lorem ipsum
D5770,lorem ipsum
D5771,lorem ipsum
D5772,lorem ipsum
D5773,lorem ipsum
D5774,lorem ipsum
D5775,lorem ipsum
D5776,lorem ipsum
D5777,lorem ipsum
D5778,lorem ipsum
D5779,lorem ipsum
D5780,lorem ipsum
D5781,lorem ipsum
D5782,lorem ipsum
D5783,lorem ipsum
D5784,lorem ipsum
D5785,lorem ipsum
D5786,lorem ipsum
D5787,lorem ipsum
D5788,lorem ipsum
D5789,lorem ipsum
D5790,lorem ipsum
D5791,lorem ipsum
D5792,lorem ipsum
D5793,lorem ipsum
D5794,lorem ipsum
D5795,lorem ipsum
D5796,lorem ipsum
D5797,lorem ipsum
D5798,lorem ipsum
D5799,lorem ipsum
D5800,lorem ipsum
D5801,lorem ipsum
D5802,lorem ipsum
D5803,lorem ipsum
D5804,lorem ipsum
D5805,lorem ipsum
D5806,lorem ipsum
D5807,lorem ipsum
D5808,lorem ipsum
D5809,lorem ipsum
D5810,lorem ipsum
D5811,lorem ipsum
D5812,lorem ipsum
D5813,lorem ipsum
D5814,lorem ipsum
D5815,lorem ipsum
D5816,lorem ipsum
D5817,lorem ipsum
D5818,lorem ipsum
D5819,lorem ipsum
D5820,lorem ipsum
D5821,lorem ipsum
D5822,lorem ipsum
D5823,lorem ipsum
D5824,lorem ipsum
D5825,lorem ipsum
D5826,lorem ipsum
D5827,lorem ipsum
D5828,lorem ipsum
D5829,lorem ipsum
D5830,lorem ipsum
D5831,lorem ipsum
D5832,lorem ipsum
D5833,lorem ipsum
D5834,lorem ipsum
D5835,lorem ipsum
D5836,lorem ipsum
D5837,lorem ipsum
D5838,lorem ipsum
D5839,lorem ipsum
D5840,lorem ipsum
D5841,lorem ipsum
D5842,lorem ipsum
D5843,lorem ipsum
D5844,lorem ipsum
D5845,lorem ipsum
D5846,lorem ipsum
D5847,lorem ipsum
D5848,lorem ipsum
D5849,lorem ipsum
D5850,lorem ipsum
D5851,lorem ipsum
D5852,lorem ipsum
D5853,lorem ipsum
D5854,lorem ipsum
D5855,lorem ipsum
D5856,lorem ipsum
D5857,lorem ipsum
D5858,lorem ipsum
D5859,lorem ipsum
D5860,lorem ipsum
D5861,lorem ipsum
D5862,lorem ipsum
D5863,lorem ipsum
D5864,lorem ipsum
D5865,lorem ipsum
D5866,lorem ipsum
D5867,lorem ipsum
D5868,lorem ipsum
D5869,lorem ipsum
D5870,lorem ipsum
D5871,lorem ipsum
D5872,lorem ipsum
D5873,lorem ipsum
D5874,lorem ipsum
D5875,lorem ipsum
D5876,lorem ipsum
D5877,lorem ipsum
D5878,lorem ipsum
D5879,lorem ipsum
D5880,lorem ipsum
D5881,lorem ipsum
D5882,lorem ipsum
D5883,lorem ipsum
D5884,lorem ipsum
D5885,lorem ipsum
D5886,lorem ipsum
D5887,lorem ipsum
D5888,lorem ipsum
D5889,lorem ipsum
D5890,lorem ipsum
D5891,lorem ipsum
D5892,lorem ipsum
D5893,lorem ipsum
D5894,lorem ipsum
D5895,lorem ipsum
D5896,lorem ipsum
D5897,lorem ipsum
D5898,lorem ipsum
D5899,lorem ipsum
D5900,lorem ipsum
D5901,lorem ipsum
D5902,lorem ipsum
D5903,lorem ipsum
D5904,lorem ipsum
D5905,lorem ipsum
D5906,lorem ipsum
D5907,lorem ipsum
D5908,lorem ipsum
D5909,lorem ipsum
D5910,lorem ipsum
D5911,lorem ipsum
D5912,lorem ipsum
D5913,lorem ipsum
D5914,lorem ipsum
D5915,lorem ipsum
D5916,lorem ipsum
D5917,lorem ipsum
D5918,lorem ipsum
D5919,lorem ipsum
D5920,lorem ipsum
D5921,lorem ipsum
D5922,lorem ipsum
D5923,lorem ipsum
D5924,lorem ipsum
D5925,lorem ipsum
D5926,lorem ipsum
D5927,lorem ipsum
D5928,lorem ipsum
D5929,lorem ipsum
D5930,lorem ipsum
D5931,lorem ipsum
D5932,lorem ipsum
D5933,lorem ipsum
D5934,lorem ipsum
D5935,lorem ipsum
D5936,lorem ipsum
D5937,lorem ipsum
D5938,lorem ipsum
D5939,lorem ipsum
D5940,lorem ipsum
D5941,lorem ipsum
D5942,lorem ipsum
D5943,lorem ipsum
D5944,lorem ipsum
D5945,lorem ipsum
D5946,lorem ipsum
D5947,lorem ipsum
D5948,lorem ipsum
D5949,lorem ipsum
D5950,lorem ipsum
D5951,lorem ipsum
D5952,lorem ipsum
D5953,lorem ipsum
D5954,lorem ipsum
D5955,lorem ipsum
D5956,lorem ipsum
D5957,lorem ipsum
D5958,lorem ipsum
D5959,lorem ipsum
D5960,lorem ipsum
D5961,lorem ipsum
D5962,lorem ipsum
D5963,lorem ipsum
D5964,lorem ipsum
D5965,lorem ipsum
D5966,lorem ipsum
D5967,lorem ipsum
D5968,lorem ipsum
D5969,lorem ipsum
D5970,lorem ipsum
D5971,lorem ipsum
D5972,lorem ipsum
D5973,lorem ipsum
D5974,lorem ipsum
D5975,lorem ipsum
D5976,lorem ipsum
D5977,lorem ipsum
D5978,lorem ipsum
D5979,lorem ipsum
D5980,lorem ipsum
D5981,lorem ipsum
D5982,lorem ipsum
D5983,lorem ipsum
D5984,lorem ipsum
D5985,lorem ipsum
D5986,lorem ipsum
D5987,lorem ipsum
D5988,lorem ipsum
D5989,lorem ipsum
D5990,lorem ipsum
D5991,lorem ipsum
D5992,lorem ipsum
D5993,lorem ipsum
D5994,lorem ipsum
D5995,lorem ipsum
D5996,lorem ipsum
D5997,lorem ipsum
D5998,lorem ipsum
D5999,lorem ipsum
D6000,lorem ipsum
D6001,lorem ipsum
D6002,lorem ipsum
D6003,lorem ipsum
D6004,lorem ipsum
D6005,lorem ipsum
D6006,lorem ipsum
D6007,lorem ipsum
D6008,lorem ipsum
D6009,lorem ipsum
D6010,lorem ipsum
D6011,lorem ipsum
D6012,lorem ipsum
D6013,lorem ipsum
D6014,lorem ipsum
D6015,lorem ipsum
D6016,lorem ipsum
D6017,lorem ipsum
D6018,lorem ipsum
D6019,lorem ipsum
D6020,lorem ipsum
D6021,lorem ipsum
D6022,lorem ipsum
D6023,lorem ipsum
D6024,lorem ipsum
D6025,lorem ipsum
D6026,lorem ipsum
D6027,lorem ipsum
D6028,lorem ipsum
D6029,lorem ipsum
D6030,lorem ipsum
D6031,lorem ipsum
D6032,lorem ipsum
D6033,lorem ipsum
D6034,lorem ipsum
D6035,lorem ipsum
D6036,lorem ipsum
D6037,lorem ipsum
D6038,lorem ipsum
D6039,lorem ipsum
D6040,lorem ipsum
D6041,lorem ipsum
D6042,lorem ipsum
D6043,lorem ipsum
D6044,lorem ipsum
D6045,lorem ipsum
D6046,lorem ipsum
D6047,lorem ipsum
D6048,lorem ipsum
D6049,lorem ipsum
D6050,lorem ipsum
D6051,lorem ipsum
D6052,lorem ipsum
D6053,lorem ipsum
D6054,lorem ipsum
D6055,lorem ipsum
D6056,lorem ipsum
D6057,lorem ipsum
D6058,lorem ipsum
D6059,lorem ipsum
D6060,lorem ipsum
D6061,lorem ipsum
D6062,lorem ipsum
D6063,lorem ipsum
D6064,lorem ipsum
D6065,lorem ipsum
D6066,lorem ipsum
D6067,lorem ipsum
D6068,lorem ipsum
D6069,lorem ipsum
D6070,lorem ipsum
D6071,lorem ipsum
D6072,lorem ipsum
D6073,lorem ipsum
D6074,lorem ipsum
D6075,lorem ipsum
D6076,lorem ipsum
D6077,lorem ipsum
D6078,lorem ipsum
D6079,lorem ipsum
D6080,lorem ipsum
D6081,lorem ipsum
D6082,lorem ipsum
D6083,lorem ipsum
D6084,lorem ipsum
D6085,lorem ipsum
D6086,lorem ipsum
D6087,lorem ipsum
D6088,lorem ipsum
D6089,lorem ipsum
D6090,lorem ipsum
D6091,lorem ipsum
D6092,lorem ipsum
D6093,lorem ipsum
D6094,lorem ipsum
D6095,lorem ipsum
D6096,lorem ipsum
D6097,lorem ipsum
D6098,lorem ipsum
D6099,lorem ipsum
D6100,lorem ipsum
D6101,lorem ipsum
D6102,lorem ipsum
D6103,lorem ipsum
D6104,lorem ipsum
D6105,lorem ipsum
D6106,lorem ipsum
D6107,lorem ipsum
D6108,lorem ipsum
D6109,lorem ipsum
D6110,lorem ipsum
D6111,lorem ipsum
D6112,lorem ipsum
D6113,lorem ipsum
D6114,lorem ipsum
D6115,lorem ipsum
D6116,lorem ipsum
D6117,lorem ipsum
D6118,lorem ipsum
D6119,lorem ipsum
D6120,lorem ipsum
D6121,lorem ipsum
D6122,lorem ipsum
D6123,lorem ipsum
D6124,lorem ipsum
D6125,lorem ipsum
D6126,lorem ipsum
D6127,lorem ipsum
D6128,lorem ipsum
D6129,lorem ipsum
D6130,lorem ipsum
D6131,lorem ipsum
D6132,lorem ipsum
D6133,lorem ipsum
D6134,lorem ipsum
D6135,lorem ipsum
D6136,lorem ipsum
D6137,lorem ipsum
D6138,lorem ipsum
D6139,lorem ipsum
D6140,lorem ipsum
D6141,lorem ipsum
D6142,lorem ipsum
D6143,lorem ipsum
D6144,lorem ipsum
D6145,lorem ipsum
D6146,lorem ipsum
D6147,lorem ipsum
D6148,lorem ipsum
D6149,lorem ipsum
D6150,lorem ipsum
D6151,lorem ipsum
D6152,lorem ipsum
D6153,lorem ipsum
D6154,lorem ipsum
D6155,lorem ipsum
D6156,lorem ipsum
D6157,lorem ipsum
D6158,lorem ipsum
D6159,lorem ipsum
D6160,lorem ipsum
D6161,lorem ipsum
D6162,lorem ipsum
D6163,lorem ipsum
D6164,lorem ipsum
D6165,lorem ipsum
D6166,lorem ipsum
D6167,lorem ipsum
D6168,lorem ipsum
D6169,lorem ipsum
D6170,lorem ipsum
D6171,lorem ipsum
D6172,lorem ipsum
D6173,lorem ipsum
D6174,lorem ipsum
D6175,lorem ipsum
D6176,lorem ipsum
D6177,lorem ipsum
D6178,lorem ipsum
D6179,lorem ipsum
D6180,lorem ipsum
D6181,lorem ipsum
D6182,lorem ipsum
D6183,lorem ipsum
D6184,lorem ipsum
D6185,lorem ipsum
D6186,lorem ipsum
D6187,lorem ipsum
D6188,lorem ipsum
D6189,lorem ipsum
D6190,lorem ipsum
D6191,lorem ipsum
D6192,lorem ipsum
D6193,lorem ipsum
D6194,lorem ipsum
D6195,lorem ipsum
D6196,lorem ipsum
D6197,lorem ipsum
D6198,lorem ipsum
D6199,lorem ipsum
D6200,lorem ipsum
D6201,lorem ipsum
D6202,lorem ipsum
D6203,lorem ipsum
D6204,lorem ipsum
D6205,lorem ipsum
D6206,lorem ipsum
D6207,lorem ipsum
D6208,lorem ipsum
D6209,lorem ipsum
D6210,lorem ipsum
D6211,lorem ipsum
D6212,lorem ipsum
D6213,lorem ipsum
D6214,lorem ipsum
D6215,lorem ipsum
D6216,lorem ipsum
D6217,lorem ipsum
D6218,lorem ipsum
D6219,lorem ipsum
D6220,lorem ipsum
D6221,lorem ipsum
D6222,lorem ipsum
D6223,lorem ipsum
D6224,lorem ipsum
D6225,lorem ipsum
D6226,lorem ipsum
D6227,lorem ipsum
D6228,lorem ipsum
D6229,lorem ipsum
D6230,lorem ipsum
D6231,lorem ipsum
D6232,lorem ipsum
D6233,lorem ipsum
D6234,lorem ipsum
D6235,lorem ipsum
D6236,lorem ipsum
D6237,lorem ipsum
D6238,lorem ipsum
D6239,lorem ipsum
D6240,lorem ipsum
D6241,lorem ipsum
D6242,lorem ipsum
D6243,lorem ipsum
D6244,lorem ipsum
D6245,lorem ipsum
D6246,lorem ipsum
D6247,lorem ipsum
D6248,lorem ipsum
D6249,lorem ipsum
D6250,lorem ipsum
D6251,lorem ipsum
D6252,lorem ipsum
D6253,lorem ipsum
D6254,lorem ipsum
D6255,lorem ipsum
D6256,lorem ipsum
D6257,lorem ipsum
D6258,lorem ipsum
D6259,lorem ipsum
D6260,lorem ipsum
D6261,lorem ipsum
D6262,lorem ipsum
D6263,lorem ipsum
D6264,lorem ipsum
D6265,lorem ipsum
D6266,lorem ipsum
D6267,lorem ipsum
D6268,lorem ipsum
D6269,lorem ipsum
D6270,lorem ipsum
D6271,lorem ipsum
D6272,lorem ipsum
D6273,lorem ipsum
D6274,lorem ipsum
D6275,lorem ipsum
D6276,lorem ipsum
D6277,lorem ipsum
D6278,lorem ipsum
D6279,lorem ipsum
D6280,lorem ipsum
D6281,lorem ipsum
D6282,lorem ipsum
D6283,lorem ipsum
D6284,lorem ipsum
D6285,lorem ipsum
D6286,lorem ipsum
D6287,lorem ipsum
D6288,lorem ipsum
D6289,lorem ipsum
D6290,lorem ipsum
D6291,lorem ipsum
D6292,lorem ipsum
D6293,lorem ipsum
D6294,lorem ipsum
D6295,lorem ipsum
D6296,lorem ipsum
D6297,lorem ipsum
D6298,lorem ipsum
D6299,lorem ipsum
D6300,lorem ipsum
D6301,lorem ipsum
D6302,lorem ipsum
D6303,lorem ipsum
D6304,lorem ipsum
D6305,lorem ipsum
D6306,lorem ipsum
D6307,lorem ipsum
D6308,lorem ipsum
D6309,lorem ipsum
D6310,lorem ipsum
D6311,lorem ipsum
D6312,lorem ipsum
D6313,lorem ipsum
D6314,lorem ipsum
D6315,lorem ipsum
D6316,lorem ipsum
D6317,lorem ipsum
D6318,lorem ipsum
D6319,lorem ipsum
D6320,lorem ipsum
D6321,lorem ipsum
D6322,lorem ipsum
D6323,lorem ipsum
D6324,lorem ipsum
D6325,lorem ipsum
D6326,lorem ipsum
D6327,lorem ipsum
D6328,lorem ipsum
D6329,lorem ipsum
D6330,lorem ipsum
D6331,lorem ipsum
D6332,lorem ipsum
D6333,lorem ipsum
D6334,lorem ipsum
D6335,lorem ipsum
D6336,lorem ipsum
D6337,lorem ipsum
D6338,lorem ipsum
D6339,lorem ipsum
D6340,lorem ipsum
D6341,lorem ipsum
D6342,lorem ipsum
D6343,lorem ipsum
D6344,lorem ipsum
D6345,lorem ipsum
D6346,lorem ipsum
D6347,lorem ipsum
D6348,lorem ipsum
D6349,lorem ipsum
D6350,lorem ipsum
D6351,lorem ipsum
D6352,lorem ipsum
D6353,lorem ipsum
D6354,lorem ipsum
D6355,lorem ipsum
D6356,lorem ipsum
D6357,lorem ipsum
D6358,lorem ipsum
D6359,lorem ipsum
D6360,lorem ipsum
D6361,lorem ipsum
D6362,lorem ipsum
D6363,lorem ipsum
D6364,lorem ipsum
D6365,lorem ipsum
D6366,lorem ipsum
D6367,lorem ipsum
D6368,lorem ipsum
D6369,lorem ipsum
D6370,lorem ipsum
D6371,lorem ipsum
D6372,lorem ipsum
D6373,lorem ipsum
D6374,lorem ipsum
D6375,lorem ipsum
D6376,lorem ipsum
D6377,lorem ipsum
D6378,lorem ipsum
D6379,lorem ipsum
D6380,lorem ipsum
D6381,lorem ipsum
D6382,lorem ipsum
D6383,lorem ipsum
D6384,lorem ipsum
D6385,lorem ipsum
D6386,lorem ipsum
D6387,lorem ipsum
D6388,lorem ipsum
D6389,lorem ipsum
D6390,lorem ipsum
D6391,lorem ipsum
D6392,lorem ipsum
D6393,lorem ipsum
D6394,lorem ipsum
D6395,lorem ipsum
D6396,lorem ipsum
D6397,lorem ipsum
D6398,lorem ipsum
D6399,lorem ipsum
D6400,lorem ipsum
D6401,lorem ipsum
D6402,lorem ipsum
D6403,lorem ipsum
D6404,lorem ipsum
D6405,lorem ipsum
D6406,lorem ipsum
D6407,lorem ipsum
D6408,lorem ipsum
D6409,lorem ipsum
D6410,lorem ipsum
D6411,lorem ipsum
D6412,lorem ipsum
D6413,lorem ipsum
D6414,lorem ipsum
D6415,lorem ipsum
D6416,lorem ipsum
D6417,lorem ipsum
D6418,lorem ipsum
D6419,lorem ipsum
D6420,lorem ipsum
D6421,lorem ipsum
D6422,lorem ipsum
D6423,lorem ipsum
D6424,lorem ipsum
D6425,lorem ipsum
D6426,lorem ipsum
D6427,lorem ipsum
D6428,lorem ipsum
D6429,lorem ipsum
D6430,lorem ipsum
D6431,lorem ipsum
D6432,lorem ipsum
D6433,lorem ipsum
D6434,lorem ipsum
D6435,lorem ipsum
D6436,lorem ipsum
D6437,lorem ipsum
D6438,lorem ipsum
D6439,lorem ipsum
D6440,lorem ipsum
D6441,lorem ipsum
D6442,lorem ipsum
D6443,lorem ipsum
D6444,lorem ipsum
D6445,lorem ipsum
D6446,lorem ipsum
D6447,lorem ipsum
D6448,lorem ipsum
D6449,lorem ipsum
D6450,lorem ipsum
D6451,lorem ipsum
D6452,lorem ipsum
D6453,lorem ipsum
D6454,lorem ipsum
D6455,lorem ipsum
D6456,lorem ipsum
D6457,lorem ipsum
D6458,lorem ipsum
D6459,lorem ipsum
D6460,lorem ipsum
D6461,lorem ipsum
D6462,lorem ipsum
D6463,lorem ipsum
D6464,lorem ipsum
D6465,lorem ipsum
D6466,lorem ipsum
D6467,lorem ipsum
D6468,lorem ipsum
D6469,lorem ipsum
D6470,lorem ipsum
D6471,lorem ipsum
D6472,lorem ipsum
D6473,lorem ipsum
D6474,lorem ipsum
D6475,lorem ipsum
D6476,lorem ipsum
D6477,lorem ipsum
D6478,lorem ipsum
D6479,lorem ipsum
D6480,lorem ipsum
D6481,lorem ipsum
D6482,lorem ipsum
D6483,lorem ipsum
D6484,lorem ipsum
D6485,lorem ipsum
D6486,lorem ipsum
D6487,lorem ipsum
D6488,lorem ipsum
D6489,lorem ipsum
D6490,lorem ipsum
D6491,lorem ipsum
D6492,lorem ipsum
D6493,lorem ipsum
D6494,lorem ipsum
D6495,lorem ipsum
D6496,lorem ipsum
D6497,lorem ipsum
D6498,lorem ipsum
D6499,lorem ipsum
D6500,lorem ipsum
D6501,lorem ipsum
D6502,lorem ipsum
D6503,lorem ipsum
D6504,lorem ipsum
D6505,lorem ipsum
D6506,lorem ipsum
D6507,lorem ipsum
D6508,lorem ipsum
D6509,lorem ipsum
D6510,lorem ipsum
D6511,lorem ipsum
D6512,lorem ipsum
D6513,lorem ipsum
D6514,lorem ipsum
D6515,lorem ipsum
D6516,lorem ipsum
D6517,lorem ipsum
D6518,lorem ipsum
D6519,lorem ipsum
D6520,lorem ipsum
D6521,lorem ipsum
D6522,lorem ipsum
D6523,lorem ipsum
D6524,lorem ipsum
D6525,lorem ipsum
D6526,lorem ipsum
D6527,lorem ipsum
D6528,lorem ipsum
D6529,lorem ipsum
D6530,lorem ipsum
D6531,lorem ipsum
D6532,lorem ipsum
D6533,lorem ipsum
D6534,lorem ipsum
D6535,lorem ipsum
D6536,lorem ipsum
D6537,lorem ipsum
D6538,lorem ipsum
D6539,lorem ipsum
D6540,lorem ipsum
D6541,lorem ipsum
D6542,lorem ipsum
D6543,lorem ipsum
D6544,lorem ipsum
D6545,lorem ipsum
D6546,lorem ipsum
D6547,lorem ipsum
D6548,lorem ipsum
D6549,lorem ipsum
D6550,lorem ipsum
D6551,lorem ipsum
D6552,lorem ipsum
D6553,lorem ipsum
D6554,lorem ipsum
D6555,lorem ipsum
D6556,lorem ipsum
D6557,lorem ipsum
D6558,lorem ipsum
D6559,lorem ipsum
D6560,lorem ipsum
D6561,lorem ipsum
D6562,lorem ipsum
D6563,lorem ipsum
D6564,lorem ipsum
D6565,lorem ipsum
D6566,lorem ipsum
D6567,lorem ipsum
D6568,lorem ipsum
D6569,lorem ipsum
D6570,lorem ipsum
D6571,lorem ipsum
D6572,lorem ipsum
D6573,lorem ipsum
D6574,lorem ipsum
D6575,lorem ipsum
D6576,lorem ipsum
D6577,lorem ipsum
D6578,lorem ipsum
D6579,lorem ipsum
D6580,lorem ipsum
D6581,lorem ipsum
D6582,lorem ipsum
D6583,lorem ipsum
D6584,lorem ipsum
D6585,lorem ipsum
D6586,lorem ipsum
D6587,lorem ipsum
D6588,lorem ipsum
D6589,lorem ipsum
D6590,lorem ipsum
D6591,lorem ipsum
D6592,lorem ipsum
D6593,lorem ipsum
D6594,lorem ipsum
D6595,lorem ipsum
D6596,lorem ipsum
D6597,lorem ipsum
D6598,lorem ipsum
D6599,lorem ipsum
D6600,lorem ipsum
D6601,lorem ipsum
D6602,lorem ipsum
D6603,lorem ipsum
D6604,lorem ipsum
D6605,lorem ipsum
D6606,lorem ipsum
D6607,lorem ipsum
D6608,lorem ipsum
D6609,lorem ipsum
D6610,lorem ipsum
D6611,lorem ipsum
D6612,lorem ipsum
D6613,lorem ipsum
D6614,lorem ipsum
D6615,lorem ipsum
D6616,lorem ipsum
D6617,lorem ipsum
D6618,lorem ipsum
D6619,lorem ipsum
D6620,lorem ipsum
D6621,lorem ipsum
D6622,lorem ipsum
D6623,lorem ipsum
D6624,lorem ipsum
D6625,lorem ipsum
D6626,lorem ipsum
D6627,lorem ipsum
D6628,lorem ipsum
D6629,lorem ipsum
D6630,lorem ipsum
D6631,lorem ipsum
D6632,lorem ipsum
D6633,lorem ipsum
D6634,lorem ipsum
D6635,lorem ipsum
D6636,lorem ipsum
D6637,lorem ipsum
D6638,lorem ipsum
D6639,lorem ipsum
D6640,lorem ipsum
D6641,lorem ipsum
D6642,lorem ipsum
D6643,lorem ipsum
D6644,lorem ipsum
D6645,lorem ipsum
D6646,lorem ipsum
D6647,lorem ipsum
D6648,lorem ipsum
D6649,lorem ipsum
D6650,lorem ipsum
D6651,lorem ipsum
D6652,lorem ipsum
D6653,lorem ipsum
D6654,lorem ipsum
D6655,lorem ipsum
D6656,lorem ipsum
D6657,lorem ipsum
D6658,lorem ipsum
D6659,lorem ipsum
D6660,lorem ipsum
D6661,lorem ipsum
D6662,lorem ipsum
D6663,lorem ipsum
D6664,lorem ipsum
D6665,lorem ipsum
D6666,lorem ipsum
D6667,lorem ipsum
D6668,lorem ipsum
D6669,lorem ipsum
D6670,lorem ipsum
D6671,lorem ipsum
D6672,lorem ipsum
D6673,lorem ipsum
D6674,lorem ipsum
D6675,lorem ipsum
D6676,lorem ipsum
D6677,lorem ipsum
D6678,lorem ipsum
D6679,lorem ipsum
D6680,lorem ipsum
D6681,lorem ipsum
D6682,lorem ipsum
D6683,lorem ipsum
D6684,lorem ipsum
D6685,lorem ipsum
D6686,lorem ipsum
D6687,lorem ipsum
D6688,lorem ipsum
D6689,lorem ipsum
D6690,lorem ipsum
D6691,lorem ipsum
D6692,lorem ipsum
D6693,lorem ipsum
D6694,lorem ipsum
D6695,lorem ipsum
D6696,lorem ipsum
D6697,lorem ipsum
D6698,lorem ipsum
D6699,lorem ipsum
D6700,lorem ipsum
D6701,lorem ipsum
D6702,lorem ipsum
D6703,lorem ipsum
D6704,lorem ipsum
D6705,lorem ipsum
D6706,lorem ipsum
D6707,lorem ipsum
D6708,lorem ipsum
D6709,lorem ipsum
D6710,lorem ipsum
D6711,lorem ipsum
D6712,lorem ipsum
D6713,lorem ipsum
D6714,lorem ipsum
D6715,lorem ipsum
D6716,lorem ipsum
D6717,lorem ipsum
D6718,lorem ipsum
D6719,lorem ipsum
D6720,lorem ipsum
D6721,lorem ipsum
D6722,lorem ipsum
D6723,lorem ipsum
D6724,lorem ipsum
D6725,lorem ipsum
D6726,lorem ipsum
D6727,lorem ipsum
D6728,lorem ipsum
D6729,lorem ipsum
D6730,lorem ipsum
D6731,lorem ipsum
D6732,lorem ipsum
D6733,lorem ipsum
D6734,lorem ipsum
D6735,lorem ipsum
D6736,lorem ipsum
D6737,lorem ipsum
D6738,lorem ipsum
D6739,lorem ipsum
D6740,lorem ipsum
D6741,lorem ipsum
D6742,lorem ipsum
D6743,lorem ipsum
D6744,lorem ipsum
D6745,lorem ipsum
D6746,lorem ipsum
D6747,lorem ipsum
D6748,lorem ipsum
D6749,lorem ipsum
D6750,lorem ipsum
D6751,lorem ipsum
D6752,lorem ipsum
D6753,lorem ipsum
D6754,lorem ipsum
D6755,lorem ipsum
D6756,lorem ipsum
D6757,lorem ipsum
D6758,lorem ipsum
D6759,lorem ipsum
D6760,lorem ipsum
D6761,lorem ipsum
D6762,lorem ipsum
D6763,lorem ipsum
D6764,lorem ipsum
D6765,lorem ipsum
D6766,lorem ipsum
D6767,lorem ipsum
D6768,lorem ipsum
D6769,lorem ipsum
D6770,lorem ipsum
D6771,lorem ipsum
D6772,lorem ipsum
D6773,lorem ipsum
D6774,lorem ipsum
D6775,lorem ipsum
D6776,lorem ipsum
D6777,lorem ipsum
D6778,lorem ipsum
D6779,lorem ipsum
D6780,lorem ipsum
D6781,lorem ipsum
D6782,lorem ipsum
D6783,lorem ipsum
D6784,lorem ipsum
D6785,lorem ipsum
D6786,lorem ipsum
D6787,lorem ipsum
D6788,lorem ipsum
D6789,lorem ipsum
D6790,lorem ipsum
D6791,lorem ipsum
D6792,lorem ipsum
D6793,lorem ipsum
D6794,lorem ipsum
D6795,lorem ipsum
D6796,lorem ipsum
D6797,lorem ipsum
D6798,lorem ipsum
D6799,lorem ipsum
D6800,lorem ipsum
D6801,lorem ipsum
D6802,lorem ipsum
D6803,lorem ipsum
D6804,lorem ipsum
D6805,lorem ipsum
D6806,lorem ipsum
D6807,lorem ipsum
D6808,lorem ipsum
D6809,lorem ipsum
D6810,lorem ipsum
D6811,lorem ipsum
D6812,lorem ipsum
D6813,lorem ipsum
D6814,lorem ipsum
D6815,lorem ipsum
D6816,lorem ipsum
D6817,lorem ipsum
D6818,lorem ipsum
D6819,lorem ipsum
D6820,lorem ipsum
D6821,lorem ipsum
D6822,lorem ipsum
D6823,lorem ipsum
D6824,lorem ipsum
D6825,lorem ipsum
D6826,lorem ipsum
D6827,lorem ipsum
D6828,lorem ipsum
D6829,lorem ipsum
D6830,lorem ipsum
D6831,lorem ipsum
D6832,lorem ipsum
D6833,lorem ipsum
D6834,lorem ipsum
D6835,lorem ipsum
D6836,lorem ipsum
D6837,lorem ipsum
D6838,lorem ipsum
D6839,lorem ipsum
D6840,lorem ipsum
D6841,lorem ipsum
D6842,lorem ipsum
D6843,lorem ipsum
D6844,lorem ipsum
D6845,lorem ipsum
D6846,lorem ipsum
D6847,lorem ipsum
D6848,lorem ipsum
D6849,lorem ipsum
D6850,lorem ipsum
D6851,lorem ipsum
D6852,lorem ipsum
D6853,lorem ipsum
D6854,lorem ipsum
D6855,lorem ipsum
D6856,lorem ipsum
D6857,lorem ipsum
D6858,lorem ipsum
D6859,lorem ipsum
D6860,lorem ipsum
D6861,lorem ipsum
D6862,lorem ipsum
D6863,lorem ipsum
D6864,lorem ipsum
D6865,lorem ipsum
D6866,lorem ipsum
D6867,lorem ipsum
D6868,lorem ipsum
D6869,lorem ipsum
D6870,lorem ipsum
D6871,lorem ipsum
D6872,lorem ipsum
D6873,lorem ipsum
D6874,lorem ipsum
D6875,lorem ipsum
D6876,lorem ipsum
D6877,lorem ipsum
D6878,lorem ipsum
D6879,lorem ipsum
D6880,lorem ipsum
D6881,lorem ipsum
D6882,lorem ipsum
D6883,lorem ipsum
D6884,lorem ipsum
D6885,lorem ipsum
D6886,lorem ipsum
D6887,lorem ipsum
D6888,lorem ipsum
D6889,lorem ipsum
D6890,lorem ipsum
D6891,lorem ipsum
D6892,lorem ipsum
D6893,lorem ipsum
D6894,lorem ipsum
D6895,lorem ipsum
D6896,lorem ipsum
D6897,lorem ipsum
D6898,lorem ipsum
D6899,lorem ipsum
D6900,lorem ipsum
D6901,lorem ipsum
D6902,lorem ipsum
D6903,lorem ipsum
D6904,lorem ipsum
D6905,lorem ipsum
D6906,lorem ipsum
D6907,lorem ipsum
D6908,lorem ipsum
D6909,lorem ipsum
D6910,lorem ipsum
D6911,lorem ipsum
D6912,lorem ipsum
D6913,lorem ipsum
D6914,lorem ipsum
D6915,lorem ipsum
D6916,lorem ipsum
D6917,lorem ipsum
D6918,lorem ipsum
D6919,lorem ipsum
D6920,lorem ipsum
D6921,lorem ipsum
D6922,lorem ipsum
D6923,lorem ipsum
D6924,lorem ipsum
D6925,lorem ipsum
D6926,lorem ipsum
D6927,lorem ipsum
D6928,lorem ipsum
D6929,lorem ipsum
D6930,lorem ipsum
D6931,lorem ipsum
D6932,lorem ipsum
D6933,lorem ipsum
D6934,lorem ipsum
D6935,lorem ipsum
D6936,lorem ipsum
D6937,lorem ipsum
D6938,lorem ipsum
D6939,lorem ipsum
D6940,lorem ipsum
D6941,lorem ipsum
D6942,lorem ipsum
D6943,lorem ipsum
D6944,lorem ipsum
D6945,lorem ipsum
D6946,lorem ipsum
D6947,lorem ipsum
D6948,lorem ipsum
D6949,lorem ipsum
D6950,lorem ipsum
D6951,lorem ipsum
D6952,lorem ipsum
D6953,lorem ipsum
D6954,lorem ipsum
D6955,lorem ipsum
D6956,lorem ipsum
D6957,lorem ipsum
D6958,lorem ipsum
D6959,lorem ipsum
D6960,lorem ipsum
D6961,lorem ipsum
D6962,lorem ipsum
D6963,lorem ipsum
D6964,lorem ipsum
D6965,lorem ipsum
D6966,lorem ipsum
D6967,lorem ipsum
D6968,lorem ipsum
D6969,lorem ipsum
D6970,lorem ipsum
D6971,lorem ipsum
D6972,lorem ipsum
D6973,lorem ipsum
D6974,lorem ipsum
D6975,lorem ipsum
D6976,lorem ipsum
D6977,lorem ipsum
D6978,lorem ipsum
D6979,lorem ipsum
D6980,lorem ipsum
D6981,lorem ipsum
D6982,lorem ipsum
D6983,lorem ipsum
D6984,lorem ipsum
D6985,lorem ipsum
D6986,lorem ipsum
D6987,lorem ipsum
D6988,lorem ipsum
D6989,lorem ipsum
D6990,lorem ipsum
D6991,lorem ipsum
D6992,lorem ipsum
D6993,lorem ipsum
D6994,lorem ipsum
D6995,lorem ipsum
D6996,lorem ipsum
D6997,lorem ipsum
D6998,lorem ipsum
D6999,lorem ipsum
D7000,lorem ipsum
D7001,lorem ipsum
D7002,lorem ipsum
D7003,lorem ipsum
D7004,lorem ipsum
D7005,lorem ipsum
D7006,lorem ipsum
D7007,lorem ipsum
D7008,lorem ipsum
D7009,lorem ipsum
D7010,lorem ipsum
D7011,lorem ipsum
D7012,lorem ipsum
D7013,lorem ipsum
D7014,lorem ipsum
D7015,lorem ipsum
D7016,lorem ipsum
D7017,lorem ipsum
D7018,lorem ipsum
D7019,lorem ipsum
D7020,lorem ipsum
D7021,lorem ipsum
D7022,lorem ipsum
D7023,lorem ipsum
D7024,lorem ipsum
D7025,lorem ipsum
D7026,lorem ipsum
D7027,lorem ipsum
D7028,lorem ipsum
D7029,lorem ipsum
D7030,lorem ipsum
D7031,lorem ipsum
D7032,lorem ipsum
D7033,lorem ipsum
D7034,lorem ipsum
D7035,lorem ipsum
D7036,lorem ipsum
D7037,lorem ipsum
D7038,lorem ipsum
D7039,lorem ipsum
D7040,lorem ipsum
D7041,lorem ipsum
D7042,lorem ipsum
D7043,lorem ipsum
D7044,lorem ipsum
D7045,lorem ipsum
D7046,lorem ipsum
D7047,lorem ipsum
D7048,lorem ipsum
D7049,lorem ipsum
D7050,lorem ipsum
D7051,lorem ipsum
D7052,lorem ipsum
D7053,lorem ipsum
D7054,lorem ipsum
D7055,lorem ipsum
D7056,lorem ipsum
D7057,lorem ipsum
D7058,lorem ipsum
D7059,lorem ipsum
D7060,lorem ipsum
D7061,lorem ipsum
D7062,lorem ipsum
D7063,lorem ipsum
D7064,lorem ipsum
D7065,lorem ipsum
D7066,lorem ipsum
D7067,lorem ipsum
D7068,lorem ipsum
D7069,lorem ipsum
D7070,lorem ipsum
D7071,lorem ipsum
D7072,lorem ipsum
D7073,lorem ipsum
D7074,lorem ipsum
D7075,lorem ipsum
D7076,lorem ipsum
D7077,lorem ipsum
D7078,lorem ipsum
D7079,lorem ipsum
D7080,lorem ipsum
D7081,lorem ipsum
D7082,lorem ipsum
D7083,lorem ipsum
D7084,lorem ipsum
D7085,lorem ipsum
D7086,lorem ipsum
D7087,lorem ipsum
D7088,lorem ipsum
D7089,lorem ipsum
D7090,lorem ipsum
D7091,lorem ipsum
D7092,lorem ipsum
D7093,lorem ipsum
D7094,lorem ipsum
D7095,lorem ipsum
D7096,lorem ipsum
D7097,lorem ipsum
D7098,lorem ipsum
D7099,lorem ipsum
D7100,lorem ipsum
D7101,lorem ipsum
D7102,lorem ipsum
D7103,lorem ipsum
D7104,lorem ipsum
D7105,lorem ipsum
D7106,lorem ipsum
D7107,lorem ipsum
D7108,lorem ipsum
D7109,lorem ipsum
D7110,lorem ipsum
D7111,lorem ipsum
D7112,lorem ipsum
D7113,lorem ipsum
D7114,lorem ipsum
D7115,lorem ipsum
D7116,lorem ipsum
D7117,lorem ipsum
D7118,lorem ipsum
D7119,lorem ipsum
D7120,lorem ipsum
D7121,lorem ipsum
D7122,lorem ipsum
D7123,lorem ipsum
D7124,lorem ipsum
D7125,lorem ipsum
D7126,lorem ipsum
D7127,lorem ipsum
D7128,lorem ipsum
D7129,lorem ipsum
D7130,lorem ipsum
D7131,lorem ipsum
D7132,lorem ipsum
D7133,lorem ipsum
D7134,lorem ipsum
D7135,lorem ipsum
D7136,lorem ipsum
D7137,lorem ipsum
D7138,lorem ipsum
D7139,lorem ipsum
D7140,lorem ipsum
D7141,lorem ipsum
D7142,lorem ipsum
D7143,lorem ipsum
D7144,lorem ipsum
D7145,lorem ipsum
D7146,lorem ipsum
D7147,lorem ipsum
D7148,lorem ipsum
D7149,lorem ipsum
D7150,lorem ipsum
D7151,lorem ipsum
D7152,lorem ipsum
D7153,lorem ipsum
D7154,lorem ipsum
D7155,lorem ipsum
D7156,lorem ipsum
D7157,lorem ipsum
D7158,lorem ipsum
D7159,lorem ipsum
D7160,lorem ipsum
D7161,lorem ipsum
D7162,lorem ipsum
D7163,lorem ipsum
D7164,lorem ipsum
D7165,lorem ipsum
D7166,lorem ipsum
D7167,lorem ipsum
D7168,lorem ipsum
D7169,lorem ipsum
D7170,lorem ipsum
D7171,lorem ipsum
D7172,lorem ipsum
D7173,lorem ipsum
D7174,lorem ipsum
D7175,lorem ipsum
D7176,lorem ipsum
D7177,lorem ipsum
D7178,lorem ipsum
D7179,lorem ipsum
D7180,lorem ipsum
D7181,lorem ipsum
D7182,lorem ipsum
D7183,lorem ipsum
D7184,lorem ipsum
D7185,lorem ipsum
D7186,lorem ipsum
D7187,lorem ipsum
D7188,lorem ipsum
D7189,lorem ipsum
D7190,lorem ipsum
D7191,lorem ipsum
D7192,lorem ipsum
D7193,lorem ipsum
D7194,lorem ipsum
D7195,lorem ipsum
D7196,lorem ipsum
D7197,lorem ipsum
D7198,lorem ipsum
D7199,lorem ipsum
D7200,lorem ipsum
D7201,lorem ipsum
D7202,lorem ipsum
D7203,lorem ipsum
D7204,lorem ipsum
D7205,lorem ipsum
D7206,lorem ipsum
D7207,lorem ipsum
D7208,lorem ipsum
D7209,lorem ipsum
D7210,lorem ipsum
D7211,lorem ipsum
D7212,lorem ipsum
D7213,lorem ipsum
D7214,lorem ipsum
D7215,lorem ipsum
D7216,lorem ipsum
D7217,lorem ipsum
D7218,lorem ipsum
D7219,lorem ipsum
D7220,lorem ipsum
D7221,lorem ipsum
D7222,lorem ipsum
D7223,lorem ipsum
D7224,lorem ipsum
D7225,lorem ipsum
D7226,lorem ipsum
D7227,lorem ipsum
D7228,lorem ipsum
D7229,lorem ipsum
D7230,lorem ipsum
D7231,lorem ipsum
D7232,lorem ipsum
D7233,lorem ipsum
D7234,lorem ipsum
D7235,lorem ipsum
D7236,lorem ipsum
D7237,lorem ipsum
D7238,lorem ipsum
D7239,lorem ipsum
D7240,lorem ipsum
D7241,lorem ipsum
D7242,lorem ipsum
D7243,lorem ipsum
D7244,lorem ipsum
D7245,lorem ipsum
D7246,lorem ipsum
D7247,lorem ipsum
D7248,lorem ipsum
D7249,lorem ipsum
D7250,lorem ipsum
D7251,lorem ipsum
D7252,lorem ipsum
D7253,lorem ipsum
D7254,lorem ipsum
D7255,lorem ipsum
D7256,lorem ipsum
D7257,lorem ipsum
D7258,lorem ipsum
D7259,lorem ipsum
D7260,lorem ipsum
D7261,lorem ipsum
D7262,lorem ipsum
D7263,lorem ipsum
D7264,lorem ipsum
D7265,lorem ipsum
D7266,lorem ipsum
D7267,lorem ipsum
D7268,lorem ipsum
D7269,lorem ipsum
D7270,lorem ipsum
D7271,lorem ipsum
D7272,lorem ipsum
D7273,lorem ipsum
D7274,lorem ipsum
D7275,lorem ipsum
D7276,lorem ipsum
D7277,lorem ipsum
D7278,lorem ipsum
D7279,lorem ipsum
D7280,lorem ipsum
D7281,lorem ipsum
D7282,lorem ipsum
D7283,lorem ipsum
D7284,lorem ipsum
D7285,lorem ipsum
D7286,lorem ipsum
D7287,lorem ipsum
D7288,lorem ipsum
D7289,lorem ipsum
D7290,lorem ipsum
D7291,lorem ipsum
D7292,lorem ipsum
D7293,lorem ipsum
D7294,lorem ipsum
D7295,lorem ipsum
D7296,lorem ipsum
D7297,lorem ipsum
D7298,lorem ipsum
D7299,lorem ipsum
D7300,lorem ipsum
D7301,lorem ipsum
D7302,lorem ipsum
D7303,lorem ipsum
D7304,lorem ipsum
D7305,lorem ipsum
D7306,lorem ipsum
D7307,lorem ipsum
D7308,lorem ipsum
D7309,lorem ipsum
D7310,lorem ipsum
D7311,lorem ipsum
D7312,lorem ipsum
D7313,lorem ipsum
D7314,lorem ipsum
D7315,lorem ipsum
D7316,lorem ipsum
D7317,lorem ipsum
D7318,lorem ipsum
D7319,lorem ipsum
D7320,lorem ipsum
D7321,lorem ipsum
D7322,lorem ipsum
D7323,lorem ipsum
D7324,lorem ipsum
D7325,lorem ipsum
D7326,lorem ipsum
D7327,lorem ipsum
D7328,lorem ipsum
D7329,lorem ipsum
D7330,lorem ipsum
D7331,lorem ipsum
D7332,lorem ipsum
D7333,lorem ipsum
D7334,lorem ipsum
D7335,lorem ipsum
D7336,lorem ipsum
D7337,lorem ipsum
D7338,lorem ipsum
D7339,lorem ipsum
D7340,lorem ipsum
D7341,lorem ipsum
D7342,lorem ipsum
D7343,lorem ipsum
D7344,lorem ipsum
D7345,lorem ipsum
D7346,lorem ipsum
D7347,lorem ipsum
D7348,lorem ipsum
D7349,lorem ipsum
D7350,lorem ipsum
D7351,lorem ipsum
D7352,lorem ipsum
D7353,lorem ipsum
D7354,lorem ipsum
D7355,lorem ipsum
D7356,lorem ipsum
D7357,lorem ipsum
D7358,lorem ipsum
D7359,lorem ipsum
D7360,lorem ipsum
D7361,lorem ipsum
D7362,lorem ipsum
D7363,lorem ipsum
D7364,lorem ipsum
D7365,lorem ipsum
D7366,lorem ipsum
D7367,lorem ipsum
D7368,lorem ipsum
D7369,lorem ipsum
D7370,lorem ipsum
D7371,lorem ipsum
D7372,lorem ipsum
D7373,lorem ipsum
D7374,lorem ipsum
D7375,lorem ipsum
D7376,lorem ipsum
D7377,lorem ipsum
D7378,lorem ipsum
D7379,lorem ipsum
D7380,lorem ipsum
D7381,lorem ipsum
D7382,lorem ipsum
D7383,lorem ipsum
D7384,lorem ipsum
D7385,lorem ipsum
D7386,lorem ipsum
D7387,lorem ipsum
D7388,lorem ipsum
D7389,lorem ipsum
D7390,lorem ipsum
D7391,lorem ipsum
D7392,lorem ipsum
D7393,lorem ipsum
D7394,lorem ipsum
D7395,lorem ipsum
D7396,lorem ipsum
D7397,lorem ipsum
D7398,lorem ipsum
D7399,lorem ipsum
D7400,lorem ipsum
D7401,lorem ipsum
D7402,lorem ipsum
D7403,lorem ipsum
D7404,lorem ipsum
D7405,lorem ipsum
D7406,lorem ipsum
D7407,lorem ipsum
D7408,lorem ipsum
D7409,lorem ipsum
D7410,lorem ipsum
D7411,lorem ipsum
D7412,lorem ipsum
D7413,lorem ipsum
D7414,lorem ipsum
D7415,lorem ipsum
D7416,lorem ipsum
D7417,lorem ipsum
D7418,lorem ipsum
D7419,lorem ipsum
D7420,lorem ipsum
D7421,lorem ipsum
D7422,lorem ipsum
D7423,lorem ipsum
D7424,lorem ipsum
D7425,lorem ipsum
D7426,lorem ipsum
D7427,lorem ipsum
D7428,lorem ipsum
D7429,lorem ipsum
D7430,lorem ipsum
D7431,lorem ipsum
D7432,lorem ipsum
D7433,lorem ipsum
D7434,lorem ipsum
D7435,lorem ipsum
D7436,lorem ipsum
D7437,lorem ipsum
D7438,lorem ipsum
D7439,lorem ipsum
D7440,lorem ipsum
D7441,lorem ipsum
D7442,lorem ipsum
D7443,lorem ipsum
D7444,lorem ipsum
D7445,lorem ipsum
D7446,lorem ipsum
D7447,lorem ipsum
D7448,lorem ipsum
D7449,lorem ipsum
D7450,lorem ipsum
D7451,lorem ipsum
D7452,lorem ipsum
D7453,lorem ipsum
D7454,lorem ipsum
D7455,lorem ipsum
D7456,lorem ipsum
D7457,lorem ipsum
D7458,lorem ipsum
D7459,lorem ipsum
D7460,lorem ipsum
D7461,lorem ipsum
D7462,lorem ipsum
D7463,lorem ipsum
D7464,lorem ipsum
D7465,lorem ipsum
D7466,lorem ipsum
D7467,lorem ipsum
D7468,lorem ipsum
D7469,lorem ipsum
D7470,lorem ipsum
D7471,lorem ipsum
D7472,lorem ipsum
D7473,lorem ipsum
D7474,lorem ipsum
D7475,lorem ipsum
D7476,lorem ipsum
D7477,lorem ipsum
D7478,lorem ipsum
D7479,lorem ipsum
D7480,lorem ipsum
D7481,lorem ipsum
D7482,lorem ipsum
D7483,lorem ipsum
D7484,lorem ipsum
D7485,lorem ipsum
D7486,lorem ipsum
D7487,lorem ipsum
D7488,lorem ipsum
D7489,lorem ipsum
D7490,lorem ipsum
D7491,lorem ipsum
D7492,lorem ipsum
D7493,lorem ipsum
D7494,lorem ipsum
D7495,lorem ipsum
D7496,lorem ipsum
D7497,lorem ipsum
D7498,lorem ipsum
D7499,lorem ipsum
D7500,lorem ipsum
D7501,lorem ipsum
D7502,lorem ipsum
D7503,lorem ipsum
D7504,lorem ipsum
D7505,lorem ipsum
D7506,lorem ipsum
D7507,lorem ipsum
D7508,lorem ipsum
D7509,lorem ipsum
D7510,lorem ipsum
D7511,lorem ipsum
D7512,lorem ipsum
D7513,lorem ipsum
D7514,lorem ipsum
D7515,lorem ipsum
D7516,lorem ipsum
D7517,lorem ipsum
D7518,lorem ipsum
D7519,lorem ipsum
D7520,lorem ipsum
D7521,lorem ipsum
D7522,lorem ipsum
D7523,lorem ipsum
D7524,lorem ipsum
D7525,lorem ipsum
D7526,lorem ipsum
D7527,lorem ipsum
D7528,lorem ipsum
D7529,lorem ipsum
D7530,lorem ipsum
D7531,lorem ipsum
D7532,lorem ipsum
D7533,lorem ipsum
D7534,lorem ipsum
D7535,lorem ipsum
D7536,lorem ipsum
D7537,lorem ipsum
D7538,lorem ipsum
D7539,lorem ipsum
D7540,lorem ipsum
D7541,lorem ipsum
D7542,lorem ipsum
D7543,lorem ipsum
D7544,lorem ipsum
D7545,lorem ipsum
D7546,lorem ipsum
D7547,lorem ipsum
D7548,lorem ipsum
D7549,lorem ipsum
D7550,lorem ipsum
D7551,lorem ipsum
D7552,lorem ipsum
D7553,lorem ipsum
D7554,lorem ipsum
D7555,lorem ipsum
D7556,lorem ipsum
D7557,lorem ipsum
D7558,lorem ipsum
D7559,lorem ipsum
D7560,lorem ipsum
D7561,lorem ipsum
D7562,lorem ipsum
D7563,lorem ipsum
D7564,lorem ipsum
D7565,lorem ipsum
D7566,lorem ipsum
D7567,lorem ipsum
D7568,lorem ipsum
D7569,lorem ipsum
D7570,lorem ipsum
D7571,lorem ipsum
D7572,lorem ipsum
D7573,lorem ipsum
D7574,lorem ipsum
D7575,lorem ipsum
D7576,lorem ipsum
D7577,lorem ipsum
D7578,lorem ipsum
D7579,lorem ipsum
D7580,lorem ipsum
D7581,lorem ipsum
D7582,lorem ipsum
D7583,lorem ipsum
D7584,lorem ipsum
D7585,lorem ipsum
D7586,lorem ipsum
D7587,lorem ipsum
D7588,lorem ipsum
D7589,lorem ipsum
D7590,lorem ipsum
D7591,lorem ipsum
D7592,lorem ipsum
D7593,lorem ipsum
D7594,lorem ipsum
D7595,lorem ipsum
D7596,lorem ipsum
D7597,lorem ipsum
D7598,lorem ipsum
D7599,lorem ipsum
D7600,lorem ipsum
D7601,lorem ipsum
D7602,lorem ipsum
D7603,lorem ipsum
D7604,lorem ipsum
D7605,lorem ipsum
D7606,lorem ipsum
D7607,lorem ipsum
D7608,lorem ipsum
D7609,lorem ipsum
D7610,lorem ipsum
D7611,lorem ipsum
D7612,lorem ipsum
D7613,lorem ipsum
D7614,lorem ipsum
D7615,lorem ipsum
D7616,lorem ipsum
D7617,lorem ipsum
D7618,lorem ipsum
D7619,lorem ipsum
D7620,lorem ipsum
D7621,lorem ipsum
D7622,lorem ipsum
D7623,lorem ipsum
D7624,lorem ipsum
D7625,lorem ipsum
D7626,lorem ipsum
D7627,lorem ipsum
D7628,lorem ipsum
D7629,lorem ipsum
D7630,lorem ipsum
D7631,lorem ipsum
D7632,lorem ipsum
D7633,lorem ipsum
D7634,lorem ipsum
D7635,lorem ipsum
D7636,lorem ipsum
D7637,lorem ipsum
D7638,lorem ipsum
D7639,lorem ipsum
D7640,lorem ipsum
D7641,lorem ipsum
D7642,lorem ipsum
D7643,lorem ipsum
D7644,lorem ipsum
D7645,lorem ipsum
D7646,lorem ipsum
D7647,lorem ipsum
D7648,lorem ipsum
D7649,lorem ipsum
D7650,lorem ipsum
D7651,lorem ipsum
D7652,lorem ipsum
D7653,lorem ipsum
D7654,lorem ipsum
D7655,lorem ipsum
D7656,lorem ipsum
D7657,lorem ipsum
D7658,lorem ipsum
D7659,lorem ipsum
D7660,lorem ipsum
D7661,lorem ipsum
D7662,lorem ipsum
D7663,lorem ipsum
D7664,lorem ipsum
D7665,lorem ipsum
D7666,lorem ipsum
D7667,lorem ipsum
D7668,lorem ipsum
D7669,lorem ipsum
D7670,lorem ipsum
D7671,lorem ipsum
D7672,lorem ipsum
D7673,lorem ipsum
D7674,lorem ipsum
D7675,lorem ipsum
D7676,lorem ipsum
D7677,lorem ipsum
D7678,lorem ipsum
D7679,lorem ipsum
D7680,lorem ipsum
D7681,lorem ipsum
D7682,lorem ipsum
D7683,lorem ipsum
D7684,lorem ipsum
D7685,lorem ipsum
D7686,lorem ipsum
D7687,lorem ipsum
D7688,lorem ipsum
D7689,lorem ipsum
D7690,lorem ipsum
D7691,lorem ipsum
D7692,lorem ipsum
D7693,lorem ipsum
D7694,lorem ipsum
D7695,lorem ipsum
D7696,lorem ipsum
D7697,lorem ipsum
D7698,lorem ipsum
D7699,lorem ipsum
D7700,lorem ipsum
D7701,lorem ipsum
D7702,lorem ipsum
D7703,lorem ipsum
D7704,lorem ipsum
D7705,lorem ipsum
D7706,lorem ipsum
