UserId,PostId,TimeStamp,content
U0,P0,0,lorem ipsum
U1,P9380,44915,"Nicole, if we are going to surprise your son he must stay off Twitter and never see this public tweet until it arrives  Ive got one coming your way Please message my guy @lancepatrick with where to ship it Merry Christmas https://t.co/zAlTwC3gFv"
U1,P9379,44915,"Betty, Ive got an Xbox with your sons name on it  Please message @lancepatrick with where to send it and we will get it sent out Merry Christmas  https://t.co/82oGSAqxqN"
U1,P9378,44912, https://t.co/ykLJZnxl3L
U1,P9377,44911,London  Tickets to the 2nd show are on sale TODAY First show has SOLD OUT Get the best seats NOW at https://t.co/ENkTzstDuM #OffTheRecordTour https://t.co/50KRoi2b5d
U1,P9376,44910,8 new shows. On sale NOW Cant wait to see you all back out on the road in 2023  Find tickets on my website https://t.co/ENkTzstDuM  #OffTheRecordTour https://t.co/N4PPcyFKLO
U1,P9375,44910,"Im super excited to be hosting the #Grammys?  once again  Tune in Sunday, Feb 5th on @CBS Thank you @billboard amp @neenaroe for the cover / story  Photographer: @peterashlee Stylist: @jasonbolden Groomer: Enid Seymore Producers: Get Swayed Location: @HudsonYardsNYC https://t.co/47kl1RMLgv"
U1,P9374,44909," Its beginning to look a lot like XboxMas  Thats right, and African Santa is here to hook some teachers up with brand-new Xboxes If youre a teacher, just reply letting me know why you want one, and Ill pick 20 winners at random. Its that easy. Merry Christmas  https://t.co/gx9TDhuTa9"
U1,P9373,44907, https://t.co/Z2R9mwGYnb
U1,P9372,44907,"8 shows, just added  #OffTheRecordTour https://t.co/miY6NVNjpC"
U1,P9371,44904,@TaranaBurke Thank you for being the best teacher and funniest friend 
U1,P9370,44904,Thank you to the millions of people whove already watched my latest comedy special. And if you havent already please do check it out  https://t.co/y7NyNbTqVf
U1,P9369,44900,London  https://t.co/T8vwPiy2tn
U1,P9368,44899,@Zeets Ive been saying this to friends for months now. When did everyone become a knee slider or fist pumper Its almost like they havent unlocked the celebrations in a video game meanwhile Haaland has 5.
U1,P9367,44897,"London, UK Youve officially been added to the tour Ticket pre-sale STARTS. RIGHT. NOW Head to https://t.co/ENkTzsc26c for the pre-sale code and to get tickets before the general on-sale  #OffTheRecordTour https://t.co/sVQHVMDOg6"
U1,P9366,44897,"Looking forward to diving in, @BradSmi #ToolsAndWeapons https://t.co/h09XP3gLKr"
U1,P9365,44896,"Belgiums coach needs to call Guardiola and ask him for the controller settings he uses for Kevin De Bruyne. 

#CustomA #Formation #iWasShootingWithSquare

#CroVsBel #WorldcupQatar2022"
U1,P9364,44896,"Just Added  3rd show in Chicago, 4th show in Baltimore, and a show in Stamford, CT Ticket Pre-sale starts... NOW Get the passcode on my website. https://t.co/L7bDKHUiXq  Lets goooo #OffTheRecordTour https://t.co/ostdVuwWAE"
U1,P9363,44888, https://t.co/x2s6WyAZ1l
U1,P9362,44887, https://t.co/SqFiWxMefp
U1,P9361,44886,"Heres to the next chapter. Thanks Hollywood Reporter @THR amp @laceyvrose for the cover and story.
Ps: I promise Ill bring the outfits back next year. https://t.co/Vs5pjN8Pv5"
U1,P9360,44886,"4 shows, just added  Tickets at https://t.co/OCUM8lq7ua  https://t.co/pwfIFbFf2I"
U1,P9359,44885,Tonight. 10pm EST. @msnbc https://t.co/MWlRkrSkrT
U1,P9358,44884,"My #OffTheRecordTour officially went on sale TODAY 18 shows have sold out. 11 have been added.  I am feeling the love and want to sincerely thank everyone who has purchased a ticket.  If you havent already, you can find them on my website. https://t.co/L7bDKHUiXq https://t.co/CBb54z4kvr"
U1,P9357,44883,5th show added in SF on Dec 5th This. Is. Cray  Tickets at https://t.co/L7bDKHUiXq https://t.co/3ulCtF8KLh
U1,P9356,44883,North Carolina Just added a 3rd show at the DPAC in Durham This is insane  Tickets at https://t.co/L7bDKHCHyQ  https://t.co/CL2fGfYpZH
U1,P9355,44883,"My new #OffTheRecordTour is on-sale NOW While, its only the slightly better-looking half of the Half amp Half tour, you will still have a great time  Find tickets at https://t.co/L7bDKHUQMY  @TheDailyShow  https://t.co/Wp9rZJ2Bd4"
U1,P9354,44883,"ATL, 2nd show added  https://t.co/L7bDKHUiXq #OffTheRecordTour https://t.co/bGV0ZTr1WB"
U1,P9353,44883,"I want to go everywhere  BUT. The U.S. leg of my new tour is on-sale today So, lets start there  Get tickets at https://t.co/L7bDKHCHyQ #OffTheRecordTour https://t.co/wV6xJWZ8S3"
U1,P9352,44882,"2nd show added in Minneapolis, MN  This is crayHead to https://t.co/L7bDKHUiXq for the presale code and all show info #OffTheRecordTour Lets gooo https://t.co/CzL9Ax32Xu"
U1,P9351,44882,"2nd show added in Austin, TX Presale is live Get the code on my site. https://t.co/L7bDKHUiXq #OffTheRecordTour https://t.co/ab7kl7kZPF"
U1,P9350,44882,"Just added a 2nd show in Madison, WI  Presale codes below or at https://t.co/L7bDKHUiXq #OffTheRecordTour https://t.co/CiDXre6F8T"
U1,P9349,44882,"NYC Join me on Tuesday 11/29, as I host a black theatre night for one of the most transcendent plays Ive seen @strangeloopbway, then be sure to hang out after for a special talkback discussion with everyone attending. Find your tickets here: https://t.co/6N4JtMssPn https://t.co/pGuzb14cb9"
U1,P9348,44882,"TM was working fine during yesterdays presale. So much so, you guys are forcing me to add another show in Durham, NC amp Baltimore, MD   The new shows are up on my site now. Get code at https://t.co/L7bDKHUiXq Thank you for such an incredible response to the new tour  https://t.co/4lO7czp0qS"
U1,P9347,44881,"Alright, presale is live in all cities  You can find the code on my website. https://t.co/L7bDKHUQMY Cant wait to see everyone back out on the road in 2023  https://t.co/Fw7fedMKMy"
U1,P9346,44881,"Youre turn on early tickets Arizona, Montana, amp Colorado  Signup for code at https://t.co/L7bDKHUiXq #OffTheRecordTour https://t.co/26Q6JXWJOe"
U1,P9345,44881,"Roll Call... Indiana, Tennessee, Texas, Missouri, Wisconsin, Louisiana, Illinois, Minnesota, youre up https://t.co/L7bDKHUQMY for the early presale tickets  Dont @ me after they are sold out and say I didnt post about them https://t.co/26Q6JXXhDM"
U1,P9344,44881,East Coast Ticket presale is LIVE. Signup at https://t.co/L7bDKHCHyQ to get the best seats now  #OffTheRecordTour  @AndyMineo https://t.co/v4Xa2WrnFe
U1,P9343,44881,Nov 22. I Wish You Would. On @Netflix.  https://t.co/1zZkAc18bg
U1,P9342,44879,"I am excited to announce my 2023 Off The Record Tour, with the first dates kicking off in the US  Signup for the presale code on my website, to get tickets before they go on sale https://t.co/L7bDKHUQMY See you in 2023  #OffTheRecordTour  @AndyMineo https://t.co/GkQjZ42TcG"
U1,P9341,44854,Nov 22. I Wish You Would. On @Netflix. https://t.co/XdL5BNHFl2
U1,P9340,44850,"Orlando, FL  Thank you for such an incredible night Until next time  #BackToAbnormalWorldTour   

@JoshJohnson @VinceAugust21 https://t.co/XZ3gnwYPNF"
U1,P9339,44849,Halifax Your energy blew the roof off the arena tonight  Thank you to everyone that came out   #BackToAbnormalWorldTour : @wilsylvince https://t.co/OYns9jKMFK
U1,P9338,44848,A show that happens to be on tonight. Always great to see you my friend. : @ToddOwyoung / NBC https://t.co/UYPWQ2cNG6
U1,P9337,44839,"Wow What an absolute beast Congrats @thejudge44 on rewriting history, while the world watches  #62  Keep going #Yankees #AaronJudge https://t.co/4xvc80O6eF"
U1,P9336,44836,"Toronto, thank you for 2 incredible sold out nights at the @scotiabankarena  I will truly never forget it #BackToAbnormalWorldTour : @mattynoir https://t.co/2lZXmdXVaI"
U1,P9335,44835,Wow What an amazing 1st night Toronto Thank you to everyone that packed out @ScotiabankArena tonight Cant wait to do it again tomorrow night.  #Toronto #Canada #BackToAbnormalWorldTour https://t.co/l5ieZG4TrJ
U1,P9334,44831,"If youre wondering when tickets go on sale its TODAY But to be fair, they are also on sale for those that werent wondering as well   https://t.co/OCUM8lHIlI https://t.co/XHF0DkeUwj"
U1,P9333,44830,"South Africa Ive teamed up with @SavannaCider for 12 shows from 31 AUG  15 SEP 2023. Tickets go on sale tomorrow at 9am local, and you can find them at https://t.co/L7bDKHCHyQ - Cant wait to come home  #SiyavannaSA @entertainafric https://t.co/LpytJmk4F0"
U1,P9332,44828,"Thank you to everyone that packed out the TD Place Arena tonight in Ottawa, Canada What a night #BackToAbnormalWorldTour https://t.co/sTILvus0Ur"
U1,P9331,44817,"After years apart it felt so good to be back with some of my favourite people celebrating each other once again. And yes Im their biggest fan. #Emmys2022

Styling: @jasonbolden @Gucci @Cartier Photos: @polkimaging, Phil Faraone @gettyentertainment https://t.co/V8KY303xCC"
U1,P9330,44817,Lets go #Emmys2022 @jasonbolden @gucci @Cartier https://t.co/AefNAQpW2o
U1,P9329,44787,"Until next time, Indiana Appreciate everyone that came out last night  #BackToAbnormalTour  https://t.co/73pbMPWDCO"
U1,P9328,44786,"Tulsa, it was great to be back Thank you again to everyone that came out   #BackToAbnormalTour : @VinceAugust21 https://t.co/sM9BzXG1b8"
U1,P9327,44779,I feel like whoever invented paper straws doesnt know what straws are used for.
U1,P9326,44769, Excited to see whats next https://t.co/SgpRcWQszj
U1,P9325,44765,"Atlantic City, thank you for spending your Friday night with us @JoshJohnson @VinceAugust21 #BackToAbnormalTour https://t.co/PJAM6LNATV"
U1,P9324,44759,"Costa Mesa, thanks for showing that California love last night  Cant wait to come back #BackToAbnormalTour  IG: Char.tini https://t.co/EArK3jf40G"
U1,P9323,44755,A sincere thank you to everyone that tunes in and watches the show  https://t.co/EEIZEMkv8S
U1,P9322,44755,When @thedailyshow gets nominated for 7 Emmys Just wow Thank you for the incredible honour @TelevisionAcad  And a big congrats to @thedailyshow team and to Chris McCarthy and the whole Viacom / Comedy Central fam I told you we work well together  https://t.co/xPTwCessdj
U1,P9321,44738,Appreciate everyone that came out to the shows in Connecticut Until next time  #BackToAbnormalTour
U1,P9320,44737,"Thank you again, to everyone that came out to the show last night We will see you again tonight CT #BackToAbnormalTour https://t.co/ilk4ywG5eI"
U1,P9319,44731,"Edmonton, Thank you to everyone that spent their Saturday night with me Such an incredible weekend Canada Ottawa, Halifax, amp Toronto, I will see you in September #BackToAbnormalWorldTour  : @MIKEFLOSSMUSIC : @VinceAugust21 https://t.co/hsw0UZN32K"
U1,P9318,44730,"Calgary, thank you to everyone that filled the Saddledome with so much love last night My friends @VinceAugust21, @JoshJohnson, amp I had an amazing time TY.  See you tonight Edmonton #BackToAbnormalWorldTour https://t.co/zTbeYWOG2y"
U1,P9317,44724,If theyre gonna fill our timeline with people who we dont follow then whats the point of following anyone I see more suggested posts than posts I actually asked to see. 
U1,P9316,44715,Is everything made in a factory that also processes nuts
U1,P9315,44710,"Frankfurt, Vielen dank fr die beste Nacht
Germany was the perfect end to the European leg of the #BackToAbnormalWorldTour
 Until next time

Now back to the USA then Canada then we start preparing for South Africa and Asia and Australia and and : @mattynoir https://t.co/bXPOBgBvjO"
U1,P9314,44708,"Sweden, I thoroughly enjoyed every minute and every single meatball Your energy blew the roof off the Avicii Arena, thank you so much
I dont know what it was about Stockholm but I just didnt want to leave. Ill def be back.
#BackToAbnormalWorldTour #VisitSweden #Stockholm https://t.co/bTeK7aRsFJ"
U1,P9313,44706,"Copenhagen, Denmark  Easily one of the coolest cities anyone can visit, your architecture, your food and your Lego are all out of this world. Thank you to everyone that packed out the Royal Arena Cant wait to come back #BackToAbnormalWorldTour #VisitDenmark #Copenhagen https://t.co/llHBH4ZlWg"
U1,P9312,44705,"Oslo, Norway, what an incredible night You packed the arena with so much love and laughter Takk skal du ha  #BackToAbnormalWorldTour #VisitNorway #OsloSpektrum #Oslo  : @mattynoir https://t.co/ol2KCG6krc"
U1,P9311,44703,"And to the nearly 14000 people I almost crashed my bicycle into, riding around Amsterdam, THANK YOU 

#BackToAbnormalWorldTour #VisitNetherlands #Amsterdam    : @mattynoir https://t.co/wqStVlAepA"
U1,P9310,44703,"To the nearly 14,000 people that decided to spend their Saturday night with me at the Ziggo Dome in Amsterdam THANK YOU  https://t.co/KSrkTwThcV"
U1,P9309,44702,"Brussels, thank you for all the love, waffles, and free WiFi everywhere in the city  #BackToAbnormalWorldTour #VisitBelgium #Brussels #FreeWifi  : @mattynoir https://t.co/3f3BfpB08v"
U1,P9308,44702,"Merci Vilmal Switzerland
Lets make sure we do this again. 

#BackToAbnormalWorldTour #VisitSwitzerland #Geneva #Zurich : @mattynoir"
U1,P9307,44702,"And lastly, thank you to my fellow half Swiss half South African @rogerfederer. You were the ultimate host amp still the classiest man Ive ever met. I know you miss me on the court but hopefully youll be able to play on in my honour now that my knee is out of commission. https://t.co/FChz9GKnHr"
U1,P9306,44702,"Zurich, thank you for the phenomenal fondue , and your silent but deadly trains. "
U1,P9305,44702,"Geneva, thank for your fine taste in watch making  and your gorgeous lake. Truly one of the most peaceful cities Ive been to in the world."
U1,P9304,44702,Switzerland  what a surreal experience this was for me. Ive always dreamed of visiting my fathers country but never dreamed I would do it like this. Thank you to every single person who came and filled out both arenas in Geneva and Zurich Ill never forget the experience. https://t.co/nM9ddOT9L5
U1,P9303,44699,"Thank you Geneva for such an incredible night last night  Zurich, I will see you shortly  #BackToAbnormalTour : @mattynoir https://t.co/C1uJrmG5tj"
U1,P9302,44693,"A woman who showed me the truest definition of unconditional love. She passed away peacefully in her sleep and even blessed us with one final Mothers Day which she enjoyed to the fullest.

Hamba Kahle Gogo. "
U1,P9301,44693,I know many of you grew to love Gogo from afar and I thank you for the condolences and the blessings youve sent in her memory. Ive cried all week celebrating the greatest movie Ive ever watched. A story that began with my first breath and ended with her last.
U1,P9300,44693,a place where everyone was guaranteed to feel the love emanating from her mighty chest.
U1,P9299,44693,"Her house in Soweto wasnt just a home, it was a refuge, a place where other women would come when they had no other place to go, a place where members of the community would gather to pray together every single week"
U1,P9298,44693,"My grandmother was born in 1927 and even though she was 95 years old, she still had the best memory of us all.  Every moment spent with her felt like a magical journey through time where she would recount all of the familys greatest joys, losses, achievements and milestones."
U1,P9297,44693,"How can I smile for a photo when I dont have teeth 

This morning our family laid to rest the oldest member of our clan Frances Noah, or as most of us referred to her, Gogo. https://t.co/t7FUpdYI24"
U1,P9296,44688,https://t.co/T1Ks1pW66Z
U1,P9295,44688,"g elska ig Iceland, thank you for an unforgettable first time over  To everyone who couldnt get tickets, Ill def be back   #BackToAbnormalTour https://t.co/M8DUKtU3IV"
U1,P9294,44687,"Post a pic showing youre excited about your May, without actually saying youre excited about your May. Okay, now stop letting random people on the internet tell you what to do today  Excited to be in Iceland amp Ireland this weekend  #BackToAbnormalTour https://t.co/hcsXPQayw0"
U1,P9293,44682,"What a night Thank you to the WHCA for having me, and allowing me the distinct honour of roasting the President of the United States  To the @POTUS @JoeBiden, @DrBiden, and everyone else on the receiving end. Thank you. : @GettyImages https://t.co/0LNG2kVLtw"
U1,P9292,44664, https://t.co/LvRa7ZO2PJ
U1,P9291,44658,"When your trio @silksonic wins 4 #GRAMMYs, but the other two keep sending your calls to voicemail. Yo @BrunoMars, @AndersonPaak dont do me like this. pick uppppp At least let me have them on the weekends I know you see my calls. call me back It would neverrr work as a duo https://t.co/dXBEvd6JRS"
U1,P9290,44657,"At my funeral, please dont use words. Just show this pic. Well, I mean, if you have other angles of this moment feel free to use those as well.  #BTS #BestNightEver #GRAMMYs @btsbighit @BTStwt  : @GettyImages https://t.co/gxXOGY0YhB"
U1,P9289,44657,"Still flying high from #GRAMMYs weekend  Shout out to my amazing style team It was all @Gucci baby Designed by: #AlessandroMichele Styled by: #JasonBolden MU: #AnnetteChaisson Hair: #RonnieMccoy #DreamTeamSupreme Thank you 
: @gettyimages @RecordingAcad @CBS https://t.co/ZAmVlLOvxm"
U1,P9288,44655,Thank you to everyone that tuned in  An absolute incredible night  #GRAMMYs @CBS @RecordingAcad https://t.co/22309OzKdz
U1,P9287,44651,@roywoodjr These are some of my favourite stories . Ive seen it happen before. Guy stormed the stage and was cussing out the puppet then told the ventriloquist to stay out of it 
U1,P9286,44651,@BreeNewsome But thats not Britneys sister 
U1,P9285,44651,"Dear @cbs 

1. Thank you 
2. How dare you 
3. Just showing that I can count higher than you. 
4. Only 4 more days  #GRAMMYs https://t.co/gxnxD9mTfP"
U1,P9284,44650,@FeministaJones  its the next time I have to wash my fro that the braids start calling me back
U1,P9283,44650,@FeministaJones Pillows turn into stone and nodding seems like a dangerous life choiceit feels like someone is pulling thoughts out of your head.
U1,P9282,44648,Wtaf That wasnt scripted 
U1,P9281,44640,@Travon Or Karma
U1,P9280,44640,"Congratulations Guenther and @HaasF1Team  Getting in the points and so well deserved.
Such an exciting race, tons of pit stops, Ferrari 1/2, Hamilton on podium and Red Bull had wings but then suffered a sugar crash. F1 is back

#F12022"
U1,P9279,44640,I said counsel Kanye not cancel Kanye.
U1,P9278,44631,What Jussie Smollett did was dumb as hell. But its crazy that hes gonna spend more time in jail than the family who are mostly to blame for Americas opioid epidemic.
U1,P9277,44619,"Thank you to everyone that came out to the shows in Ridgefield, WA amp Vancouver, Canada Another incredible weekend on the #BackToAbnormalTour : @VinceAugust21 https://t.co/6q4H2qu52z"
U1,P9276,44616,Thank you @NAACPImageAward for such an incredible honour  Congrats to @thedailyshow team on 3 wins  #NAACPImageAwards https://t.co/DxzxceY6zU
U1,P9275,44607,@ItsMarisWorld Exactly
U1,P9274,44607,"WTF She also said she doesnt hate Joe Rogan, She also said we need a path to redemption, she also said its a complex issue. Stop using clickbait to make people angrier and hate each other. Her comments have nuance and your tweet robs her of that https://t.co/aeGZ4JsAYW"
U1,P9273,44606,I thought @roywoodjr was just joking but it really feels like Wordle isnt fun since the New York Times took over. Is it just me
U1,P9272,44606,That was  https://t.co/PLVmXjHAB3
U1,P9271,44606,Wow  https://t.co/dZzONjIPam
U1,P9270,44605,"New rule @NFL. When @TheRock is at the #SuperBowl, both teams should be required to have him suit up for an equal amount of plays. "
U1,P9269,44605,.@obj making it look that easy 
U1,P9268,44605,"From the first time I watched American Pie, my dream was to be in anything with @JenCoolidge In the 2nd quarter we team up in an @UberEats #Ad, and my dream comes true #UberDontEats https://t.co/IgPSy5fWna"
U1,P9267,44605,About to take over the @UberEats account and clear up any Eats vs. Dont Eats confusion like Pork rinds technically pig skin  EATS. A Football commonly referred to as pigskin  DONT EATS.  Head over to @UberEats on Twitter now for more life-changing advice like this. #Ad
U1,P9266,44604,"With @UberEats you can now get things that arent food AKA #UberDontEats My mind is blown  Where does it stop Join me tomorrow on game day, as I take over their Twitter to help end this confusion"
U1,P9265,44603,"@BreeNewsome Its the perfect app for procrastination and hyper focus rabbit holes. Just enough information to keep you interested but not enough to get you overwhelmed. And just when the app feels youre getting too worked up, it throws in a cute video to help you reset. "
U1,P9264,44602,Its. about. to. go down #KidOfTheYear on @Nickelodeon Lets goooo  https://t.co/rqcSuabmK7
U1,P9263,44601,"For the big game #Ad, @UberEats said I could eat anything My grandmother suggested carrots, I chose a lightbulb, who do you think was right #UberDontEats https://t.co/S7TUrHXwYd"
U1,P9262,44600,Lets goooooo RTO https://t.co/vqTtMnRjNL
U1,P9261,44600,Filming an #ad for the big game with @ubereats Do you think lightbulbs count as a snack or a meal  #UberDontEats https://t.co/ocGgG7z0cP
U1,P9260,44600,@phlaimeaux Not the one in South Africa
U1,P9259,44598,@danielradosh This sounds illegal
U1,P9258,44598,@tressiemcphd 
U1,P9257,44598,@tressiemcphd Its not that crazy. Cheetahs are actually quite timid and would almost never attack a person. Unless you show them your neck. Then that may be tempted to grab your throat. But otherwise theyre pretty chill.
U1,P9256,44596,One of the funniest comedians out there. Go watch his show NYC https://t.co/XWkMmItbdn
U1,P9255,44593, https://t.co/XkiJn5GNt2
U1,P9254,44590,@VAltimari 
U1,P9253,44590,"Ngiouti eshap mina
Angnayntweyningi mina
Ngihleka na wonke umuntu ohleka nami
Ngphind ngvesela okqibela
Kodwa ma ungisukela
Ngizoktshintshela mina
Ngiouti eshap mina
Babuze bonke bazoktshela 
"
U1,P9252,44590,"Firstly, I think youre confusing me with Prince Akeem. 

Secondly, I like how you think someones blackness gets erased when they stop being poor.

And thirdly if writing the word nigga in your tweets makes you a black expert, then you definitely have me beat.  https://t.co/XMKWPruSCd"
U1,P9251,44588,But then how will people get the opportunity to repeat the thing thats already been said 3 times https://t.co/2h8trVv3ZA
U1,P9250,44586,Some NYC hospitality to start the year - @mrgated lt  100  https://t.co/7yXWvw6XlL
U1,P9249,44586,STOP SUBTWEETING ME AND FACE ME LIKE A MAN TRAVON. IF THE MARSHMALLOW DIET IS FAKE THEN WHY DO I FEEL SO GOOD https://t.co/5XxodMdDG3
U1,P9248,44585,"Dear Wordle, please remember were still dealing with a pandemic. Try to be gentle

Wordle 219 5/6





"
U1,P9247,44583,"NYC, the energy you brought to @thegarden last night was unbelievable What a night Thank you so much to everyone that came out  : @mattynoir #BackToAbnormalTour https://t.co/LpJNr46oGi"
U1,P9246,44583,@danielradosh Insane when youre trying to think of a ridiculous point of view for comedy and then a day later the news guy says it with a straight face. 
U1,P9245,44580,"If @RockstarGames makes a metaverse, my real life is over"
U1,P9244,44580,@roywoodjr You told me you didnt realise I had a new page 
U1,P9243,44580,"Daily motivation- Remember every new day is a new opportunity to fail. So take it



"
U1,P9242,44579,"

Wordle 213 3/6



"
U1,P9241,44578,Young Dylan Such a wonderful energy. @YoungDylan  https://t.co/PhYMYlZhnM
U1,P9240,44576,"Wordle 210 3/6



"
U1,P9239,44569,@roywoodjr 
U1,P9238,44569,@roywoodjr Again ridiculous. We wont fight in the future because well all have decreased lung capacity from long Covid so well all have to save our energy.
U1,P9237,44569,@roywoodjr The cars data will be stored in the cloud and it will be updated in real time. Stop being ridiculous Roy. Also there wont be any cliffs in the future.
U1,P9236,44562,@roywoodjr  Cmon Roy. Were all friends here
U1,P9235,44562,"Happy New Year everybody. For this one, lets do the opposite of last year and see what happens"
U1,P9234,44560,@roywoodjr So can they count on you
U1,P9233,44554,"We know nothing. And thats terrifying. But once you accept that idea, it all becomes a little more tolerable."
U1,P9232,44553,@AkilahObviously That man is gonna live forever
U1,P9231,44552,"I really think we dont spend enough time looking at how bad click bait headlines are for our society. They cause panic, confusion, anger and misinformation. The articles have nuance, the headlines do not.

Omicron killing everyone.
All hospitals overwhelmed.

"
U1,P9230,44552,@roywoodjr Dont you put that juju on us Roy
U1,P9229,44542,"Terrible result for Lewis but great result for F1. Championship decided on the final race, everyone arguing about the rules online and a dramatic ending for the next season of Drive to Survive.

Better to be a controversial sport than a boring one. "
U1,P9228,44542,Christian Horner has michael massees ear. I want to speak to the manager 
U1,P9227,44542,Thank you SF for 2 back to back nights at the @ChaseCenter Cant wait to come back  #BackToAbnormalTour
U1,P9226,44541,"SF, thank you for such an incredible first night  #BackToBackAbnormal #SanFran #ChaseCenter"
U1,P9225,44535,"Los Angeles, thank you to everyone that came out to @theforum last night Until next time  #BackToAbnormalTour : @betsnewman https://t.co/RmJINeUSZp"
U1,P9224,44534,Such a great time last night San Diego Thank you to everyone that came out to @ViejasArena  See you tonight LA #BackToAbnormalTour  IG: ShawnTongsy https://t.co/YkljJlPIdc
U1,P9223,44532,I thought we both agreed wed save some things for the Grammy night #Grammys #Jan31st #SaveTheDate https://t.co/Kxg0SjzwWO
U1,P9222,44531,"You make me sound like a magician @RecordingAcad Just to clarify I will not be doing ANY magic tricks. Well, if a Grammy happens to disappear...  That would be magic. But, I had nothing to do with that because again, I am not a magician.  #GRAMMYs https://t.co/V4PNh9qHMw"
U1,P9221,44531,Lets goooo  #Grammys https://t.co/bJqCKFzqrC
U1,P9220,44531,"Excited to be back, hosting the #Grammys this year Tune in Monday, Jan 31st, on @CBS  -  IG: therealnikkirenee : @drake @lildurk https://t.co/itAqqGunR0"
U1,P9219,44531,Well take our apology in free plane tickets and hotel stays please  https://t.co/Nse2iMpsDI
U1,P9218,44528,"Thank you Portland, OR #BackToAbnormalTour https://t.co/KqeTCVdD7V"
U1,P9217,44524,"NYC, MSG, 01/21/22  #BackToAbnormalTour  https://t.co/IB2RN9UkiX"
U1,P9216,44521,"Chicago, thank you for an incredible night  #BackToAbnormalTour : @VinceAugust21 https://t.co/7kwsdLSEdw"
U1,P9215,44520,"Grand Rapids, thank you to everyone that came out to the @VanAndelArena last night We had a blast  Next stop Chi-town baby #BackToAbnormalTour : @VinceAugust21 https://t.co/ist1RNfcRX"
U1,P9214,44518,Whats something you can do at your job that would get other people sent directly to HR at their job Ill go first : @mattynoir https://t.co/86BsYS9Hue
U1,P9213,44515,"Sometimes friends enjoy great conversations that you might miss out on. And sometimes they hit record and invite you in. Watch my convo with @pharrell, @brokemogul, and @hitmybeeper on the latest episode of #OTHERtone now, only on @applemusic https://t.co/wGG4fl12Sc https://t.co/lELv5MdLbk"
U1,P9212,44514,My friend @jaketapper just being @jaketapper. Always supporting a great cause.  Bidding ends today. https://t.co/cKbK7AVk31
U1,P9211,44514,At the @TrevorNoahFdn were always traveling the world trying to learn better ways to expand access to education for children in need. So it was inspiring to see how the Qatar Foundation has been able to provide education to over 10 million children worldwide.@QF #Inspired https://t.co/2Uwsd8GMik
U1,P9210,44512,What a night Who would have thought a book fair could be so much fun. Thank you @SharjahBookAuth and thank you to everyone who attended to celebrate books and authors from all over the world And thank you @KrisFade for being such a great host.#ThankYouMomForAlwaysMakingMeRead https://t.co/hTWul4zmbg
U1,P9209,44511,"You only realise how addicted you are to social media apps, when you move the app from your home screen and then keep opening the calculator app every 5 minutes."
U1,P9208,44506,"Thank you to everyone that came out to the American Airlines Center tonight in Dallas, TX   Next stop... Houston  #BackToAbnormalTour https://t.co/sOEx3EUv4n"
U1,P9207,44505,"I know Ive put on some pandemic weight, but damn Waze, rerouting traffic around me #TooFar #MyFeelingsAreHurt #OkayImOverIt  See you tonight Dallas  #BackToAbnormalTour https://t.co/PmaV5OJKth"
U1,P9206,44500,The Weekday https://t.co/NqWjH0WzPG
U1,P9205,44498,"Well hello, weekend... 

: @mattynoir https://t.co/oeUtgByRSY"
U1,P9204,44492,"To the Sunshine State, without the sunshine I appreciate you spending your evening with me  #HardRockLive #BackToAbnormalTour : @VinceAugust21 https://t.co/ukebyo7NwW"
U1,P9203,44486,"Philly, you were  Thank you  
 #WellsFargoCenter #BackToAbnormalTour https://t.co/KNTIFglym3"
U1,P9202,44485,Had such an amazing time last night in DC Thank you to everyone that came out  #CapitalOneArena #BackToAbnormalTour https://t.co/O55t7K79Tz
U1,P9201,44472,"Thank you for the amazing weekend, Colorado Appreciate everyone that came out to the Broadmoor World Arena last night  #BackToAbnormalTour : IG bttrevino https://t.co/BEVhvWyBJS"
U1,P9200,44472,Netflix has the winning formula figured out. Red Jumpsuits  Masks  hostages  
U1,P9199,44471,"Thank you to everyone that came out to the Budweiser Events Center Arena last night in Loveland, CO  Cant wait to come back  
: IG: StLouisToLouisville #BackToAbnormalTour https://t.co/aBdSUxHFMy"
U1,P9198,44471,"Blown away by how fast tickets are going  This tour is going to be incredible Thank you.  If you havent already, you can still find tickets at https://t.co/L7bDKHUiXq Lets gooooo #BackToAbnormalTour  https://t.co/3EO0ZkmLnu"
U1,P9197,44470,"And what sucks even more is that the airline staff has to get shat on, by angry passengers, when theyve done nothing wrong. They have no control over what happened but now they have mortal enemies wishing them dead. "
U1,P9196,44470,Imagine if you bought a meal at Macdonalds and only after you paid they told you they actually dont have food so your only option is to lick the fries that fell on the floor 
U1,P9195,44470,Also can we talk about how the airline industry as a whole can just treat us passengers all like shit and we have almost no rights They can overbook a flight and not tell you and theres literally nothing you can do. 
U1,P9194,44470,"Dear @united, if your seats are broken on your planes, maybe send a message to passengers before they get to the airport so they can choose a different airline. Your current tactic of surprising us with no seats when we get to the boarding gate is not great business."
U1,P9193,44469,Today is the last day to get the early tickets before general on-sale tomorrow. Use the code HereWeGo at https://t.co/L7bDKHUiXq to get better seats than that one friend that always waits too long  #NotTryingToNameNames #ButYesImTalkingAboutMichelle #DontBeLikeMichelle https://t.co/SC5X2JcQXC
U1,P9192,44468,You guys crashed my site yesterday  Lets try this again... I mean the get tickets part... not crashing my site.Use code HereWeGo at https://t.co/L7bDKHUiXq  #BackToAbnormalTour https://t.co/mbVmsYgl4N
U1,P9191,44467,Presale happening NOW  Use the code HereWeGo at https://t.co/L7bDKHCHyQ  #BackToAbnormalTour  https://t.co/JHVOwByBAa
U1,P9190,44467,Oct 15th @CapitalOneArena  https://t.co/0HkGhSS7xa
U1,P9189,44467,See you in Feb Becky   https://t.co/DqIY8newic
U1,P9188,44467,"ATL, Georgia See you on Jan 14th Carolyn  https://t.co/NnncEqJJWD"
U1,P9187,44467,Just added a 2nd show at Chase Arena Dec 11th. 2021 dates arent on this announce but are up on my site  https://t.co/L7bDKHUiXq  https://t.co/2mv11ptEpy
U1,P9186,44467,Feb 26th  https://t.co/Ub4PCY9EIA
U1,P9185,44467,East Coast US amp Canada Presale is happening now Dont say I didnt post about the tickets when you know I posted about the tickets  https://t.co/L7bDKHUiXq https://t.co/mbVmsYgl4N
U1,P9184,44467, https://t.co/ijkmKlUexG
U1,P9183,44467,Just added 21 new tour dates for 2022   Presale starts tomorrow at 10am local. Visit https://t.co/L7bDKHUiXq for full list and click presale to get code for the new dates #BackToAbnormalTour   @tiesto @sevenn https://t.co/tzNgJWEbb8
U1,P9182,44459,"I came dressed to see Michaela Coel win an Emmy and I wasnt disappointed 

#Emmys @Versace Stylist: @jasonbolden Photo: @RichFury @GettyVIP https://t.co/VqSBg0takx"
U1,P9181,44458,"Santa Barbara, your energy was  last night Appreciate everyone that came out to the show TY :@betsnewman #BackToAbnormalTour https://t.co/KFIZZr6y0m"
U1,P9180,44450,"I went from hanging out in my living room, by myself, to hanging with 32,000 people over the last two nights.Thank you London for such an incredible welcome back#BackToAbnormalTour #O2ArenaLondon
: @LantyZhang https://t.co/LyGsiiQcEJ"
U1,P9179,44446,"Excited to chat with my friend @jimmyfallon tonight But, why does he have to use the pic that looks like Im about to introduce a bootleg iPhone  @fallontonight, tonight  #FallonTonight https://t.co/3sZHtbcPD4"
U1,P9178,44445,"Yo JR, Hit up @FalconNW . Easily my favourite gaming rigs. Laptop or desktop. https://t.co/CCsPAJG01T"
U1,P9177,44408,Yo @MicahJohnson3 Im loving @AkuDreams I have chapters 1 amp 2 and cant wait for the next #SpaceHasAlwaysBeenBlack #DreamBigAku  
U1,P9176,44407,NYC Dont miss seeing my buddy @nealbrennans new one-man show Unacceptable. Starting Aug 25th https://t.co/Uivef4dPJV
U1,P9175,44391,"San Francisco, weve added a 2nd show at the @ChaseCenter Dec 10th is completely SOLD OUT #Mindblown  BUT, you can get tickets for the Dec 11th show right now using the code HereWeGo  at https://t.co/OCUM8lq7ua Dont wait, presale ends tomorrow. #BackToAbnormalTour https://t.co/Itc0LdSp3z"
U1,P9174,44391,"Congrats to @TheDailyShow team on 2 Emmy noms TY @TelevisionAcad, always such an incredible honour  #Emmys https://t.co/qu5EZBCMNv"
U1,P9173,44391,When the awards get nominated for awards  Huge congrats to @CBS amp The @RecordingAcad   #Emmys @TelevisionAcad https://t.co/zB5H1L6Yzd
U1,P9172,44366,Wrap up #Juneteenth with @JoshJohnsons special #Hashtag  Next airing tonight at midnight on @ComedyCentral    https://t.co/N5VpLXOrqd
U1,P9171,44365,Tickets to my new tour are on-sale now  Back To Abnormal. World Tour.  https://t.co/L7bDKHUiXq Lets go baby #BackToAbnormalTour https://t.co/rwpbaJd2pt
U1,P9170,44365,The first 20 shows of my new Back To Abnormal World Tour kick-off in the US and East Coast youre up first All East Coast shows are now ON-SALE Others to follow at 10am local. Find your tickets at https://t.co/L7bDKHUiXq #BackToAbnormalTour https://t.co/74z5cDd7xp
U1,P9169,44362,"   UK, Iceland, Ireland, Switzerland, Belgium, Netherlands, Norway, Sweden, Germany, amp Canada dates are already up on my website Will be adding more world to the world tour soon.  Stay tuned.  https://t.co/VvOMGVSuXd"
U1,P9168,44362,@PepsiBarbielovr Indeed 
U1,P9167,44362,Ticketmaster will then send you a link to claim your collectible Pre-sale starts 10am local
U1,P9166,44362,"Im excited to announce my first-ever digital collectible This is a limited-edition collectible that commemorates my upcoming tour. To claim one, all you have to do is go to https://t.co/L7bDKHUiXq amp purchase a pre-sale ticket to any date listed with signup by 9:59pm ET today https://t.co/98vi5jMddr"
U1,P9165,44361,"Im excited to announce my brand new Back To Abnormal World Tour with a special ticket presale going down tomorrow at 10am Signup at https://t.co/L7bDKHUiXq and use the code HereWeGo to get tickets before anyone else Were coming back, baby  #BackToAbnormalTour https://t.co/NVULguQ461"
U1,P9164,44358,This is me loving being back on stage. This is also me dropping a hint to a much bigger announcement about me being back on stage. More info soon. : @mikebryknyc : @thestandnyc https://t.co/YWASDf2HLd
U1,P9163,44345,"When do we give Ngolo Kante the Balon dOr What more does he need to achieve Or is the trophy exclusively for strikers now
#NgoloKante #ChampionsLeagueFinal #MCICHE"
U1,P9162,44335,"When your friend passes you a note that says @thedailyshow just won a @MTV Movie amp TV award amp not 1, not 2, but 13 @thewebbyawards  Is this real life Wow  A sincere THANK YOU to everyone that voted and way to go team Daily Show : @bleachmedia https://t.co/mfhlwTTwFR"
U1,P9161,44331,@jelani9 @mguariglia Ive been waiting years for this book
U1,P9160,44319,Theres no vaccine for crazy   IG: awesomearound : @fatjoe @RealRemyMa https://t.co/oXkj3W6SgW
U1,P9159,44313,"If the eyes are the window to the soul, what are all these other windows to  https://t.co/Jj4Pzpck86"
U1,P9158,44312,Monday morning walking in the door like... : @Thorphotography https://t.co/7REs3bKb8n
U1,P9157,44307,Thank you @ElevatePrize for honouring the @TrevorNoahFdn with the incredible Catalyst Award  https://t.co/rQ86wVopVU
U1,P9156,44303,Watch the full video here: https://t.co/DyaV76U5wn Enjoy  https://t.co/HHAmopq7J1
U1,P9155,44296,Currently sharing The Love of Jesus on my Youtube https://t.co/5EPM8oSyP3 Enjoy https://t.co/tbEzWaNMY1
U1,P9154,44294,Always an honour to show up in someones art. Incredible talent and patience @FallingInSand  : @maskedwolfmusic https://t.co/QL0jwdgwoF
U1,P9153,44294,Just wildlife out here livin that wild life #NaughtyByNature : @Ginuwine   IG: Erinn Payne https://t.co/NaNL5fgvj1
U1,P9152,44289,That time I thought @dpmeyer might end our friendship because Id never had tacos.  Watch how it played out... https://t.co/5ov8QZt1P4 #NothingSaysAmericaLikeTacos #TacoDave https://t.co/JrtIS7vHLn
U1,P9151,44282,@KevOnStage No it was a reverse of time.
U1,P9150,44281,"Wait, wheres the All of the above button https://t.co/utMz1P3sxj"
U1,P9149,44281,"That was for the 38 that believed in us Way to go 
@LisaManley15 @FUTHeda @MattHDGamer   Great game @TedLasso @TheCoachBeard @Gravesen1 @CoryB @thepieface #FIFAFACEOFF https://t.co/zmI6loU1u7"
U1,P9148,44281,.@TedLasso has rigged this poll. I demand a recount. https://t.co/vx13mfUWFJ
U1,P9147,44281,My team supreme @LisaManley15 @FUTheda  https://t.co/gaUV5r5bDn
U1,P9146,44281,.@Castro1021 Youve said @tedlasso amp @TheCoachBeard are your favourite a few times now. Please turn your mic off when saying nice things about the other team. https://t.co/gaUV5r5bDn
U1,P9145,44281,Im going live right NOW with @EAFIFAesports for the Final Episode of #FIFAFACEOFF Lets GOOOO https://t.co/ne1EpLh1ql https://t.co/gaUV5r5bDn
U1,P9144,44281,"@TedLasso Your mind tricks wont work on me, Lasso."
U1,P9143,44281,"Youre going down, Lasso. BELIEVE that. https://t.co/AI8snTujGQ"
U1,P9142,44280,I am surrounded by such an incredible team. Thank you @naacpimageaward for shining a light on them Big congrats to @TheDailyShow on 2 award wins  : @KevinMazur @GettyVIP https://t.co/sZDXXqs0KG
U1,P9141,44279,"Not sure why I am purple in this pic, but I do know that even purple Trevor doesnt mess around when it comes to FIFA competitions. March 26th. Its goin down #FIFAFACEOFF https://t.co/ne1EpLh1ql amp https://t.co/mRFjW7NXoO https://t.co/oHT0j1zb5V"
U1,P9140,44276,Watch the FULL throwback video on my Youtube https://t.co/BeMon4r5qQ https://t.co/NizPu011UM
U1,P9139,44270,Such an honour Thank you.  #GRAMMYs https://t.co/0VmN7mwZgc
U1,P9138,44270,When they write my story... may this picture prove that I was a backup dancer for @iamcardib https://t.co/6xr0TBM16B
U1,P9137,44270,Here We Go #Grammys  @KevinMazur @GettyVIP https://t.co/OJ7U47POLv
U1,P9136,44269,When the song feels like it was written just for tonight  #LightItUpBTS #BTSARMY #GRAMMYs @btsbighit https://t.co/uBnxv9hJBL
U1,P9135,44269,"Just out here in these streets, trying to help my peeps.  Youre welcome. https://t.co/A3dDPGKYdg"
U1,P9134,44269,Tonight. Is. The. Night.  #GRAMMYs https://t.co/NFXuixV4sH
U1,P9133,44269,Tomorrow night. #GRAMMYs on @CBS : @mschwartzphoto Stylist: #JasonBolden https://t.co/CrxAzMSEP4
U1,P9132,44268,"All I hear is... Trevor, put plenty of confetti in your pockets, in case they dont have enough at the show #GRAMMYs https://t.co/uUw7fM9y1P"
U1,P9131,44268,Headed into #GRAMMYs weekend like...   IG: LeuLeuTheBlue https://t.co/ke7DxB9I3n
U1,P9130,44267,2 more days. #GRAMMYs on @CBS  Photo: @mschwartzphoto Stylist: #jasonbolden https://t.co/gI9k1GcwXI
U1,P9129,44267,@jaketapper Dont you mean Puplinks 
U1,P9128,44266,"Next time lets go even bigger @latelateshow, even if it cuts into @JKCordens salary.  https://t.co/MaJOsCZfvc"
U1,P9127,44266,"I am refusing to do any interview from now on that doesnt also include pyrotechnics  @JKCorden, always a great chat my friend. @latelateshow tonight. : @terencepatrick https://t.co/S0gEXdUWep"
U1,P9126,44265,All her guy best friends when they hear you and bae broke up   IG: lifeofxodus https://t.co/W7pS3Ytqqo
U1,P9125,44264,"Now that @Oprah has discombobulated the royal family, I hope shell interview @Activision and ask them why we cant choose to play warzone against console only and avoid hackers on pc. 

And also nerf the aug...

#OprahMeghanHarry #Warzone"
U1,P9124,44262,Uploaded a throwback from Afraid of the Dark in case your neighbour changed their Netflix password.  Watch the full vid here: https://t.co/2vgBy40uKs https://t.co/bBOUdqX4GD
U1,P9123,44260,The one time you tell people youve waited your whole life for the sequel amp actually have been waiting your whole life for the sequel. #NotExaggeratingThisTime #Coming2America https://t.co/61NdxV1LR8
U1,P9122,44260,Always nice chatting with Gayle amp The Tonys https://t.co/uYdlMN9q2M
U1,P9121,44254,"Saturdays are for watching YouTube. And of course, anything else you want to do today. But for right now, can we just agree its for watching YouTube Specifically, this video gt https://t.co/3nDWbZ6ihB   Enjoy https://t.co/oOg0NW9i06"
U1,P9120,44252,"Its Musics biggest night, but lets not downplay that its also mine. Its Musics and Trevors biggest night. March 14th. The @RecordingAcad Grammys on @CBS Whos watching https://t.co/rdxoPTXijd"
U1,P9119,44251,#Winning https://t.co/HCCbbHBRTF
U1,P9118,44247,If they close the hole how would Ted Cruz sneak back into Cancun  https://t.co/ORlwxr0IYG
U1,P9117,44245,NO THAT IS NOT ME IN THE GOOGLE LOGO TODAY STOP CONGRATULATING ME https://t.co/AXiwu2gSfW
U1,P9116,44238,Throwback You can watch the full clip here: https://t.co/IrJwFxtakf Enjoy  https://t.co/eIaXLXFtnF
U1,P9115,44237,"Sometimes, your biggest obstacle is getting started : @bazzi TT: barblataupe https://t.co/JieJIduruB"
U1,P9114,44231,Such an honour to be nominated along with @thedailyshow team for 4 #naacpimageawards   TY https://t.co/DtBwiwLd6G
U1,P9113,44230,"When the top half of my face is freezing in NYC, but the lower half thinks its on vacation in the hot and humid Florida sun  https://t.co/uk34AHsJEc"
U1,P9112,44224,The most powerful word you could ever yell at your siblings  IG: ally7 https://t.co/NI23ENEivv
U1,P9111,44217,Biden admin trying to reverse 4 years on day 1  : @YattaDaKaptain https://t.co/bTWBfnu61y
U1,P9110,44213,We all agree that these lockdowns are horrible and we want them to end now and we can almost all agree that many governments havent handled this pandemic well. But lets not act like this thing is just black and white. 
U1,P9109,44213,If people actually read this article and not just the click bait headline theyll also read that multiple studies have shown that the lockdowns have actually saved millions of lives and also comparing construed responses isnt an accurate measure. https://t.co/oc4FC41Iba
U1,P9108,44205,Congrats @flotus @MelaniaTrump on such a successful campaign #BeBest #TrumpBanned  https://t.co/fc5ZFEAJN0
U1,P9107,44197,How others will describe my 2020. Happy New Year everyone  : @tyga @curtistootrill https://t.co/hvXokXATLG
U1,P9106,44187,"Life hack- If youre gonna watch Tenet, turn on subtitles."
U1,P9105,44187,Dodging those holiday drunk calls from your ex like... IG:  lorenzomassimi https://t.co/rAiMjG7NJE
U1,P9104,44176,We all need more friends like this  #2021SquadGoals : @lifeisaloha https://t.co/xMv6yBo2du
U1,P9103,44175,Congratulations @JohnLegend on being named the 2020 @HighNoteGlobal Prize Recipient on United Nations #HumanRightsDay for seeking to end racial bias in the criminal justice system through your #FREEAMERICA @LetsFreeAmerica campaign. Learn more at: https://t.co/ygrcfLlaQH https://t.co/M3Lv45Gt6e
U1,P9102,44173,"When bae says, all she wants for Christmas is YOU   IG: briaallyse @theashleycooke https://t.co/ONlvqBOAJL"
U1,P9101,44170,"Congrats @gitanjaliarao on being named the first-ever TIME for Kids #KidOfTheYear You have an incredible journey ahead of you, and the whole world is now cheering you on  https://t.co/f5gHruxcha"
U1,P9100,44168,Tomorrow night  #KidOfTheYear https://t.co/5MKBlrLBSB
U1,P9099,44161,Getting up from the dinner table like...  Happy Thanksgiving everyone : @pashatheboss https://t.co/1wvqFFOqgt
U1,P9098,44159,"In a year that most human beings would love to forget, there has been one constant force that has brought us together - Music. Im truly honoured to be hosting The #GRAMMYs, a night celebrating all of our favourite artists whove helped keep us sane while were all stuck indoors https://t.co/rmFuBjWeJk"
U1,P9097,44153,"The worst thing about being on the cover of GQ is they can make you look so good people in real life are like... Damn Trev, what happened
The best part is... SHARING THIS HONOUR WITH GEORGE CLOONEY amp MEGAN THE STALLION Thank you @GQMagazine @ShaniqwaJarvis @mobolajidawodu https://t.co/wuK4naTqB6"
U1,P9096,44151,When you have your first drink after 8 months of no parties. https://t.co/UA0X27QSmz
U1,P9095,44145,When you miss working from the office but then you remember theres always that one person youre not keen to see.   IG: ljkate https://t.co/1L1ZQxZfCn
U1,P9094,44142,https://t.co/EgHDmEnIHo
U1,P9093,44140, https://t.co/B8U8RxkIBq
U1,P9092,44139,Everyone else looking at Pennsylvania like... https://t.co/7cK5aEIdo0
U1,P9091,44137,"Im super excited to team up with @Nickelodeon amp @TimeForKids to host the first-ever Kid of the Year special Showcasing some real life examples of how I couldve done more with my childhood  Saturday, Dec 5th at 8pm EST #KidOfTheYear https://t.co/idKibvZfK8"
U1,P9090,44131,When bae lets you know youre done working for the day https://t.co/hA7OJRUezR
U1,P9089,44125,What our Nigerian brothers and sisters are going through is painful and all too familiar. Today the people of Nigeria are exposing and standing up to their governments lies. We should all support #EndSARS and the movement for a Nigeria free from corruption https://t.co/2QksZJ3151
U1,P9088,44119,Me playing every Tik Tok dance video at half speed determined to learn it  https://t.co/bxPHhfZW51
U1,P9087,44113,Turns out Ill never NOT sing Im A Little Teapot after someone hands me a little tea pot. #CantStopWontStop #HereIsMyHandle #HereIsMySpout https://t.co/a3EyRsHVaQ
U1,P9086,44108,Throwing it back You can watch the full video here --gt  https://t.co/rdKGz3wAWx Enjoy  https://t.co/dZmVOAGII2
U1,P9085,44103,Yesterday marked 5 years of hosting @thedailyshow. Beyond grateful to everyone whos been with me on this ride  https://t.co/7RhTzoaC7y
U1,P9084,44090,Thank you for the great write-up @WSJmag  @bystodghill  @gionvalentine https://t.co/CcjkX6dLos
U1,P9083,44085,"Remind me Senator are balls the things you had when Trump destroyed you, insulted your wifes face, said your dad killed JFK,  hijacked your party and all you did was kiss his ass  https://t.co/sGB8i9sduQ"
U1,P9082,44085,"Offended 
You guys are such losers. https://t.co/R3S1r1KO0J"
U1,P9081,44079,So many people tell me they can see themselves when they look at me. Its so beautiful to know how I can affect peoples hearts. Thank you https://t.co/Lb5EPzbdU5
U1,P9080,44079,@tressiemcphd Very very true. There are fine people on both sides.
U1,P9079,44079,Its because he was teaching me how to play Valorant. My bad https://t.co/R0qpaIa8Oc
U1,P9078,44078,@tressiemcphd Its crazy that they censor their curse words but not their racism 
U1,P9077,44078,Why is anyone playing with Bats during this time https://t.co/GzXS2KDxk6
U1,P9076,44076,"When you just doing you, and a NEW season of the Trevor Noah podcast drops out of nowhere Out today Listen at https://t.co/qxZ9Qj3Dsy : TT lizjsm https://t.co/YJi78uX5Za"
U1,P9075,44074,That new route you take to work after realizing you left the house without your mask  IG: Sisasolymosyova https://t.co/mp9chk9s7b
U1,P9074,44072,Yes this was our king. Not because we served him or because he ruled. But because of how he served us in everything he did. He played a hero on screen and lived like one in real life. He made so many of us proud of who we are. Hamba kahle Chadwick...Sizoku bona phambili. https://t.co/60v9Pz9lym
U1,P9073,44069,Preach Sarah Immigrants never get the credit that they deserve https://t.co/dBLDYj5ewu
U1,P9072,44069,"Now this is what Im talking about Time to celebrate my fellow immigrant Melania. 

#ImmigrationNation #RNC2020"
U1,P9071,44069,@BarryMphotogra1 @TheDailyShow Actually Barry I said the opposite.  https://t.co/27t8Wlm1q4
U1,P9070,44069,"The ultimate irony is that the @GOPconvention used me in that video about the media vilifying a kid, when in fact I was one of the people who said people shouldnt rush to vilify the kid @N1ckSandmann. 

Heres the full clip if you care.  https://t.co/27t8Wlm1q4"
U1,P9069,44064,That moment when students in the South learn that everything gets hot sauce We need more teachers like Mrs. Evans amp Mrs. Williams : OverstreetMedia https://t.co/hkGiem879m
U1,P9068,44060,When your grandma and her friends Tik Tok game is way more  than yours  : @WesthillPark https://t.co/qIOJ1G3u0F
U1,P9067,44057,New throwback uploaded on my YouTube  Click to watch the FULL clip here: https://t.co/LKUZRNwiVo https://t.co/tUMGyJkeBq
U1,P9066,44055,"When you post that working from home pic on social so your boss sees it, right before switching the tv back to video games  https://t.co/WK02gkJb2O"
U1,P9065,44050,The internet is savage  How dare yall do sweet @dualipa like this https://t.co/wGPKu4IL5E
U1,P9064,44049,A new throwback clip is up on my Youtube  Watch the full video here: https://t.co/1PaLxIHpJN https://t.co/gMYfmrmcGf
U1,P9063,44049,Tomorrow 10am EST Click here to subscribe and set reminder. https://t.co/1PaLxIHpJN https://t.co/WodBEo8Qxg
U1,P9062,44046,This falls under... Things I wish I could do but would break every bone in my body : @melissanism out there killin it  https://t.co/YEFWXaNbxu
U1,P9061,44043,#SayHerName Breonna Taylor https://t.co/LvRKAEHwdo
U1,P9060,44042,"So great Every time someone hits a golf ball into this guys yard, he goes and lays next to it until they arrive.  : @thesheyshey https://t.co/OnQnQtu0QK"
U1,P9059,44041,"Just taking a quick moment to brag about a friend. The friend that convinced me to come tour America, let me sleep on his couch, and forced me to try tacos. 
This friend not only directed my standup specials, but https://t.co/yjSc5nw4vK"
U1,P9058,44040,Tired and scruffy but blessed and fulfilled. Truly incredible to see @thedailyshow team nominated for 6 Emmys this year Is this even real life Thank you @TelevisionAcad for the honour  https://t.co/b6WnZRqZTe
U1,P9057,44036,"Wait, how is the person filming this so calm  No calling the Police Almost just a quiet comfort knowing any explosion is only gonna take out everyone elses car except theirs, cause they parked on the other side of the parking lot kinda calm  : @mackafool https://t.co/OBfHw6qsHs"
U1,P9056,44034,That halfway through the week mood.  on : @FakeishaL https://t.co/3Q3zJ5kgyw
U1,P9055,44030,Oh my God  Trepanoah What an adorable little soul. https://t.co/7iZCkKAOU3
U1,P9054,44025,Actual video footage of me starting off the week https://t.co/2pt2yh47ry
U1,P9053,44019,When white people take being an ally too far.  https://t.co/65vOEAYx7G
U1,P9052,44008,"There are people fighting to walk around a supermarket without a mask because they think its their right. 

Then there are people screaming at someone whos sitting alone in an empty park, for not wearing their mask.

 Why is common sense so uncommon"
U1,P9051,44007,@kimlatricejones @DEADLINE 
U1,P9050,44004, @GaryChambersJr https://t.co/zWELpE0JO7
U1,P9049,43990,@MatthewACherry @kimlatricejones @ClaribelOrtega @TheDailyShow Definitely @kimlatricejones Id love to have you as my guest.
U1,P9048,43988,This   IG: kimberlylatricejones amp djonesmedia https://t.co/l8zX4CULEg
U1,P9047,43981,Weve seen this in South Africa before. Beware of agitators and instigators who use legitimate protests to ignite chaos between protestors and police.
U1,P9046,43981,#JusticeForGeorgeFloyd https://t.co/6zToUBHfzv
U1,P9045,43978,I would never use a video of a cute baby to promote a new episode of my podcast. It just happened to get uploaded at the same time as a new episode of my podcast. So enjoy this video and then click https://t.co/K5HpyxqSv3 for a new episode of the podcast : @samsonthedood https://t.co/IsPtztk7xl
U1,P9044,43978,Congratulations to everyone who put this show together. It was an honour to be a part of it https://t.co/dx9X4ktk8M
U1,P9043,43978,It happened  https://t.co/oD1GLWNhO2 https://t.co/mqyxQiULP4
U1,P9042,43974,Im so honoured to be producing a movie about this amazing young man and his familys extraordinary journey and I cant wait for everyone to share in it. How a homeless refugee became a 9-year-old benevolent chess champion https://t.co/DbKcvaEPCx
U1,P9041,43973,"I love how he always stands, like hes trying to do the Michael Jackson lean.  https://t.co/i6LMeoKTYp"
U1,P9040,43971,How Im celebrating today Thank you to @thedailyshow amp @hearluminary teams for all the hard work 7 Webbys Wow  : ForbesGang https://t.co/RVfkaes7Yn
U1,P9039,43970,Team @hearluminary for the win Thank you for the honour @thewebbyawards  https://t.co/7Q4lLi05d0
U1,P9038,43968,@Sikhululekile @EASPORTS @BundesligaEN @premierleague 
U1,P9037,43968,Going to the supermarket during Corona is like playing Pac-Man in real life. https://t.co/iZinZNELrk
U1,P9036,43968,"Instead of just having no fans. Sports leagues should use the sounds of crowds from @EASPORTS. We dont need to see the fans but hearing them makes the game

Cc @BundesligaEN @premierleague"
U1,P9035,43966,@ZachAbolverdi Crash bandicoot 
U1,P9034,43957,"When your friend asks you to trust him, then this happens. You can 100 trust Id be looking for new friends.  Insta: henrrygreen https://t.co/sPXcFNgEcp"
U1,P9033,43956,@GeeDee215  now you made me wanna watch this movie.
U1,P9032,43956,"I wont judge you if you double dip a chip today. But... I might judge you if you dont #CincUp with me to salute and support first responders. Post a personal thank you using #CincUp amp for every public post, @ModeloUSA will donate 1 up to 500K to #FirstRespondersFirst. #ad https://t.co/2BtOwOWGlS"
U1,P9031,43953,Thank you to everyone that took the time to nominate so many incredible teachers Here are the 50 that have new Surface laptops coming their way  Enjoy https://t.co/ilQ1XHEiMt
U1,P9030,43953,"That time you were in route to the gym, but ended up at the club  Insta: solworld https://t.co/ytVqgVUffm"
U1,P9029,43952,@jaboukie 
U1,P9028,43952,"On Cinco de Mayo, you can help create a national salute to first responders from your couch Post your thank you using #CincUp. For every public post using #CincUp, @ModeloUSA will donate 1 up to 500K to #FirstRespondersFirst to help get PPE to medical teams. #21AndOver #Ad https://t.co/i7LBQPvi3A"
U1,P9027,43950,@noelperez53 Your mother sounds like an incredible person and teacher Tell her that she has a new laptop coming. Please DM @lancepatrick your info and I will get it out to her 
U1,P9026,43950,"@BenSchwartz24 Thanks for nominating @AsiahBerry15 Ive got a surface laptop with her name on it Asiah, please DM @lancepatrick info and I will get it out asap "
U1,P9025,43950,@ValeriaBrownEdu Lets get this @PBrownEdu you speak of a new laptop Appreciate everything you do. Please DM @lancepatrick for next steps. 
U1,P9024,43950,@HeyyRB Ive got a surface laptop with your name on it Hope it makes teaching a little easier for you Please DM @lancepatrick to get next steps and Ill get it out to you asap 
U1,P9023,43950,Wow. Incredible story @FelizardoVarela Keep going Ive got a Surface laptop for you and one for @pmunsterman  Please DM my guy @lancepatrick address info and Ill get them in the mail soon.  https://t.co/XakKoQWPlt
U1,P9022,43949,"UPDATE  Announced a few surface laptop winners in my Insta/FB story but have 450,000 comments between socials so it might take a little longer than expected.  Will keep going through and pick more teachers and announce all the winners soon via reply amp post  https://t.co/lzqRT4JdnI"
U1,P9021,43948,"TEACHERS who are forced to do all your work online Ive got 50 more Surface Laptops to give away to any educators who need a new device. Please tag your favourite teachers and Ill pick 50 at random. PS- Teachers, youre allowed to be your own favourite and tag yourself  https://t.co/CRnNvxUL3Y"
U1,P9020,43946,Im not trying to grow a beard. I was just being sarcastic.  https://t.co/VdiB6E7IBu
U1,P9019,43943,Full episode is up at https://t.co/1NmUB60eAE w/ @davidkibuuka https://t.co/RDkXJAM4uo
U1,P9018,43943,"@yashar Yeah, and I think its because a lot of people thought social distance just means to stay away from strangers/public but still hang out with family and friends. Quarantine, everyone understands."
U1,P9017,43942,"Its not late to the game, if you werent born yet  That reaction at the end is everything   Insta: rachaelmarieeeeee https://t.co/0tNlRtKvRF"
U1,P9016,43938,This made me laugh so hard- do the eee ooo https://t.co/LotOBZlWkX
U1,P9015,43938, https://t.co/lvsU1Dxvk5
U1,P9014,43936,@emarvelous @JoeBiden Third times a charm. 
U1,P9013,43935,Wow Im honoured youd spend your time and talent drawing me without my current quarantine hair. Incredible work @ShanfieldM https://t.co/FNIQcb6a4R
U1,P9012,43931, this scared me way more than it should have. https://t.co/Akt2hEk0XI
U1,P9011,43931,Thank you for the work youre doing. Hopefully we can get as many governors as possible to help those in danger.  https://t.co/SIUYDomG2Y
U1,P9010,43929,This Tweet from @Trevornoah has been withheld in response to a report from the copyright holder. Learn more.
U1,P9009,43925,Dear @NYCMayor is there a reason emergency vehicles are still using their sirens It feels like with no cars on the road they might not need it and it might just exacerbated peoples anxiety in the city if thats all they hear. 
U1,P9008,43925, https://t.co/X9EeSPri3U
U1,P9007,43925,Where in this entire interview do you hear either of us saying a vaccine will be tested in Africa Are you confusing us with those French doctors or are you just trying to get retweets https://t.co/eeqEIZWVPx
U1,P9006,43925,Yes youre right there was a great president.  https://t.co/38JIzPagvQ
U1,P9005,43922,New video launching on my Youtube tomorrow at 10am EST. Go Subscribe amp Set Reminder now Or.... just go sit and wait under the video for 24 hours Either way I hope you tune in https://t.co/B37dcEAae5
U1,P9004,43920,Anytime is tea time https://t.co/r5Q2ZNqNjU
U1,P9003,43916, : FB Cara Skinner https://t.co/W7CFlahaHW
U1,P9002,43911,Corona virus is the ultimate relationship boot camp.
U1,P9001,43910,New rules while in a public restroom   Full episode at https://t.co/1NmUB60eAE https://t.co/Ck71O2eZFt
U1,P9000,43909, https://t.co/nkHKtgLLND
U1,P8999,43909,Welcome to The Daily Social Distancing Show https://t.co/lg6O4FDT0e
U1,P8998,43908,When the gym is closed  : FB Peter Schmeiser https://t.co/keMkNe5NPF
U1,P8997,43907,Believe Cardi ME Dave amp I talk about how real its getting in this weeks podcast. Its up now. Give it a listen https://t.co/MpaGun5LI7 Deepfake : @mystergiraffe https://t.co/2fItUthrYo
U1,P8996,43907,Nothing can break the human spirit. Except that guy. That kinda hurt. Will try again tomorrow. #AwholeNewSong https://t.co/KNtvadzXDw
U1,P8995,43906,@jaboukie 
U1,P8994,43905, https://t.co/akvqlGupB6
U1,P8993,43903,https://t.co/Vgv6hw2pJO
U1,P8992,43903,"Thank you for informing everyone and being amazing. 
Get well soon https://t.co/QbFpRQOQu6"
U1,P8991,43899,Back in the swing of things Happy Monday everyone : @ruminasean https://t.co/YvJjV6MPT6
U1,P8990,43895,Here we go Season 2 baby. The first episode of my podcast is up. Visit https://t.co/Ykg8yZ9iAb to listen Also now available in SA https://t.co/JJtAw5ino2
U1,P8989,43894,I love Klopp https://t.co/amJas5Hd4c
U1,P8988,43892,Mondays be like... : Somirabel/ TikTok https://t.co/buqdHRwOsN
U1,P8987,43890,"Thank you to everyone that came to the show last night in Westbury, NY You were incredible #LoudAndClearTour : @dpmeyer https://t.co/Xk9CLhJCU5"
U1,P8986,43887,Halfway to the weekend. @postmalone  TikTok: GrayAcres https://t.co/U7hkfGhBu4
U1,P8985,43883,"Incredible night last night Thank you to everyone that came out in Salt Lake City #LoudAndClearTour See you tonight Aspen, CO https://t.co/26CtsVt97K"
U1,P8984,43881,Thank you Ellen. See you on Monday  https://t.co/g4noplJt5x
U1,P8983,43878,Heading back into the work week like... : @austinkeen47 https://t.co/UqhHRFq537
U1,P8982,43877,"Albany, NY Thank you to everyone that came to the show last night  Cant wait to come back #LoudAndClearTour https://t.co/BLiS8hCjXi"
U1,P8981,43877,@Travon This article was incorrect.
U1,P8980,43876,"Thank you for spending your Valentines Day with me Charlottesville, VA I definitely felt the love  #LoudAndClearTour Next stop Albany, NY https://t.co/C4zvAcwrq3"
U1,P8979,43875,"Remember that real romance is not only about gifts, its about finding someone who makes you want to find yourself.  https://t.co/qddHJ37vR0"
U1,P8978,43869,@jbouie Isnt that why he does well Most people dont understand policy but they understand feelings. Tv debates with no fact checking are a perfect platform for this.
U1,P8977,43868,Theyre not ready. #MatchInAfrica @rogerfederer @RafaelNadal @BillGates https://t.co/WyvAfyZnNV
U1,P8976,43868,Calm before the storm. #MatchInAfrica @rogerfederer @RafaelNadal @BillGates https://t.co/2sJKSHSMJS
U1,P8975,43867,Its. About. To... Go down @rogerfederer @billgates @RafaelNadal #MatchInAfrica https://t.co/sSFnBzLE1y
U1,P8974,43867,Lets go  @rogerfederer @RafaelNadal @BillGates #MatchInAfrica https://t.co/8je1vCTt6j
U1,P8973,43866,Didnt expect that ending : @doodlermob https://t.co/BjQuiMXfjo
U1,P8972,43866,"Last chance to win a trip to The Daily Show set, go behind the scenes, amp be interviewed by me after the show Every donation supports my foundations initiative Education Changemakers ENTER HERE: https://t.co/kvs4tNUtkh https://t.co/wZYLKUZosp"
U1,P8971,43860,One more day till the weekend : IG joeliartaz https://t.co/mXT2LstQ3Y
U1,P8970,43859,"Hey @RogerFederer, you amp @billgates want to play doubles against me amp @RafaelNadal Okay. We accept your challenge, but be prepared for the crowd in SA to be on our side See you Feb 7 in Cape Town Masihambe??#MatchInAfrica"
U1,P8969,43858,Incredible night surrounded by incredible talent.#AboutLastNight #Grammys Tux: Giorgio Armani - Photo: @richfury?@GettyImages https://t.co/cMDXgCSKvY
U1,P8968,43856,Jesus this is heartbreaking.
U1,P8967,43854,Haters will swipe left claiming photoshopped. #DollyChallenge https://t.co/cdy5jIPc7L
U1,P8966,43853,"Wow Just hit 2 Million subscribers on YouTube Thank you to anyone whos ever watched, shared, or subscribed  https://t.co/TSgzaix43h https://t.co/5JKcHc2RZ5"
U1,P8965,43851,He saw his life flash before his eyes.  : FB Justin Rockett https://t.co/X11xgieQVk
U1,P8964,43850,@Castro1021 That was an emotional rollercoaster. 
U1,P8963,43849,"Thank you for an incredible night Hollywood , FL #LoudAndClearTour Next stops... Charlottesville, VA - Albany, NY amp Salt Lake City, UT  https://t.co/JDrJKNBCmu"
U1,P8962,43847,When you just wanted a happy meal  : @complex https://t.co/LwHQW76p2D
U1,P8961,43845,"Dont miss your shot to be interviewed by me on the set of The Daily Show People around the world can enteryes, even you President Trump. Support my foundation and ENTER to win: https://t.co/7RFjuAvL7t https://t.co/1qfjmCRqSD"
U1,P8960,43842,Honoured to have @TheDailyShow nominated for 3 @NAACP Image Awards this year May everyone were up against at least win 2nd place  #naacpimageawards https://t.co/pKvRgWJZH6
U1,P8959,43841,"Thank you to everyone that came out to the show in Buffalo, NY last night.  Such an amazing way to start the 2020 #LoudAndClearTour Next stop... Syracuse https://t.co/IbACW61W0C"
U1,P8958,43840,Me at the end of the work week...  Insta: samburkebalsom https://t.co/j6u8Gm52L6
U1,P8957,43830,Top 9 of 2019 Here are some of my favorite moments of the year Thank you to everyone that was a part of it Happy New Year  https://t.co/RTfpeUWjyp
U1,P8956,43825,You try keep your train of thought when Michael B Jordan looks at you like this : Juan Ocampo https://t.co/soVf37nvUM
U1,P8955,43824, : Insta KingSwerve https://t.co/IG4fEcJWbp
U1,P8954,43824,Have a safe and happy holiday  : #EggnogTheBulldog https://t.co/CDD3PSY1c7
U1,P8953,43822,Days off... https://t.co/S3rLi9nb6s
U1,P8952,43819,When you try to sit down for a normal dinner after you and bae just had an argument  Insta: InstaPaws https://t.co/xw66Xc7A6u
U1,P8951,43816,"The @TrevorNoahFdn has partnered with the Young African Leaders Initiative to launch Education Changemakers. When you support their work through @omaze, youll be entered to be interviewed by me on The Daily Show set ENTER: https://t.co/1LPSl5Jq3a https://t.co/21nNfDNkVU"
U1,P8950,43814,"Such a great way to wrap up the 2019 leg of the #LoudAndClearTour Thank you Portland, OR  : @betsnewman https://t.co/NqK7H9FFCn"
U1,P8949,43813,I had such an amazing time last night Tacoma Thank you to everyone that came out to the show #LoudAndClearTour : @betsnewman https://t.co/7dGPNl4ZfR
U1,P8948,43812,See you tonight Tacoma Dome  #LoudAndClearTour https://t.co/ubIGTIH8SV
U1,P8947,43811,Watch the FULL video here gt https://t.co/KxlUltdNhM  #Throwback https://t.co/Fs25uQMysO
U1,P8946,43810,"Excited to finish out the last 2 shows of 2019 this weekend in Tacoma, WA amp Portland, OR The 2019 leg of the?#LoudAndClearTour has been wild Thanks to everyone who has come out to a show?15 countries locked in so far for 2020. Lets go?:?@BetsNewman https://t.co/YfovIrOKzi"
U1,P8945,43809,"Canada, Im coming back baby  Get the best seats during the ticket pre-sale that starts... NOW Find tickets here gt https://t.co/L7bDKHUiXq https://t.co/aGVPZVkhLa"
U1,P8944,43809,@metcalfehines Yes Jim. I dont think kids need to learn to write in cursive. Thats what I said. I said nothing about handwriting in general.
U1,P8943,43808,What a way to start off the week Thank you @criticschoice for this incredible honour.  https://t.co/peQQdPGCbu
U1,P8942,43808,Halala Mzansi https://t.co/0G5Tb0zCPr
U1,P8941,43808,Congratulations @zozitunzi on representing SA and yourself in a truly regal manner. So so so proud. #MissUniverse2019 #SouthAfrica #Mzansi
U1,P8940,43808,South Africa is miss Universe
U1,P8939,43807,SF you showed up last night Honoured to be the 1st comedian to perform and sell out the @ChaseCenter. Wow Thank you everyone that came out to the show.  #LoudAndClearTour : @betsnewman https://t.co/L2FnWtmXNu
U1,P8938,43806,"LA, last night was insane Thank you to everyone that came and packed out the @staplescenterla LA was the first place I moved to in America and man did you make it feel great to be back  #LoudAndClearTour : @marklashark https://t.co/ORwWVmT4OR"
U1,P8937,43805,See you tonight Los Angeles https://t.co/Hskd2mxbHE
U1,P8936,43805,The room where it happens https://t.co/2oaNbf0Cxe
U1,P8935,43805, https://t.co/71QU7mgvRM
U1,P8934,43805,Love this  https://t.co/FIeDDu3iee
U1,P8933,43804,"Ive teamed up with @omaze again to give you the chance to join The Daily Show writers room for a day, score VIP tickets to a taping and be interviewed by yours truly after the show. Support my foundation and ENTER: https://t.co/JAda8R1stl https://t.co/3CaqqKhg59"
U1,P8932,43801,Wow 1.3 million subscribers so far this year. Thank you to everyone who has watched or shared  https://t.co/53Mu9AHsoP  https://t.co/u9jFwwtsBd
U1,P8931,43799,When you squeeze your nephews tummy after thanksgiving dinner...   Insta: woodlandcravings https://t.co/JqLPtgukCu
U1,P8930,43799,So 47 percent think a dead man could do better https://t.co/ld8o7MK6ve
U1,P8929,43797,Tomorrow is the day youve been training a whole year for Youve got this  #BlackFriday #BeSafeOutThere #BuyMeSomethingNice : @MikeRuga https://t.co/9ILTpCzIWe
U1,P8928,43795,Celebrating my upcoming show at the @StaplesCenter LA with a throwback to my first time on @theellenshow Find tickets to my Dec 6th @StaplesCenter show here: https://t.co/gNDTVc8j0h : @ChrisUme https://t.co/qNjuHLEmCq
U1,P8927,43795,When I look back on my favorite moments the smiles will without a doubt be from the friends that were there at each milestone along the way. Throwback to me and my dear friend @lupitanyongo backstage at my MSG show. https://t.co/bZ59J3b9zM
U1,P8926,43794,Thank you to everyone that came out to the show last night in Oklahoma Such an incredible night #LoudAndClearTour https://t.co/cdfVzX7pMC
U1,P8925,43794,Big congrats to the Soweto Comedy Festival on celebrating 10 years  #WhereIgotStarted https://t.co/hTaRReqpI9
U1,P8924,43793,Thank you to everyone that came out to the shows last night in Tucson Cant wait to come back. #LoudAndClearTour out and on to Oklahoma  https://t.co/25gQyOrRFK
U1,P8923,43792,"Phoenix, AZ you were  Thank you so much to everyone that came out the Talking Stick Arena last night  #LoudAndClearTour next stops.... Tucson, AZ - Thackerville, OK - Los Angeles, CA   : @betsnewman https://t.co/D8ylGkm57i"
U1,P8922,43791,"Excited for the weekend of shows See you soon Phoenix, Tucson, amp Thackerville, OK #LoudAndClearTour"
U1,P8921,43790,@theblackwendy  thank you Wendy
U1,P8920,43789,"Today I woke up to the news that Ive been nominated for a Grammy Award Im so grateful.
  https://t.co/8KeW5Bbmud"
U1,P8919,43787,Headed into Monday like its still a Kanye Sunday  : @woozuu https://t.co/s6t46eZg0h
U1,P8918,43784,My current vibe headed into the weekend  : @jeschastain https://t.co/H3zvOc49iR
U1,P8917,43782,We will struggle together but we will also win together : @cesarmillan https://t.co/Na9hnjhzJq
U1,P8916,43780,Me trying to get back into the swing of things on a Monday  insta: LiveRichMedia https://t.co/8SoRJYcE2m
U1,P8915,43779,Rumor has it that @KrigerEsther is a big fan of @TheDailyShow so heres a little message to send some  and say thank you
U1,P8914,43779,"Whats amazing about Andy Robertson is that he works so hard in every game and then he still has to go home and train his dragon 

#LIVMCI #YNWA"
U1,P8913,43778,Last night was incredible Thank you to everyone that packed out  @thegarden and made it such a memorable night  I didnt want it to end. : @marklashark #LoudAndClearWorldTour https://t.co/kub9J4v1a1
U1,P8912,43777,Europe Tickets for my #LoudAndClearWorldTour are on-sale now You can find them at https://t.co/EHA5rstANl  https://t.co/IStnC2pp6m
U1,P8911,43777,A little throwback for your Thursday You can watch the full video here gt https://t.co/SFFFLbHYEs https://t.co/zwyTN8Z0hM
U1,P8910,43776,Nights like these make every day of hard work worth it. Such a great night at the @wsj innovator awards. https://t.co/xoGSHA8q9r
U1,P8909,43774,@caraheisner @TheDailyShow Thats horrible. Hopefully youll make it to another show Let me know if you can and well get it sorted out.
U1,P8908,43773,Im excited to announce my new 2020 tour dates Weve added 12 additional countries to the list  Find ticket info on my website https://t.co/L7bDKHUiXq #LoudAndClearWorldTour  Tickets on-sale Friday with a special pre-sale this Wednesday. Hope to see you at one of the shows https://t.co/JstaFYZcp4
U1,P8907,43772,"Austin, TX Your energy was electric  Thank you  #LoudAndClearTour https://t.co/fEjsekKopd"
U1,P8906,43772,Thank you for being so hospitable today and Im glad my tips helped Daniel in qualifying https://t.co/a99y5jzMDg
U1,P8905,43772,Thanks again for having me guys. Remember if you need a backup driver my offer still stands https://t.co/Fx0v4cI2vt
U1,P8904,43771,"To say were proud would be an understatement. Congrats to a team that many wrote off just a year ago. Our captain took criticism from all sides but today, the Springboks are back on top of the world. Well done Bokke. You have made us all proud. #rugbyworldcup2019 #southafrica https://t.co/ETHS1w4b2T"
U1,P8903,43769,Its good to look in the mirror and ask yourself who you are and who you want to be. Then also check if you have something in your teeth because other people wont tell you and get embarrassed for you which is weird because their inaction causes you to be embarrassed more. https://t.co/Py2vKO9433
U1,P8902,43768,You and bae heading to bed after a heavy meal.  @cesarmillan https://t.co/9bPXXKb49u
U1,P8901,43766,"Abu Dhabi I had such an amazing weekend. Thank you to everyone that came out to the shows  #LoudAndClearTour see this weekend Austin, TX https://t.co/e68VuHz2oN"
U1,P8900,43763,"SoCal On Dec 6th Im bringing my #LoudAndClearTour to the Staples Center Invite 13,000 of your closest friends and lets share some laughs.  Find tickets here gt https://t.co/rdAVfKfa8o : @woozuumedia @vitalyzdtv https://t.co/tNuALGrjZ1"
U1,P8899,43762,Go watch amp share this extended clip from my Son Of Patricia special before @netflix makes me delete it from my YouTube  -gt https://t.co/9nSK3mUhYb Watch the special in its entirety on Netflix #SonOfPatricia #Netflix https://t.co/nUjZ4hYSvt
U1,P8898,43761,Always a great time visiting with @cthagod amp @angelayee  You can watch the full conversation on the @breakfastclubams YouTube gt https://t.co/iY52GZ8Drp https://t.co/BGKWsh5Pm3
U1,P8897,43761,Such an honour. Thank you  https://t.co/wKVwtH7V5D
U1,P8896,43760,"Last night it was truly an honour to present the HSA Visionary Lineage Award to Dorothy and Lupita 
Nyongo. And Im not saying Im @LupitaNyongos best friend in the whole world but they didnt pick anyone else to hand over the awards so.... https://t.co/LBhQrAVlKV"
U1,P8895,43758, https://t.co/FmUX13ydFA
U1,P8894,43756,I had a dream I made my Staples Center show entrance exactly like this So if youre coming to my Dec 6th show please line up outside the main entrance day of show and stay in your widest stance until you hear otherwise.  Show info at https://t.co/L7bDKHUiXq  https://t.co/s9io1O49ZV
U1,P8893,43756,The best selfies are the ones where you act like you didnt take the picture of yourself.  https://t.co/gEOgUWfiEy
U1,P8892,43756,Rocking the purple tonight to stand in solidarity against LGBTQ bullying #SpiritDay https://t.co/NvGEawrOlR
U1,P8891,43755,"Throwback to anyone who hasnt seen it, but mostly for my dude @joelembiid to rewatch  Watch the full video here gt https://t.co/rIkPKVZ16Z https://t.co/N6GhgMp5pR"
U1,P8890,43751,Thank you for spending your Saturday night with me Northern Illinois University  #LoudAndClearTour https://t.co/GlizJucKSQ
U1,P8889,43750,Thank you to everyone that came out to the shows tonight  Indiana University I appreciate all the love and laughter. #LoudAndClearTour https://t.co/YuyHX7jMp8
U1,P8888,43749,Walking away from the ATM after you see that payday direct deposit hit your account  : Lacoste GR https://t.co/pt4n5rFExn
U1,P8887,43748,New throwback clip is up on my YouTube in case you out here in these feeds just tryin to get yo giggle on Watch the FULL vid here gt https://t.co/NcxQXxoD0v #ThrowbackThursday https://t.co/voDbR0pTcm
U1,P8886,43747,"Just added a 2nd show in Tucson, AZ You can find tix at https://t.co/a2IGk6MzLD using code IsThisThingOn  #LoudAndClearTour https://t.co/VQmevDsngl"
U1,P8885,43745,"NYC, if youre coming to my Nov 8th show at @thegarden... please, leave your MF-in snakes  on the MF-in train  Find tix at https://t.co/ENkTzstDuM  https://t.co/SMtw5Ena2E"
U1,P8884,43743,"Laws amp policies should work for everyone, regardless of race or where they come from. Inspired by the work of @shrivercenter - an organization advancing economic amp racial justice through litigation, policy advocacy, amp trainings. Follow their work amp get involved #ForJustice https://t.co/dbLGFrn4ur"
U1,P8883,43742,That Someone just reminded you its Friday kinda smile To everyone reading this... have an amazing weekend  : @dpmeyer https://t.co/QcNegk9m3m
U1,P8882,43741,Its. About. To. Go. Down https://t.co/WdqFPJVJAb https://t.co/2vIH0KNkWD
U1,P8881,43741,New upload on the YouTube You can watch the full clip here?https://t.co/OpVo8EaYbp A big THANK YOU to all the new subscribers  https://t.co/q0KDF3Rhhe
U1,P8880,43740,"From this angle Madison Square Garden doesnt look very umm square. #MindBlown NYC, Nov 8th meet me at the big circle we call square. You can find tickets on my website. https://t.co/L7bDKHUiXq Whos coming #LoudAndClearTour #NYComedyFest #MakeNYLaugh https://t.co/239jsqrovH"
U1,P8879,43737,"Orlando, last night was insane Your energy blew the roof off that arena Thank you to everyone that came out  #LoudAndClearTour https://t.co/Bojxxl2GiT"
U1,P8878,43734,The worlds biggest problems are not insurmountable. Check out tonights episode of #ACTIVATE on @NatGeoChannel to see how my friends @GlblCtzn are working to end extreme poverty. You can also watch online at https://t.co/wrSm0V59Uy https://t.co/FhjueHiPiX
U1,P8877,43734,Throwback.  Watch the full video here gt https://t.co/6k9nGpNayM  https://t.co/lAhQmMuDPd
U1,P8876,43731,That just passed 10 million followers danceAppreciate all the love  : @bleachmedia https://t.co/ICtkXz5pKE
U1,P8875,43727,New throwback clip is up on my Youtube  You can watch the FULL 15 min video here gt https://t.co/5vIon93Q9J Enjoy  https://t.co/h34x57cvrY
U1,P8874,43723,"Wow Charlotte, you packed that arena out Thank you for all the love, laughter, and a night I wont soon forget  #LoudAndClearTour https://t.co/HBcFMcIIxT"
U1,P8873,43722,"Thank you Columbus, for an incredible night  Cant wait to come back #LoudAndClearTour https://t.co/SvIXOzftpI"
U1,P8872,43721,Excited for a weekend of shows See you tonight Columbus  #LoudAndClearTour #ColumbusOH #CharlotteNC https://t.co/iIjWVDLMSc
U1,P8871,43720,Yeah I said it. Im my grandmothers favorite. https://t.co/917XBNek9O
U1,P8870,43720,"New upload on the YouTube Watch the full clip here  https://t.co/sEDVx5cwXO If you enjoy it, share it with your friends If you dont like it, share it with your enemies... just to torture them  https://t.co/49PYRFaXTF"
U1,P8869,43717,I dont always agree with Julius Malema but this statement on Xenophobic attacks in SA is perfect. https://t.co/VDIYViwpqi
U1,P8868,43713,A little throwback for you Watch the FULL clip here gt https://t.co/NTMpHid2wi  #ThrowbackThursday https://t.co/lmLuAq6o42
U1,P8867,43711,Trying to get back into the swing of things after the long weekend https://t.co/fCS40J01ZA
U1,P8866,43710,"Thank you to everyone that came to the show in Atlantic City  Cant wait to come back #LoudAndClearTour See you soon... Columbus, OH  https://t.co/DrmTsR12u3"
U1,P8865,43706,"If you havent seen it, the FULL clip is now up on my Youtube gt https://t.co/LyYJnNJpQL   Share if you care  #ThrowbackThursday https://t.co/WIiYnuOdNN"
U1,P8864,43697,Singapore Thank you to everyone that came to the shows Such an amazing night. #LoudAndClearTour https://t.co/y0z7rxvLZf
U1,P8863,43692,"Dont do it Donald, #DontDeportMelania https://t.co/dRoT5imqVw"
U1,P8862,43691,"My highlight of the week was walking through the Dominican parade and one guy shouting Omg I knew it, Trevor Noah is Dominican  https://t.co/qiKlX70daJ"
U1,P8861,43689,When life closes a door.... grab a drill and pop that T off the hinges  #TrevorsMondayMotivation : @ruminasean https://t.co/q03dOAfmtq
U1,P8860,43687,New Hampshire Your energy was electric Thank you to everyone who came out to the show #LoudAndClearTour https://t.co/EsGg28SpGJ
U1,P8859,43686,"Headed into the weekend like...  

See you tonight Hampton, NH #LoudAndClearTour https://t.co/E3eKy5X01O"
U1,P8858,43685,"We now live in a constant state of terror.
https://t.co/FE3pNZpXyd"
U1,P8857,43684,"NYC ITS... ABOUT... TO... GO DOWN @TheGarden Nov 8th, 2019 Ticket pre-sale starts NOW. Find them here --gt https://t.co/PAJZB9F9fk @NYComedyFest #MakeNYLaugh #LoudAndClearTour https://t.co/myqAV1qh08"
U1,P8856,43683,Me trying to get you to respond to my DMs : @cesarmillan https://t.co/vSDk1YY2JG
U1,P8855,43682,Happy Monday Lets kick off the week by making an impact. Join me and sign the @GlobalFund open letter to #StepUpTheFight at https://t.co/4GoJq6272G https://t.co/b35otXcZFs
U1,P8854,43678,You all have set my Youtube on fire Thank you to everyone who has shared or subscribed  Heres another throwback. Enjoy https://t.co/nltZPtefaC https://t.co/XGh0SRiLqo
U1,P8853,43677,This weeks podcast is up @davidkibuuka and I discuss the science behind online dating. Check out the episode at https://t.co/Ykg8yZ9iAb then let me know your thoughts https://t.co/S7NJFpQeCa
U1,P8852,43677,"This is actually a picture from the future of me reading the comments to this same picture. Man, technology is getting crazy : @dpmeyer https://t.co/E5BieNiPho"
U1,P8851,43675,Happy Monday people. Remember to keep your eye on the ball : @ruminasean https://t.co/hWONi8oH0R
U1,P8850,43673,Such an amazing night Thank you Montral  #LoudAndClearTour https://t.co/8uLAWrHA53
U1,P8849,43673,"Montreal, I cant even begin to thank you enough for tonight. You filled that arena with joy and laughter and I love you for it.  Merci Montreal"
U1,P8848,43672,"Me planning for the weekend with my bff  

: @jayshetty https://t.co/LqTmIpcnyv"
U1,P8847,43672,https://t.co/AyXd90wisa
U1,P8846,43670,"Discussing the myth of recycling with the person who literally wrote the law on plastic bags, Jennie Romer. Listen to this weeks episode of On Second Thought on https://t.co/MpaGun5LI7 @hearluminary https://t.co/ktp5L81ri4"
U1,P8845,43670,"Haters will say its fake 
: @mystergiraffe  https://t.co/RJsTaDc0xJ"
U1,P8844,43669,"The cutest video you will see on the internet today 
: @ChloeFlower https://t.co/8MbCb3APTJ"
U1,P8843,43666,"Ohio, You powered through that heat Thank you for an amazing night  I will see you next in Columbus  #LoudAndClearTour https://t.co/tKVu8xl6oR"
U1,P8842,43664,Saying goodbye to my youth... https://t.co/8D2A1NiJmy
U1,P8841,43663,Buddy was just as excited to hear that @thedailyshow was nominated for another 2 Emmys Congrats to the amazing Daily Show team Honoured is an understatement : @ruminasean https://t.co/lGSXDqqmer
U1,P8840,43662,https://t.co/PD07EHe8J0
U1,P8839,43662,"Headed to Toledo, OH this Friday like...  Get ready Ohio  Toledo Zoo Amphitheater. #GitUpChallenge #LoudAndClearTour : Bryan Boye https://t.co/KLugE8Bjnq"
U1,P8838,43661,"Happy Monday everyone 
 @alexgavillet @THR https://t.co/w1nPXhGPr7"
U1,P8837,43660,Oh snap just went to scout the stairway and someone is stuck in the elevator. I just asked him if his phone has battery and he replied 70. Some people are so lucky...
U1,P8836,43660,Just heard my neighbor open and then close his door. Now that I know theres someone on my floor I feel a little bit better. If push comes to shove I can eat him...
U1,P8835,43659,Blackout update- 30 minutes and still no electricity in NYC. Im staying calm because the lights should be back soon. Im actually enjoying the peace and quiet.
U1,P8834,43659,This scene https://t.co/S3k1VJE0aU
U1,P8833,43659,"I asked a friend visiting New York to bring me something nice from South Africa. I thought hed bring me biltong, looks like he brought loadshedding instead. "
U1,P8832,43659,"Jesus I almost crapped my pants. I was watching Stranger Things and In the show, the mind flayer causes the lights to flicker and then all of a sudden my TV goes dead and the power in my building goes out. Turns out theres a blackout in New York."
U1,P8831,43657,Another throwback for your Thursday  Watch the full video here gt https://t.co/yWefRQMWuY Enjoy https://t.co/prJ69pa7eC
U1,P8830,43654,"Headed into Monday like... 
: @RachetTV https://t.co/uY4h6aEgaQ"
U1,P8829,43652,What a goal Bafana Bafana 
U1,P8828,43650,  Via @jadapsmith My EXACT sentiment when my favorite song comes on  : @aussiethecharlie https://t.co/WCizs1B0zv
U1,P8827,43650,That earthquake was not fun...
U1,P8826,43649,"Lake Tahoe this Friday Harveys Outdoor Arena. Whos coming 
#LoudAndClearTour 
: @bleachmedia https://t.co/SA0AnKiDGF"
U1,P8825,43647,This week we talk reparations. And peacocks. Find the full episode of my podcast On Second Thought at https://t.co/MpaGun5LI7 @hearluminary https://t.co/3h6SdCgwa8
U1,P8824,43647,"Thank you to everyone that came to the show last night in Vegas  Next up... Saratoga, CA - Lake Tahoe - amp Santa Rosa, CA #LoudAndClearTour  https://t.co/wxySTXnOcM"
U1,P8823,43646,Thank you to everyone that came to the show last night in Louisville  #LoudAndClearTour :@heidengoseek5 https://t.co/ZnO6JQTb7W
U1,P8822,43644,Me on Thursday night trying to get in shape before my show in Vegas on Sunday night  Whos coming to the show : @cesarmillan https://t.co/eFfXZ7rXrf
U1,P8821,43643,Throwing it back. Watch the longer clip here gt https://t.co/0f3PxIBZn2 https://t.co/lslSeFEnXl
U1,P8820,43642,Twinning so hard.  @fallontonight is. about. to. go. down Tune in : Andrew Lipovsky/NBC https://t.co/MWVVFiFoBn
U1,P8819,43640,When you need to take your medication with food   Insta: theyellow24 https://t.co/boGwFyHHi2
U1,P8818,43639,Arkansas amp Texas Thank you to everyone that came to the shows  I see those hashtag pics #LoudAndClearTour https://t.co/xPjb1toVlo
U1,P8817,43637,Immigration in America. Is it broken and how can it be fixed We chat to Muzaffar Chishti one of the foremost experts on immigration policy Listen to On Second Thought now on @hearluminary https://t.co/MpaGun5LI7 https://t.co/5irZ66tok8
U1,P8816,43637,Happy Friday everyone New upload on my https://t.co/nltZPtefaC @nathanwalters https://t.co/do31RnCyHg
U1,P8815,43636,@GeeDee215 I wanna buy your show
U1,P8814,43636,This is amazing. I didnt know they were recording. @THR https://t.co/FdANHRoDjI
U1,P8813,43636,Our show may have been the first but it definitely wont be the last https://t.co/fMxh6GvyFj
U1,P8812,43635,So excited and honoured to be on this weeks cover of @THR https://t.co/gDO9vcK1QD : @alexgavillet https://t.co/r3SwdxR3nO
U1,P8811,43632,Canada  I had an amazing time and hope youll have me back. But just to be certain Ive taken a hostage. #NotARealThreat #ButWouldLikeToComeBack #JustCallMeSoWeCanWorkThisOut https://t.co/udyhgA3Hdb
U1,P8810,43629,Just two dudes having lunch... that just so happened to be prepared in Hell  @seanseaevans this was so much fun Thanks for inviting me on your show #HotOnes @firstwefeast  Watch the FULL episode here gt https://t.co/tvDLhvzFN2  https://t.co/wo2G89qcQN
U1,P8809,43628,Tomorrow. 11am. Its going down.  #HotOnes @firstwefeast  #WingsOfDeath #WhyDidIAgreeToThisAgain  https://t.co/J0fEulHObJ
U1,P8808,43628,"Hey you, stop that Hump day just means the middle of the week.  Happy Middle of the Week Day everyone  : @ruminasean https://t.co/Hc9zLdlUr7"
U1,P8807,43626,https://t.co/bK5EyR9mc6
U1,P8806,43623,Every conversation Ive had while high  : @comediandjpryor https://t.co/E839hW2pNZ
U1,P8805,43620,Congrats @shomadjozi on your well deserved @BETAwards nomination  #BestNewInternationalAct  https://t.co/vwY7MviLkm
U1,P8804,43618,"Hershey, PA What a memorable night Thank you to everyone that came out  The #LoudAndClearTour continues. Next stop... Vancouver, Canada   : @undergroundnyc https://t.co/KGF7ynk2Kr"
U1,P8803,43617,"Thank you everyone that came to the show last night in Pittsburgh You were   Next stop Hershey, PA  #LoudAndClearTour : Mike Drazdzinski https://t.co/clU7MsUvyI"
U1,P8802,43614,"When life gives you lemons, make an Usher video  : unknown https://t.co/fO0Dhxs2hP"
U1,P8801,43611,I see those #LoudAndClearTour hashtag selfies  Thank you to everyone that came out to the show last night Ohio  https://t.co/7WTsrbUVrO
U1,P8800,43610,"This is amazing When youre done reading it, Id love to visit the school so I can quiz you  https://t.co/GB1ZJ9xhhz"
U1,P8799,43608,"Watch, Share, Subscribe  gt https://t.co/mjsuNI9qIY #ThrowbackThursday"
U1,P8798,43607,"This is how I celebrated when we announced my tour coming to London O2 Arena see you on April 4th, 2020  Side note: If this adorable little girl doesnt make you smile, nothing will : @breckenfowler https://t.co/ooCReQALX6"
U1,P8797,43606,"Watch the oranges carefully, now look down at your wallet, now back at the oranges, now back at your valuables. If theyre gone, dont blame that ht on me You need to be more mindful of the kind of people u let around u while u stare at dudes juggling oranges on the internet https://t.co/bV6YIV1x2c"
U1,P8796,43605,"Colorado Thank you to everyone that braved the cold weather and came to the show last night An amazing night, I wont forget #LoudAndClearTour : @marklashark https://t.co/MtAItssDEG"
U1,P8795,43602,Fighting with your siblings over food and then your mom walks in https://t.co/6oLrquNAXZ
U1,P8794,43602,Had the best time with @JimmyKimmel tonight #Kimmel @JimmyKimmelLive #ABC https://t.co/UBMQ93ckH7
U1,P8793,43601, https://t.co/408MZBRzGu
U1,P8792,43601,Throwback https://t.co/TlzmimxLqL Share amp Subscribe 
U1,P8791,43599,Me on my cheat day  : Insta theofficialpoodapooda https://t.co/bFMh2Rc8Ed
U1,P8790,43597,Thank you for spending your Saturday night with me San Diego You were amazing  #ViejasArena #LoudAndClearTour : @betsnewman https://t.co/6Wq3jAwpnk
U1,P8789,43596,"When you love what you do, it keeps you looking young
#LoudAndClearTour https://t.co/hJkJlhpPhB"
U1,P8788,43594,A little throwback for you  Enjoy https://t.co/PZ0wmOx2SY
U1,P8787,43593,Just added new dates to my LOUD amp CLEAR Tour Ticket Pre-sale starts TODAY https://t.co/G1H9lkW1kj Use code: IsThisThingOn to get the best seats. Then we will just make fun of everyone who waited that has to sit behind you  https://t.co/lfliNj9Xot
U1,P8786,43591,How the robots are gonna celebrate after theyve wiped us out : Insta utsourcetech https://t.co/Vk43MKBaJE
U1,P8785,43590, https://t.co/6jD7Dn0sc7
U1,P8784,43589,Philly you were  Thank you to everyone that came to the shows tonight Lets do it again tomorrow night  #LoudAndClearTour https://t.co/2d9hYL63hp
U1,P8783,43586,One person in this picture works hard in the gym. The other person has an Oscar and the Rock is wearing a cool suit. @ItsRamiMalek @TheRock : @hhgarcia41 #Time100 https://t.co/Tbe11OmIO6
U1,P8782,43583,"Thank you to the 13,000 people in Chicago that came out last night and made it so incredible  please DM each of your names so I can tag everyone in the video #LoudAndClearTour https://t.co/GaxkZW1VCk"
U1,P8781,43583,Excited to be playing the United Center tonight See you in a bit Chicago. #LoudAndClearTour https://t.co/TipfrjF5RY
U1,P8780,43581,Dear @united if Im telling you that my iPad is at baggage handing because Im tracking it why are you saying you still need to find it 
U1,P8779,43580,On Thursday we throw it back and its Crazy Normal https://t.co/JDyCcXgLQh
U1,P8778,43580,This is adorable : Insta inkaholic https://t.co/wDKDWHon8j
U1,P8777,43579,I stole this pic from @hasanminhaj   who probably stole it from @mosalah #Time100 https://t.co/I3M68HTQov
U1,P8776,43578,"My new podcast On Second Thought launches TODAY on #Luminary.
If youre going to tell people youve been listening since day one then today is that day. Where are my day ones at https://t.co/Ykg8yZ9iAb https://t.co/tF5NJGeUBd"
U1,P8775,43578, : @steadywithagoat https://t.co/8hewe85Hxy
U1,P8774,43578,Live and learn  https://t.co/JalfCiAoN3
U1,P8773,43576,Happy Easter to everyone who celebrates it To everyone who doesnt just enjoy this video of a cute little bunny  : Insta livslovelylops https://t.co/mLrS4DuzLk
U1,P8772,43574,"Excited to add a handful of summer dates to my #LoudAndClearTour

Las Vegas, NV - Stateline, NV - Santa Rosa, CA - Toledo, OH - Montreal, CAN - Hampton, NH amp Bangor, ME

You can find tickets here: https://t.co/xqpKJ9oXfI  https://t.co/shmaMVxtO7"
U1,P8771,43574,When you get paid Vs when the direct debit hits   Insta: thebabymooch https://t.co/89uMRgQUYh
U1,P8770,43573,South Africa My book Born A Crime has been adapted for young readers. You can find it at your local bookstore. Unless you dont have a local bookstore. In which case youll need to go to someone elses bookstore. But just know if you shop there it then becomes your bookstore. https://t.co/w0UP73PuDP
U1,P8769,43572,"Just hit 1 Million subs on my Youtube  Thank you to everyone who subscribed. If you arent a subscriber please dont try and accept this thank you. Unless however you go subscribe and come back. If thats the case, thank you for letting me thank you  https://t.co/JpqoZP7tQ2"
U1,P8768,43572,"Me getting out of a boring conversation 

: Insta Erik3run https://t.co/K6gaK0348y"
U1,P8767,43571,Going LIVE in less than 30 mins with @latimes  https://t.co/jxQqCZtHbg
U1,P8766,43571,Today at 3pm  @TheEllenShow https://t.co/fvHUpTF36X
U1,P8765,43570,Find someone that looks at you the way I look at Stephen Tune into @colbertlateshow tonight to find out if we even exchange words.  #FlippedInterview https://t.co/ppPI4sU4Eb
U1,P8764,43568,"Thank you Mass Such an amazing crowd.  Next stop... Royal Farms Arena. See you tonight Baltimore, MD #LoudAndClearTour : @ruminasean https://t.co/XN8DmeW9ws"
U1,P8763,43564,"Excited to announce that @randomhousekids have adapted my book for younger readers ITS TREVOR NOAH: BORN A CRIME, is out TODAY You can order it online here: https://t.co/S05nMt5sKS #ItsTrevorNoah https://t.co/TDVlAfnz6x"
U1,P8762,43561,When you hit 4 million followers on the gram  : @bleachmedia https://t.co/ZxmedvlB54
U1,P8761,43561,"Me and my squad after we just got fresh haircuts 

: @cesarmillan https://t.co/m8irN1aQHE"
U1,P8760,43557,Had an amazing time this weekend at the @NAACP Image awards. Big congrats to the entire @TheDailyShow team for winning Outstanding Writing in a Comedy Series. Honored to be apart of it Suit By: @Ferragamo Photo: @RichFury @GettyImages https://t.co/qI3IIp2Vd1
U1,P8759,43557,The highest mountains are the ones worth climbing.
U1,P8758,43552,"When Bae wants you to stop looking at your phone       
: Insta ChillWildLife https://t.co/FMwrhyjURS"
U1,P8757,43552,My bucket list is now watching my dude Will Smith check everything off MY bucket list.  https://t.co/U7xZudM6LJ #WillSmithsBucketList https://t.co/6OztzGfwPl
U1,P8756,43548,"Thank you for such an amazing weekend SC  #LoudAndClearTour continues... See you soon MA, MD, TX, amp MI  https://t.co/aMI8UOAY2N"
U1,P8755,43546,"The crew setting up for tonights show at Bon Secours Arena See you tonight Greenville, SC  #LoudAndClearTour https://t.co/lf1MSNS70y"
U1,P8754,43546,"Channeling my inner @jtimberlake for some proper Friday feels. See you tonight South Carolina #BonSecoursArena #LoudAndClearTour 
: @bleachmedia 
vid cameo: @roywoodjr  https://t.co/bEvcx8dBXz"
U1,P8753,43545,"ATampT-DIRECTV is about to drop Comedy Central and up to 22 other channels. If that happens, you wont be able to watch The Daily Show with me Call 888-250-5557 and tell ATampT-DIRECTV to keep Comedy Central. Go to https://t.co/LZM2HQYIQN for more info. #keepviacom https://t.co/szA9Ys73UE"
U1,P8752,43545,Life really do be like that sometimes : @kingxaviara I cant stop watching  https://t.co/02RAtK5evz
U1,P8751,43544,"Be Happy. Not because everything is good, but because you can see the good in everything : Insta staypositivehuman https://t.co/5nAEPfxnxQ"
U1,P8750,43542,South Carolina Ill be at the Bon Secours Arena on Fri amp the Charleston Coliseum on Sat.  Hope to see you there. https://t.co/YAB8Dl3SwV #LoudAndClearTour
U1,P8749,43541,Ft Lauderdale amp St Augustine you were amazing Thank you to everyone that came out  See you next weekend South Carolina  #LoudAndClearTour https://t.co/dAhIk47cMr
U1,P8748,43540,Happy Birthday to my African brother @joelembiid. For your birthday Ill let you beat me in FIFA https://t.co/A7kO7rznmm
U1,P8747,43539,"Montral, were going big for the @justforlaughs Festival this year. July 26th at the Bell Centre. Whos coming https://t.co/Hex2lMzjSD #JFLMTL"
U1,P8746,43536,93 of people who see this will think Im an amazing guitar player. The other 17 will know Im better at fractions. : @PeggySirotaInc @EW https://t.co/AmfFF3Ma8R
U1,P8745,43535,Happy Monday https://t.co/UV22ZwvoCL
U1,P8744,43533,Wow Born A Crime was released 2 years ago and has made its way back on the NYT best sellers list at #1. This is amazing Thank you  https://t.co/1JRzTunN7Q
U1,P8743,43532,"Happy International Womens Day to all the Mothers, Sisters, Aunts, Daughters and most importantly my Gran. https://t.co/89JhWmSKdN"
U1,P8742,43531,On Thursday we throw it back. https://t.co/6k5oUVSKJk
U1,P8741,43530,This is genius and one of the funniest things Ive ever watched. https://t.co/jqE9oPb72U
U1,P8740,43530,"I think Solskjaer is one of Alex Fergusons horcruxes. 

#psgvsmun #MUFC #Psg"
U1,P8739,43529,: @cesarmillan https://t.co/ykLBGEyuxD
U1,P8738,43528,Not gonna lie @colione s insane robot camera had me feeling like James Bond. https://t.co/SfufrY2cCQ
U1,P8737,43527,"Boise Idaho, thank you so much for coming to the show with all that potato love. Hopefully next time well go night skiing ."
U1,P8736,43526,Its amazing to me that my joke about the conflict in India and Pakistan trended more than the story of the actual conflict itself. Sometimes it seems like people are more offended by the jokes comedians make about an issue than the issue itself.
U1,P8735,43526,"Actually if you watch my stand up youll see that I did make jokes after my mother was shot in the head. As a comedian I use comedy to process pain and discomfort in my world but I am sorry that this hurt you and others, thats not what I was trying to do. https://t.co/OuVnkHyIfG"
U1,P8734,43525,"Every meal is my cheat meal 

: @ruminasean https://t.co/dYmaRjAPUU"
U1,P8733,43524,I just started typing Dont hate on the vuvuzela and it auto corrected vuvuzela to cucumber. Which now I feel the strange need to also ask that you not hate on cucumbers  https://t.co/xTEMAQbpIE
U1,P8732,43523,"Watch out @ladygaga and Bradley Cooper. Youve got some competition

#shallow : @ruminasean https://t.co/PueXf6sZeH"
U1,P8731,43518,Only a day after my birthday and I already feel like I look so much older  : @ruminasean https://t.co/KkIU6ROLoI
U1,P8730,43517,A little throwback for your Thursday. Cellphones Are Robbing Us Enjoy https://t.co/vH502g3h4t
U1,P8729,43515,   : Cohmedy FB https://t.co/py9sVfFNga
U1,P8728,43514,"Thank you Asheville, NC Next stops on the #LoudAndClearTour are ID, FL,  amp SC Where else should I go https://t.co/pmHT7t67Fz"
U1,P8727,43513,"Thank you to everyone that came to the shows in Atlanta  #LoudAndClearTour continues. Next Stop... US Cellular Center - Asheville, NC  https://t.co/EkvEcMaQSw"
U1,P8726,43512,About to hit the stage in Atlanta. Getting my game face on. @kevinhart4real am I doing it right https://t.co/Ivb1QRLL27
U1,P8725,43511, https://t.co/rj9iFScjVv
U1,P8724,43511,"Sometimes you gotta treat yourself . Happy Valentines Day 

: @ruminasean https://t.co/bEsc55UXTi"
U1,P8723,43510,Tag your bae who makes you feel like this on Valentines Day.  Pom And Pixel https://t.co/xpoyt3XpeD
U1,P8722,43510,"That excitement after finding out weve been nominated for 4 NAACP awards- 
Outstanding Talk Series, Outstanding Variety Show, Outstanding Host in a Talk Show/Series, Outstanding Writing in a Comedy Series
Thank you so much to everyone whos been a part of this journey  https://t.co/OoWnSOUOtK"
U1,P8721,43507,Lil Don amp The East Side Boyz https://t.co/bWJF2k3JxS
U1,P8720,43507,"Monday sneaking up on Sunday like... 
 @samblewettgolf  This kids trickshot is  https://t.co/sOzmaSvkqO"
U1,P8719,43506, https://t.co/pVrqAjCo10
U1,P8718,43505,Dear Madison Thank you for last night. I would stay longer but Ive got a date with Minneapolis tonight. Dont act like that...You knew this was how tours work. I couldnt have been any louder or clearer. Looking forward to the next time #LoudAndClearTour https://t.co/a2dC8Z0Z0p
U1,P8717,43502,"Sometimes youve just gotta believe it to receive it  This is adorable              
 @SteadyWithAGoat https://t.co/vLO7DhxR0l"
U1,P8716,43502,The Daily Shows State of the Union coverage is LIVE right now https://t.co/Ai5DGGMAKV
U1,P8715,43501, https://t.co/17pqgZXzCe
U1,P8714,43501, https://t.co/Ey3XYRiWrC
U1,P8713,43500,"If youre trying to figure out which me is the best dancer... you obviously dont understand teamwork. When I win, we all win #GoTeamMe
I was just as surprised as she was to be apart of this  thanks for tagging me Duydu Etikan. This made me smile https://t.co/YCz8SjnJQM"
U1,P8712,43498,Thank you to everyone who came to the shows last night in Cincinnati  Tonight is Indianapolis What other cities should I add to the tour #LoudAndClearTour https://t.co/Nulby6G8aq
U1,P8711,43497,I only cried twice watching this video https://t.co/erb8FgerQl
U1,P8710,43496,Are you thinking what Im thinking  If you dont end up like pic 2 then stop thinking whatever youre thinking and think about what Im thinking.  Pic 2 is happy. Be Pic 2 today. Think about it  https://t.co/Wm4Quz7YvN
U1,P8709,43496,"@Boy75Pony  Im sorry, I couldnt help myself"
U1,P8708,43493,"#MondayMotivation  Unless however, its already Tuesday where you are... In which case... #IDontKnowWhatToTellYouTuesday  Lauren Bruzzone youre amazing thank you for the inspiration.  https://t.co/uL3g6KoG88"
U1,P8707,43491,"Thank you to everyone who came to the shows last night in Ottawa See you tonight Bethlehem, PA #LoudAndClearTour @ New York, New York https://t.co/G68e3kL3iz"
U1,P8706,43489,"That feeling when you have two shows tomorrow night in Ottawa, Canada but then someone shows you the weather forecast  TD Arena its still on baby #LoudAndClearTour https://t.co/VosdRt3Rwl"
U1,P8705,43487,When you show up to your wedding but your best man is still at the bachelor party  https://t.co/p7FGA5jvUX
U1,P8704,43486,Tampa Such an amazing crowd. Thank you  and to the two lovely ladies in the 2nd pic... you are truly the best  https://t.co/vvfkrOcdNk
U1,P8703,43485,"Raleigh If you and your friend are still debating over who I pointed to at the end, here Ill settle it... It was you #OkayIDontReallyKnowWhyIPointed #NotPoliteToPoint #ButThePointIs Thank You to everyone who packed out the PNC Arena tonight  #LoudAndClearTour https://t.co/1MHufXMn72"
U1,P8702,43484,"What a great start to the tour Thank you Norfolk, VA. You were electricSee you tomorrow Raleigh, NC #LoudAndClearTour https://t.co/VdYFNWCFTM"
U1,P8701,43483,"And so it begins... My new #LoudAndClearTour kicks off tonight in Norfolk, VA Now use two of your strongest fingers to zoom in to see where else Im headed on this super small tour flyer Tickets at: https://t.co/OCUM8lq7ua https://t.co/XVc8mJV8mj"
U1,P8700,43481,"Last year, Shelley was our @omaze winner and joined us at The Daily Show set for an interview and this year it could be YOU Support my foundation helping vulnerable youth in South Africa and ENTER for your chance to win: https://t.co/PS8S7R5VAc https://t.co/bPAY9QP7mp"
U1,P8699,43478,"Toronto Thank you for 4 incredible cold-out  sold-out shows. See you next weekend Norfolk, Raleigh, amp Tampa  @GeorgeQJr https://t.co/5prI2Ys0EP"
U1,P8698,43473, https://t.co/kYDHh8rkOL
U1,P8697,43473,I was just nervous to come say hi.  https://t.co/DC1i00RduU
U1,P8696,43471,I know were gonna fight on this. My picks for FIFA team of the year #TOTYVote #FIFA19 https://t.co/xUTqSikmRX
U1,P8695,43466,Happy New Year everybody. 2019 is the year were going to make the pots
U1,P8694,43453,"Even after being fired, Mourinho has still not left the Manchester United stadium. Apparently hes parked the bus in his office and they cant get him out."
U1,P8693,43449,Please do yourself a favour. Watch a movie called Searching. One of the most original and thrilling movies Ive ever watched
U1,P8692,43446,I still need this in my life --gt https://t.co/BBZpG5McpA
U1,P8691,43445,"A squad that plays together, stays together. @AmandaCerny @KingBach @StoneMountain64 unless your apartment lease is up soon amp youre trying to crash on my couch. In which case we shouldnt stay together. Bad idea. #Battlefield @Battlefield #EAambassador  https://t.co/eWKhwvjzVb https://t.co/BTT2hVXwRX"
U1,P8690,43442,Do you guys also hear the ice-cream calling from the fridge or is it just me
U1,P8689,43441,"Doctor says- Trevor youre recovering well, just make sure to stay silent and indoors all weekend

What I hear- Trevor you get to play FIFA 19 non stop and no-one can judge you 

#silverlining #FutWeekend #fut"
U1,P8688,43439,https://t.co/U75lArqw8w
U1,P8687,43438,Who wants to get interviewed by me on the set of The Daily Show Ill even hook you up with VIP tickets to a taping Its all to support my foundation helping vulnerable youth in South Africa. ENTER: https://t.co/WVRMW2j6km https://t.co/CxEkxoF2SE
U1,P8686,43438,While I was in South Africa I popped into my Grans place to say hi and she was kind enough to let you come with... https://t.co/IcYsWRBz99
U1,P8685,43437,One day were gonna have to watch an ad before we can answer the phone.
U1,P8684,43436, https://t.co/DvRUGPQ7XP
U1,P8683,43435,https://t.co/i7fRalhBmH
U1,P8682,43435,"There are 264 million children out of school, denied the freedom that an education affords them. Demand world leaders and donors fund a 40 billion budget gap so that we can #DefeatPoverty. https://t.co/VXLnb5SR1q #globalcitizen"
U1,P8681,43434,Very cool https://t.co/ZEik5rJcPj
U1,P8680,43432,Wow When I first moved to New York I never dreamed Id see this... my name with citizen underneath Thanks @realDonaldTrump https://t.co/xmvDAJnOvR
U1,P8679,43427,Black Friday deal- you can now watch my new comedy special Son Of Patrica for free with any Netflix subscription Act now because the special is not going anywhere. #SonOfPatricia https://t.co/KKk0OUltxJ
U1,P8678,43425,Thank you everyone for watching my new comedy special Son of Patricia on Netflix. If you havent yet I thank you in advance. And if you dont plan to watch it I thank you for considering watching it. And it you didnt consider it thank you for watching Netflix in general.
U1,P8677,43425,Arent you supposed to label sponsored tweets https://t.co/XKOD5ZfNM4
U1,P8676,43425,London is the best place to watch Harry Potter movies because when you walk out into the streets it feels like the movie never ended.
U1,P8675,43424,Now Streaming  #SonOfPatricia @NetflixIsAJoke https://t.co/wrHswJtD5Q
U1,P8674,43423,Id be lying if I told you I wasnt excited about my new comedy special premiering on Netflix tomorrow. Id also be lying if I told you I dont still wear this outfit for special occasions. Tomorrow is special. #SonOfPatricia Nov 20th @NetflixIsAJoke https://t.co/AbqMNtjriY
U1,P8673,43419,Want to win VIP tickets to a taping of The Daily Show AND get interviewed by me Support my foundation to help children in South Africa and ENTER: https://t.co/0NxSts54DO https://t.co/deqfBfm1G8
U1,P8672,43418,"If you told me on my 4th birthday that I would one day have a comedy special on Netflix, I wouldve immediately yelled Stranger Danger Cause I mean what kind of creepy time traveler really goes back to a 4 year olds birthday party #SonOfPatricia Nov 20th  @NetflixIsAJoke https://t.co/bKFivON7jJ"
U1,P8671,43413,https://t.co/3Mvum7wZit
U1,P8670,43412,Not gonna lie... things got pretty weird between me and voice over guy. #SonOfPatricia Nov 20th @netflixisajoke #TheresNoDimpleVision #NotADimpleShow #NoSoupForYou https://t.co/bsCMI5pM4e
U1,P8669,43411,"Set a reminder in your head Or... just set one in your phone. Either way, I appreciate the effort youre giving this right now. Nov 20th #SonOfPatricia @NetflixIsAJoke https://t.co/ELxh59WsVy"
U1,P8668,43408,https://t.co/qw6fSQW06B
U1,P8667,43406,@itsgabrielleu 
U1,P8666,43402,The Daily Show is in Miami this week so I decided to pop into Mar-a-Lago. Unfortunately they wouldnt let me in the front luckily theres no wall around the back. https://t.co/N0Kg3Qm3OG
U1,P8665,43401,This is great https://t.co/4FfVtmAUwZ
U1,P8664,43400,"Halloween is the best day to escape prison because everyone will think its just your outfit.
#LifeHack #Halloween"
U1,P8663,43397,Tune in to @FallonTonight to find out if @brckhmptn is really a couch  https://t.co/PZQbSDYShS
U1,P8662,43395,My new standup special Son Of Patricia premieres Nov 20th on @NetflixIsAJoke #TrevorNoah #SonOfPatricia #Netflix https://t.co/DdzC6uf7E1
U1,P8661,43391,Whenever I catch paparazzi taking pictures of me I always try and make it look interesting. Its fun to see how you can make anything a tabloid story.
U1,P8660,43390,Ticket pre-sale for my new LOUD amp CLEAR tour starts right... wait for it... NOW You can find tickets at https://t.co/QGXXAGOlNa Using the code: IsThisThingOn https://t.co/2QhLX2fQKJ
U1,P8659,43388,"I am excited to see you all on my new, Loud amp Clear Tour Pre-sales start 10/17 at 10am local time.
Get more info here: https://t.co/0jxtqB8CSE #LoudAndClearTour https://t.co/0bzslkaijQ"
U1,P8658,43385,@JennLahmers @VerseConverse I dont know who the crazy dude in red is but watching @JennLahmers and @sukanya trying to control him and avoid his offensive jokes was the best 
U1,P8657,43378,@samhock @CharlesHock98 That sucks. Good luck Chuck. Make that exam regret getting in the way of your weekend plans
U1,P8656,43378,Theres a new FIFA out. Which means its time to crown a new King. I challenge @JoelEmbiid to see if he deserves it. Click here to watch the full video --gt https://t.co/jqP1iWH4ko lt-- #FIFA19 @EASPORTSFIFA https://t.co/YwV8l8rqrq
U1,P8655,43376,That was fun.
U1,P8654,43371,#Nationwild has always been about finding showcasing South Africas brightest young comedy talents from around the country and this show did just that. Im really excited for Mzansi to discover their new favourite comedians. Exclusive to @showmaxonline https://t.co/eo5YuevMSN
U1,P8653,43368,Pamela why https://t.co/cm6ONbzxEX
U1,P8652,43366,@SassyPantsSteph  Im on my way
U1,P8651,43363,You need this browser extension in your life.  https://t.co/plI7aSzczH
U1,P8650,43362, https://t.co/TJxjURoIhN
U1,P8649,43354,@jbouie Yes Pro is worth it if you have 4k TV. Get God Of War then cancel the rest of your life.
U1,P8648,43349,Be sure to check out @SU2Cs live fundraising telecast tomorrow night It was an honor to work with them as they are doing some pretty amazing things to help the fight Learn more at https://t.co/c4Ja5XKNDV
U1,P8647,43345,Aloha P.I. https://t.co/gWGtzfACYf
U1,P8646,43345,What do you do with your weekends https://t.co/rlZhlkDeSc
U1,P8645,43343,What was up with that pastors hand https://t.co/M8Ypgm7fQB
U1,P8644,43343,@fivefifths Why
U1,P8643,43343,Album dropping soon https://t.co/Fl4rhMVuE2
U1,P8642,43343,@roywoodjr Whoever has the old iPhone with the headphone jack.
U1,P8641,43342,Yo Sydney You rocked my world over the last two nights. Thank you so much for an amazing end to my Australian tour. I had such a great time. #TrevInAus
U1,P8640,43342,@rachelwang  hilarious
U1,P8639,43342,@teammscedillo That means so much to me. Thank you
U1,P8638,43341,@ElaineWelteroth No I understand. Thats why I pre pee all my pants to avoid embarrassment.
U1,P8637,43340,@Lamborghini @CNBC @jayleno @LenosGarage Next time we do the Urus 
U1,P8636,43339,@wacoustaguy Wow. Thats really amazing to hear. Thank you for that.
U1,P8635,43334,There are few things I enjoy more than crying on an airplane. Almost any movie can bring me to tears and its always the happy endings. This time it was when the gorilla smiles with @TheRock at the end of rampage- I cried like that gorilla was my son. 
U1,P8634,43333,"South Africa Ill be back Dec 2nd, hosting the Global Citizen Festival: Mandela 100 Check out the full lineup for #GlobalCitizenFestivalSA amp learn how you can join thousands of activists by earning free tickets gtgt https://t.co/aW8CijC2Xe https://t.co/SKQy72dS58"
U1,P8633,43332,Run Forrest run... https://t.co/hMggp19UQ1
U1,P8632,43331,"Its #WorldHumanitarianDay Lets support people affected by Natural Disasters with #CallForCode and use technology for good. You can help @UNHumanRights amp @RedCross in their efforts to help the most vulnerable among us. To get involved, visit: https://t.co/h1RYbOLLNF https://t.co/2TLCBlTfW6"
U1,P8631,43325,The good old days https://t.co/aajmEo1AD0
U1,P8630,43325,"Beth thank you and everyone else who made this mad show magic. Ive never performed in the rain and I hope Ill never have to again .
Thank you NYC https://t.co/TfeloFIkwl"
U1,P8629,43323,I drove it like I stole it https://t.co/wuu80hJCKM
U1,P8628,43321,Heres my interview with deadline about everything. https://t.co/85LsXOQuqP
U1,P8627,43315,Do you ever dream of candy coated raindrops
U1,P8626,43310,@jaketapper @danielradosh Fake news
U1,P8625,43306,Heres the story of the first time I heard a joke and thought... yeah I wanna do that thing https://t.co/kNo0GY07AD
U1,P8624,43305,#RestInPower https://t.co/KwYfvROAAf
U1,P8623,43304,@joewilliamstew @IndigenousX Id love to visit another community in Oz Joe. Always open to learning more 
U1,P8622,43303,"I am German when we win, but Im an immigrant when we lose.  https://t.co/2fAApPUOim"
U1,P8621,43303,@AnitaHeiss @joewilliamstew youre right. After visiting Australias Bunjilaka museum and learning about aboriginal history first hand I vowed never to make a joke like that again. And I havent. Ill make sure the clip from 2013 is not promoted in any way.
U1,P8620,43300,"When I say theyre African, Im not saying it as a way to exclude them from their Frenchness. Im saying it to include them in my Africanness. https://t.co/8RW4Rvt7m6"
U1,P8619,43297,"I just watched the movie Sorry To Bother You. Its one of the most engaging, challenging, entertaining, scary, funny, insane movies Ive ever watched Please go watch it you wont be disappointed."
U1,P8618,43296,So Fortnite is basically Hunger Games
U1,P8617,43293,"Wow, I visited Russia for 3 days and now The Daily Show is nominated for 3 Emmys. Next time I should stay for a week and then run for president 

To all the people who voted for us and to all who watch our show I could not be more grateful. Spasibo 
#Emmys"
U1,P8616,43290,"Thank you to everyone that came to the shows last night. The people in the pic are actually in line for hotdogs next door. But I get it, theyre delicious.  https://t.co/mbYVeNgG8I"
U1,P8615,43288,@ClintSmithIII Every country bribes to win the world cup
U1,P8614,43288,This is such an amazing answer. Sounds like something Goku would say  https://t.co/c9h8dSZwiZ
U1,P8613,43287,I dont understand VAR /
U1,P8612,43286,"Trump: goodbye scott, thanks for everything pruitt leaves, trump checks his wallet and finds its gone"
U1,P8611,43284,And did it work Dont leave us hanging... https://t.co/8JgKayPjva
U1,P8610,43284,Cristiano Ronaldo also moving to Golden State .
U1,P8609,43283,"Brazilian coach- We need someone who can blind our opponents with his teeth.

Firmino- Put me in coach
#BrazilvsMexico #WorldCup"
U1,P8608,43282,Note to self- dont fire your coach days below the world cup.
U1,P8607,43282,This is Englands best chance to reach the finals.
U1,P8606,43282,Sergio Ramos haircut looks like the goalkeeper has been trying to line him up between attacks.
U1,P8605,43282,"Soccer players are like babies. When they fall, just ignore them and theyll carry on like nothing happened."
U1,P8604,43278, https://t.co/FyvAlGss6L
U1,P8603,43272,Twinsies https://t.co/Y7KQbPJwiT
U1,P8602,43270, https://t.co/vh0GGnyN2r
U1,P8601,43268,"Happy Fathers Day to my mom and all the single moms out there, who for whatever reason had to hold it down twice as hard. You deserve a celebration everyday. "
U1,P8600,43268,@haydenaudette51 @powermoves0nly @ArcanaXV @mattgibson27 Yo thanks for that Hayden. You learn something new everyday
U1,P8599,43266,"The downside- Im gonna have to watch Alex Jones now. 

The upside- Klepper is back in the field The streets arent ready https://t.co/o3qbQDC5pD"
U1,P8598,43266,Portugal is Ronaldos Cavaliers
U1,P8597,43264,Mission Accomplished  https://t.co/ZK7ek1yGsV
U1,P8596,43260,"Oslo I had the most amazing time with you tonight. From now on I hope all my shows have people from places like Norway
Tusen takk, see you next time."
U1,P8595,43260,This deserves an Oscar  https://t.co/QnEUeDV57y
U1,P8594,43259,Thank you to everyone who joined me tonight in Copenhagen. This was my second visit to Denmark and Im loving it more each time. Now lets go enjoy the midnight sunset
U1,P8593,43259,@roywoodjr @ronnychieng Again I disagree. Roasting is the order of the day in wakanda. And because everyone is prosperous theres no punching down.
U1,P8592,43259,"@roywoodjr I disagree Roy, the Jabari probably laugh the hardest but not at English jokes. Jabari Comedians switch between languages during their sets and and they crush the hardest all over wakanda."
U1,P8591,43256,"12 hrs ago in the news.
Just out on Hannity. https://t.co/DwZKaG8pw7"
U1,P8590,43247,Black Panther https://t.co/89WsRaKzWS
U1,P8589,43247,And others https://t.co/zswxSRFwyO
U1,P8588,43246,https://t.co/LjGiD5Tmgc
U1,P8587,43244,Journey with me into President Trumps complicated and deeply unsettling inner life. https://t.co/wg2kN5LAmA
U1,P8586,43244,@eMsylf Thank you. I had fun with the devs and the rest of the dice team.
U1,P8585,43243,"Finally @Battlefield V has launched Check out the reveal trailer here https://t.co/n9xvZavPSQ.

#Battlefield @Battlefield 
#ad"
U1,P8584,43241,Saturday nights show at @TheO2 London was amazing Heres a clip for everyone that waited too long to get tickets and had to sit at home instead. I still love you. https://t.co/HzhWCVNUfA
U1,P8583,43241,Theres no way Radja Nainggolan was left out of the Belgium squad for tactical reasons. The coach doesnt like his personality or what he brings off the pitch and clearly he doesnt play FIFA. Radja is a beast
U1,P8582,43240,Are you implying Kate isnt classy Not cool. https://t.co/6l4XCGwggT
U1,P8581,43239,This is a great idea. Without doors no shooter would ever get in https://t.co/u9Dr7m82F1
U1,P8580,43237,"I refuse to believe this woman has never done this before- her technique is phenomenal
https://t.co/IXcW5x3oDQ"
U1,P8579,43237,"This is so dope, a fully customizable Xbox controller for people with physical disabilities.  https://t.co/v3Jq5NGU2S"
U1,P8578,43236,"#ad The rumors are true rumors that I started, but still... I will be hosting the @Battlefield Live Reveal on Wed, May 23rd. Catch it streaming live on the #Battlefield YouTube.  V EXCITING https://t.co/7B3fpTpQ6x"
U1,P8577,43233,Kansas City and St Louis were amazing this weekend. I appreciate you all for coming to the shows. Thank you. https://t.co/6sCdDXEon3
U1,P8576,43230,"@dianeguerrero @TheDailyShow Thank you for sharing your story, you left everyone inspired"
U1,P8575,43228,#BlackExcellence https://t.co/aNOTv72sFa
U1,P8574,43227,What if we find out thats not Donald Glover its actually Lil Dicky
U1,P8573,43222,The underground railroad would have been a lot more effective if it wasnt for the F train - Harriet Tubman
U1,P8572,43218,Bloomington was so dope Thank you everyone for coming out https://t.co/CMjFEyJ7ob
U1,P8571,43214,Such a beautiful article on a phenomenal artist. https://t.co/uxK5cuY7Fb
U1,P8570,43211,She called Barry with the good hair... https://t.co/GFrvL9ZA6c
U1,P8569,43209,"@LupitaNyongo 

https://t.co/k6Hd1CrOhR"
U1,P8568,43208,Thank you Bill. You handle malaria Ill figure out schools.  https://t.co/MoDJi9mGtF
U1,P8567,43205,"Phoenix and Tuscon, thank you for bringing that Arizona heat to the shows this weekend, I had a great time with yall 
"
U1,P8566,43201, https://t.co/LsmPYCeFIF
U1,P8565,43195,Im so grateful to every person who took the time to listen to my audio book. A year later and were still on the bestseller list. Thank you https://t.co/pFOgulgjE6
U1,P8564,43165,"@TheKevinLalka @TheDailyShow Real robot, real fight to the death"
U1,P8563,43163,Yo Denver. Last nights shows were so much fun. Thank you for joining me and also for bringing all your weed.
U1,P8562,43161,Blue steel https://t.co/jaeCDX4jfN
U1,P8561,43153,Im in heaven https://t.co/wLK81WsIoo
U1,P8560,43151,"I dont care what the people say, he will always be the President of jokes. Farewell Jacob Zuma. Watch the FULL video here: https://t.co/S5a7x63VlC https://t.co/Dr3ZPo94mL"
U1,P8559,43149,"Please dont remind me, Im still in mourning. https://t.co/qyuNyvPs80"
U1,P8558,43148, https://t.co/pOccCpE1SS
U1,P8557,43147,Why are you exposing my side hustle https://t.co/NFkkt6jUs1
U1,P8556,43145,"The trailers for Black Panther dont even begin to do the movie justice. This is easily one of the best Marvel films Ive ever seen. 
#BlackPanther"
U1,P8555,43144,"I dont know why everyone is freaked out by this video. All I see is robot being a gentleman
#chivalry #BlackMirror https://t.co/aHcvLCDAnV"
U1,P8554,43141,I feel like last night was the first night of my life Phenomenal performance and an amazing vibe.  https://t.co/mDYWAiUVw5
U1,P8553,43140,"Look under your seat... Its a dream come true

Oprah at the Apollo airs Tuesday Feb 27 at https://t.co/rHdV0Vhp7p"
U1,P8552,43139,@SocialB33 Happy Birthday 
U1,P8551,43139,@xarkos @TheDailyShow Almost like its groundhog day 
U1,P8550,43136,That Scientology ad was the best
U1,P8549,43130,And is now hired by CNN https://t.co/hnWM6ljF42
U1,P8548,43130,"CNN STOP SPAMMING MY PHONE
Am I the only person who cant turn this Hawaii story notification off"
U1,P8547,43129,SZA
U1,P8546,43127,Im joining Oprah https://t.co/MKuhzJQOtG
U1,P8545,43127,"Last nights shows in South Florida were on fire Thank you to everyone who came to Hard Rock Seminole I had such a great time with you. Next stop, Orlando "
U1,P8544,43120,"Yo @jimmyfallon and @theroots when are we hitting the studio to record chain migration The streets are loving it
#ChainMigrationRemix"
U1,P8543,43119,"Give me your tired, your poor,
Your huddled masses yearning to breathe free...as long as theyre https://t.co/ycV0INwyKp"
U1,P8542,43119,"So you cant be American and Hispanic Also, funny to see anti immigrant arguments from a Canadian immigrant   https://t.co/af2pnp1DsK"
U1,P8541,43114,Dont get too drunk https://t.co/vUGicTnaFr
U1,P8540,43114,Just waiting for the last people to come in then we kick this show off. Happy Birthday https://t.co/G7NrCE42nJ
U1,P8539,43114,Weve come a long way and I couldnt have done it without fans like you. Thank you. https://t.co/BRKTStM2MX
U1,P8538,43111,I love ice cream so much that I try to get dumped.
U1,P8537,43107,Wow. Cleveland was amazing tonight thank you for being so fantastic. 
U1,P8536,43106,Thank you Pittsburgh for being my first stand up shows of the 2018. I had so much fun with you in the cold 
U1,P8535,43104,"Bruno Mars and Cardi B just took me back to all of my favourite childhood memories at the same time So good.
#FinesseVideo #finesse"
U1,P8534,43104,What an honour to be fake considered along with @StephenAtHome @iamsambee for the fakest media awards. #TheFakies https://t.co/gFuYsOqmjn
U1,P8533,43100,@FIFAUTeam whats the point of chemistry if everyone pauses before the game and substitutes and changes formation to anything
U1,P8532,43084,Luckily its a lifetime appointment so hell have time to learn. https://t.co/LJrDMHSjvT
U1,P8531,43082,Countdown to the tweets...
U1,P8530,43082,Merry Christmas https://t.co/RBCvQULoYB
U1,P8529,43078,Oh what a night https://t.co/q6FxGzY9Bx
U1,P8528,43075,"Are you gonna watch the show so you can answer your own question
And ps Im from Soweto not Hollywood.  https://t.co/mCKlYm0bpU"
U1,P8527,43071,Four shows. Two nights. Seattle is already such a blast Thank you. https://t.co/8M24ni8YEV
U1,P8526,43070,@deevaastar  it wasnt personal. I just panicked.
U1,P8525,43069,Wow. This is just wow. https://t.co/hK0QrvCKVp
U1,P8524,43068, these two stories are linked how https://t.co/CsjyJApHwu
U1,P8523,43068,Loved this conversation. Thank you for visiting the show https://t.co/kWinEd6du0
U1,P8522,43064,San Francisco was fire tonight Two shows  at the Masonic And both were electric. Lets do it again tomorrow night people. Thank you
U1,P8521,43063,Coco is one of the most beautiful movies Ive ever watched. I laughed and cried and left the cinema smiling. Such a joy
U1,P8520,43063,Play golf quickly  https://t.co/OZaUoFQ6ah
U1,P8519,43063,@fivefifths Farewell my friend. Im gonna miss your writing.
U1,P8518,43057,"Every time...

 https://t.co/bwJ0uAiXxg"
U1,P8517,43057,"Yo Minneapolis, thank you so much for two magical shows tonight"
U1,P8516,43051,Greatest tweet of all time. https://t.co/dUwXCxLOGG
U1,P8515,43050,Thank you Houston for one of the most amazing shows ever. I had so much fun with you. https://t.co/DxT107umJI
U1,P8514,43049,My friend @johnlegend co-founded @WeareLRNG Innovators. Proud to see it touching the lives of students across the country https://t.co/6wlQLYpyRt #RedesignLRNG
U1,P8513,43048,"This should be a parody news headline, not real life https://t.co/6r4sOCKei0"
U1,P8512,43045,@Helga435 Someone will pay for this mistake. Thank you for your vigilance
U1,P8511,43043,Dark was always their aim... https://t.co/cAMfJbo8OM
U1,P8510,43043,"Columbus Ohio was beautiful tonight. Thank you everyone who came out, both shows were amazing."
U1,P8509,43042,"Europe, what are you doing in May London 19th: https://t.co/OPlnyImzaN Amsterdam 20th: https://t.co/08qYVOtqk5 Whos coming https://t.co/HjVA4ZbcwU"
U1,P8508,43041,Drain The Swamp 2- Road Trip https://t.co/GGh3KzqQaz
U1,P8507,43041,The girl wants to have no name... https://t.co/Fdb9KxPzVD
U1,P8506,43041,"Watch my episode of #TheConfessional on #YouTube360 or in VR on Google #Daydream.
@felixandpaul @justforlaughs https://t.co/hM59ShGa7V https://t.co/Zrh7ZhJrFC"
U1,P8505,43029,Having such an amazing time in Chicago. Two great shows tonight and Im excited for two more https://t.co/RtZKmUunvz
U1,P8504,43028,https://t.co/8xwxgBAC15
U1,P8503,43028,They will never forget your kindness.  https://t.co/rucsTAIU3G
U1,P8502,43027,Tonight https://t.co/4CdK86LZv7
U1,P8501,43023,This is just heartbreaking. https://t.co/JSxX69ffqj
U1,P8500,43022,"Spectrum is about to drop Comedy Central. Youll lose The Daily Show Please Call 888-250-5557, tell Spectrum to keep Viacom
#keepviacom"
U1,P8499,43022,Tonight @UMBC was mind blowingly amazing. Wow what a great night. Thank you Retrievers
U1,P8498,43019,"What I didnt know you played basketball

congrats my friend and thank you for being yourself. https://t.co/ynmgd2yri2"
U1,P8497,43019,I wish Trump would be quiet just long enough for everyone to focus on whats happening to homes in California. https://t.co/7ARy4ORo9o
U1,P8496,43017,Thank you for making me laugh so hard Andy. You made my day https://t.co/ZUuf3UMFlm
U1,P8495,43017,"Lincoln Nebraska, Hamilton Ohio and Greenville South Carolina. Thank you for making this one of the most fun weekends ever. "
U1,P8494,43016,The number of replies to this tweet is insane. As men we have to do better to stop this. https://t.co/bpgZs4P2FL
U1,P8493,43015,@AVoiceofReason nicely played
U1,P8492,43015,You say we made no mention but in the article you wrote that The Daily Show mentioned it https://t.co/j1otTMoUEw
U1,P8491,43012,Actually he killed himself. The miracle is that he was allowed to buy 42 guns and countless ammunition. https://t.co/DIr5PkHytn
U1,P8490,43009,Nashville Tonight at the Ryman was transcendent. Thank you again for having me. Next stop Broadway
U1,P8489,43008,The only thing you should be focusing on is the fact that Puerto Rico is on its knees. https://t.co/uoTvteEeEr
U1,P8488,43008,"LA, you were quick to get tickets for my Jan 20th show, so heres a 2nd show for your slower ticket getting friendshttps://t.co/M7ztuJ50yk https://t.co/L906RaqPJn"
U1,P8487,43008,"Charlotte, NC... youre moving a bit faster than I remember, but I like it  Lets add a 2nd show - Feb 24th https://t.co/Cw2JXX13aL"
U1,P8486,43008,Thank you Memphis What a night
U1,P8485,43001,"Youre not breaking up with me, Im breaking up with you https://t.co/6yCy4F9S4V"
U1,P8484,42995,Yo @MELANIATRUMP come get your man. #CyberBullying https://t.co/xk3HS3e4OQ
U1,P8483,42993,Anyone in Hershey PA need tickets for tonights show---gt https://t.co/LKMY5lDSbQ
U1,P8482,42993,Let me begin by saying thank you- thank you to every single person who has been and continues to https://t.co/uq6kb0dN3k
U1,P8481,42993,@Travon Maybe he was in your category and hes still pissed that he lost.
U1,P8480,42992,Thank you my friend. Heres to many more late nights together  https://t.co/slJ26jgH0s
U1,P8479,42990,I want the car that the camera is in https://t.co/JIxxVjCe74
U1,P8478,42989,Thank you comrades. Where would my comedy career be without you  https://t.co/P1YOyTQtqi
U1,P8477,42988,#Grateful  https://t.co/QjAnqJWpjy
U1,P8476,42988,Washington DC. This weekend you showed me love on another level. Thank you for 4 sold out shows at the Kennedy Center. What a dream
U1,P8475,42987,Washington DC ---gtany takers https://t.co/fI3FmxOAxQ
U1,P8474,42986,"Im driving and Shakira is singing, a match made in heaven  https://t.co/cBvtv2UOhH"
U1,P8473,42986,@AirlineFlyer @TheDailyShow Great coverage of the planes. It made my night Thank you
U1,P8472,42986,@JordynTaylorNow @roywoodjr Dopeness
U1,P8471,42985,"Im so excited for #XQLive and the great message of improving schooling for everyone.
#RethinkHighSchool https://t.co/ZfPBdQHl2m"
U1,P8470,42981,"With Trump, every day is prayer day.  https://t.co/O73kDHCFim"
U1,P8469,42977,Such a blast Joy. Thank you for joining us. https://t.co/LG3uofwnRu
U1,P8468,42974,"Thank you so much Eugene, Oregon. A beautiful room filled with beautiful people who all came to laugh together. I had a great time with you"
U1,P8467,42974,@amyhali @carldanielsns thank you for sharing that. I appreciate you.
U1,P8466,42971,Follow @HallieHaglund shes super funny.
U1,P8465,42969, https://t.co/Fxq0LtuAlP
U1,P8464,42966,Or maybe people would have still voted for him- Thats what this country needs someone whos doesnt spell like a politician https://t.co/BDFAryg8AV
U1,P8463,42960,Thank you Durban for always being so amazing. 10000 people came out and made this Sunday magic.  https://t.co/POtbjlagWA
U1,P8462,42956,Words cannot express how grateful I am to every single person who came to my first show at the Dome Were making history together
U1,P8461,42956,5 hours to go Theres a Gupta on my stoep Brought to you by @MNet . Cant wait to fill this with people and laughter https://t.co/F7aOe8EDAA
U1,P8460,42955,Were live on @Anele @947 @947BClub. Tune in.
U1,P8459,42954,https://t.co/Z8cpvh4pfS
U1,P8458,42952,"So good to be back on stage in SA. Warming up for the Dome shows this week, are you coming https://t.co/JTJaCPQZyQ"
U1,P8457,42951,@VictoriaReads @TheDailyShow Michelle Wolf and Desi Lydic dont count
U1,P8456,42950,@fivefifths Starship troopers
U1,P8455,42949,Please read this thread.  https://t.co/TOUo6SsWfK
U1,P8454,42940,Fake News. I shot them https://t.co/3Elc0dP8gs
U1,P8453,42937,I wish there was a Shazam for smells.
U1,P8452,42931,"Alright Tulsa, its show time. Lets do this comedy thing "
U1,P8451,42928,I love it https://t.co/089zhDr6hp
U1,P8450,42927,Joburg- my Friday night show on August 11th is officially sold out thanks Mr Gupta. Dont sleep on the tickets I can only do three shows
U1,P8449,42927,"Mzansi, the countdown has officially begun One month to go before my shows at The Dome. August 9,10 amp 11. Tickets- https://t.co/0O5cFYqQuf"
U1,P8448,42914,Thank you so much San Diego. What a wonderful evening this was 
U1,P8447,42901,"Hey Johannesburg, together with @MNet  weve added another show at The TicketPro Dome. 9 August. Tickets here https://t.co/hPyzpqzkkm https://t.co/aBYpz708il"
U1,P8446,42900,Too easy... https://t.co/ZghmUxaPpF
U1,P8445,42899,Roxane thank you for joining us on the show. Everyone needs to read this book. https://t.co/rzK4dsHC7B
U1,P8444,42889,Were ready and waiting. The first show was  so Im excited to do it again. https://t.co/7TMaIDdExf
U1,P8443,42889,@DrKnowItAll @TheDailyShow #ThankGodForDVR
U1,P8442,42887,@tatyanatechs Point taken. Thanks for the heads up
U1,P8441,42886,@JonathanWitt Covfefe indeed
U1,P8440,42886,"A tweet for everything 
#KathyGriffin https://t.co/r8sZ6Utr6r"
U1,P8439,42880, https://t.co/JM74QepU1I
U1,P8438,42879,Man Utd sneaking into the champions league like... https://t.co/1g5P4KcMBw
U1,P8437,42878,@chrislhayes @JWKerry Nope
U1,P8436,42878,"Thank you again @kevinandbean Id move to LA just to spend more time with you guys. See you for smileys tonight
 "
U1,P8435,42878,This cant be real https://t.co/E1NMgXh2FR
U1,P8434,42877,https://t.co/6cvmSOFarG
U1,P8433,42877,"Bill Gates just reviewed my book 

Started from Windows 3.1 now we here.

https://t.co/KqKFGWSjVd"
U1,P8432,42877,@JonathanWitt The same way the previous 6 foot plus president accepted the medal. By bowing
U1,P8431,42877, https://t.co/qZjjp4b6Hi
U1,P8430,42876,If an old man says hell trade you one treasure for a paraglider make sure you sign a contract He will try to screw you over.
U1,P8429,42875,Hilarious https://t.co/wTzAMpztxS
U1,P8428,42875,"Is
https://t.co/2e9htDBOMO"
U1,P8427,42875,This https://t.co/aK7n4kpjx5
U1,P8426,42875,"And Windsor, Ontario was 1000x amazing as Id hoped. Thank you for coming to the show https://t.co/5NNSwV1lak"
U1,P8425,42874,@DikelediMokone Dont ever stop dreaming and remember hard work makes dreams come true
U1,P8424,42874,Because theres about to be many openings https://t.co/SWETNSVWvo
U1,P8423,42874,"they grow so fast Pence thought, referring to Trumps scandals... https://t.co/Y1dKYrCMZA"
U1,P8422,42874,"Lets hope air force one doesnt have in flight wifi...
#NutJob https://t.co/0leDTy1CWq"
U1,P8421,42871,@ditzkoff Were close but not there yet...
U1,P8420,42867,"Any retraction in the news should have to be in the same space as the original headline, not in the bottom corner."
U1,P8419,42867, https://t.co/Bida7F9iR6
U1,P8418,42865,"I had so much fun doing this bit with @StephenAtHome and Jon Stewart my mentors, icons and friends. Happy 20yrs Colbert https://t.co/X8Bsw9Yu0I"
U1,P8417,42865,The only person having a worse day than James Comey is Lil Bow Wow.
U1,P8416,42863,Thank you so much. And thank you to all the fans whove made this dream a reality. #ProudlySouthAfrican https://t.co/Dj9xeZx4UC
U1,P8415,42863,Find you someone who looks at you the way Snoop looked at me after I won. #mtvmovieandtvawards2017 https://t.co/TTCz4JRCT2
U1,P8414,42863,"Backstage after winning MTV award for best host. Thanks for the pic snoopdogg
#mtv @ Los https://t.co/FhymrcCuSV"
U1,P8413,42863,"Thank you thank you thank you thank you. 
Wow https://t.co/sganR44i5D"
U1,P8412,42860,@AndreaChalupa @sarahkendzior I dont think theyre allowed to report on the details of the emails. A system designed to prevent media outlets from influencing elections
U1,P8411,42860,An honour and such a joy meeting chimamandaadichie. Ive learned so much from this amazing https://t.co/DQJggvQyKe
U1,P8410,42859,The ACHA is the American Collegiate Hockey Association.  https://t.co/R7SzLLdng7
U1,P8409,42857,"About last night...
Im one step closer to making this @rihanna and @LupitaNyongo movie happen https://t.co/cNbZVRVORQ"
U1,P8408,42857,"He doesnt need the money Ryan, he just wants some of that Live paper  https://t.co/tGOkfUkHN0"
U1,P8407,42856,ikigai 
U1,P8406,42856,@bluestockingsM Not defined but rather a common marker.
U1,P8405,42856,I lived most of my life in the overflow room. Thank you for having me.  https://t.co/mYdEijfdHn
U1,P8404,42855,Great job by @hasanminhaj at the #WHCD2017. 
U1,P8403,42854,"People of Durham, North Carolina. Thank you for two amazing shows last night and thank you for sharing your public bathrooms. "
U1,P8402,42851,"The Legend live. 
#time100 https://t.co/JJahSFZ87M"
U1,P8401,42845,"Im so excited. One more week 

The President Show - All Winners, No Losers https://t.co/qdU5HeMsft"
U1,P8400,42844,This video made my day.  https://t.co/3lTICRLYtB
U1,P8399,42840,"Game Time. Barca
#barcelona #fcbarcelona @ Camp Nou Stadium, Barcelona https://t.co/R4v2VhYEKV"
U1,P8398,42836, https://t.co/XxbkDobD80
U1,P8397,42836,"#GetOut part 2 @ Seville, Spain https://t.co/uLJIFaUGKX"
U1,P8396,42836,A Muslim comedian invited by the press to roast the president. @realDonaldTrump you gonna let this slide https://t.co/Gupfi1y3pz
U1,P8395,42834,"I failed because you did not pee, but theres always next time. . Thank you Ithaca College. #lacrosse https://t.co/Ua3c6u2EiR"
U1,P8394,42833,Thank you Philadelphia for having me tonight. First show done and so much fun. One more show to go. https://t.co/Ofuft5OjOG
U1,P8393,42832,Easiest way to understand President Trump is to listen to civilian Trump. https://t.co/zLyjSnrCSH
U1,P8392,42832,"Wow, thank you @MTV amp @MTVAwards for the nomination for best host. https://t.co/u7qtYnrNXm"
U1,P8391,42832,"Its sad that politicians cant find money for education, clean water or healthcare but they can spend millions to send a message to Syria"
U1,P8390,42832,Kim Jong Un right now... https://t.co/oaJNVpF5kE
U1,P8389,42832,"No puppet, no puppet..."
U1,P8388,42829,This network is going to the dogs #sad https://t.co/8PBUJC7p8j
U1,P8387,42827,@BabsDC96 Serviettes 
U1,P8386,42825,"Tickets on sale now for my fall tour Go to https://t.co/eyGfMXd9nb for cities, tickets amp info"
U1,P8385,42821,"Dont miss my Afraid Of The Dark tour New dates just added for Atlanta, Columbus amp Minneapolis https://t.co/GtUAC4bDCV"
U1,P8384,42818,#SoMuchWinning
U1,P8383,42818,@lincolnablades great article but I feel like you missed something. Be great to chat sometime. Love your work
U1,P8382,42818,"OK Uganda, you win. Ill try to visit sometime. But when I land, I want the original Rolex made by Sula in Wandegeya #TrevorNoahVisitsUganda"
U1,P8381,42818, youre trying to convince a South African by using wildlife #WeBeenHavingIt https://t.co/Qh47XpPS07
U1,P8380,42818,"Is this like when Columbus discovered America Because this was already announced under President Obama.

https://t.co/fKyiAPyDIZ https://t.co/wpTmNYRshf"
U1,P8379,42817,"This is a scam, Im not coming to Uganda. https://t.co/fAh8EUdtO7"
U1,P8378,42813,The pleasure was all mine. Thank you https://t.co/41jlOo8elV
U1,P8377,42813,Tonight I had the honour of performing for one of the most phenomenal audiences ever. Thank you @LoyolaChicago 
U1,P8376,42812,"Welcome to 2017, where China is telling the US to calm the f#k down. https://t.co/FpWCUdNYOv"
U1,P8375,42812,The Sharks were fire tonight Thank you @NovaSE. https://t.co/tapdB4fyg1
U1,P8374,42809,#SnowBae https://t.co/gBFTn71EHQ
U1,P8373,42806,Thank you Nickelodeon and thank you to the kids for choosing me. Kids never chose me in school but better late than never  https://t.co/FF11yEfCId
U1,P8372,42805,@JasmineGMehta @LIVEfromtheNYPL thank you for joining.
U1,P8371,42805, next time invite me in person https://t.co/aXPy4iHyz5
U1,P8370,42805, Thank you for choosing me as your first audio book. I really enjoyed recording it. https://t.co/5FFPKKZWqc
U1,P8369,42803,Excited to be part of the Mid-season finale of @NashvilleCMT Tonight at 9/8c on @CMT #NashvilleCMT https://t.co/QITcpmvE6Q
U1,P8368,42803,@MissMarquez4CHS @hulu I know Im also heartbroken. Luckily you can watch the show anytime on https://t.co/fmZD7gF1X9 or the app or TV
U1,P8367,42803,Thank you again @VanJones68 for having me on the show as your guest I had a great time. Thanks everyone for tuning in. #TheMessyTruth
U1,P8366,42802,Check it out Tonight Im sitting down with @VanJones68 on The Messy Truth at 9pm ET on @CNN
U1,P8365,42802,"Wathint abafazi wathint imbokodo.

#InternationalWomensDay"
U1,P8364,42802,Thank you for reading the book. Sharing my stories has honestly been a pleasure. https://t.co/tU32qA94bC
U1,P8363,42802,@iamtbotouch  thank you brother
U1,P8362,42799,@shezzlovely thats the joke puleng. That SA and US feels similar right now. My calmness is where the joke eminated from. 
U1,P8361,42799,"Im not gonna lie its fun being in a country where it feels like the president knows as little as we do about whats going on. 
#united"
U1,P8360,42799,"Mr President, you do realise that we ask questions online because unlike yourself dont have the CIA and FBI right https://t.co/3oSYCVS4mP"
U1,P8359,42798,Who is Donald Trump https://t.co/loKlVcmhM6
U1,P8358,42798,"Messi could probably chest trap a cannon ball. Amazing goal. 
#Golazo"
U1,P8357,42798,Sadio Man is a special player. Such a joy to watch.
U1,P8356,42798,"Wow it looks even crazier on a news stand. Look mom, Im on the cover of Time magazine.
 https://t.co/7cmJpGWXIM"
U1,P8355,42798,Great thread https://t.co/KMGVCoeVeF
U1,P8354,42798,I dont really know how I feel after watching #Logan. I think its a good movie but I also feel like I need to cry and go sleep.
U1,P8353,42796,Trump has just announced hes speaking at 2:30pm. What do you think hes going to do
U1,P8352,42796,Happy World Book Day https://t.co/cdfUI2LZyc
U1,P8351,42796,Thank you both for coming on https://t.co/2ldri0Grq9
U1,P8350,42795,Guys Trump just opened with Black History and Kansas Shooting and JCC. THE PIVOT IS HERE
U1,P8349,42794,I was dying with you Were back tonight. https://t.co/JFTeIwCExn
U1,P8348,42793, https://t.co/ky9fcj4GbA
U1,P8347,42793,Black people waking up this morning- https://t.co/yPXhx6UsOV
U1,P8346,42793,Its not worth saving your pre written piece. Just let it go. https://t.co/0cVuemSgoX
U1,P8345,42793,Steve Harvey right now--- #Oscars https://t.co/Zx4nRyMLPH
U1,P8344,42792,That works too https://t.co/sNvbl5Bxe2
U1,P8343,42792,Thank you for enjoying.  https://t.co/ufhbmTsxMa
U1,P8342,42792,Stanford thank you so much for having me on your fantastic campus. Sorry we couldnt fit everyone in. I promise Ill be back again. 
U1,P8341,42792,Thank you  https://t.co/oLiaSFQGkq
U1,P8340,42791,"GO TO A CINEMA AND WATCH GET OUT
"
U1,P8339,42790,Thank you Vancouver for again showing me love at the JFL festival tonight oh and thanks for offering me a plan B if Trump kicks me out 
U1,P8338,42790,"OK Vancouver JFL, two shows tonight. Lets make the funny or die trying"
U1,P8337,42788,#NewProfilePic https://t.co/vxrCszwhSJ
U1,P8336,42788,"I love being downloaded, it feels nice on my skin #ThankYou https://t.co/Lpp4p90lZt"
U1,P8335,42788,Or a masters degree in BAEness See you on Netflix. https://t.co/lSAKpZOyS9
U1,P8334,42788, https://t.co/0H5hEjomoO
U1,P8333,42788,"Living LA the South African way. Universal Studios with my day ones-
#UniversalStudios #WizardingWorldHollywood #TWDatUniversal https://t.co/hf8apKKvHh"
U1,P8332,42788,"Thank you Joburg Ticket sales have been insane these last 2 days I cant wait to bring my new show in August

https://t.co/0O5cFYqQuf https://t.co/tq6l3iJ6XG"
U1,P8331,42787,The day has arrived Check out my new comedy special #AfraidOfTheDark streaming now on @netflix https://t.co/oEjFZ4cXLq
U1,P8330,42786,"Thank you so much for the birthday wishes everybody. 
Oh and ps @rihanna let me know if were still throwing that joint party"
U1,P8329,42786,At 11pm on Comedy Central- Roy Wood Jnr is doing his first stand-up comedy special. Hes one of the funniest youve ever seen. Tune in
U1,P8328,42786,"Thank you Boston for six crazy amazing shows. I cant wait to come back to this city 

#Boston https://t.co/VO9GiaFQ8V"
U1,P8327,42786,"Thats ok, Donald, we all mess up. Its not like you have your own intelligence agencies to give you real news.  https://t.co/XasA6e2GJy"
U1,P8326,42783,Running like a fine-tuned machine https://t.co/6xeklpokGm
U1,P8325,42783,@jbouie that headline is misleading. He ordered meatloaf for the two of them.
U1,P8324,42780,One week away.... https://t.co/eWowSjiQyK
U1,P8323,42780,"Psst...heres a sneak peek of my @netflix comedy special Afraid Of The Dark airing February 21
https://t.co/TuSlXqHcM0 #AfriaidOfTheDark"
U1,P8322,42779,"Chance the Rapper with Trevor the Comedian.
Between the two of us we have 3 Grammy Awards https://t.co/Ekm85NLap4"
U1,P8321,42779,That sucks for Nordstrom now they have to find another cashier. https://t.co/i3fVOvTPfH
U1,P8320,42778,Oh what a night. You meet the most Grammy Awarded Artist Alive Mr Quincy Jones and he tells you https://t.co/b33ACJYhkD
U1,P8319,42777,I also sometimes forget when I talk to Russia. 
U1,P8318,42777,Such an honour to receive two NAACP Image Awards for my book Born A Crime. Thank you to every single person who has shared in my story. 
U1,P8317,42776,Thank you for being so strong whilst also doing amazing things for others. Good luck for Mt Kilimanjaro I hope everyone donates. https://t.co/DnNOaQolxJ
U1,P8316,42776,"Look mom, Im in the @nytimes crossword puzzle-  https://t.co/HOEprcamfN"
U1,P8315,42776,Fridays be like... Photo Credit: @ruminasean : Sean Gallagher Photography https://t.co/uPfsjJ8WYp
U1,P8314,42776,Honored to be presenting at the @naacpimageaward tomorrow Tune in live at 9pm on @tvonetv
U1,P8313,42776,@johnnystir thank you. And thanks for tuning in.
U1,P8312,42776,SEE YOU IN THE RING - Delusional boxer who has just been knocked out in the ring. https://t.co/vqGnHLzs9C
U1,P8311,42776,Lol he says this like he didnt just lose in court twice.  https://t.co/6ESTbEybvu
U1,P8310,42773,"People need to stop hating on President Jacob Zuma. Of all our democratically elected presidents hes easily in the top 3
#SONA2017"
U1,P8309,42772,I work with famous people  @roywoodjrs first comedy special coming out Sunday February 19th https://t.co/zxXwwX6IY7
U1,P8308,42772,"I call all the shots
Rip all the spots, rock all the rocks...
#NotoriousDJT https://t.co/hxJC2lAIjJ"
U1,P8307,42768,"Honored and excited to be presenting at the 48th @naacpimageaward Saturday, February 11th on @tvonetv https://t.co/WGV4Wz2dAK"
U1,P8306,42767,OK. Just a broadcast glitch. Its not happening yet people. See you tomorrow good people
U1,P8305,42767,What just happened Was that just my TV
U1,P8304,42766,Charlie thats not true. Legal immigrants at the airport were forced back onto planes leaving the US. But thank you for watching. https://t.co/W1hqCqarJ0
U1,P8303,42766, https://t.co/A9jd0MXdtt
U1,P8302,42765, https://t.co/G0ZvsRlzid
U1,P8301,42765,"So to all the people who didnt vote, tell me again how Trump and Hillary are the same thing "
U1,P8300,42765,The look on my face when the alarm clock goes off on a Monday morning Photo Credit: @ruminasean : Sean Gallagher Photography https://t.co/gTGwo0mjWD
U1,P8299,42763,"Those pants arent sagging, its just an alternative fit. https://t.co/FHRckbxSyT"
U1,P8298,42763,"It starts with the Muslims on the outside then it moves to the Muslims on the inside...
No youre right, that could NEVER happen."
U1,P8297,42762, https://t.co/6CibRXQP81
U1,P8296,42762,What a huge honor Many thanks to the @ALALibrary - My English teacher would be so proud #ZoraNealeHurstonAward #bornacrime https://t.co/Y1XhdqMEXz
U1,P8295,42762,"I waited 10 years to tell Laurence Fishburne this story. I cant lie, Ive lived an amazing blessed life. https://t.co/XE5GOKoehk"
U1,P8294,42761,If Trump cant accept the result when he wins whats he going to do when he loses
U1,P8293,42760,Lord in heaven. Why did the first politician to follow through on his promises have to be Donald Trump
U1,P8292,42759,"Theyre trying to sabotage you Mr President. That picture is marked with the wrong date, you were inaugurated on the 20th.
#GotYourBack https://t.co/Beb6imoaA4"
U1,P8291,42759,"Dear @realDonaldTrump, billion dollar idea- Supreme Court Apprentice Best ratings ever, whole country gets to vote via text. Thoughts"
U1,P8290,42759,Yogi and I are excited to announce my new @netflix special #AfraidOfTheDark Premieres 2/21 on #Netflix https://t.co/Y44MyWQJFU
U1,P8289,42757,@JoyAnnReid @kharyp A dead giveaway is the missing exclamation mark Trump almost always uses one- Sad
U1,P8288,42756,Joy was amazing. Tune in and enjoy our inauguration episode https://t.co/avlbeFU1RY
U1,P8287,42755,I think maybe Trump did write his own speech.
U1,P8286,42755,We stand at the birth of aluminium.
U1,P8285,42755,Right now in this moment Obama is president and Pence is vice president. Its like wife swap.
U1,P8284,42755,@fivefifths my response to the haters- https://t.co/FwL3PAuQt1
U1,P8283,42755,@fivefifths https://t.co/gSBYodvyhl
U1,P8282,42755,What do you think Trump will say about the number of people attending the inauguration
U1,P8281,42752,Were only 18  https://t.co/yOsr7Cc8iT
U1,P8280,42752,New @TheDailyShow episode starts in 5 mins and in 5 mins and 3 hours on the west coast. Tune in.
U1,P8279,42750, https://t.co/0lvHVjCPH4
U1,P8278,42750,Thank you Joe. And yes thank you to my mom. https://t.co/lO3pu094Xy
U1,P8277,42750, https://t.co/1Wx0dq3DXh
U1,P8276,42750,"3 Movies Ive loved watching this year-

Hidden Figures
Lala Land
Moana 

All magical in different ways."
U1,P8275,42748,Thank you so much everyone whos bought my book in Canada.  https://t.co/oRJRnreQDf
U1,P8274,42746,I think Trump is gonna beat Hillary.
U1,P8273,42742,I loved recording the audiobook. Im so glad you enjoyed it. Thank you https://t.co/twvhVtUwRM
U1,P8272,42742, thank you https://t.co/cxukcaKFD2
U1,P8271,42742, https://t.co/KUX8sSPY9W
U1,P8270,42742,@eugenekhoza youve been there with me many times when I have.
U1,P8269,42741,Quick NBC change your name to Russia... https://t.co/3yqYsQxcIF
U1,P8268,42741, https://t.co/3iDN6AaPf5
U1,P8267,42741,The iPads will take effect after the next election but thank you for the praise #RewardAndDelay https://t.co/B7yn3WVObt
U1,P8266,42739,The Daily Show is back from vacation in Russia. Comedy Central right now and right now in 3 hours on the West Coast.
U1,P8265,42737,@medge89 thank you Meg 
U1,P8264,42737,@medge89 yeah that run was insane. We did well though. 
U1,P8263,42736,New Year- Who Dis
U1,P8262,42735,Happy New Year everybody. 2017 is going to be so much better than 2016 even though were bringing along all the same people
U1,P8261,42735,People forget how much 1 year actually brings to their lives. Take a moment to reflect amp to hope for another amazing year. Happy New Years
U1,P8260,42735,@DanAmira you mean 8 years
U1,P8259,42733,This made me laugh. Tell your Grandmother as long as she lets everyone know Im her favorite she can tell everyone Im her Grandson https://t.co/DbFxFrJsf4
U1,P8258,42732,Thanks @JILLFRITZO @audiblecom and everyone who listened to the #BornaCrime audio book I spent so much time recording it glad you like it https://t.co/ZIsv23XUA8
U1,P8257,42731,"Yes, president @BarackObama is doing a good job. https://t.co/su1ue4gzgC"
U1,P8256,42730,I spent so much time recording my audio book. Thank you for listening and sharing. https://t.co/wzXKtlju49
U1,P8255,42730,"@zacarytacoj thank you for reading the book and Im so happy it connected with you. The world is small, one day well meet"
U1,P8254,42729,Wishing each of you a very happy and safe holiday May the real gifts of the season be present in your lives. Photo Credit: Sean Gallagher https://t.co/6JRVVLzD2j
U1,P8253,42729,@ACHardig merry Christmas to you both. I hope you have custard and jelly
U1,P8252,42725,@bloggins1 I feel your pain. 
U1,P8251,42725,Thank you for reading the book and sharing in my story. https://t.co/FbvYqdprCa
U1,P8250,42725,Thank you for listening to my audio book and yes my mother is the amazing force who made my life possible.  https://t.co/BvGYLJ2O6p
U1,P8249,42718,Just found out that #bornacrime is the highest rated audiobook of 2016 Thank you @audiblecom amp everyone who listened It was fun to record
U1,P8248,42717,So incredibly honored to be nominated for two #ImageAwards for #bornacrime Thank you @NAACP for this amazing recognition https://t.co/u8LlSZhveK
U1,P8247,42717,I just got a VR headset and a @FalconNW gaming rig. If this is the future of gaming were never going to live in reality.
U1,P8246,42717,Yo @chrislhayes- fascinating town hall with @BernieSanders tonight.
U1,P8245,42716,@PoppieMae happy birthday
U1,P8244,42714,@fabiandamboeck yes indeed.
U1,P8243,42712,@Rosenbergradio @CoupCoup40Cal heres the story of how Kkk leader David Dukes Godson changed through engagement - https://t.co/za5CVHIIZ1
U1,P8242,42712,What a blast on @Andy with these two Legends. One of the nicest most genuine couples youll ever https://t.co/p0rGKuRxTd
U1,P8241,42711,Thanks for listening. Sometimes as people we dont want context we only want the info we need to fight what we want to fight. https://t.co/o6OmZMM6Fx
U1,P8240,42711,Thank you for supporting all the way from Schland  https://t.co/d023Pjbozo
U1,P8239,42711,"The breakfast club was real fun. Thank you for having me on 
@djenvy @angelayee and @cthagod.
 https://t.co/KNGSlp0BI7"
U1,P8238,42711,@eleven8 the same reason theres no pill for alcoholism.
U1,P8237,42708,Italuscita
U1,P8236,42708, https://t.co/nunqSD2Hnb
U1,P8235,42708,Says the star who taught me how to use YouTube. Next time I see you Ill hug you to death. https://t.co/K2xBoh05h8
U1,P8234,42708,"@dreamteamsa  youre a moron. I love puns, nicely played."
U1,P8233,42707,"its alt right, but its ok, Im gonna make it anyway..."
U1,P8232,42706,Extended Interview with @TomiLahren on @TheDailyShow https://t.co/UiUh6Dxi10 via @ComedyCentral
U1,P8231,42706,@Rosenbergradio how is it a bigger audience Her videos get viewed 50 million times.
U1,P8230,42705,@CheerstoLiving youre sitting into a void. . Comedy is not for everyone but Im glad you get it.
U1,P8229,42705,Make a difference in the lives of children living w/HIV by donating to @keepachildalive https://t.co/Lrlbe28hIB #StoptheAIDieS #WorldAIDSDay https://t.co/2X06hQsQ9M
U1,P8228,42705,Thank you for being my guest Tomi. Our goal should be to destroy these bubbles not each other. Youre always welcome on my show. https://t.co/AairL3cdAy
U1,P8227,42704,@JTashara I love Twitter.
U1,P8226,42704,My talk with Sen. @CoryBooker about #BornaCrime via @Slate https://t.co/54eAYVvaSX
U1,P8225,42703,"I never dreamed my book would get such a good review from the @Nytimes. 

Mama we made it.  https://t.co/WMYnbDb26N"
U1,P8224,42703,@JonathanWitt in South Africa we pronounce it Koo. 
U1,P8223,42702,@leelesburg thank you Lee. Im shocked that a story so old could seem so current. Interesting times ahead.
U1,P8222,42702,@estherracquel thank you for allowing me to share. I appreciate you and your support.
U1,P8221,42702,@AlexusMedinis @chrissyteigen this is Twitter. I dont take chances anymore.
U1,P8220,42702,Wow this is powerful. Please try read... https://t.co/GghsJohG2w
U1,P8219,42702,"Its too late. He already owns Miss Universe...
 Puts on shades and episode starts

I know trump sold the pageant this is a joke https://t.co/RiiHlbJKJI"
U1,P8218,42701,@DntNeedNObadi deal
U1,P8217,42701,@KwadwoBTG ahh shame. Has no-one told you about the unfollow button. Im speaking by myself you can choose not to listen.
U1,P8216,42701,@NikkiWheelerUK @pestononsunday @NigelFarage I wasnt pro Clinton I was anti Trump. I dont like turbulence but Id choose it over a crash.
U1,P8215,42701,@meks2850  and yet you just tweeted about me. I guess attention was paid after all 
U1,P8214,42701,Damn. Now I understand why Brits complain so much about geo locking. I cant watch anything online.
U1,P8213,42701,@susankaranja thank you Susan. And thank you for tuning in.
U1,P8212,42701,@ArsenalFishing I never said it was. I understand the economic underpinnings for the vote.
U1,P8211,42701,@ArsenalFishing I dont judge people for voting the way they do. I question it. But I do judge politicians for misleading voters on Brexit.
U1,P8210,42701,@youngblackcon thank you for your conversation. I changed the tweet.
U1,P8209,42701,"In a previous tweet I said Mike Pence supports electrocuting gay people which is not true, he supports torturing them. My apologies."
U1,P8208,42701,And your friend Mike Pence supports torturing Gay people to make them straight. https://t.co/rnsPgQShDJ
U1,P8207,42701,@JonathanWitt youre right. I should have said torturing.
U1,P8206,42701,@JonathanWitt does he not support torturing gay people until they become straight
U1,P8205,42701,@YTM1staWu1fy @youngblackcon @JonathanWitt Im not making this up. Read 4th circuit court ruling on North Carolina voter id laws.
U1,P8204,42701,@YTM1staWu1fy @youngblackcon is not the requirement thats racist. Its the blocking of access to getting an id thats racist.
U1,P8203,42701,@JonathanWitt @youngblackcon our voter id laws are not aimed at disenfranchisement of poor people. Its super easy to get an id in Sa.
U1,P8202,42701,I had a wonderful evening with everyone who joined tonights #guardianlive event in London. Thank you all for making my night.
U1,P8201,42700,@youngblackcon I hear you. But I argue smart politicians know how to obscure- few support racism but many support monster voter id law.
U1,P8200,42700,@KeithOsmun thank you and thank you.
U1,P8199,42700,@Lclark74L he was actually fine. Other than being expelled he went on to live a normal life. Now working for Audi as a technician.
U1,P8198,42700,@KeithOsmun Ill check him out and sorry for the crazy timeline. I love engaging but Twitter likes fighting.
U1,P8197,42700,@youngblackcon @YTM1staWu1fy @KeithOsmun if you support conversion therapy and that therapy includes electric shock What am I missing
U1,P8196,42700,@KeithOsmun yes. He supports conversion therapy. Which also includes electrocution.
U1,P8195,42700,@hdmaert not moral equivalence. Rubio using the gay cause when it suits his argument.
U1,P8194,42700,. https://t.co/K8tAVHyM16
U1,P8193,42700,Feeling Thankful... #bornacrime debuts at #2 on @audiblecom Had such a great time recording this for everyone https://t.co/iv9L0w2Nn4
U1,P8192,42700,Such finesse. The presidential pivot is complete... https://t.co/X9IAzy0Ooe
U1,P8191,42699,@DanAmira I was about to tee the same thing. Just without the boat.
U1,P8190,42699,"Thank you so much for joining me at my book launch in London tonight. Such a warm and fun audience, I wish we could have stayed longer."
U1,P8189,42699,@BrandoFurtado its scary. I watched it when it came out. I told everyone at my show to watch it.
U1,P8188,42699,Im glad youre wearing the official uniform. See you all tonight https://t.co/4sew4DXQE0
U1,P8187,42699,"London, tonight Ill be there https://t.co/jNSOSgOSY9"
U1,P8186,42699,Thanks for tuning in. I had fun. https://t.co/0zwEanFTkf
U1,P8185,42699,@kthalps I agree hes been amazing. But voting is something I never take for granted. Maybe its my countrys history.
U1,P8184,42698,@frannielyn79 thank you. I hope you enjoy it.
U1,P8183,42698,@belgatherial again Im terribly dream sorry.
U1,P8182,42698,@AJCruz125 @ItsCurran thanks for the support guys. Im glad youre enjoying the book.
U1,P8181,42698,Happy Birthday  https://t.co/lT4XAMyQlx
U1,P8180,42698,@kthalps fighting I just disagree with the notion that voting was useless because Hilary amp Trump are the same.
U1,P8179,42698,@bradleyzabel calm down. Youre watching repeats. Im in London.
U1,P8178,42698,@RosskoKeniston yes its available or should be on sale soon.
U1,P8177,42697,. Life will never be the same after Trump. https://t.co/ZAmTZJLyvo
U1,P8176,42697,"Jokes aside, thank you to the @nytimes and most importantly every single person who has allowed me the honour of sharing my story with you."
U1,P8175,42697,Thank you again for having me on brother. Please tune in tonight. Tavis and I had a great conversation. https://t.co/yMHO3iQpDx
U1,P8174,42697,@jhamtiger merry Christmas. And please pass my gratitude to your lovely wife
U1,P8173,42697,@jessyreneeh thank you for joining. Im really having a great time meeting and learning from new people. Thank you for joining.
U1,P8172,42697,@smaryyy hilarious
U1,P8171,42697,Im beyond excited to have my first book Born A Crimeon the failing @nytimes bestseller list. I never imagined this was possible. Sad
U1,P8170,42697,So this happened last night... @latelateshow @JKCorden @aaroneckhart https://t.co/bmjyd2bmE2
U1,P8169,42696,Thank you to everyone who came out in San Francisco to join in my book event. I enjoyed the conversations. 
U1,P8168,42696,@paulxox thank you Paul.
U1,P8167,42696,"Yes, the same way your ex accidentally posts a picture of their new relationship to your timeline. https://t.co/bVpraqgddW"
U1,P8166,42695,Happy Thanksgiving. https://t.co/wXBA5vbL5y
U1,P8165,42695,Thank you for joining.  https://t.co/Jx3M5PJ7Z6
U1,P8164,42695,Yo UCA was on fire tonight. Thank you Bears for coming through. Hopefully theres a spot on the bench for me https://t.co/wzJEZ2vy7R
U1,P8163,42695,@LoriKovacevich sup Lori
U1,P8162,42695,@ApolonTorq Im still baffled by that.
U1,P8161,42695,@SelestedeLaney of course. Send it to the Daily Show. The address is on the website.
U1,P8160,42694,@tomgara fun fact my Twitter isnt my job. Weve done multiple episodes on the fake university on The Daily Show.
U1,P8159,42694,@joeypurple yes sir. Ill be there in 2 weeks
U1,P8158,42694,"Maybe soon America will also have its own Gupta family

#DonaldZuma #StateCapture #BusinessAsUnUsual https://t.co/mh1SDeXAC4"
U1,P8157,42694,"@wordalchemy thank you Becca, Im thrilled you enjoyed it."
U1,P8156,42693,@CHIMMYXIV @realDonaldTrump dude Im counting down.
U1,P8155,42693,Yo @realDonaldTrump. I think the Republicans are gonna try to impeach you so that they can give the presidency to Pence.
U1,P8154,42693,Wow the audience at Hamilton booed so loud that the news didnt hear about Trump paying 25m to settle his fake university lawsuit.
U1,P8153,42693,"@GQSpot @LindoMnisi left hand drive, right hand drive. "
U1,P8152,42693,"Ha ha nice try Mr China we know its a hoax
#globalwarming #SantaInShorts #WeCanTotallyUndoThis https://t.co/MTsTgfMSVn"
U1,P8151,42693,"@AuthorASKerr Im not offended at all. Were not in a good place in the world, easier to attack each other. Thanks for supporting either way"
U1,P8150,42693,Wow. Thank you Chelsea. This means the world to me. And thank you to everyone who went out and got the book. https://t.co/l0YiFf7Wof
U1,P8149,42692,"If you travel to the U.S., You should let me know- Trump to Theresa May

Homeboy conducting presidential business like a whatsapp chat"
U1,P8148,42692,@ohmyccwebbie you just made my night. 
U1,P8147,42691,Come see me tonight @BNUnionSquareNY for a #BornACrime discussion with Chris Jackson Limited seats remaining https://t.co/K5ARv4gsfd
U1,P8146,42691,"@fivefifths and he might end all corruption, barring one exception."
U1,P8145,42690, https://t.co/52SPqKj1mK
U1,P8144,42690,Next up the swimsuit competition... https://t.co/lYf8gr9057
U1,P8143,42690,@ThatoMkk @Anele I appreciate that message so much. Thank you Thato. And thank you Anele.
U1,P8142,42690,Thank you so much to everyone who pre-ordered my book amp all of you who went out and got it today. Im thrilled to share my story with you. 
U1,P8141,42689,The wait is over Fetch your copy of #bornacrime available in-stores and online now https://t.co/VKZEmlN9wK
U1,P8140,42688,Limited seats remaining for tomorrows event at the @92Y #bornacrime https://t.co/qvshUeRQxP https://t.co/1ECgYF9JTE
U1,P8139,42688,Had a great time on @CBSThisMorning talking about #bornacrime Thanks @charlierose @GayleKing and @NorahODonnell for having me on https://t.co/D86w0CfGnk
U1,P8138,42688,Catch me on @CBSThisMorning at 8:30am Im on the way @charlierose @GayleKing and @NorahODonnell s
U1,P8137,42688,@fivefifths so you got exercise and information. God is good.
U1,P8136,42687,@Mintmulatto we should be able to disagree with those on our side too. Im not demonizing just disagreeing with his voting comments.
U1,P8135,42687,@EritreaStruggle the curse of Twitter is its character limit. Maybe one day a meeting in person will enlighten us both. 
U1,P8134,42687,@sourlyfe neither my help you but what if one may be actively detrimental
U1,P8133,42687,@Hibzx @SaidaRunThis @sartuahmed Ive never bashed him from my desk. In fact Ive supported him. I just dont agree with voter apathy. 
U1,P8132,42687,@SaidaRunThis @sartuahmed @Kaepernick7 flawed definitely but we cannot deny that some tiny progress has been made. Now we go backwards
U1,P8131,42687,@sartuahmed @SaidaRunThis Kaepernick said he didnt vote because it was all the same. Thats what I was referring to in my tweet to him.
U1,P8130,42687,@sartuahmed @SaidaRunThis @Kaepernick7 its easy to undervalue the importance of a vote when youve never had it taken away.
U1,P8129,42687,"@sartuahmed @SaidaRunThis  when some people throw projectiles at the police, the police now have the justification to shut it down."
U1,P8128,42687,@sartuahmed @SaidaRunThis @Kaepernick7 Ive never scrutinized magnitude. My countrys freedom was born from protest.
U1,P8127,42687,This is amazing. Please read- https://t.co/FUWkBwKQte
U1,P8126,42687,@TheGuruburu...the need for man to overcome oppression and violence without resorting to oppression and violence.
U1,P8125,42687,@TheGuruburu Nonviolence is the answer to the crucial political and moral questions of our time...
U1,P8124,42687,Talking with @CBSMMiller on @CBSSunday about #bornacrime today on @cbs https://t.co/ZUoDjVv8a0
U1,P8123,42687,@MeWeFree one candidate might not move you forward but you know the other will set you back- thats still a choice.
U1,P8122,42687,@kbheld @ChiHumanities thank you for joining. Our compassion is going to be put to the test like never before.
U1,P8121,42687,@MeWeFree trust me I feel you but surely he understands his platform extends beyond just himself He can affect so many future voters.
U1,P8120,42687,@JessicaPritzker thank you so much for joining. I feel like we all know nothing but we can learn everything together.
U1,P8119,42687,"@MeWeFree Not knocking the good hes done but ppl are already trying everything to suppress the black vote, this thinking only helps them"
U1,P8118,42687,@MeWeFree the wrong President can harm so many more people than one person can help. Its not one or the other- a vote is also a protest.
U1,P8117,42687,Then someone will make the choice for you. https://t.co/ZElKJMjl0H
U1,P8116,42687,@arvywise touch
U1,P8115,42687,Dear @Kaepernick7 sometimes theres no play that will definitely win you the game but you dont help anyone by sitting on the bench.  
U1,P8114,42686,Dont give Trump and the police who support him an excuse to shut you down. Protest peacefully. Remember the purpose of your rage.
U1,P8113,42686,"I could not have asked for a better audience to end this week with. Thank you Austin. 
Insert longhorn emoji"
U1,P8112,42686,Nes Classic- the memberberries strike again.
U1,P8111,42685,Mission Complete... https://t.co/NdyYN4PpC9
U1,P8110,42685,@TomBeerBooks @Newsday I appreciate that. Thank you.
U1,P8109,42685,Please read this... https://t.co/BMY5HkXbwq
U1,P8108,42685,The wizarding world after Voldemort returned...thats how it feels in the streets.
U1,P8107,42685,Thank you to everyone at #INBOUND16. Thank you for letting me share a moment with you.
U1,P8106,42685,Aaaaaand hes back https://t.co/vdxy30Z8n7
U1,P8105,42683,"Did someone just shout Kill Obama
"
U1,P8104,42683,This is like a sketch.
U1,P8103,42683,"I know Americans dont use this phrase but this is totally squeaky bum time.

#ElectionNight"
U1,P8102,42683,5 steps forward. 10 steps back.
U1,P8101,42682,Thank you @theskimm for being this interested in my mornings https://t.co/g5OMYxuMXS
U1,P8100,42682,Pick your color @TheDailyShow @Snapchat filter https://t.co/2ZNe6zaYNu
U1,P8099,42682,Did you check out @TheDailyShow filter on @snapchat Let me see your snaps #ElectionDay
U1,P8098,42681,Donald Trump has ruined red caps.
U1,P8097,42679,In conversation a special event @92Y in NYC on 11/15 Each ticket comes with a signed copy of #bornacrime Tickets: https://t.co/hNRVOyMYnB
U1,P8096,42677,@abouttjim @TheRoot welcome to the internet.
U1,P8095,42674,@Boston3346 success
U1,P8094,42673,@germanrlopez or it will just have begun. Dun dun duuuuuun  
U1,P8093,42672,Win #bornacrime b4 u can buy it Go 2 https://t.co/OCUM8lq7ua amp click on the envelope 2 join the mailing list. 3 people will win Good luck https://t.co/YYMBSNlDqj
U1,P8092,42672,San Antonio- Tonight at the Tobin was magic. Thank you for a special night of warmth and funny. https://t.co/7zrxtJh1oe
U1,P8091,42672,@DanAmira thats racist
U1,P8090,42672,@jessicageorgo get to tweeting. Lets do this 
U1,P8089,42672,And Ive binged on Bbq to prepare for San Antonio. Gonna be a fun show tonight at the Tobin Center see you there https://t.co/ZFhCS7uJaa
U1,P8088,42672,@GaveDames @AmericanAir tweet them now. We can all practice authentic interactions.
U1,P8087,42671,I had such a great time. Thank you again for having me. https://t.co/omEjZjWM6b
U1,P8086,42671,Thank you #sfsummit not just for a great conversation but also for allowing me to meet some of the most amazing minds. Except Chris
U1,P8085,42664,Congratulations @bonangm @NomzamoMbatha amp @yemialadee Have an amazing night at #MTVMAMA2016 Wish I could be there with you @MTVBaseAfrica https://t.co/RkrL6dIAiw
U1,P8084,42664,Thank you for all of the get well messages. I am so sorry to have to miss #MTVMAMA2016 @MTVBaseAfrica https://t.co/pGQoIZq5kN
U1,P8083,42664,"So sorry everyone...Please read below, far too much to tweet. #MTVMAMA2016 @MTVBaseAfrica @MTVBaseSouth https://t.co/hPzpbvqWbC"
U1,P8082,42663,Donald Trump is doing that thing where his eyes are his mouth again. https://t.co/FE4rzNTQvW
U1,P8081,42662,Thank you @GQMagazine Even Though Its Awkward https://t.co/OyybhPdBWY
U1,P8080,42660,Join me live in conversation @CentralHall in London for the launch of my book #bornacrime Tickets amp Information: https://t.co/AlCnZLX7U3 https://t.co/IlTkiDPy5l
U1,P8079,42659,Thank you LA. Last night at the Dolby Theatre was out of this world. https://t.co/BvcFQ0IVit
U1,P8078,42658,@bruce6620 @TheDailyShow @hulu save me some ice cream
U1,P8077,42658,@sutherland604 dude cmon. I worked all my life on my African accent.
U1,P8076,42658,I hate how people make this seem simple. Just because Donald Trump said he did it amp women also said he did it doesnt mean its true.
U1,P8075,42657,@trashgaryen you should have said hi.
U1,P8074,42657,@mattyglesias translation: Is Trump who he says he is
U1,P8073,42656,@kaitdrake2 then were doing something right . Thanks for your support
U1,P8072,42656,Yes sir indeed I do. See you in Phoenix on Friday https://t.co/BZQGjjNmpz
U1,P8071,42655, Drake sprained his ankle falling for Rihanna- @Anele
U1,P8070,42653,@JonathanWitt or imagine a country so divided it doesnt care about the truth it only cares about sides.
U1,P8069,42653,Is Martha Raddatz winning this debate
U1,P8068,42652,"People please Just because Trump has said and done these things all his life doesnt mean thats who he is.

#pussygate #TrumpTapes"
U1,P8067,42651,Phoenix Arizona is gonna be a blast next week. Its my first time doing a show out there.  https://t.co/zsw3ddAtZI
U1,P8066,42651,Wrong. Good times in DC. https://t.co/jdG70yhbB7
U1,P8065,42651,Yo can I just say that last night in D.C. was one of the most epic nights of my life. Both shows at the Kennedy center. Thank you all https://t.co/1MDlG0xISv
U1,P8064,42651,New York City. November 5. Its on https://t.co/p4AvwfArL1
U1,P8063,42651,@eliothochberg @ucbcomedy @cwwhoseline @PhilHendrieShow youre messing with me right You know I was joking
U1,P8062,42650,"As soon as Trump loses, GOP are gonna act like they were hostages amp never liked him- We couldnt do anything, he grabbed us by the pussy https://t.co/l0dqdZNgEs"
U1,P8061,42650,Wishing @TheDesmondTutu a very happy 85th birthday Congratulations on The Book of Joy #sharethejoy https://t.co/t9PwTzzJmY
U1,P8060,42650,Hanging with @carmeloanthony tonight on @TheDailyShow @ComedyCentral https://t.co/JSZHA8me90
U1,P8059,42649,"Im coming for you Los Angeles  Oct 15th @DolbyTheatre Tickets available  @Ticketmaster
 https://t.co/7i6yduLkN2"
U1,P8058,42649,This covers just for you Southern Africa Available 15 November #bornacrime https://t.co/SPsTxM10Wu
U1,P8057,42648,@TatsNkonzo i loved Generations
U1,P8056,42646,@joshgondelman yeah great meeting you and Jeff last night. See you again soon hopefully.
U1,P8055,42645,@jordanklepper The picture is too complicated for you to understand and it will detract from me making comedy great again
U1,P8054,42645,"Geez  just watched the snl debate sketch @AlecBaldwin #KateMcKinnon and #MichaelChe crushed it

https://t.co/xJa9GncQLy"
U1,P8053,42645,@jordanklepper ha ha you spoke too soon klepper. At least 300 people showed up #winning
U1,P8052,42645,I could not have asked for a better audience in Denver tonight. Thank you to everyone who came out and shared the night with me. 
U1,P8051,42644,"Wow, people are really excited to see a mixed race superstar perform in Denver tonight...and @Drakes here too. "
U1,P8050,42644,Touchdown Denver. Hope youre ready for the show tonight. Im in the mountains hiking but Ill https://t.co/34gMyZ9c5j
U1,P8049,42644,@bubbsmama life its always happening to us but we choose how to feel about it. Hope you have a great day. Thanks Denise.
U1,P8048,42644,@jacqua83 wow its real. I hope you enjoy the book.
U1,P8047,42644,@TronAlan1 jokes on you. I dont wear underwear.
U1,P8046,42644,@JustALilLost thank you. I hope you enjoy it.
U1,P8045,42644,@TheTeacher26 wow. Thanks for making the journey Andrew. I had a great time with you.
U1,P8044,42644,@elwaysdad oh snap. Happy Birthday. One more year till you can drink in Europe
U1,P8043,42644,"Thank you Portland for such a fun night. Now Im gonna walk around the park naked. 

#GoodTimes"
U1,P8042,42644,"Ok Portland. Lets do this
#ComedyTime https://t.co/CATizLh3u3"
U1,P8041,42643,@mattyglesias @jbouie maybe Facebook thinks Jamelle can be swayed #BernieOrBust
U1,P8040,42643,
U1,P8039,42639,@ShaunKing so every model of car overheats Both the suvs and the sedans
U1,P8038,42638,@smellykadd Angelo Lozada
U1,P8037,42638,Merci Montreal. Thank you for filling this beautiful theater with your energy and laughter. https://t.co/nSYHZINaab
U1,P8036,42637,@moshekasher shut up Moshe. We dont care about who she actually is we care about who we think she is based on who we think she was
U1,P8035,42637,@RichardCrouse such a pleasure. Lets do it again for sure
U1,P8034,42637,@kathymacdermid I will work to be better. Thank you
U1,P8033,42636,Does this mean Ted Cruzs dad did kill JFK
U1,P8032,42636,@kashishmusic @ATSLDating i hear what youre saying but am I really bringing attention to someone with 65 million views
U1,P8031,42636,@TomiLahren you just made my day. See you soon
U1,P8030,42635,"I think Cersei did it.
#DesignatedSurvivor"
U1,P8029,42634,Guess whos hosting the @MTVbaseAfrica #MTVMAMA2016 See you 22 October in my hometown Johannesburg https://t.co/IwKWFWrejP
U1,P8028,42634,@annshoket @EmWatson @HeforShe I know the feeling. I ditched the car and walked to the venue.
U1,P8027,42634,Thank you @EmWatson and everyone at @HeforShe for the amazing work youve been doing over the past two years. Heres to many more
U1,P8026,42634, https://t.co/5650T4jFA6
U1,P8025,42632,.@jimmykimmel killed it at the #Emmys  such a fun show. Congrats to Oliver and KeyampPeele my fav shows.
U1,P8024,42630,.@mcuban: Ill donate 10 million to charity if Trump can explain his own policies https://t.co/hnL9Di6mD6 # via @HuffPostPol
U1,P8023,42629,@dori @TheDailyShow youre right. We need to do better. 
U1,P8022,42628,Wow cover of @TIME magazine and we look so pretty. https://t.co/ab7pEjM4xc
U1,P8021,42628,Backstage @colbertlateshow with one of my favourite NBA players of all time @alleniverson. We https://t.co/KwTzAWR0XS
U1,P8020,42628,
U1,P8019,42628,Backstage at @colbertlateshow ... Namaste #LSSC https://t.co/1UptS47Axe
U1,P8018,42626,Hanging out with @StephenAtHome tomorrow night on @colbertlateshow https://t.co/TrnDCPHGpk
U1,P8017,42626,@fivefifths but they sound amazing.
U1,P8016,42624,I was having just a much fun on stage. Thank you https://t.co/KSV1WvzCJD
U1,P8015,42624,"Madison I am grateful to you for your wonderful energy. Wow. That was fun. Good luck for the ironman tomorrow
  "
U1,P8014,42624,@sarahilliger @emmastutzmn my pleasure
U1,P8013,42623,@emmastutzmn @sarahilliger two tickets waiting for you at the box office. Tell them its for pizza girls.
U1,P8012,42623,@danielradosh @dannyboi965 these misquotes are killing us.
U1,P8011,42623,@DanAmira or the polls move because theyre sampling different people
U1,P8010,42623,@DonMampeezy eish if you can help me spell it youll make my day
U1,P8009,42623,@MABSportPsych thank you for coming. No regrets well always have next time.
U1,P8008,42623, https://t.co/fzM6CV35mS
U1,P8007,42623,@kelseybonnet priceless
U1,P8006,42623,@Kwezilomso ngisazobona
U1,P8005,42623,"@bunnyniko yes but Zulu, Tswana and Tsonga I learned from the streets."
U1,P8004,42623,@SineQhayiyaSQ @SARS and translate from Zulu to English.
U1,P8003,42623,@ItsVilaB0ngz Vele
U1,P8002,42623,@moshekasher I knew you would
U1,P8001,42623,Ngiyazama Sine. Zonke izilimi zase South Africa zisesenhliziyweni yami. . Kodwa angikho perfect  https://t.co/a08t1RecLO
U1,P8000,42623,@TillyTweets Cmon Chris. Its the same way well have on a movie star as a guest. We talked social action not roasting techniques.
U1,P7999,42623,@Eesaamanutd happy birthday ma se kind
U1,P7998,42623,"@mygs22mygs if a Pokemon uses psychic attacks and specialises in hunting ghost types, Im gonna call it psychic"
U1,P7997,42623,@fancieface lol thats not fair
U1,P7996,42623,Psyduck was my opening act. I like a psychic Pokemon to get into the audiences heads. https://t.co/gHzbAhPyyP
U1,P7995,42623,@TessahDolata I took pictures outside. You should have come through.
U1,P7994,42623,Happy Birthday again. Thanks for sharing it with me. https://t.co/m48rjcqczO
U1,P7993,42623,Thank you so much. Milwaukee was fun and the city is really beautiful. Ill come back and well be friends https://t.co/yW2THCzMIQ
U1,P7992,42623,Hanging out backstage pre show in Milwaukee. Its gonna be a fun night. https://t.co/AuHi3AH3bv
U1,P7991,42622,I love American football but last night the way Cam Newton kept getting hit in the head made me uncomfortable.
U1,P7990,42622,@ChrisDelaney no. We needed to seat her where the camera wouldnt block her view. Thanks for watching.
U1,P7989,42621,2nd show added @BeaconTheatre  #NYCF Pre-sale starts now with promo code: 2FNYCF https://t.co/ucltjJI0xd https://t.co/Jv63CpVC1T
U1,P7988,42621,@girls4ronpaul @hasanminhaj
U1,P7987,42621,"@iambrittania for you, I keep doing what Im doing. Thank you"
U1,P7986,42619,Born A Crime: Stories from a South African Childhood on sale November 15 Info @ https://t.co/OCUM8lq7ua #BornaCrime https://t.co/tCN0FIIKeR
U1,P7985,42619,"Ann Coulters face is making this show. 

#LoweRoast"
U1,P7984,42618,@yerkaproject hi. How do I get updates on an order
U1,P7983,42618,This is so smooth I thought the video was looping https://t.co/LUp19EhGau
U1,P7982,42613,Were doing this Melbourne two nights. See you there. https://t.co/dVt9QBWGrS
U1,P7981,42612,@germanrlopez its probably like working on the trump campaign..
U1,P7980,42612,"@germanrlopez oh that reminds me, Eli is waiting for you at mother base. He wants another rematch. 

And the Kikongo staff are sick again."
U1,P7979,42611,"@germanrlopez because all your time was taken up by mgs5 and its corporate mother base side game.
Rampd unit leveled up"
U1,P7978,42610,"I am, if youre in Sydney. https://t.co/r2OSl4SeQN"
U1,P7977,42609,Yesterday the woman from housekeeping walked in on me naked in the bathroom. Now whenever she sees me she giggles. Good or bad
U1,P7976,42608,@Travon then count me in Mr worldwide baby
U1,P7975,42603,@bblboy54 that was never my intention. Youre not screwed but the 2 party system doesnt help.
U1,P7974,42603,@fivefifths DUDE that was my favourite of all time. But they never remade it for another platform.
U1,P7973,42603,Frank Ocean makes me feel like my senses have been dulled all my life and only now Im experiencing things for the first time. #Blonde
U1,P7972,42603,"We are very proud Caster, Very proud.

#Caster4Gold  https://t.co/cP0YLms5Es"
U1,P7971,42603,@michelleisawolf or a show about a group of vets who dress like Guy Fieri and go around spading peoples cats.
U1,P7970,42602,@michelleisawolf Im just trying to fit in before that wall gets built. #AmericanValues #ExtremeVetting
U1,P7969,42602,"@michelleisawolf those arent your children, and the court told you to stay away from them."
U1,P7968,42602,"The show in Saratoga was one of my all time favorites. Venue, audience, atmosphere: everything was perfect Thank you https://t.co/Ex5YZAJASx"
U1,P7967,42602,@michelleisawolf dont work too much.
U1,P7966,42602,I dont know if Im headed to a comedy show or a wine tasting. Either way this place is gorgeous. See you soon. https://t.co/LmF4hpxbCu
U1,P7965,42600,Honestly @KingJames is one of the most amazing human beings Ive ever had the pleasure of meeting.  https://t.co/gqSKMN760O
U1,P7964,42598,Every month is the hottest month in history. Whats your point  https://t.co/pSLcebaJmG
U1,P7963,42597,Performing stand up comedy in N.Y. Is a dream. So to be a part of the New York Comedy festival is an honour- tickets https://t.co/ZCHZYjgJkI
U1,P7962,42597,@OhSnapVince  I dont work at the comedy central offices. But the imagery was funny.
U1,P7961,42597,They still have a segway cameraman next to Bolt They dont learn.
U1,P7960,42597,"Wherever he is right now, Fikile Mbalula is break dancing.

#vanNiekerk #WorldRecord #Olympics"
U1,P7959,42597,"Halala Van Niekerk

Unbelievable"
U1,P7958,42594,@InRSoul247 my man
U1,P7957,42594,The only way I think you could improve the individual medley is if swimmers could do the strokes in any order. #Rio2016 #olympicswimming
U1,P7956,42594,So Im assuming youre pro my idea https://t.co/W1vXYcjCZ0
U1,P7955,42594,@DanAmira i dont think thats murder. They drowned.
U1,P7954,42594,@DanAmira similar to track Why are you aquaphobic
U1,P7953,42594,"Los Angeles Im excited to announce my show at the Dolby Theatre. 
Saturday October 15th.
I will bring water

https://t.co/Nks9ZXRuCM"
U1,P7952,42594,Im inspired by backstroke at the Olympics. Why dont we also make the sprinters run backwards in track
U1,P7951,42591,@MediaMktgGuy Im following the smell of bagels...
U1,P7950,42588,@NicoleRSchack thank you for coming out.
U1,P7949,42588,"Jamestown was the best audience Thank you for coming to the show. So much fun.
#LucyComedyFest  https://t.co/1etOZf1Qv7"
U1,P7948,42584,Relationship Goals https://t.co/vmJF3Q9mep
U1,P7947,42579,@jordanklepper so hed help you get 2 more kids
U1,P7946,42579,@DamienFahey well now youve got the power to turn back time so you can do something about it.
U1,P7945,42577,@judypu1 youre right my opinion is of no value. Im just listening to the fbi and the justice department.
U1,P7944,42577,"Im not gonna front, I would also steal Michelles speech.

#Goosebumps #DemsInPhilly "
U1,P7943,42576,@jbouie your feed is my favourite by far.
U1,P7942,42576,@AnnvanAswegen1 @ScottAdamsSays I agree Hes a genius.
U1,P7941,42576,@DMansini @VegasJessie Ive learned theres very little attention paid to local and yet thats where a lot of power exists to enact change.
U1,P7940,42576,"@DMansini @VegasJessie I agree, processes can and should always be improved."
U1,P7939,42576,@TadiwaYoungStan Julius is smarter than Trump.
U1,P7938,42576,@DMansini @VegasJessie Im not saying it would solve the problem. But a two party system doesnt help the problem.
U1,P7937,42576,@VegasJessie are you implying theres no spectrum A socialist is a Democrat Or a nativist is a Republican
U1,P7936,42576,"By Trumps logic, the USA should also be banned from itself. https://t.co/uljnGRwYUm"
U1,P7935,42575,@JohnLeguizamo thank you my brother.
U1,P7934,42575,The Daily Show - When Was America Great https://t.co/ao10Mw2mTB
U1,P7933,42575,@germanrlopez thats the greatest thing Ive ever seen in my life
U1,P7932,42575,@rembert this is why people have lost faith in establishment politics. We need change
U1,P7931,42573,@rembert please tell me what hatches from that 10k egg.
U1,P7930,42572,Why does this Pokemon make me uncomfortable https://t.co/ccgkkDqo3L
U1,P7929,42572,@theskimm anytime. Lets make it happen.
U1,P7928,42572,"Happy birthday to @theskimm. One of the best things young people can do to their inbox.
"
U1,P7927,42571,@jbouie maybe they admire your bravery.
U1,P7926,42571,"@germanrlopez what if youve actually been dreaming all along and this is reality

#RedPill"
U1,P7925,42568,So excited for Canada and Europe getting #PokemonGO. Now we can all share in our disdain of the @NianticLabs servers.
U1,P7924,42566,Were back on Tuesday. Moving the show and our riot gear to Cleveland for the convention. https://t.co/nPStcHzPv5
U1,P7923,42566,"Amazing people whove dedicated their lives to making other peoples lives better. Inspiring
#TheVenture @TheVenture https://t.co/B3KH8T1Nau"
U1,P7922,42564,"Maybe Donald Trump is a Magikarp to us and Paul Ryan is just trying to get enough candies to turn him into a Gyarados.
#PokemonGO #Trump2016"
U1,P7921,42561,"No maam, I was not taking video of your child, I came to this park to catch Pokemon.

#PokemonGO"
U1,P7920,42561,@chrissyteigen Pokemon are like stds youre never too old to catch them.
U1,P7919,42559,@svfd242 @rightojibwe were all seeking truth. Unfortunately those numbers are false. Heres the fbi real facts. https://t.co/BU1ptUUnmn
U1,P7918,42559,@shereeny i hear you but Im only assuming that this will change the conversation away from what is was meant to be.
U1,P7917,42559,"@MrMITCHELL2U President speaking to the problem, people of all races marching, the right conversation starting."
U1,P7916,42559,"One step forward, ten steps back. The point is to save lives not trade places.  https://t.co/46Nfg4VyUm"
U1,P7915,42559,@WorldFamous also some may never come to the show amp share a piece of their view if they believe they have to choose between work amp a cause.
U1,P7914,42559,@WorldFamous I understand where youre coming from but also understand that people are on the show promoting their work.
U1,P7913,42559,We all seem to want the same thing and yet the only way we know how to get it is by taking it away from someone else.
U1,P7912,42554,@SQNgcobo we can come back from 3-0.
U1,P7911,42554,"In my house when youre down 4-0 you have to pass the control. Game over.

#FRAISL #EURO2016"
U1,P7910,42549,I was trying to take a picture for you and you just wouldnt listen. Ps get ready to hear from my dream lawyers. https://t.co/QiCzL5OfHf
U1,P7909,42548,@MarshmallowKhan yes. Its long overdue.
U1,P7908,42547,Lmao asshole https://t.co/P1bzkwJtWt
U1,P7907,42547,@Travon damn. It must be nice...
U1,P7906,42547,@Travon dude I didnt die you just couldnt hear the laughter because of the acoustics in the room.
U1,P7905,42546,"This ref is acting like his whistle is battery powered and he doesnt want to waste it. I like it

#CROPOR #EURO2016"
U1,P7904,42546,"Croatias anthem sounds like the extended version of the champions league song.
#CROPOR #EURO2016"
U1,P7903,42545,Wouldnt it be interesting if now Scotland voted to leave the U.K. and then joined the EU. Theyve got the oil
U1,P7902,42545,Its so funny that Britain is the same nation that spent all its time convincing colonies not to leave because strength in unity.
U1,P7901,42542,Do yourself a favour and watch the movie Eye In The Sky. A brilliant film about the dilemma of how we fight terrorism.     
U1,P7900,42542,Youre a class act Jack. Thank you again for being on the show. https://t.co/CqQvyUqwhq
U1,P7899,42541,@TinaHarrisment no apology necessary. I would have reacted exactly the same way. What matters is where we end up. Merci
U1,P7898,42541,"Witness

#KingJames #Irving #Cleveland"
U1,P7897,42540,@Travon mistakes in officiating are part of the game. It adds to the drama. I would rather have that than ads every 5 minutes.
U1,P7896,42540,@Travon exactly Thats why I love both sports as they are. Sometimes I want a slow build up into an explosion or I want it fast and furious.
U1,P7895,42540,@DylanAkers @Travon thats just one team not a good sample size. Its like when Barcelona was ravaging world football with high scores.
U1,P7894,42540,@seanabrennan @jasonjross @Travon its called diving And its a very crucial part of the game. Flopping in basketball is unnecessary. 
U1,P7893,42540,@Travon soccer has a buildup that leads to an eruption of emotion. Even misses stir up the crowd. Its like tantric sex.
U1,P7892,42540,"@Travon soccer is the game the forefathers would have loved- sometimes all men are created equal.
#ItsATie"
U1,P7891,42540,@Travon nope not true. You could miss the 1st 15 mins in soccer and miss all the action. Bball you just need to watch the end.
U1,P7890,42540,Im on it https://t.co/jyMQAb0xgq
U1,P7889,42540,I live for nights like these Thank you for sharing it with me. https://t.co/ADCAGYK0V6
U1,P7888,42540,"@Travon bball isnt perfect, whats the point of the first 3 quarters if the game is always decided in the 4th"
U1,P7887,42539,@Travon lol. Dont come here with your high action American mind. The offside rule makes things interesting.
U1,P7886,42539,@FilmFan4life @hulu Ill find out. It should still be up as far as I know.
U1,P7885,42538,"Please watch this beautiful and powerful video of @hasanminhaj speaking directly to members of Congress. 

https://t.co/BtgJ9IrAUz"
U1,P7884,42538,"He who endures conquers
#KingJames"
U1,P7883,42538,This Ghostbusters movie looks hilarious.
U1,P7882,42537,I wouldnt be shocked if the Republican party pulled a stunt at the convention and tried to steal it from Trump.
U1,P7881,42533,@bryanlaity Angelo Lozada
U1,P7880,42533,"As long as youll have me, I will always return Thank you Detroit. https://t.co/qLfHJNMzgd"
U1,P7879,42532,"Im not sure if last night was amazing or if Minneapolis was just being Minnesota-Nice. Either way, we had a great time. Thank you"
U1,P7878,42531,"Minneapolis. Tonight its me amp you, comedy amp laughter, Northrop Auditorium 8pm.

Ps no more Parakeets are allowed to my shows, Im sorry"
U1,P7877,42529,Life begins at the end of your comfort zone.
U1,P7876,42529,Monday Monday Monday. Ive never been so eager to see a Monday in my life. See you on Monday. https://t.co/FXUyPgs9Vp
U1,P7875,42528,@Kondemn @TimHortons dude I told you the tea was hot. Wtf Why are you trying to hurt me
U1,P7874,42526,Ha ha. Ill keep coming back as long as youll have me. Thank you https://t.co/p1QndlOkWM
U1,P7873,42526,Wow Amsterdam. Thank you for the magic tonight. Im so grateful to everyone who came out to join me at the show. Hartelijk bedank
U1,P7872,42525,"You realize when you look back, Ali wasnt just one of the greatest boxers of all time he was one of the greatest people of all time."
U1,P7871,42523,"I brought half of it, you guys rocked the rest. Getting ready for the second show now. Thank you. https://t.co/FTnbOHhio6"
U1,P7870,42522,".@RTLLateNight I had a fun and weird time at @RTLLateNight.

Next stop Oslo, tomorrow 2 shows hopefully Ill see you there."
U1,P7869,42522,"@sboshmafu 2010 was a different time, Philip was here. Dont judge me."
U1,P7868,42521,My first time in Norway and Im planning to have a blast See you there. https://t.co/2Est2pf42L
U1,P7867,42521,Dank u https://t.co/jxtqU0VN1I
U1,P7866,42521,Thank you for being amazing.  https://t.co/zRBJsOLU9L
U1,P7865,42521,"Such a fun night in Antwerp. To everyone who came out tonight thank you, Danke, Dankie, Merci, Dank u "
U1,P7864,42521,"Amsterdam Im, performing comedy no singing at the Heineken Music Hall on June 5th - Hope to see you there https://t.co/3TIbBbOMLV"
U1,P7863,42518,"This started as a league game and turned into a final.

#championsleaguefinal2016"
U1,P7862,42517,"Oslo Im coming your way for the first time ever- Folketeateret on June 2nd - Hope to see you there Few tix left
https://t.co/q6Suv8ah6T"
U1,P7861,42514,Such a fun show. Thanks for coming https://t.co/758dd4y2Kl
U1,P7860,42511,@Shamusenglish I know right my barber is out of town. Id rather get food poisoning than try a random barber.
U1,P7859,42510,@germanrlopez big fan of your work.
U1,P7858,42510,So wonderful having you on the show. Lets make sure its not the last time. https://t.co/HxHJwbM7xC
U1,P7857,42510,@Lavernecox we need to do this for ourselves as a society. Thank you for your light and support.
U1,P7856,42509,@lekrisha12 I couldnt afford the marvel licensing.
U1,P7855,42509,@CPBerlin definitely
U1,P7854,42509,"Im excited to perform in Nashville Tennessee for the Wild Wild West comedy festival on Saturday.

See you there

https://t.co/xX5t4GbufI"
U1,P7853,42505,"Pay Back The Funny. On Mnet now. 

#LookMomImThe8pmMovie"
U1,P7852,42505,@ddd02965bcdd455 thank you for being there. It was a blast.
U1,P7851,42505,@melany324 thank you so much for those words. Last night was really special.
U1,P7850,42505,Foxwoods was fire tonight. Thank you for coming through everybody. What a night
U1,P7849,42503,@JennJayBee youre right. I apologize and I didnt mean to offend squash.
U1,P7848,42501,@EmmaKironde just like this
U1,P7847,42501,"Human beings amp Alf, Im performing Saturday at Foxwood Casino lets laugh together before the world ends -https://t.co/VeffI4JHWV"
U1,P7846,42498,@shrcubed This week we had Bethany Cosentino amp womens soccer and women in combat.
U1,P7845,42497,I could watch @JKCorden do his entire show in a car. Its such a pleasure to watch. 
U1,P7844,42497,"Thank you everyone who joined the launch of the Daily Show and Comedy Central on @OSN.
Now in the Middle East and North Africa."
U1,P7843,42497,@BoltnCutler quite the opposite. As a fan I dont support another team because of my teams weaknesses instead I look to improve on them.
U1,P7842,42494,@bonwell thats so insane. Thanks for that read.
U1,P7841,42492,Leicester Leicester Leicester. Thank you for making this the greatest season of the premier league Ive ever watched 
U1,P7840,42491,Cantona looks like hes been in hiding but he can still play a game.
U1,P7839,42489,@Fahad @osn @ComedyCentral Im looking forward to it
U1,P7838,42489,"Tonight on @TheDailyShow -

@rickygervais and @blacktrump"
U1,P7837,42487,Im having some fun on Snapchat. Do join me. Its horrible but fun. https://t.co/UKQYO9E74F
U1,P7836,42485,@cctopple yes sir it is.
U1,P7835,42485,If we teach computers to be like us wont they just make the exact same mistakes that weve made https://t.co/ad6de0BxtJ
U1,P7834,42484,@phillyknowswins thank you for coming. What a great night we had
U1,P7833,42484,@tskho Angelo Lozada
U1,P7832,42483,@stephcorneliuss its everything
U1,P7831,42483,@DJFreshSA just saw this. Thank you Big dawwwwg.
U1,P7830,42483,@KJohnsonTV noooooo. I must work on looking more approachable. Hi
U1,P7829,42483,@Tjayms happy birthday
U1,P7828,42481,@ZenDot1 thank you for joining us. I had so much fun with yall today.
U1,P7827,42480,"@MashRocknRolla @KingBach 
Lol Im so horrible. One day when I dont have a full-time job Ill get better."
U1,P7826,42477,"You have eyes and yet you waste them by not watching The Jungle Book. Its not a movie, its an experience.

 @JonFavreau"
U1,P7825,42476,Ive enjoyed some of lifes most candid conversations with the stranger in the public toilet stall next to me. https://t.co/vYE64FEC3E
U1,P7824,42475,@JBoogii but I thought we already were
U1,P7823,42475,@TreCB thank you Tre.
U1,P7822,42474,"And Kobe gives the crowd tacos What a time to be alive.

#KobeBryant #MambaDay #Legend"
U1,P7821,42474,"Kobe is magic. This is so special.
Even Kanye is smiling. Wow wow wow

#KobeBryant #MambaDay"
U1,P7820,42472,@teemumeronen happy honeymoon. Thanks for sharing it with me.
U1,P7819,42470,"Pearls Caribbean in Brooklyn the most delicious food Ive had in a long time Reminds me of home.
#Flavour https://t.co/btSM3R5bQ5"
U1,P7818,42469,"Make time, listen to Twenty 88 

@BigSean @JheneAiko   "
U1,P7817,42463,@Traceyleighadam major scam. Ive never heard of those people.
U1,P7816,42461,That was fun. We should do it again.
U1,P7815,42461,"Is it too late now to say sorry Cause Ive, stolen more than just your money... - Justin Zuma"
U1,P7814,42461,@CrypticSaiyan dude I totally feel you. Just because I like pizza doesnt mean I cant like burgers too. 
U1,P7813,42461,@twenTsomething just keep staring. Better to look crazy than embarrassed
U1,P7812,42461,Everything is April Fools day.
U1,P7811,42461,This is love https://t.co/SO7utZOMM1
U1,P7810,42460,"Yes, how lucky for Trump. Though not as lucky as getting to run against John Kasich.
#SinceYouMentionedIt https://t.co/6zprLrWvtU"
U1,P7809,42460,"Thank you UF a really wonderful night of comedy and conversation.
"
U1,P7808,42458,Im not falling for that quiche trick again . Be gone Klepper. https://t.co/mUEUVtFjG9
U1,P7807,42458,I prefer missing you. Please go away. https://t.co/ay34oU0dhR
U1,P7806,42458,My day ones thanks for keeping me looking fresh. https://t.co/gbz8nE7dTM
U1,P7805,42456,Heres some between the scenes footage where I chatted to Lindsey Graham- https://t.co/yQBQS094Sr
U1,P7804,42456,Chicago was fire tonight Both shows were so much fun. I gave my all and you gave it back. Thank you Chi Town https://t.co/vgdgi1qGgY
U1,P7803,42455,@MichaelHWong lets do this
U1,P7802,42454,"Regardless of the results, Bernie Sanders won #Magic #Positivity https://t.co/46rYpa0QFO"
U1,P7801,42454,"Chicago the only tickets remaining for Saturday night are the 10pm show. 7pm is all sold out. 

Get your tix here- https://t.co/KAgJFXuoUV"
U1,P7800,42454,@seamusdever its so funny how many people have said this but it really was. Maybe in different territories https://t.co/HbLGYI5U7s
U1,P7799,42453,So much fun and a great conversation. Ill keep practicing for our rematch. https://t.co/Xye65t6Zev
U1,P7798,42453,"@Plaslaiko @TheDailyShow thats weird, maybe I had a bootleg. And I think Jon was more Springsteen than Wanya https://t.co/504UAjJWjp"
U1,P7797,42452,@gsocco Ill already be there
U1,P7796,42452,People of Indianapolis lets have a comedy party this Friday night. Tickets available here - https://t.co/fLlpX3Rq24
U1,P7795,42450,Thats not true. Many things go unchallenged on Twitter. I disagree with you.  https://t.co/hScjOiTnKk
U1,P7794,42450,@Vanyah1 nicely played
U1,P7793,42449,Will Smith just walked into the #BVSPremiere and other celebrities started screaming. It was hilarious. https://t.co/7tRcgYi0BI
U1,P7792,42449,@TLeigh67 I really appreciate that. Thank you for coming.
U1,P7791,42449,So much love and a fantastic audience tonight @CasinoRamaLive. Thank you so much everyone who came to the show. 
U1,P7790,42446,"Happy Saint Patricks Day 

If you can read this tweet you probably didnt celebrate it right"
U1,P7789,42446,Do yourself a favour. Watch Deadpool. #FunnyForDays
U1,P7788,42446,The Guptas invited me to their house and offered me the job at the Daily Show.
U1,P7787,42445,"Trump 99 delegates
Rubio none
Feel bad
Primary Problems

Build your own joke kit- some assembly required"
U1,P7786,42444,Squats not deadlifts. 
U1,P7785,42444,@mmorri no Im suggesting caution and evaluation of tactics.
U1,P7784,42443,@MainLineMommy that made my day. Maybe Ill start a morning edition just for the little ones. 
U1,P7783,42439,@anitamachos thats really awesome. Thank you
U1,P7782,42438,@madridstamahdi we need Twitter to make a sarcastic font before a war is started on Twitter. Thanks for watching the show.
U1,P7781,42438,@madridstamahdi shes Linus sister. Thats why I said his sister after saying Linus. Why are you so angry
U1,P7780,42436,They took our jobs Tuk r jbs. https://t.co/hpSMCJoCOn
U1,P7779,42435,"Baltimore, thank you for your love tonight. It was raucous and epic and wonderful and everything"
U1,P7778,42435,"Why thank you, future mayor Mckesson. Great seeing you again.  https://t.co/o5kJgFjqx5"
U1,P7777,42435,@deray Im in your city. Show yourself
U1,P7776,42434,@soonerpcv Happy Birthday. See you at the show soon hopefully.
U1,P7775,42434,@DKizzy Ill do that
U1,P7774,42434,@sejal10 I think I had the most fun. Thank you.
U1,P7773,42434,Thank you Pittsburgh #CathedralOfLaughter
U1,P7772,42434,@JohnDodsonMMA thank you so much. That room was electric
U1,P7771,42433,"Untitled Unmastered


#KingKendrick"
U1,P7770,42433,".@TMZ is doing real journalism
The news is doing entertainment
And presidential candidates are doing dick jokes.

#TheEndIsNear"
U1,P7769,42429,@prsatran @nytimes that was a very conscious decision on my part because for the most part they have no access.
U1,P7768,42426,@LauraDurnell i see your picture and raise you- https://t.co/z47XT2lzJj
U1,P7767,42426,East Coast- The Daily Show starts now. Ex director of the CIA and NSA pops in to talk Apple vs Fbi.
U1,P7766,42426,Did Trump just say bigly
U1,P7765,42426,Is this Rubios Rocky moment
U1,P7764,42421,"Man, San Francisco was too much fun. Thank you for the workout and the great shows. And Happy Chinese New Year"
U1,P7763,42420,Vancouver. You made my night. Domo Arigato https://t.co/YPrdQeh6Kz
U1,P7762,42418,People of sunny Seattle. The early show is sold out tonight. Few tickets remain for the 10pm show. Very excited 
U1,P7761,42418,Thank you for listening. https://t.co/1JjCt81il1
U1,P7760,42418,Heading to Seattle. Feeling good https://t.co/SLXyCl9vSX
U1,P7759,42418,New season of Broad City starts tonight 
U1,P7758,42416,Outrage https://t.co/jweOUBNAqG
U1,P7757,42416,Pitbull is so much fun. Hes like a human energy drink.
U1,P7756,42416,Where does Beyonce come from Its almost like she just comes to visit us from heaven.
U1,P7755,42416,"Now there has to be an award category for best acceptance speech.

#GRAMMYs #Hamilton #ItMustBeNice"
U1,P7754,42416,"Those white people in the audience looked terrified. Right now they wish Beyonce was on stage. 

#GRAMMYs #KingKendrick"
U1,P7753,42415,@CendraKahill 1. Thank you 2. I appreciate that. 3. I got it from my mama.
U1,P7752,42415,@HavocMiranda Obrigado One day someone will be flying to see you.
U1,P7751,42415,@emurphizzle as long as youll have me Ill keep coming back. Thank you.
U1,P7750,42415,@vrock112 threes company too
U1,P7749,42415,@TheRealRobKrat you guys were great.
U1,P7748,42415,@Tracinews thank you for sharing your night with me
U1,P7747,42415,Even on the coldest night Boston has given me the warmest reception. Too much fun https://t.co/7U2M1sMuIJ
U1,P7746,42413,What a great start in Boston. Thank you everyone. 4 more shows to go
U1,P7745,42407,That ad was creepy...
U1,P7744,42406,@dherzog77 greatest profile pic ever
U1,P7743,42406,Now Im not sure if people are sneezing into their elbows or dabbing.
U1,P7742,42406,Such a great night in New Hampshire. @realDonaldTrump missed out. https://t.co/d4FcjBbcOc
U1,P7741,42405,Such a sweet and genuine person. Thanks @IISuperwomanII for being on the @TheDailyShow tonight.
U1,P7740,42404,"What a great time Hannibal
Ps: that wasnt the greenroom you were in someones office.
All cool though.
 https://t.co/zqYTrZeWL2"
U1,P7739,42402,And the race is on.
U1,P7738,42400,"Black Woman. Resilient and proud. Mother of men and the rock of a nation. Thank you @CynthiaEriVo @thedanieb @IAMJHUD

#ColorPurple"
U1,P7737,42399,"It seems to me, that all we see, is violence in movies and sex on tv. But where are those good old fashion values, on which we used to rely"
U1,P7736,42399,Soon Atletico will be playing 5 a side.
U1,P7735,42398,@foreverfivefoot yes maam.
U1,P7734,42397,Good times https://t.co/KYRGcgxv85
U1,P7733,42397,"Hanging out with @JerrySeinfeld tonight on the @TheDailyShow and we talk about nothing.
Its fun. You should watch."
U1,P7732,42392,@Denisej80464631 Im also depressed. I was so excited for this show. Damn Blizzard.
U1,P7731,42391,"My good friends, due to the giant snow storm hitting the East Coast we need to postpone my show in Foxwoods. The new date is May 14th
#Snow"
U1,P7730,42389,In the comments section of the internet. https://t.co/OERce9CIjp
U1,P7729,42388,Troy and Abed in the morning
U1,P7728,42385,"The only cleaning product men need is the phrase shes coming over

#spotless"
U1,P7727,42383,@brielarson dont want to say I told you so but congratulations.
U1,P7726,42380,"Almost the perfect metaphor for America. Oh sorry, we just forgot the black people"
U1,P7725,42379,I want a freak in the streets but a lady in my bed. Sleep is very important to me
U1,P7724,42360,I couldnt have asked for any more love from an audience but you gave me that and more. Thank you London. Ive got bear luv for ya
U1,P7723,42359,London. Thank you a thousand times over for joining me at the Apollo tonight. Ill see you one more time tomorrow night
U1,P7722,42357,"Video game difficulty settings should be - 

1. Full Time Job
2. Part Time
3. Unemployed"
U1,P7721,42355,Tonight on The Daily Show. Will Smith. Id love for you to watch. 11pm https://t.co/NJe0Un1Vp3
U1,P7720,42351,@JonathanWitt good times.
U1,P7719,42351,What do you think will happen to Jacob Zuma
U1,P7718,42351,Hilarious. https://t.co/aqmMbaX0Nc
U1,P7717,42351,Why are you asking for too much Just be happy that the bullet was dodged. Lol https://t.co/Qy2ADpSFCZ
U1,P7716,42351,Id rather have a president that changes his mind than a president that sticks with the wrong decision.
U1,P7715,42351,Lol - President Jacob Zuma
U1,P7714,42347,Thank you again for being our guest. Good luck with the minimum wage https://t.co/xxRyJmbZPS
U1,P7713,42346,"What a day- Kanye and Kim share their baby name, LeBron signs biggest sports deal in history and Jon Stewart comes back to the Daily Show."
U1,P7712,42343,Next time youre in an UBER or a taxi ask the driver to explain world events to you. Youre welcome.
U1,P7711,42337,And what a marvelous audience. Thank you to every single person that came out and watched the show. https://t.co/ieLCg7BCiX
U1,P7710,42334,"This Friday if youre in New York city, then I strongly suggest that you go watch @roywoodjr at Gotham. His comedy is super funny"
U1,P7709,42331,No TV No problem. You can now buy and watch my stand-up special Lost in Translation online at https://t.co/L7bDKHCHyQ #BanjoGrammar
U1,P7708,42331,Thanks everyone for watching Lost in Translation tonight. You can now pre-order the extended version on https://t.co/L7bDKHCHyQ. #WooHoo
U1,P7707,42331,"Here we go East Coast, my stand-up special Lost in Translation premieres right now on Comedy Central."
U1,P7706,42330,Im so excited tonight my new stand up special Lost in Translation airs on Comedy Central at 10pm. Please do tune in and also watch it.
U1,P7705,42330,Adeles music makes me remember people I never knew.
U1,P7704,42330,Atlanta was fire last night To see this theater filled with amazing people was truly spectacular. Thank you https://t.co/bYQrCBkhfQ
U1,P7703,42329,"Im thinking of going. Ive heard Atlanta audiences are amazing. 
#JoinIn  https://t.co/546X5nhury"
U1,P7702,42329,"No, thank you for coming to the show. Virginia Beach was amazing tonight https://t.co/i7hQ5ZzQdV"
U1,P7701,42328,Virginia Beach. Tonight well be together in a sweet comedy embrace. Sandler Center 8pm- https://t.co/IYLeCmkCiD https://t.co/S76n1oAx5c
U1,P7700,42323,Thank you and everybody else who came to the shows. It was such a beautiful night. #NYCF https://t.co/p9FhuHJMxi
U1,P7699,42320,Legend tweet.  https://t.co/XImXqve78Z
U1,P7698,42320,When Im in the back of an Uber I always open up waze and then act like Im just making suggestions- maybe we should take 3rd street
U1,P7697,42320,"@ahlakritz Ill take you any way that you come Lots of people dont watch live, I just want you to enjoy the show."
U1,P7696,42314,@AFransella I actually said the surgeons were amazing. Dont trust headlines. Those doctors rocked.
U1,P7695,42314,"Hey Jimmy. The hospital people said to tell you wrong finger, come back Not sure what that means. https://t.co/9acIwdsCUt"
U1,P7694,42314,Thank you for your love and support. The Daily Show is back on today but I cant stand up. Tune in 11pm Comedy Central.
U1,P7693,42308,@roseettastone as we should. Happy birthday. Well continue the beef another day.
U1,P7692,42308,"Well done Cassper. Well done

#FillUpTheDome"
U1,P7691,42306,"People of Virginia Beach please join me for a night of comedy on November 20th at the Performance Hall. Tickets-

https://t.co/IYLeCmCdab"
U1,P7690,42305,@elisasboy72 scary but true
U1,P7689,42305,"Today Im on @TheEllenShow. The other guest is a lady named @heidiklum, I think shes a model."
U1,P7688,42305,In LA youre not sure if people are homeless or preparing for a role.
U1,P7687,42303,"I use one of these phones to tweet and the other I use to keep contact with the past.

#ballin https://t.co/6F80uL6rcQ"
U1,P7686,42302,All Lewis said was Dont drop it. https://t.co/DR9LeNPKSf
U1,P7685,42302,Lewis Hamilton 3 Time World Champion What a moment to witness. https://t.co/ppx7Ucstxo
U1,P7684,42302,@nebiatassefa luckily embarrassment is reserved only for the living.
U1,P7683,42302,"Ive seen many cool things on a plane but the shower on this Emirates flight takes the cake.

#NoExcuseToSmellFunky https://t.co/QVpCFOF6yQ"
U1,P7682,42301,"Dubai comedy festival, thats a wrap Thank you for a sold out show and a great festival. https://t.co/yGt4k0yH4O"
U1,P7681,42301,"Dubai, its the final night of the Comedy Festival. Cant wait to have a great show with you. https://t.co/fJWK51WimK"
U1,P7680,42299,"Theres few movies that have made me feel, more than Room. Its such a great movie. @brielarson and @JacobTremblay are phenomenal in it."
U1,P7679,42296,All I love is to make people laugh and these legends embody that love and positivity. Eddie Murphy http://t.co/pxiXoDjQg6
U1,P7678,42296,My hero and friend. Thank you.  https://t.co/rQVYHgGT0u
U1,P7677,42295,Running through DC with my woes. LunchTime. Dave Chappelle is buying and @kevinnealon tweeting in the back. http://t.co/4Bb1ya8FGI
U1,P7676,42295,On stage with @ArsenioHall getting ready to honour Eddie Murphy tonight. Then I fly home to Zamunda. http://t.co/1X1MDa8V5D
U1,P7675,42294,"The Dubai Comedy Festival starts today I cant wait to get out there next week- 24 Oct.
You can book your tickets here- dubaicomedyfest.ae"
U1,P7674,42294,@StationerySlut kindred spirits indeed
U1,P7673,42294,@Vanessab23 I had the same thing happen to me with @FloydMayweather. #StarStruck
U1,P7672,42294,I finally figured out how to use Snapchat. My username is TrevorNoah and my real name is Trevor Noah.
U1,P7671,42292,Tonight on The Daily Show we enjoy the finest moments from the debate. Then I chat to Tom Hiddleston and ladies scream. 11pm Comedy Central
U1,P7670,42291,"Tonight on The Daily Show- Lewis Black is back and Im blessed to have Richard Dawkins as my guest 

But first, time for the debate"
U1,P7669,42290,@ShaunKing @baratunde @tanehisicoates thank you.
U1,P7668,42290,@hollyrpeete @TheDailyShow @roywoodjr youve just made my day. Thank you
U1,P7667,42289,"These people play football like concussions are not a thing. 

#Giantsvs49ers"
U1,P7666,42288,@realjeffreyross youre too kind my friend. Always a pleasure seeing you.
U1,P7665,42288,@alybirdy or maybe Im just giving her a break from your charm Too much of a good thing. 
U1,P7664,42288,@1capplegate I blame the heat because in n out can do no wrong.
U1,P7663,42288,Thank you so much to everyone who joined me tonight at Politicon. I really had a wonderful time and thank you James Carville.
U1,P7662,42287,Just take a moment everyday to appreciate.
U1,P7661,42287,Its so hot in LA I just got the itis without eating anything.
U1,P7660,42287,@dariamusk that is the most genius invention ever
U1,P7659,42286,Tonight on The Daily Show- Rachel @maddow endorses a presidential candidate and @hasanminhaj argues with ex cons
U1,P7658,42283,"Tonight on the Daily Show- @Sethrogen talks to me and then @msjwilly talks with me.

11pm Comedy Central please join us."
U1,P7657,42281,@ZacEfron lol we couldnt ignore them abs.
U1,P7656,42281,Judging by the silence on my timeline Im assuming United lost
U1,P7655,42281,"Finally watched The Martian. Its more than just a movie, its an event

#Wow"
U1,P7654,42280,"World cup rugby. SA vs Scotland. Come on Springboks.

#OurHeartsAreInIt"
U1,P7653,42280,@ChrisChristie @TheDailyShow Anytime Good luck for the race.
U1,P7652,42280,@tyrabanks 
U1,P7651,42279,"Week 1 at The Daily Show done.
Your support has been amazing amp were only getting started.
And thank you @TheRyanAdams for a great show."
U1,P7650,42276,Ok this is it. 10 minutes until the premier of The Daily Show with Trevor Noah on the East coast. @KevinHart4real is too funny.
U1,P7649,42276,@RealBlackCoffee @KevinHart4real My brother. Thank you. See you in New York.
U1,P7648,42276,I hope you enjoy it half as much as you love pizza Caspar. https://t.co/oVzmm3n37z
U1,P7647,42276,Fluffy https://t.co/i3VIB7tQTK
U1,P7646,42276,RuPaul this is surreal. Thank you https://t.co/UYMH7qCHOY
U1,P7645,42275,"The Daily Show with Trevor Noah me launches tonight.
Please join me and my first guest @KevinHart4real as we make history."
U1,P7644,42274,Toronto Thank you thank you thank you thank you. What an amazing night we shared. I will always come back. Wow what a night.
U1,P7643,42273,"Ok Toronto, tonight were together for the first time. Lets make magic at @JFL42. Sony Center 7pm see you there"
U1,P7642,42273,"World Cup Rugby soon. South Africa vs Samoa. It wont be easy but we can do it. 

#OurHeartsAreInIt"
U1,P7641,42270,"Day, month, year made See you on Monday https://t.co/VNLMbNBYbN"
U1,P7640,42270,"Im so excited for our first week guests on The Daily Show. @KevinHart4real, @WLWolfe @ChrisChristie and 1st musical guest @TheRyanAdams"
U1,P7639,42267,Emmy Ready thanks to @ralphlauren. So excited to be at the show to support Jon Stewart and The Daily Show. http://t.co/og7G71iLAI
U1,P7638,42265,@RubyRose why are you punking my people
U1,P7637,42265,Tonight Ill be on The Late Show with @StephenAtHome. Id love for you to watch the show. http://t.co/7RiW1nugNY
U1,P7636,42264,So basically nobody answers the question How does this debate work
U1,P7635,42264,I love trilogies.
U1,P7634,42263,#RipCecil https://t.co/MCcCQWnvBy
U1,P7633,42262,@Jablet @TheAtlantic thank you for that. A really enlightening and in some ways frightening read.
U1,P7632,42261,"A guy epically trolled Twitter to prove not to believe everything you read http://t.co/r01AbVZkQs

This story is hilarious.
@JonnySun"
U1,P7631,42260,"@winnieharlow you mean everyone
#packed"
U1,P7630,42257,"Note to self- if you dig up graves youre a criminal and creep but if you wait long enough youre an archaeologist. 
#PatienceIsKey"
U1,P7629,42255,How right you were. Congrats on your award. https://t.co/XAiiSnLDVA
U1,P7628,42255,"Toronto- lets make sweet comedy together. @JFL42.

Tickets available here http://t.co/hQPjbzqbcd

You bring the 6 and Ill bring the woes"
U1,P7627,42255,September is #HungerActionMonth Join me and @FoodBank4NYC as we take a stand against hunger http://t.co/T09BltjHBO #GoOrangeNYC
U1,P7626,42254,Bautista is giving Djokovic a run for his money. Great match. #LetsGoDjokovic http://t.co/vwUkO5b9Ni
U1,P7625,42252,University of Maryland. Today is the day Its Saturday and the day Im doing a show
U1,P7624,42251,Priceless... https://t.co/Hz0v5mAerY
U1,P7623,42251,This new album from @theweeknd is so amazing. Now I dont care that my skip button isnt working.
U1,P7622,42251,University of Maryland. See you tomorrow. Ill be outside your window
U1,P7621,42250,And it works https://t.co/NkHOywk9QK
U1,P7620,42250,A true perfectionist Im excited. https://t.co/Hz0v5mAerY
U1,P7619,42250,Super excited about the new members of The Daily Show Team - welcome @ronnychieng @DesiLydic @roywoodjr
U1,P7618,42248,First I found out I was going be part of the Dubai Comedy Festival now I find out Dave Chappelle is also there- http://t.co/uepILY8i2O
U1,P7617,42248,Dont forget to buy my new album. Its called The Weeknd - Beauty behind the madness yes I cut my hair for tv
U1,P7616,42247,Thank you so much to everyone who came out to my shows in Edinburgh this weekend. I really appreciate your company and laughter.
U1,P7615,42246,Hurdy Gurdy was the greatest ringtone of all time.
U1,P7614,42243,Wonderful news. Im performing comedy no dancing at the University of Maryland on 5 Sept. tickets available here - https://t.co/zMiuMKDcPo
U1,P7613,42240,@jermaineFOWLER you hate Cena
U1,P7612,42238,@winnieharlow great articles in Elle and Ebony.
U1,P7611,42236,Vogue wasnt sure having @Beyonce on their cover would sell so they asked me to be in the mag. http://t.co/lp0cjNr2QZ http://t.co/UNQNYEYkpM
U1,P7610,42235,@LewisHamilton great times. Kick ass in Belgium
U1,P7609,42235,@thetanmay Thanks Tanmay. Funny enough Jon Stewart told me that.
U1,P7608,42234,"The Daily Show- September 28th

 https://t.co/5CxuSzzsQf"
U1,P7607,42231,"Doing a show with one of my favourite people @iamjamiefoxx. Im so excited.

#livingthedream http://t.co/WpeqAXX2ft"
U1,P7606,42231,@DamienFahey you mean Straight Outta Touch
U1,P7605,42228,"@kathygriffin Hey Kathy. Is Buzzworthy a euphemism for something else 
Either way Im in great company"
U1,P7604,42228,@LewisHamilton Yo come through to the comedy club tonight.
U1,P7603,42225,@SethMacFarlane then youd be comfortable in New York.
U1,P7602,42225,The new Mission Impossible is fire.
U1,P7601,42223,All students of Stewart. http://t.co/f8ZcQPAH46
U1,P7600,42223,"What a night.

#History #JonVoyage #GOAT"
U1,P7599,42219,@mediagonebad Is that the KFC guy
U1,P7598,42218,"Thank you @RondaRousey for making it cool to finish in less than a minute. 

#Inspiration"
U1,P7597,42218,"Ronda Rousey just pulled a Drake on Correia.

#UFC190 #BackToBack"
U1,P7596,42218,".@joerogan didnt even realise the joke he made blood pouring out of the left eye of Lopez

#UFC190 #TLC"
U1,P7595,42217,@JonathanWitt I remembered that some people wont realise we know each other. And they wont realise sarcasm also.
U1,P7594,42217,@Kraunce you just did.
U1,P7593,42216,@baratunde never settle. Cant you read
U1,P7592,42215,Had such a great time at the #SageSummit chatting with @tonyhawk And Mad Men director Matt Weiner. http://t.co/zILIFTCIoe
U1,P7591,42215,@BillSheridan always listening
U1,P7590,42215,@TammyMathews thank you Tammy I appreciate that.
U1,P7589,42215,@KeenyKeenz this list has gone to the dogs. 
U1,P7588,42215,"Proud to team up with @SuperSportTV to support the Boks as they represent SA in the world cup #HomeGroundAdvantage

https://t.co/BqhtoALISZ"
U1,P7587,42214,Had a wonderful time in LA and now Im off to New Orleans for the #SageSummit tomorrow. Really excited to be speaking there.
U1,P7586,42214,@ShoshannaEvers thank you very much. Im looking forward to it.
U1,P7585,42214,"I guess the Meek wont inherit the earth...

@Drake is too much.
#BackToBack"
U1,P7584,42214,@DaveAnnable10 dont let the peer pressure get to you
U1,P7583,42214,@DavidaIArnold well hello to you too.
U1,P7582,42214,@stevesidea probably one of the greatest shows Ive ever watched in my life.
U1,P7581,42214,@LindsayBrennan alas we shall never be.
U1,P7580,42212,So what we get high. So what we dont sleep. Were just having fun. We dont care who sees...Unless theres Swedish Police
U1,P7579,42211,@kadestreak vernacular is your mother tongue. Dont worry about that test. Youll pass in comedy
U1,P7578,42211,I just discovered the app that women use to make themselves look better on instagram. Game on http://t.co/l60Au5vmUx
U1,P7577,42211,Washington DC. Thank you. Thank you. Thank you. Tonight we made magic together. Two shows of insane energy. Thank you.
U1,P7576,42210,"A night of laughter, human beings and chairs. Merci Montreal. #JustForLaughs http://t.co/mzmxME0f4e"
U1,P7575,42209,@mrgarelick @chethinks @realjeffreyross we was just trying to stay out of the line of fire. Those stray bullets were getting everyone.
U1,P7574,42209,@alexandersharp Alex. I. Am. Your. Father
U1,P7573,42208,@MarjorieReinoso Thank you for having me back. And for the support.
U1,P7572,42207,"If Drake doesnt write his own raps, then who is Ethan and why does he drive a Subaru hatchback- overheard"
U1,P7571,42207,I had a great time doing an interview with GQ. They gave me nice clothes to wear and then we spoke- here are my words http://t.co/fwzyTJzZ5F
U1,P7570,42204,@ConStar24 my bad. Spoiler alert. Lol
U1,P7569,42204,Portsmouth was absolutely magic. Thank you so much for making the night so special. Tonight Im in Rutland VT. https://t.co/ihTlIiuf2R
U1,P7568,42203,I wish I was home to accept my #MAMA2015 award. Thank you to everyone that supports me and thank you to my Mama for all the hugs
U1,P7567,42203,@ebonyjones0521 truth is often the funniest. Thank you Ebony.
U1,P7566,42203,"@ktfallonpal thanks for the luck. And yes, James smiles sometimes."
U1,P7565,42203,@dpmeyer please stop stalking me. I like it.
U1,P7564,42203,@elletag Ive been told that before. Thank you
U1,P7563,42203,@lizaniclol you just made me smile. Thank you.
U1,P7562,42203,@GininaMarie I pass all Jons tweets to him. Ill let him know. Lol
U1,P7561,42203,@MandySchendel thats funny because thats also how people greet in Zulu. Thank you I see you too.
U1,P7560,42203,@BrittNicole4414 Im on my way
U1,P7559,42203,"Im super excited. Portsmouth tonight and then Rutland, VT on Sunday. See you there https://t.co/cmozfv1Rvw"
U1,P7558,42203,Thank you @jimmyfallon for having me on @FallonTonight and thank you to everyone that watched. I had a great time. http://t.co/MBRJaKOBnn
U1,P7557,42196,Thank you so much everyone that came out to Stamford last night. Sold out show and such a great audience. Tonight Huntington NY.
U1,P7556,42195,@YarnoverChicago actually I did. Now Im heartbroken.
U1,P7555,42194,@RicaldiJMarc yes please. Apple if Im eating it. Cream if youre throwing it.
U1,P7554,42194,"If youre free on Saturday and youre close to Huntington NY lets do a comedy show together. Ill bring the jokes.

http://t.co/XYH65ry2kb"
U1,P7553,42192,Playing @Miguels new album #WILDHEART on repeat. Such a beautiful album and it gets better with each listen.
U1,P7552,42190,Joburg. Thank you so much to every single person that came to my shows this month I had a magical time with you. Next stop - Stamford
U1,P7551,42187,@jppietersen14 @lwazimvovo @CornalHendricks Yo why didnt you guys say hi Thanks for coming though. Good luck for your match.
U1,P7550,42187,"I bought @JerrySeinfeld some coffee because Im poor. Then he drove me around in a Ferrari because hes rich.

http://t.co/YOVyGyMUnC"
U1,P7549,42181,"After the devastating storm of todays world news, its so fitting to have our spirits lifted by a rainbow.

#EqualityForAll"
U1,P7548,42178,@geoffreyyork appreciate the compliment. Thanks Geoffrey.
U1,P7547,42177,"Ill be doing comedy shows on the east coast. Id love you to join
7/10 Stamford CT
7/11 Huntington NY
7/18 Portsmouth NH
7/19 Rutland VT"
U1,P7546,42177,"Remember, what doesnt kill you, makes you stronger unless it makes you weaker.

#MondayMotivation"
U1,P7545,42173,@darrenmaule priceless
U1,P7544,42168,@alexandersharp getting misquoted is the best. Its like having an alter ego
U1,P7543,42167,I was already having a great time performing in Johannesburg and then @LupitaNyongo dropped in and made my night. http://t.co/eIJFbto1xm
U1,P7542,42166,@Miguel June 30. Cant wait
U1,P7541,42163,@alexandersharp well done on the awards last night. I know my talk with you at the gala changed your life for the better. My pleasure
U1,P7540,42162,@baratunde actually the tabs are still there. Im so sorry to be the first to tell you... Its your new eyes.
U1,P7539,42161,@WaterWheelmag Ill give you my best. Thank you and congrats to you both
U1,P7538,42158,"Johannesburg- Ive added Tuesday shows just for you. So if youd like to come, tickets are at computicket. If not, ignore this tweet. "
U1,P7537,42154,Thank you again @JohnBishop100 for having me on the show. I had such a blast.
U1,P7536,42154,Winter in Johannesburg- http://t.co/BQ23VVgC2J
U1,P7535,42153,Today I had no clothes because my luggage is still lost but thanks to Jesus and @TigerOfSwedenSA Im now dressed. http://t.co/QWuAGDsKqI
U1,P7534,42152,"Click here so we can go on a tv date... Official date.

http://t.co/aej3QrfTvq"
U1,P7533,42152,"Joburg, Im so excited for tonight. Were kicking off the show. Monte Casino 8pm. See you there 

#Nkaaaaandla"
U1,P7532,42151,I tried but mother nature is very hard to bribe. Good suggestion though.  https://t.co/hjx1tofUGS
U1,P7531,42151,@benpooler a huge storm grounding us in Atlanta.
U1,P7530,42151,"If you cant make the new show date in Joburg, you can collect a full refund from computicket. Or you can collect full laughs on Tuesday."
U1,P7529,42150,@TatsNkonzo @LoyisoMadinga Loyiso wins.
U1,P7528,42149,"Johannesburg. Wednesday. Monte Casino. Trevor Noah. It all begins. 

Please read this in a movie trailer voice"
U1,P7527,42148,Dont always believe what you read. This is something I learned from aliens when I travelled to Mars last year.
U1,P7526,42148,Thanks to some crafty journalism my family and I have spent the whole day trying to figure out if one of us died. #awkward
U1,P7525,42148,@ShelleyHagues Im heartbroken to have had to send it out. 
U1,P7524,42147,"Well done people of Ireland. Now @phlaimeaux you have no excuse not to propose to me 

#IrelandSaysYes"
U1,P7523,42147,@TheAntMiddleton I know. It breaks my heart. But Ill find a way to return.
U1,P7522,42147,"Do yourself a favour- Just go and watch Mad Max. Go and watch it now.
@CharlizeAfrica and Tom Hardy bring the fire."
U1,P7521,42146,@SufiG6 computicket
U1,P7520,42146,@Kaian Yes. Im going to make certain.
U1,P7519,42146,Ok Jozi. Wednesday 27th we kick off my new show at Monte Casino. Only days still available are Wednesdays. All other days are sold out.
U1,P7518,42145,"@Stalksie if youll have me, Ill be back."
U1,P7517,42142,@KristySeymone and yet you didnt say hi
U1,P7516,42142,@hellpants I dont appreciate what you wrote about me in that article. Its true but I dont appreciate it.
U1,P7515,42142,"This Kanye West performance is fire

#allDay #BBMAs"
U1,P7514,42141,@TROYmagician Im still trying to figure out those tricks. Thanks for spoiling my night.
U1,P7513,42140,Does speling realy matter
U1,P7512,42139,@dwallm thanks Dean. I had a blast.
U1,P7511,42138,@GemmaHosking best audience Thank you.
U1,P7510,42138,@jbrown2706 dude I had a blast. Favourite room in London.
U1,P7509,42138,@imogenec we try. Slowly but surely well get there.
U1,P7508,42138,@KekePalmer please this is not the place for us to have this conversation. Well chat when I get home.
U1,P7507,42138,@KimaOnline I was having so much fun. Thanks for that.
U1,P7506,42138,@silawless thanks Simon. The speakers blowing up just made life really interesting for all of us.
U1,P7505,42135,"Thank you so much to everyone that came out to the shows this weekend in Orange County. It was like totally amazing. Next stop, London."
U1,P7504,42129,@PatrickKluivert 2-0 to Madrid
U1,P7503,42129,@ActuallyNPH see you in Montreal
U1,P7502,42129,@jessicaalba we must get @joelmchale out to South Africa or India for an adventure vacation.
U1,P7501,42129,@chrissyteigen @johnlegend was it the dim sum 
U1,P7500,42129,"There are 3 people in this picture- 1 is very beautiful, 1 is a Legend and one is loved dearly by their mother. http://t.co/goDqQzOMLg"
U1,P7499,42128,On my way to my first #MetGala. I would take a selfie but it wouldnt do this @RalphLauren suit justice. http://t.co/9Rsu19K9SW
U1,P7498,42127,"Mayweather and Paquiao both won. The viewers lost.

#MayweatherPacquiao"
U1,P7497,42127,"Pacquiao just earned around 100 million and were saying he lost

#MayweatherPacquiao"
U1,P7496,42127,"Almost every play in the fourth quarter was a top ten play. An instant classic.

#NBAPlayoffs #CLIPPERSvSPURS"
U1,P7495,42127,"Tonight Flloyd Mayweather will earn approximately 400 000 per punch landed.
Hes already won."
U1,P7494,42125,"Beautiful beautiful San Francisco. Let us begin our comedy journey together tonight. Please note, no luminous brown clothing allowed"
U1,P7493,42124,"Maam , I do sincerely hope that you are in possession of the funds that rightfully belong to myself- Rihanna"
U1,P7492,42117,Dont stress. Things could always be much worse.
U1,P7491,42115,I am an Arfican - Thabo T20 Mbeki
U1,P7490,42115,"Dont just tweet, do something. Many ways that you can show your support in the fight against xenophobia, heres one- http://t.co/r0CeR77lYb"
U1,P7489,42114,Thank you everyone that came out to the the shows this weekend. And thank you to @hasanminhaj for joining me. It was magic.
U1,P7488,42113,@Fazloena my rocking is paltry in comparison to your epicness :
U1,P7487,42112,@livisimone thank you so much. Yeah next time its on
U1,P7486,42111,I can tell if a movie is good just by watching the first 90 minutes.
U1,P7485,42110,@PerezHilton @ComedyCentral @TheDailyShow . That was the creepiest encounter ever. It made my day. whispering thank you
U1,P7484,42110,"@hasanminhaj shes just trying to keep you humble. You dont listen to her, fly Hasan and fly free"
U1,P7483,42110,Making some moving pictures for the television box. Me and @hasanminhaj the handsome- http://t.co/3bLeW4Z7sP
U1,P7482,42110,"@sejeso1 marching has never stopped anything Are you sure Marching is the catalyst that stops many things. June 1976, Selma"
U1,P7481,42110,"The only thing necessary for the triumph of evil is for good men to do nothing. 
 Edmund Burke

#StopXenophobia #PeaceBus"
U1,P7480,42110,"If you cant afford to get to a march, contact @khayadlanga amp @shakasisulu. Well work to get everybody free transport.
#StopXenophobia"
U1,P7479,42110,"South Africa- If you want to get off the couch and be more than just a hashtag activist, come join a march to #StopXenophobia.
#PeaceBus"
U1,P7478,42110,Beyonce used her foot as a telephone and shes still the sexiest woman around. Jay Z is already a billionaire
U1,P7477,42107,Thank you so much to every single person that came out to my shows this weekend in Arlington. It was amazing. http://t.co/Suq6SdQNdx
U1,P7476,42106,Im so stoked for @amyschumer hosting the MTV Movie Awards. Shes going to kill it.
U1,P7475,42106,@RobertAlai Ive been vocal for years. It is a horrible and disgusting blemish on our nation.
U1,P7474,42105,@PrfctlyMismtchd I had such a great time.
U1,P7473,42105,@CoachKea thanks coach
U1,P7472,42104,@chadrodriguez I saw the wink. But welcome to Twitter where most dont see the wink.
U1,P7471,42104,I really want the new emojis but damn these new terms and conditions are ridiculous- no-one
U1,P7470,42104,@mimicd89 Im glad you came out. Thank you
U1,P7469,42104,@AKAReject you are too kind Michael. I had a great time.
U1,P7468,42104,@ki4ihc Thanks Danny.
U1,P7467,42104,@regan18123 thank you for coming.
U1,P7466,42104,@blueswadeheels lol. Thank you
U1,P7465,42104,@alexmae I had fun with you. Thanks Alex.
U1,P7464,42103,@johnlevenstein this is how Ive always tweeted. Im not as crazy as they would have you believe.
U1,P7463,42103,I watched the movie Selma today. Its an  inspiring story that makes you want to be a better person.
U1,P7462,42103,"

"
U1,P7461,42103,@jaymeisterrr but you didnt tell my mom anything Thanks for nothing.
U1,P7460,42103,I bought a pair of jeans that look dirty but Im still angry when I spill something on them making them look dirty.
U1,P7459,42103,All Rhodes lead to UCT.
U1,P7458,42102,".@therealrussellp you just cost me the presidency of South Africa. Lol. 

See you in Vegas. Revenge is sweet.
#SomebodyGonnaGetHurtRealBad"
U1,P7457,42102,My Uber driver was listening to jazz then changed the music to hip hop when I got in. Im equally impressed and offended.
U1,P7456,42101,@OVOLeighKTA happy birthday
U1,P7455,42101,@kiwigal369 I promise I wont play soccer before my show
U1,P7454,42101,Im headed to Washington DC tomorrow. With all the power cuts it looks like Im going to feel right at home.
U1,P7453,42100,"Selfie sticks are so old school. I need to get a Cinema Rod

@baratunde"
U1,P7452,42100,@baratunde Ive witnessed genius in action.
U1,P7451,42100,@TheIrishSOA ok deal. And if Im not you have to promise to be a fan until February #bank4bank
U1,P7450,42100,@baratunde well its only a selfie stick if you take pictures of yourself. You can define the sticks destiny
U1,P7449,42100,@baratunde can I interest you in a selfie stick
U1,P7448,42100,@Greggrogell yo Gregg.
U1,P7447,42100,"@TheIrishSOA if one joke makes you think I hate a place, then my many jokes about South Africa will look like treason to you."
U1,P7446,42100,"@TheIrishSOA other than the guy with the jackhammer outside my window in the morning, I dont hate people that I dont know."
U1,P7445,42100,"@MINTINTOSH Im terrible on Twitter mint. My work is on stage, Twitter is just the bar where I hang out after work."
U1,P7444,42100,"@markduwe lol dont get into it Mark all youll be like me- watching sports all year round football, basketball, Soccer. No time for kids."
U1,P7443,42100,Messi and Ronaldo are like Goku and Vegeta. They will become greater because of each other. And as fans we all win.
U1,P7442,42099,@DavidMHirthler @vanillamoonfoto I knew there was a deeper reasoning behind it. I have now learned.
U1,P7441,42099,Guys with beards- you look majestic but please buy a small mirror so I dont have to look at the crumbs you may have missed.
U1,P7440,42099,Are the EFF suspects RT @News24: Fire breaks out behind Rhodes Memorial http://t.co/1ZfyLTcrYw
U1,P7439,42098,Lets go Liverpool
U1,P7438,42098,Come on Arsenal
U1,P7437,42097,@LateNightNT we really do all look the same
U1,P7436,42097,@RealAnnaChapman lol I think I need to start labeling my random statements with #njk no joke
U1,P7435,42097,@kiracomedy @ahmedcomedy @IAmDeanEdwards @bigangcomic and Ive had a crush on you ever since Kira not you other guys 
U1,P7434,42097,@AmanduhPanduh you dont need me to acknowledge you. But happy birthday
U1,P7433,42097,@DanZimberg I mixed them.
U1,P7432,42097,"A glass of wine, the sunset and music in the background. Todays playlist is Mel Tillis and some Drake. 
#Peaceful"
U1,P7431,42097,@moworldwide from a comedy legend to me. Thank you.
U1,P7430,42095,Thank you Oman for an amazing sold out show. Easily one of the friendliest and most beautiful countries Ive ever been to.
U1,P7429,42094,"To reduce my views to a handful of jokes that didnt land is not a true reflection of my character, nor my evolution as a comedian."
U1,P7428,42093,@petedavidson @ComedyCentral @justinbieber they are gonna love you pete
U1,P7427,42093,"No-one can replace Jon Stewart. But together with the amazing team at The Daily Show, we will continue to make this the best damn news show"
U1,P7426,42093,@DjMitchelluk great set last night. I guess you werent lying about DJs from Manchester.
U1,P7425,42092,"Ferrari world in Abu Dhabi is so much fun. Its like Disneyworld for men. 

#MickeyMarinello"
U1,P7424,42091,"Thank you Dubai for a wonderful week of sold out shows. I always have an amazing time when I come out here 
Next stop Oman.
#Shukran"
U1,P7423,42091,@Cameronvdburgh lend me your stomach for a weekend. I need to go to a beach party.
U1,P7422,42091,"Dont think of it as charity, think of it as investing in the human race.

#GiveToGetBack"
U1,P7421,42089,@RasheedaS @FionaTMO Ill come and do a show just for crew.
U1,P7420,42089,@FionaTMO ahhh the joys of the travel industry. Which airline
U1,P7419,42089,@777kittykat we needed you to help us find that midnight biryani yesterday You deserted us.
U1,P7418,42089,@FionaTMO i thought you were coming
U1,P7417,42089,@JosDirkx make sure to say hi this time
U1,P7416,42089,But I warned you RT @Oasis6489Sarah: @Trevornoah NEED tix to your Dubai show tonight Sold out Cant you make some magically appear
U1,P7415,42087,@shaye006 of course. Which table
U1,P7414,42087,@simmiareff is that because he finished on you again
U1,P7413,42087,@CorinneFourie lol I like your style.
U1,P7412,42087,@FionaTMO Why not
U1,P7411,42087,Liar liar pants on mofaya.
U1,P7410,42087,Lets go Dubai RT @CheezeBoi: Excited to see @Trevornoah this weekend http://t.co/OCrzkF3nIn
U1,P7409,42087,@Kish786 Ok hint taken. Ill add more.
U1,P7408,42087,@MiaGradneyKHOU is this a wrong number
U1,P7407,42087,14 February. Bathroom. RT @nikolaijericho: @Trevornoah when are you coming to my house
U1,P7406,42087,July. Playhouse. RT @22kaMbatha: @Trevornoah when are you coming to Durban
U1,P7405,42087,June. At the Teatro. RT @shanithas: @Trevornoah when is your show in Joburg
U1,P7404,42087,Taxis in Dubai are so cheap because oil is free. Im going to catch a taxi back to South Africa. After Zimbabwe Driver
U1,P7403,42087,Yes. September. RT @drkwabz: @Trevornoah Will you ever come to Boston
U1,P7402,42086,Thank you. See you there. RT @triggarickswife: @Trevornoah YYYYEEESSS JUST GOT MY TICKETS. THANK YOU
U1,P7401,42086,@docbutta just added Sunday. Happy birthday
U1,P7400,42086,"Global warming RT @Znbz: @Trevornoah is going to be in Dubai, and I just HAD to leave the country this week. Why does the universe hate me"
U1,P7399,42086,November Im coming to Canada. Dates will be up soon RT @jonnyboylp: @Trevornoah come to Canada
U1,P7398,42086,@Jessicah909 Im in Irvine soon. Does that count
U1,P7397,42086,@Yahweh1st thank you Hellen.
U1,P7396,42086,"Yes. But not Comedy RT @MAKtheknife13: @Trevornoah If I ask very nicely, would you also add a show in Las Vegas Please"
U1,P7395,42086,Tell them RT @rewarewa05: NYC PEEPS: @Trevornoah will be in West Nyack Apr 17-19. Do not miss it http://t.co/OE332MGWxe
U1,P7394,42086,Ok people in Washington. Youve ask and Ive delivered. Were adding a Sunday show in Arlington- http://t.co/KDaT0kJ4DE see you there
U1,P7393,42086,@pookiportia if I ever think of liking red heads. Lol best statement ever.
U1,P7392,42086,"If you drag a heavy chair across a hard floor, it sounds like Chewbacca from Star Wars."
U1,P7391,42086,@mthethwaxolani from Wednesday
U1,P7390,42086,Getting ready to fly to Dubai. I hope I see you at the Ductac theater otherwise Ill be telling jokes to empty chairs.
U1,P7389,42085,@Travon the same rules I use for protests
U1,P7388,42085,@Travon I thought thats what you always did 
U1,P7387,42084,@DeborahLincoln honoured to be your first
U1,P7386,42084,@RobynKorkie lol. I love how kind is tired.
U1,P7385,42084,@1978jamiemewan shes beyond better. Strongest person I know.
U1,P7384,42084,@taahira0123 Im glad I can be your common ground.
U1,P7383,42084,@KennyJMW ok what time
U1,P7382,42084,"Watch the movie The hundred foot journey and then afterwards tell me your life isnt a little better

#LaughandLove"
U1,P7381,42084,@RobynKorkie yes evil twins can be very scary things to think about. .
