UserId,Data
U0,lorem ipsum
U1,To prohibit illicit carnal intercourse
U1,between Europeans and natives and
U1,other acts in relation thereto.
U1,"BE IT ENACTED by the Kings Most Excellent Majesty,"
U1,the Senate and the House of Assembly of the Union of
U1,"South Africa, as follows:"
U1,1. Any European male who has illicit carnal intercourse
U1,"with a native female, and any native male who has illicit"
U1,carnal intercourse with a European femaleshall be guilty
U1,of an offence and liable on conviction to imprisonment for
U1,a period not exceeding five years.
U1,2. Any native female who permits any European male to
U1,have illicit carnal intercourse with her and any European
U1,female who permits any native male to have illicit carnal
U1,intercourse with her shall be guilty of an offence and liable
U1,on conviction to imprisonment for a period not exceeding
U1,four years.
U1,The genius of apartheid was convincing people who were
U1,the overwhelming majority to turn on each other. Apart
U1,"hate, is what it was. You separate people into groups and"
U1,make them hate one another so you can run them all.
U1,"At the time, black South Africans outnumbered white"
U1,"South Africans nearly five to one, yet we were divided into"
U1,"different tribes with different languages: Zulu, Xhosa,"
U1,"Tswana, Sotho, Venda, Ndebele, Tsonga, Pedi, and more."
U1,Long before apartheid existed these tribal factions clashed
U1,and warred with one another. Then white rule used that
U1,animosity to divide and conquer. All nonwhites were
U1,systematically classified into various groups and subgroups.
U1,Then these groups were given differing levels of rights and
U1,privileges in order to keep them at odds.
U1,Perhaps the starkest of these divisions was between
U1,"South Africas two dominant groups, the Zulu and the"
U1,Xhosa. The Zulu man is known as the warrior. He is proud.
U1,He puts his head down and fights. When the colonial armies
U1,"invaded, the Zulu charged into battle with nothing but"
U1,spears and shields against men with guns. The Zulu were
U1,"slaughtered by the thousands, but they never stopped"
U1,"fighting. The Xhosa, on the other hand, pride themselves on"
U1,being the thinkers. My mother is Xhosa. Nelson Mandela
U1,was Xhosa. The Xhosa waged a long war against the white
U1,"man as well, but after experiencing the futility of battle"
U1,"against a better-armed foe, many Xhosa chiefs took a more"
U1,nimble approach. These white people are here whether we
U1,"like it or not, they said. Lets see what tools they possess"
U1,"that can be useful to us. Instead of being resistant to English,"
U1,lets learn English. Well understand what the white man is
U1,"saying, and we can force him to negotiate with us."
U1,The Zulu went to war with the white man. The Xhosa
U1,played chess with the white man. For a long time neither was
U1,"particularly successful, and each blamed the other for a"
U1,problem neither had created. Bitterness festered. For
U1,decades those feelings were held in check by a common
U1,"enemy. Then apartheid fell, Mandela walked free, and black"
U1,South Africa went to war with itself.
U1,RUN
U1,Sometimes in big Hollywood movies theyll have
U1,these crazy chase scenes where somebody jumps or
U1,gets thrown from a moving car. The person hits the
U1,ground and rolls for a bit. Then they come to a stop
U1,"and pop up and dust themselves off, like it was no"
U1,"big deal. Whenever I see that I think, Thats rubbish."
U1,Getting thrown out of a moving car hurts way
U1,worse than that.
U1,I was nine years old when my mother threw me
U1,out of a moving car. It happened on a Sunday. I
U1,know it was on a Sunday because we were coming
U1,"home from church, and every Sunday in my"
U1,childhood meant church. We never missed church.
U1,My mother wasand still isa deeply religious
U1,woman. Very Christian. Like indigenous peoples
U1,"around the world, black South Africans adopted the"
U1,religion of our colonizers. By adopt I mean it was
U1,forced on us. The white man was quite stern with the
U1,"native. You need to pray to Jesus, he said. Jesus"
U1,"will save you. To which the native replied, Well, we"
U1,"do need to be savedsaved from you, but thats"
U1,beside the point. So lets give this Jesus thing a shot.
U1,"My whole family is religious, but where my"
U1,"mother was Team Jesus all the way, my"
U1,grandmother balanced her Christian faith with the
U1,"traditional Xhosa beliefs shed grown up with,"
U1,communicating with the spirits of our ancestors. For
U1,a long time I didnt understand why so many black
U1,people had abandoned their indigenous faith for
U1,Christianity. But the more we went to church and the
U1,longer I sat in those pews the more I learned about
U1,how Christianity works: If youre Native American
U1,"and you pray to the wolves, youre a savage. If youre"
U1,"African and you pray to your ancestors, youre a"
U1,primitive. But when white people pray to a guy who
U1,"turns water into wine, well, thats just common"
U1,sense.
U1,"My childhood involved church, or some form of"
U1,"church, at least four nights a week. Tuesday night"
U1,was the prayer meeting. Wednesday night was Bible
U1,study. Thursday night was Youth church. Friday and
U1,Saturday we had off. Time to sin Then on Sunday
U1,"we went to church. Three churches, to be precise."
U1,The reason we went to three churches was because
U1,my mom said each church gave her something
U1,different. The first church offered jubilant praise of
U1,the Lord. The second church offered deep analysis of
U1,"the scripture, which my mom loved. The third"
U1,church offered passion and catharsis it was a place
U1,where you truly felt the presence of the Holy Spirit
U1,"inside you. Completely by coincidence, as we moved"
U1,"back and forth between these churches, I noticed"
U1,that each one had its own distinct racial makeup:
U1,Jubilant church was mixed church. Analytical church
U1,"was white church. And passionate, cathartic church,"
U1,that was black church.
U1,Mixed church was Rhema Bible Church. Rhema
U1,"was one of those huge, supermodern, suburban"
U1,"megachurches. The pastor, Ray McCauley, was an"
U1,ex-bodybuilder with a big smile and the personality
U1,of a cheerleader. Pastor Ray had competed in the
U1,1974 Mr. Universe competition. He placed third. The
U1,winner that year was Arnold Schwarzenegger. Every
U1,"week, Ray would be up onstage working really hard"
U1,to make Jesus cool. There was arena-style seating
U1,and a rock band jamming out with the latest
U1,"Christian contemporary pop. Everyone sang along,"
U1,and if you didnt know the words that was okay
U1,because they were all right up there on the
U1,"Jumbotron for you. It was Christian karaoke,"
U1,basically. I always had a blast at mixed church.
U1,"White church was Rosebank Union in Sandton,"
U1,a very white and wealthy part of Johannesburg. I
U1,loved white church because I didnt actually have to
U1,"go to the main service. My mom would go to that,"
U1,"and I would go to the youth side, to Sunday school."
U1,In Sunday school we got to read cool stories. Noah
U1,and the flood was obviously a favorite I had a
U1,personal stake there. But I also loved the stories
U1,"about Moses parting the Red Sea, David slaying"
U1,"Goliath, Jesus whipping the money changers in the"
U1,temple.
U1,I grew up in a home with very little exposure to
U1,popular culture. Boyz II Men were not allowed in my
U1,mothers house. Songs about some guy grinding on a
U1,"girl all night long No, no, no. That was forbidden."
U1,Id hear the other kids at school singing End of the
U1,"Road, and Id have no clue what was going on. I"
U1,"knew of these Boyz II Men, but I didnt really know"
U1,who they were. The only music I knew was from
U1,"church: soaring, uplifting songs praising Jesus. It"
U1,was the same with movies. My mom didnt want my
U1,mind polluted by movies with sex and violence. So
U1,the Bible was my action movie. Samson was my
U1,superhero. He was my He-Man. A guy beating a
U1,thousand people to death with the jawbone of a
U1,donkey Thats pretty badass. Eventually you get to
U1,Paul writing letters to the Ephesians and it loses the
U1,"plot, but the Old Testament and the Gospels I could"
U1,"quote you anything from those pages, chapter and"
U1,verse. There were Bible games and quizzes every
U1,"week at white church, and I kicked everyones ass."
U1,Then there was black church. There was always
U1,some kind of black church service going on
U1,"somewhere, and we tried them all. In the township,"
U1,"that typically meant an outdoor, tent-revival-style"
U1,church. We usually went to my grandmothers
U1,"church, an old-school Methodist congregation, five"
U1,"hundred African grannies in blue-and-white blouses,"
U1,clutching their Bibles and patiently burning in the
U1,"hot African sun. Black church was rough, I wont lie."
U1,No air-conditioning. No lyrics up on Jumbotrons.
U1,"And it lasted forever, three or four hours at least,"
U1,which confused me because white church was only
U1,"like an hourin and out, thanks for coming. But at"
U1,black church I would sit there for what felt like an
U1,"eternity, trying to figure out why time moved so"
U1,"slowly. Is it possible for time to actually stop If so,"
U1,why does it stop at black church and not at white
U1,church I eventually decided black people needed
U1,more time with Jesus because we suffered more.
U1,"Im here to fill up on my blessings for the week, my"
U1,mother used to say. The more time we spent at
U1,"church, she reckoned, the more blessings we"
U1,"accrued, like a Starbucks Rewards Card."
U1,Black church had one saving grace. If I could
U1,make it to the third or fourth hour Id get to watch
U1,the pastor cast demons out of people. People
U1,possessed by demons would start running up and
U1,"down the aisles like madmen, screaming in tongues."
U1,"The ushers would tackle them, like bouncers at a"
U1,"club, and hold them down for the pastor. The pastor"
U1,would grab their heads and violently shake them
U1,"back and forth, shouting, I cast out this spirit in the"
U1,name of Jesus Some pastors were more violent
U1,"than others, but what they all had in common was"
U1,that they wouldnt stop until the demon was gone
U1,and the congregant had gone limp and collapsed on
U1,the stage. The person had to fall. Because if he didnt
U1,fall that meant the demon was powerful and the
U1,pastor needed to come at him even harder. You
U1,could be a linebacker in the NFL. Didnt matter. That
U1,"pastor was taking you down. Good Lord, that was"
U1,fun.
U1,"Christian karaoke, badass action stories, and"
U1,"violent faith healersman, I loved church. The thing"
U1,I didnt love was the lengths we had to go to in order
U1,to get to church. It was an epic slog. We lived in
U1,"Eden Park, a tiny suburb way outside Johannesburg."
U1,"It took us an hour to get to white church, another"
U1,"forty-five minutes to get to mixed church, and"
U1,another forty-five minutes to drive out to Soweto for
U1,"black church. Then, if that wasnt bad enough, some"
U1,Sundays wed double back to white church for a
U1,special evening service. By the time we finally got
U1,"home at night, Id collapse into bed."
U1,"This particular Sunday, the Sunday I was hurled"
U1,"from a moving car, started out like any other"
U1,"Sunday. My mother woke me up, made me porridge"
U1,for breakfast. I took my bath while she dressed my
U1,"baby brother Andrew, who was nine months old."
U1,"Then we went out to the driveway, but once we were"
U1,"finally all strapped in and ready to go, the car"
U1,"wouldnt start. My mom had this ancient, broken-"
U1,"down, bright-tangerine Volkswagen Beetle that she"
U1,picked up for next to nothing. The reason she got it
U1,for next to nothing was because it was always
U1,breaking down. To this day I hate secondhand cars.
U1,Almost everything thats ever gone wrong in my life I
U1,can trace back to a secondhand car. Secondhand cars
U1,made me get detention for being late for school.
U1,Secondhand cars left us hitchhiking on the side of
U1,the freeway. A secondhand car was also the reason
U1,my mom got married. If it hadnt been for the
U1,"Volkswagen that didnt work, we never would have"
U1,looked for the mechanic who became the husband
U1,who became the stepfather who became the man
U1,who tortured us for years and put a bullet in the back
U1,of my mothers headIll take the new car with the
U1,warranty every time.
U1,"As much as I loved church, the idea of a nine-"
U1,"hour slog, from mixed church to white church to"
U1,black church then doubling back to white church
U1,"again, was just too much to contemplate. It was bad"
U1,"enough in a car, but taking public transport would be"
U1,twice as long and twice as hard. When the
U1,"Volkswagen refused to start, inside my head I was"
U1,"praying, Please say well just stay home. Please say"
U1,well just stay home. Then I glanced over to see the
U1,"determined look on my mothers face, her jaw set,"
U1,and I knew I had a long day ahead of me.
U1,"Come, she said. Were going to catch"
U1,minibuses.
U1,
U1,My mother is as stubborn as she is religious. Once
U1,"her minds made up, thats it. Indeed, obstacles that"
U1,"would normally lead a person to change their plans,"
U1,"like a car breaking down, only made her more"
U1,determined to forge ahead.
U1,"Its the Devil, she said about the stalled car."
U1,The Devil doesnt want us to go to church. Thats
U1,why weve got to catch minibuses.
U1,Whenever I found myself up against my
U1,"mothers faith-based obstinacy, I would try, as"
U1,"respectfully as possible, to counter with an opposing"
U1,point of view.
U1,"Or, I said, the Lord knows that today we"
U1,"shouldnt go to church, which is why he made sure"
U1,"the car wouldnt start, so that we stay at home as a"
U1,"family and take a day of rest, because even the Lord"
U1,rested.
U1,"Ah, thats the Devil talking, Trevor."
U1,"No, because Jesus is in control, and if Jesus is"
U1,"in control and we pray to Jesus, he would let the car"
U1,"start, but he hasnt, therefore"
U1,"No, Trevor Sometimes Jesus puts obstacles in"
U1,your way to see if you overcome them. Like Job. This
U1,could be a test.
U1,"Ah Yes, Mom. But the test could be to see if"
U1,were willing to accept what has happened and stay
U1,at home and praise Jesus for his wisdom.
U1,No. Thats the Devil talking. Now go change
U1,your clothes.
U1,"But, Mom"
U1,Trevor Sunqhela
U1,Sunqhela is a phrase with many shades of
U1,"meaning. It says dont undermine me, dont"
U1,"underestimate me, and just try me. Its a"
U1,"command and a threat, all at once. Its a common"
U1,thing for Xhosa parents to say to their kids. Any time
U1,"I heard it I knew it meant the conversation was over,"
U1,and if I uttered another word I was in for a hiding
U1,what we call a spanking.
U1,"At the time, I attended a private Catholic school"
U1,called Maryvale College. I was the champion of the
U1,"Maryvale sports day every single year, and my"
U1,mother won the moms trophy every single year.
U1,Why Because she was always chasing me to kick my
U1,"ass, and I was always running not to get my ass"
U1,kicked. Nobody ran like me and my mom. She wasnt
U1,one of those Come over here and get your hiding
U1,type moms. Shed deliver it to you free of charge. She
U1,"was a thrower, too. Whatever was next to her was"
U1,"coming at you. If it was something breakable, I had"
U1,"to catch it and put it down. If it broke, that would be"
U1,"my fault, too, and the ass-kicking would be that"
U1,"much worse. If she threw a vase at me, Id have to"
U1,"catch it, put it down, and then run. In a split second,"
U1,"Id have to think, Is it valuable Yes. Is it breakable"
U1,"Yes. Catch it, put it down, now run."
U1,"We had a very Tom and Jerry relationship, me"
U1,and my mom. She was the strict disciplinarian I was
U1,naughty as shit. She would send me out to buy
U1,"groceries, and I wouldnt come right home because"
U1,Id be using the change from the milk and bread to
U1,play arcade games at the supermarket. I loved
U1,videogames. I was a master at Street Fighter. I could
U1,"go forever on a single play. Id drop a coin in, time"
U1,"would fly, and the next thing I knew thered be a"
U1,woman behind me with a belt. It was a race. Id take
U1,off out the door and through the dusty streets of
U1,"Eden Park, clambering over walls, ducking through"
U1,backyards. It was a normal thing in our
U1,neighborhood. Everybody knew: That Trevor child
U1,"would come through like a bat out of hell, and his"
U1,mom would be right there behind him. She could go
U1,"at a full sprint in high heels, but if she really wanted"
U1,to come after me she had this thing where shed kick
U1,her shoes off while still going at top speed. Shed do
U1,this weird move with her ankles and the heels would
U1,go flying and she wouldnt even miss a step. Thats
U1,"when I knew, Okay, shes in turbo mode now."
U1,"When I was little she always caught me, but as I"
U1,"got older I got faster, and when speed failed her"
U1,shed use her wits. If I was about to get away shed
U1,"yell, Stop Thief Shed do this to her own child. In"
U1,"South Africa, nobody gets involved in other peoples"
U1,"businessunless its mob justice, and then"
U1,everybody wants in. So shed yell Thief knowing it
U1,"would bring the whole neighborhood out against me,"
U1,and then Id have strangers trying to grab me and
U1,"tackle me, and Id have to duck and dive and dodge"
U1,"them as well, all the while screaming, Im not a"
U1,thief Im her son
U1,The last thing I wanted to do that Sunday
U1,"morning was climb into some crowded minibus, but"
U1,the second I heard my mom say sunqhela I knew my
U1,fate was sealed. She gathered up Andrew and we
U1,climbed out of the Volkswagen and went out to try to
U1,catch a ride.
U1,
U1,"I was five years old, nearly six, when Nelson"
U1,Mandela was released from prison. I remember
U1,seeing it on TV and everyone being happy. I didnt
U1,"know why we were happy, just that we were. I was"
U1,aware of the fact that there was a thing called
U1,"apartheid and it was ending and that was a big deal,"
U1,but I didnt understand the intricacies of it.
U1,"What I do remember, what I will never forget, is"
U1,the violence that followed. The triumph of
U1,democracy over apartheid is sometimes called the
U1,Bloodless Revolution. It is called that because very
U1,little white blood was spilled. Black blood ran in the
U1,streets.
U1,"As the apartheid regime fell, we knew that the"
U1,"black man was now going to rule. The question was,"
U1,which black man Spates of violence broke out
U1,"between the Inkatha Freedom Party and the ANC,"
U1,"the African National Congress, as they jockeyed for"
U1,power. The political dynamic between these two
U1,"groups was very complicated, but the simplest way to"
U1,understand it is as a proxy war between Zulu and
U1,"Xhosa. The Inkatha was predominantly Zulu, very"
U1,militant and very nationalistic. The ANC was a broad
U1,"coalition encompassing many different tribes, but its"
U1,leaders at the time were primarily Xhosa. Instead of
U1,"uniting for peace they turned on one another,"
U1,committing acts of unbelievable savagery. Massive
U1,riots broke out. Thousands of people were killed.
U1,Necklacing was common. Thats where people would
U1,hold someone down and put a rubber tire over his
U1,"torso, pinning his arms. Then theyd douse him with"
U1,petrol and set him on fire and burn him alive. The
U1,ANC did it to Inkatha. Inkatha did it to the ANC. I
U1,saw one of those charred bodies on the side of the
U1,road one day on my way to school. In the evenings
U1,my mom and I would turn on our little black-and-
U1,white TV and watch the news. A dozen people killed.
U1,Fifty people killed. A hundred people killed.
U1,Eden Park sat not far from the sprawling
U1,"townships of the East Rand, Thokoza and Katlehong,"
U1,which were the sites of some of the most horrific
U1,InkathaANC clashes. Once a month at least wed
U1,drive home and the neighborhood would be on fire.
U1,Hundreds of rioters in the street. My mom would
U1,edge the car slowly through the crowds and around
U1,blockades made of flaming tires. Nothing burns like
U1,a tireit rages with a fury you cant imagine. As we
U1,"drove past the burning blockades, it felt like we were"
U1,"inside an oven. I used to say to my mom, I think"
U1,Satan burns tires in Hell.
U1,"Whenever the riots broke out, all our neighbors"
U1,would wisely hole up behind closed doors. But not
U1,"my mom. Shed head straight out, and as wed inch"
U1,"our way past the blockades, shed give the rioters this"
U1,look. Let me pass. Im not involved in this shit. She
U1,was unwavering in the face of danger. That always
U1,amazed me. It didnt matter that there was a war on
U1,"our doorstep. She had things to do, places to be. It"
U1,was the same stubbornness that kept her going to
U1,church despite a broken-down car. There could be
U1,five hundred rioters with a blockade of burning tires
U1,"on the main road out of Eden Park, and my mother"
U1,"would say, Get dressed. Ive got to go to work."
U1,Youve got to go to school.
U1,But arent you afraid Id say. Theres only
U1,one of you and theres so many of them.
U1,"Honey, Im not alone, shed say. Ive got all of"
U1,Heavens angels behind me.
U1,"Well, it would be nice if we could see them, Id"
U1,say. Because I dont think the rioters know theyre
U1,there.
U1,Shed tell me not to worry. She always came
U1,"back to the phrase she lived by: If God is with me,"
U1,who can be against me She was never scared. Even
U1,when she should have been.
U1,
U1,"That carless Sunday we made our circuit of churches,"
U1,"ending up, as usual, at white church. When we"
U1,walked out of Rosebank Union it was dark and we
U1,were alone. It had been an endless day of minibuses
U1,"from mixed church to black church to white church,"
U1,and I was exhausted. It was nine oclock at least. In
U1,"those days, with all the violence and riots going on,"
U1,you did not want to be out that late at night. We were
U1,standing at the corner of Jellicoe Avenue and Oxford
U1,"Road, right in the heart of Johannesburgs wealthy,"
U1,"white suburbia, and there were no minibuses. The"
U1,streets were empty.
U1,"I so badly wanted to turn to my mom and say,"
U1,You see This is why God wanted us to stay home.
U1,"But one look at the expression on her face, and I"
U1,knew better than to speak. There were times I could
U1,talk smack to my momthis was not one of them.
U1,We waited and waited for a minibus to come by.
U1,Under apartheid the government provided no public
U1,"transportation for blacks, but white people still"
U1,needed us to show up to mop their floors and clean
U1,their bathrooms. Necessity being the mother of
U1,"invention, black people created their own transit"
U1,"system, an informal network of bus routes,"
U1,controlled by private associations operating entirely
U1,outside the law. Because the minibus business was
U1,"completely unregulated, it was basically organized"
U1,"crime. Different groups ran different routes, and"
U1,they would fight over who controlled what. There
U1,"was bribery and general shadiness that went on, a"
U1,"great deal of violence, and a lot of protection money"
U1,paid to avoid violence. The one thing you didnt do
U1,was steal a route from a rival group. Drivers who
U1,"stole routes would get killed. Being unregulated,"
U1,minibuses were also very unreliable. When they
U1,"came, they came. When they didnt, they didnt."
U1,"Standing outside Rosebank Union, I was"
U1,literally falling asleep on my feet. Not a minibus in
U1,"sight. Eventually my mother said, Lets hitchhike."
U1,"We walked and walked, and after what felt like an"
U1,"eternity, a car drove up and stopped. The driver"
U1,"offered us a ride, and we climbed in. We hadnt gone"
U1,ten feet when suddenly a minibus swerved right in
U1,front of the car and cut us off.
U1,"A Zulu driver got out with an iwisa, a large,"
U1,"traditional Zulu weapona war club, basically."
U1,Theyre used to smash peoples skulls in. Another
U1,"guy, his crony, got out of the passenger side. They"
U1,"walked up to the drivers side of the car we were in,"
U1,"grabbed the man whod offered us a ride, pulled him"
U1,"out, and started shoving their clubs in his face. Why"
U1,are you stealing our customers Why are you picking
U1,people up
U1,It looked like they were going to kill this guy. I
U1,knew that happened sometimes. My mom spoke up.
U1,"Hey, listen, he was just helping me. Leave him."
U1,Well ride with you. Thats what we wanted in the
U1,first place. So we got out of the first car and climbed
U1,into the minibus.
U1,We were the only passengers in the minibus. In
U1,"addition to being violent gangsters, South African"
U1,minibus drivers are notorious for complaining and
U1,haranguing passengers as they drive. This driver was
U1,"a particularly angry one. As we rode along, he started"
U1,lecturing my mother about being in a car with a man
U1,who was not her husband. My mother didnt suffer
U1,lectures from strange men. She told him to mind his
U1,"own business, and when he heard her speaking in"
U1,"Xhosa, that really set him off. The stereotypes of"
U1,Zulu and Xhosa women were as ingrained as those of
U1,the men. Zulu women were well-behaved and
U1,dutiful. Xhosa women were promiscuous and
U1,"unfaithful. And here was my mother, his tribal"
U1,"enemy, a Xhosa woman alone with two small"
U1,"childrenone of them a mixed child, no less. Not"
U1,just a whore but a whore who sleeps with white men.
U1,"Oh, youre a Xhosa, he said. That explains it."
U1,Climbing into strange mens cars. Disgusting
U1,woman.
U1,My mom kept telling him off and he kept calling
U1,"her names, yelling at her from the front seat,"
U1,wagging his finger in the rearview mirror and
U1,growing more and more menacing until finally he
U1,"said, Thats the problem with you Xhosa women."
U1,Youre all slutsand tonight youre going to learn
U1,your lesson.
U1,"He sped off. He was driving fast, and he wasnt"
U1,"stopping, only slowing down to check for traffic at"
U1,the intersections before speeding through. Death
U1,was never far away from anybody back then. At that
U1,point my mother could be raped. We could be killed.
U1,These were all viable options. I didnt fully
U1,comprehend the danger we were in at the moment I
U1,was so tired that I just wanted to sleep. Plus my
U1,"mom stayed very calm. She didnt panic, so I didnt"
U1,know to panic. She just kept trying to reason with
U1,him.
U1,"Im sorry if weve upset you, bhuti. You can just"
U1,let us out here
U1,No.
U1,"Really, its fine. We can just walk"
U1,No.
U1,"He raced along Oxford Road, the lanes empty,"
U1,no other cars out. I was sitting closest to the
U1,"minibuss sliding door. My mother sat next to me,"
U1,holding baby Andrew. She looked out the window at
U1,the passing road and then leaned over to me and
U1,"whispered, Trevor, when he slows down at the next"
U1,"intersection, Im going to open the door and were"
U1,going to jump.
U1,"I didnt hear a word of what she was saying,"
U1,because by that point Id completely nodded off.
U1,"When we came to the next traffic light, the driver"
U1,eased off the gas a bit to look around and check the
U1,"road. My mother reached over, pulled the sliding"
U1,"door open, grabbed me, and threw me out as far as"
U1,"she could. Then she took Andrew, curled herself in a"
U1,"ball around him, and leaped out behind me."
U1,It felt like a dream until the pain hit. Bam I
U1,smacked hard on the pavement. My mother landed
U1,right beside me and we tumbled and tumbled and
U1,rolled and rolled. I was wide awake now. I went from
U1,half asleep to What the hell Eventually I came to a
U1,"stop and pulled myself up, completely disoriented. I"
U1,"looked around and saw my mother, already on her"
U1,feet. She turned and looked at me and screamed.
U1,Run
U1,"So I ran, and she ran, and nobody ran like me"
U1,and my mom.
U1,"Its weird to explain, but I just knew what to do."
U1,"It was animal instinct, learned in a world where"
U1,violence was always lurking and waiting to erupt. In
U1,"the townships, when the police came swooping in"
U1,with their riot gear and armored cars and
U1,"helicopters, I knew: Run for cover. Run and hide. I"
U1,knew that as a five-year-old. Had I lived a different
U1,"life, getting thrown out of a speeding minibus might"
U1,"have fazed me. Id have stood there like an idiot,"
U1,"going, Whats happening, Mom Why are my legs so"
U1,"sore But there was none of that. Mom said run,"
U1,"and I ran. Like the gazelle runs from the lion, I ran."
U1,The men stopped the minibus and got out and
U1,"tried to chase us, but they didnt stand a chance. We"
U1,smoked them. I think they were in shock. I still
U1,remember glancing back and seeing them give up
U1,with a look of utter bewilderment on their faces.
U1,What just happened Whod have thought a woman
U1,with two small children could run so fast They
U1,didnt know they were dealing with the reigning
U1,champs of the Maryvale College sports day. We kept
U1,going and going until we made it to a twenty-four-
U1,hour petrol station and called the police. By then the
U1,men were long gone.
U1,I still didnt know why any of this had
U1,happened Id been running on pure adrenaline.
U1,Once we stopped running I realized how much pain I
U1,"was in. I looked down, and the skin on my arms was"
U1,scraped and torn. I was cut up and bleeding all over.
U1,"Mom was, too. My baby brother was fine, though,"
U1,incredibly. My mom had wrapped herself around
U1,"him, and hed come through without a scratch. I"
U1,turned to her in shock.
U1,What was that Why are we running
U1,"What do you mean, Why are we running"
U1,Those men were trying to kill us.
U1,You never told me that You just threw me out
U1,of the car
U1,I did tell you. Why didnt you jump
U1,Jump I was asleep
U1,So I should have left you there for them to kill
U1,you
U1,At least they would have woken me up before
U1,they killed me.
U1,Back and forth we went. I was too confused and
U1,too angry about getting thrown out of the car to
U1,realize what had happened. My mother had saved
U1,my life.
U1,As we caught our breath and waited for the
U1,"police to come and drive us home, she said, Well, at"
U1,"least were safe, thank God."
U1,But I was nine years old and I knew better. I
U1,wasnt going to keep quiet this time.
U1,"No, Mom This was not thanks to God You"
U1,should have listened to God when he told us to stay
U1,"at home when the car wouldnt start, because clearly"
U1,the Devil tricked us into coming out tonight.
U1,"No, Trevor Thats not how the Devil works."
U1,"This is part of Gods plan, and if He wanted us here"
U1,then He had a reason
U1,"And on and on and there we were, back at it,"
U1,"arguing about Gods will. Finally I said, Look, Mom."
U1,"I know you love Jesus, but maybe next week you"
U1,could ask him to meet us at our house. Because this
U1,really wasnt a fun night.
U1,She broke out in a huge smile and started
U1,"laughing. I started laughing, too, and we stood there,"
U1,"this little boy and his mom, our arms and legs"
U1,"covered in blood and dirt, laughing together through"
U1,the pain in the light of a petrol station on the side of
U1,the road in the middle of the night.
U1,"Apartheid was perfect racism. It took centuries to develop,"
U1,starting all the way back in 1652 when the Dutch East India
U1,Company landed at the Cape of Good Hope and established a
U1,"trading colony, Kaapstad, later known as Cape Town, a rest"
U1,stop for ships traveling between Europe and India. To
U1,"impose white rule, the Dutch colonists went to war with the"
U1,"natives, ultimately developing a set of laws to subjugate and"
U1,"enslave them. When the British took over the Cape Colony,"
U1,the descendants of the original Dutch settlers trekked inland
U1,"and developed their own language, culture, and customs,"
U1,"eventually becoming their own people, the Afrikanersthe"
U1,white tribe of Africa.
U1,The British abolished slavery in name but kept it in
U1,"practice. They did so because, in the mid-1800s, in what had"
U1,been written off as a near-worthless way station on the route
U1,"to the Far East, a few lucky capitalists stumbled upon the"
U1,"richest gold and diamond reserves in the world, and an"
U1,endless supply of expendable bodies was needed to go in the
U1,ground and get it all out.
U1,"As the British Empire fell, the Afrikaner rose up to claim"
U1,South Africa as his rightful inheritance. To maintain power
U1,"in the face of the countrys rising and restless black majority,"
U1,the government realized they needed a newer and more
U1,robust set of tools. They set up a formal commission to go
U1,out and study institutionalized racism all over the world.
U1,They went to Australia. They went to the Netherlands. They
U1,"went to America. They saw what worked, what didnt. Then"
U1,"they came back and published a report, and the government"
U1,used that knowledge to build the most advanced system of
U1,racial oppression known to man.
U1,"Apartheid was a police state, a system of surveillance"
U1,and laws designed to keep black people under total control.
U1,A full compendium of those laws would run more than three
U1,"thousand pages and weigh approximately ten pounds, but"
U1,the general thrust of it should be easy enough for any
U1,American to understand. In America you had the forced
U1,removal of the native onto reservations coupled with slavery
U1,followed by segregation. Imagine all three of those things
U1,happening to the same group of people at the same time.
U1,That was apartheid.
U1,BORN A CRIME
U1,"I grew up in South Africa during apartheid, which"
U1,"was awkward because I was raised in a mixed family,"
U1,with me being the mixed one in the family. My
U1,"mother, Patricia Nombuyiselo Noah, is black. My"
U1,"father, Robert, is white. Swiss/German, to be"
U1,"precise, which Swiss/Germans invariably are."
U1,"During apartheid, one of the worst crimes you could"
U1,commit was having sexual relations with a person of
U1,"another race. Needless to say, my parents committed"
U1,that crime.
U1,"In any society built on institutionalized racism,"
U1,race-mixing doesnt merely challenge the system as
U1,"unjust, it reveals the system as unsustainable and"
U1,incoherent. Race-mixing proves that races can mix
U1,"and in a lot of cases, want to mix. Because a mixed"
U1,person embodies that rebuke to the logic of the
U1,"system, race-mixing becomes a crime worse than"
U1,treason.
U1,"Humans being humans and sex being sex, that"
U1,prohibition never stopped anyone. There were mixed
U1,kids in South Africa nine months after the first
U1,Dutch boats hit the beach in Table Bay. Just like in
U1,"America, the colonists here had their way with the"
U1,"native women, as colonists so often do. Unlike in"
U1,"America, where anyone with one drop of black blood"
U1,"automatically became black, in South Africa mixed"
U1,people came to be classified as their own separate
U1,"group, neither black nor white but what we call"
U1,"colored. Colored people, black people, white"
U1,"people, and Indian people were forced to register"
U1,their race with the government. Based on those
U1,"classifications, millions of people were uprooted and"
U1,relocated. Indian areas were segregated from colored
U1,"areas, which were segregated from black areasall of"
U1,them segregated from white areas and separated
U1,from one another by buffer zones of empty land.
U1,Laws were passed prohibiting sex between
U1,"Europeans and natives, laws that were later"
U1,amended to prohibit sex between whites and all
U1,nonwhites.
U1,The government went to insane lengths to try to
U1,enforce these new laws. The penalty for breaking
U1,them was five years in prison. There were whole
U1,police squads whose only job was to go around
U1,peeking through windowsclearly an assignment for
U1,only the finest law enforcement officers. And if an
U1,"interracial couple got caught, God help them. The"
U1,"police would kick down the door, drag the people"
U1,"out, beat them, arrest them. At least thats what they"
U1,did to the black person. With the white person it was
U1,"more like, Look, Ill just say you were drunk, but"
U1,"dont do it again, eh Cheers. Thats how it was with"
U1,a white man and a black woman. If a black man was
U1,"caught having sex with a white woman, hed be lucky"
U1,if he wasnt charged with rape.
U1,If you ask my mother whether she ever
U1,considered the ramifications of having a mixed child
U1,"under apartheid, she will say no. She wanted to do"
U1,"something, figured out a way to do it, and then she"
U1,did it. She had a level of fearlessness that you have to
U1,possess to take on something like she did. If you stop
U1,"to consider the ramifications, youll never do"
U1,"anything. Still, it was a crazy, reckless thing to do. A"
U1,million things had to go right for us to slip through
U1,the cracks the way we did for as long as we did.
U1,
U1,"Under apartheid, if you were a black man you"
U1,worked on a farm or in a factory or in a mine. If you
U1,"were a black woman, you worked in a factory or as a"
U1,maid. Those were pretty much your only options. My
U1,mother didnt want to work in a factory. She was a
U1,horrible cook and never would have stood for some
U1,"white lady telling her what to do all day. So, true to"
U1,"her nature, she found an option that was not among"
U1,the ones presented to her: She took a secretarial
U1,"course, a typing class. At the time, a black woman"
U1,learning how to type was like a blind person learning
U1,"how to drive. Its an admirable effort, but youre"
U1,unlikely to ever be called upon to execute the task.
U1,"By law, white-collar jobs and skilled-labor jobs were"
U1,reserved for whites. Black people didnt work in
U1,"offices. My mom, however, was a rebel, and,"
U1,"fortunately for her, her rebellion came along at the"
U1,right moment.
U1,"In the early 1980s, the South African"
U1,government began making minor reforms in an
U1,attempt to quell international protest over the
U1,atrocities and human rights abuses of apartheid.
U1,Among those reforms was the token hiring of black
U1,workers in low-level white-collar jobs. Like typists.
U1,Through an employment agency she got a job as a
U1,"secretary at ICI, a multinational pharmaceutical"
U1,"company in Braamfontein, a suburb of"
U1,Johannesburg.
U1,"When my mom started working, she still lived"
U1,"with my grandmother in Soweto, the township where"
U1,the government had relocated my family decades
U1,"before. But my mother was unhappy at home, and"
U1,when she was twenty-two she ran away to live in
U1,downtown Johannesburg. There was only one
U1,problem: It was illegal for black people to live there.
U1,The ultimate goal of apartheid was to make
U1,"South Africa a white country, with every black"
U1,person stripped of his or her citizenship and
U1,"relocated to live in the homelands, the Bantustans,"
U1,semi-sovereign black territories that were in reality
U1,puppet states of the government in Pretoria. But this
U1,so-called white country could not function without
U1,"black labor to produce its wealth, which meant black"
U1,people had to be allowed to live near white areas in
U1,"the townships, government-planned ghettos built to"
U1,"house black workers, like Soweto. The township was"
U1,"where you lived, but your status as a laborer was the"
U1,only thing that permitted you to stay there. If your
U1,"papers were revoked for any reason, you could be"
U1,deported back to the homelands.
U1,"To leave the township for work in the city, or for"
U1,"any other reason, you had to carry a pass with your"
U1,ID number otherwise you could be arrested. There
U1,"was also a curfew: After a certain hour, blacks had to"
U1,be back home in the township or risk arrest. My
U1,mother didnt care. She was determined to never go
U1,"home again. So she stayed in town, hiding and"
U1,sleeping in public restrooms until she learned the
U1,rules of navigating the city from the other black
U1,women who had contrived to live there: prostitutes.
U1,Many of the prostitutes in town were Xhosa.
U1,They spoke my mothers language and showed her
U1,how to survive. They taught her how to dress up in a
U1,pair of maids overalls to move around the city
U1,without being questioned. They also introduced her
U1,to white men who were willing to rent out flats in
U1,"town. A lot of these men were foreigners, Germans"
U1,and Portuguese who didnt care about the law and
U1,were happy to sign a lease giving a prostitute a place
U1,to live and work in exchange for a steady piece on the
U1,side. My mom wasnt interested in any such
U1,"arrangement, but thanks to her job she did have"
U1,money to pay rent. She met a German fellow through
U1,"one of her prostitute friends, and he agreed to let her"
U1,a flat in his name. She moved in and bought a bunch
U1,of maids overalls to wear. She was caught and
U1,"arrested many times, for not having her ID on the"
U1,"way home from work, for being in a white area after"
U1,hours. The penalty for violating the pass laws was
U1,"thirty days in jail or a fine of fifty rand, nearly half"
U1,her monthly salary. She would scrape together the
U1,"money, pay the fine, and go right back about her"
U1,business.
U1,
U1,My moms secret flat was in a neighborhood called
U1,Hillbrow. She lived in number 203. Down the
U1,"corridor was a tall, brown-haired, brown-eyed"
U1,Swiss/German expat named Robert. He lived in 206.
U1,"As a former trading colony, South Africa has always"
U1,had a large expatriate community. People find their
U1,way here. Tons of Germans. Lots of Dutch. Hillbrow
U1,at the time was the Greenwich Village of South
U1,"Africa. It was a thriving scene, cosmopolitan and"
U1,liberal. There were galleries and underground
U1,theaters where artists and performers dared to speak
U1,up and criticize the government in front of
U1,integrated crowds. There were restaurants and
U1,"nightclubs, a lot of them foreign-owned, that served"
U1,"a mixed clientele, black people who hated the status"
U1,quo and white people who simply thought it
U1,ridiculous. These people would have secret get-
U1,"togethers, too, usually in someones flat or in empty"
U1,basements that had been converted into clubs.
U1,"Integration by its nature was a political act, but the"
U1,get-togethers themselves werent political at all.
U1,"People would meet up and hang out, have parties."
U1,My mom threw herself into that scene. She was
U1,"always out at some club, some party, dancing,"
U1,meeting people. She was a regular at the Hillbrow
U1,"Tower, one of the tallest buildings in Africa at that"
U1,time. It had a nightclub with a rotating dance floor
U1,on the top floor. It was an exhilarating time but still
U1,dangerous. Sometimes the restaurants and clubs
U1,"would get shut down, sometimes not. Sometimes the"
U1,"performers and patrons would get arrested,"
U1,sometimes not. It was a roll of the dice. My mother
U1,"never knew whom to trust, who might turn her in to"
U1,the police. Neighbors would report on one another.
U1,The girlfriends of the white men in my moms block
U1,of flats had every reason to report a black womana
U1,"prostitute, no doubtliving among them. And you"
U1,must remember that black people worked for the
U1,government as well. As far as her white neighbors
U1,"knew, my mom could have been a spy posing as a"
U1,"prostitute posing as a maid, sent into Hillbrow to"
U1,inform on whites who were breaking the law. Thats
U1,how a police state workseveryone thinks everyone
U1,else is the police.
U1,"Living alone in the city, not being trusted and"
U1,"not being able to trust, my mother started spending"
U1,more and more time in the company of someone
U1,with whom she felt safe: the tall Swiss man down the
U1,corridor in 206. He was forty-six. She was twenty-
U1,four. He was quiet and reserved she was wild and
U1,free. She would stop by his flat to chat theyd go to
U1,"underground get-togethers, go dancing at the"
U1,nightclub with the rotating dance floor. Something
U1,clicked.
U1,I know that there was a genuine bond and a love
U1,between my parents. I saw it. But how romantic their
U1,"relationship was, to what extent they were just"
U1,"friends, I cant say. These are things a child doesnt"
U1,ask. All I do know is that one day she made her
U1,proposal.
U1,"I want to have a kid, she told him."
U1,"I dont want kids, he said."
U1,I didnt ask you to have a kid. I asked you to
U1,help me to have my kid. I just want the sperm from
U1,you.
U1,"Im Catholic, he said. We dont do such"
U1,things.
U1,"You do know, she replied, that I could sleep"
U1,with you and go away and you would never know if
U1,you had a child or not. But I dont want that. Honor
U1,me with your yes so that I can live peacefully. I want
U1,"a child of my own, and I want it from you. You will"
U1,"be able to see it as much as you like, but you will"
U1,have no obligations. You dont have to talk to it. You
U1,dont have to pay for it. Just make this child for me.
U1,"For my mothers part, the fact that this man"
U1,"didnt particularly want a family with her, was"
U1,"prevented by law from having a family with her, was"
U1,"part of the attraction. She wanted a child, not a man"
U1,"stepping in to run her life. For my fathers part, I"
U1,know that for a long time he kept saying no.
U1,Eventually he said yes. Why he said yes is a question
U1,I will never have the answer to.
U1,"Nine months after that yes, on February 20,"
U1,"1984, my mother checked into Hillbrow Hospital for"
U1,a scheduled C-section delivery. Estranged from her
U1,"family, pregnant by a man she could not be seen with"
U1,"in public, she was alone. The doctors took her up to"
U1,"the delivery room, cut open her belly, and reached in"
U1,"and pulled out a half-white, half-black child who"
U1,"violated any number of laws, statutes, and"
U1,regulationsI was born a crime.
U1,
U1,When the doctors pulled me out there was an
U1,"awkward moment where they said, Huh. Thats a"
U1,very light-skinned baby. A quick scan of the delivery
U1,room revealed no man standing around to take
U1,credit.
U1,Who is the father they asked.
U1,"His father is from Swaziland, my mother said,"
U1,"referring to the tiny, landlocked kingdom in the west"
U1,of South Africa.
U1,"They probably knew she was lying, but they"
U1,accepted it because they needed an explanation.
U1,"Under apartheid, the government labeled everything"
U1,"on your birth certificate: race, tribe, nationality."
U1,Everything had to be categorized. My mother lied
U1,"and said I was born in KaNgwane, the semi-"
U1,sovereign homeland for Swazi people living in South
U1,Africa. So my birth certificate doesnt say that Im
U1,"Xhosa, which technically I am. And it doesnt say"
U1,"that Im Swiss, which the government wouldnt"
U1,allow. It just says that Im from another country.
U1,"My father isnt on my birth certificate. Officially,"
U1,"hes never been my father. And my mother, true to"
U1,"her word, was prepared for him not to be involved."
U1,"Shed rented a new flat for herself in Joubert Park,"
U1,"the neighborhood adjacent to Hillbrow, and thats"
U1,where she took me when she left the hospital. The
U1,"next week she went to visit him, with no baby. To her"
U1,"surprise, he asked where I was. You said that you"
U1,"didnt want to be involved, she said. And he hadnt,"
U1,but once I existed he realized he couldnt have a son
U1,living around the corner and not be a part of my life.
U1,"So the three of us formed a kind of family, as much"
U1,as our peculiar situation would allow. I lived with my
U1,mom. Wed sneak around and visit my dad when we
U1,could.
U1,Where most children are proof of their parents
U1,"love, I was the proof of their criminality. The only"
U1,time I could be with my father was indoors. If we left
U1,"the house, hed have to walk across the street from"
U1,us. My mom and I used to go to Joubert Park all the
U1,time. Its the Central Park of Johannesburg
U1,"beautiful gardens, a zoo, a giant chessboard with"
U1,human-sized pieces that people would play. My
U1,"mother tells me that once, when I was a toddler, my"
U1,"dad tried to go with us. We were in the park, he was"
U1,"walking a good bit away from us, and I ran after him,"
U1,"screaming, Daddy Daddy Daddy People started"
U1,looking. He panicked and ran away. I thought it was
U1,a game and kept chasing him.
U1,"I couldnt walk with my mother, either a light-"
U1,skinned child with a black woman would raise too
U1,"many questions. When I was a newborn, she could"
U1,"wrap me up and take me anywhere, but very quickly"
U1,"that was no longer an option. I was a giant baby, an"
U1,enormous child. When I was one youd have thought
U1,"I was two. When I was two, youd have thought I was"
U1,four. There was no way to hide me.
U1,"My mom, same as shed done with her flat and"
U1,"with her maids uniforms, found the cracks in the"
U1,system. It was illegal to be mixed to have a black
U1,"parent and a white parent, but it was not illegal to"
U1,be colored to have two parents who were both
U1,colored. So my mom moved me around the world as
U1,a colored child. She found a crche in a colored area
U1,where she could leave me while she was at work.
U1,There was a colored woman named Queen who lived
U1,in our block of flats. When we wanted to go out to
U1,"the park, my mom would invite her to go with us."
U1,Queen would walk next to me and act like she was
U1,"my mother, and my mother would walk a few steps"
U1,"behind, like she was the maid working for the"
U1,colored woman. Ive got dozens of pictures of me
U1,walking with this woman who looks like me but who
U1,isnt my mother. And the black woman standing
U1,behind us who looks like shes photobombing the
U1,"picture, thats my mom. When we didnt have a"
U1,"colored woman to walk with us, my mom would risk"
U1,walking me on her own. She would hold my hand or
U1,"carry me, but if the police showed up she would have"
U1,"to drop me and pretend I wasnt hers, like I was a"
U1,bag of weed.
U1,"When I was born, my mother hadnt seen her"
U1,"family in three years, but she wanted me to know"
U1,"them and wanted them to know me, so the prodigal"
U1,"daughter returned. We lived in town, but I would"
U1,spend weeks at a time with my grandmother in
U1,"Soweto, often during the holidays. I have so many"
U1,memories from the place that in my mind its like we
U1,"lived there, too."
U1,Soweto was designed to be bombedthats how
U1,forward-thinking the architects of apartheid were.
U1,"The township was a city unto itself, with a"
U1,population of nearly one million. There were only
U1,two roads in and out. That was so the military could
U1,"lock us in, quell any rebellion. And if the monkeys"
U1,"ever went crazy and tried to break out of their cage,"
U1,the air force could fly over and bomb the shit out of
U1,"everyone. Growing up, I never knew that my"
U1,grandmother lived in the center of a bulls-eye.
U1,"In the city, as difficult as it was to get around,"
U1,"we managed. Enough people were out and about,"
U1,"black, white, and colored, going to and from work,"
U1,that we could get lost in the crowd. But only black
U1,people were permitted in Soweto. It was much
U1,"harder to hide someone who looked like me, and the"
U1,government was watching much more closely. In the
U1,"white areas you rarely saw the police, and if you did"
U1,it was Officer Friendly in his collared shirt and
U1,pressed pants. In Soweto the police were an
U1,occupying army. They didnt wear collared shirts.
U1,They wore riot gear. They were militarized. They
U1,"operated in teams known as flying squads, because"
U1,"they would swoop in out of nowhere, riding in"
U1,"armored personnel carriershippos, we called them"
U1,tanks with enormous tires and slotted holes in the
U1,side of the vehicle to fire their guns out of. You didnt
U1,"mess with a hippo. You saw one, you ran. That was a"
U1,fact of life. The township was in a constant state of
U1,insurrection someone was always marching or
U1,protesting somewhere and had to be suppressed.
U1,"Playing in my grandmothers house, Id hear"
U1,"gunshots, screams, tear gas being fired into crowds."
U1,My memories of the hippos and the flying
U1,"squads come from when I was five or six, when"
U1,apartheid was finally coming apart. I never saw the
U1,"police before that, because we could never risk the"
U1,"police seeing me. Whenever we went to Soweto, my"
U1,grandmother refused to let me outside. If she was
U1,"watching me it was, No, no, no. He doesnt leave the"
U1,"house. Behind the wall, in the yard, I could play, but"
U1,not in the street. And thats where the rest of the
U1,"boys and girls were playing, in the street. My"
U1,"cousins, the neighborhood kids, theyd open the gate"
U1,and head out and roam free and come back at dusk.
U1,Id beg my grandmother to go outside.
U1,"Please. Please, can I go play with my cousins"
U1,No Theyre going to take you
U1,For the longest time I thought she meant that
U1,"the other kids were going to steal me, but she was"
U1,talking about the police. Children could be taken.
U1,Children were taken. The wrong color kid in the
U1,"wrong color area, and the government could come"
U1,"in, strip your parents of custody, haul you off to an"
U1,"orphanage. To police the townships, the government"
U1,"relied on its network of impipis, the anonymous"
U1,snitches whod inform on suspicious activity. There
U1,"were also the blackjacks, black people who worked"
U1,for the police. My grandmothers neighbor was a
U1,blackjack. She had to make sure he wasnt watching
U1,when she smuggled me in and out of the house.
U1,My gran still tells the story of when I was three
U1,"years old and, fed up with being a prisoner, I dug a"
U1,"hole under the gate in the driveway, wriggled"
U1,"through, and ran off. Everyone panicked. A search"
U1,party went out and tracked me down. I had no idea
U1,how much danger I was putting everyone in. The
U1,"family could have been deported, my gran could"
U1,"have been arrested, my mom might have gone to"
U1,"prison, and I probably would have been packed off to"
U1,a home for colored kids.
U1,So I was kept inside. Other than those few
U1,"instances of walking in the park, the flashes of"
U1,memory I have from when I was young are almost all
U1,"indoors, me with my mom in her tiny flat, me by"
U1,myself at my grans. I didnt have any friends. I
U1,didnt know any kids besides my cousins. I wasnt a
U1,"lonely kidI was good at being alone. Id read books,"
U1,"play with the toy that I had, make up imaginary"
U1,worlds. I lived inside my head. I still live inside my
U1,head. To this day you can leave me alone for hours
U1,and Im perfectly happy entertaining myself. I have
U1,to remember to be with people.
U1,
U1,"Obviously, I was not the only child born to black and"
U1,white parents during apartheid. Traveling around
U1,"the world today, I meet other mixed South Africans"
U1,all the time. Our stories start off identically. Were
U1,around the same age. Their parents met at some
U1,underground party in Hillbrow or Cape Town. They
U1,lived in an illegal flat. The difference is that in
U1,virtually every other case they left. The white parent
U1,"smuggled them out through Lesotho or Botswana,"
U1,"and they grew up in exile, in England or Germany or"
U1,"Switzerland, because being a mixed family under"
U1,apartheid was just that unbearable.
U1,Once Mandela was elected we could finally live
U1,freely. Exiles started to return. I met my first one
U1,"when I was around seventeen. He told me his story,"
U1,"and I was like, Wait, what You mean we could"
U1,have left That was an option Imagine being
U1,thrown out of an airplane. You hit the ground and
U1,"break all your bones, you go to the hospital and you"
U1,heal and you move on and finally put the whole thing
U1,behind youand then one day somebody tells you
U1,about parachutes. Thats how I felt. I couldnt
U1,understand why wed stayed. I went straight home
U1,and asked my mom.
U1,Why Why didnt we just leave Why didnt we
U1,go to Switzerland
U1,"Because I am not Swiss, she said, as stubborn"
U1,as ever. This is my country. Why should I leave
U1,"South Africa is a mix of the old and the new, the ancient"
U1,"and the modern, and South African Christianity is a perfect"
U1,"example of this. We adopted the religion of our colonizers,"
U1,"but most people held on to the old ancestral ways, too, just"
U1,"in case. In South Africa, faith in the Holy Trinity exists quite"
U1,"comfortably alongside belief in witchcraft, in casting spells"
U1,and putting curses on ones enemies.
U1,I come from a country where people are more likely to
U1,"visit sangomasshamans, traditional healers, pejoratively"
U1,known as witch doctorsthan they are to visit doctors of
U1,Western medicine. I come from a country where people have
U1,been arrested and tried for witchcraftin a court of law. Im
U1,not talking about the 1700s. Im talking about five years ago.
U1,I remember a man being on trial for striking another person
U1,with lightning. That happens a lot in the homelands. There
U1,"are no tall buildings, few tall trees, nothing between you and"
U1,"the sky, so people get hit by lightning all the time. And when"
U1,"someone gets killed by lightning, everyone knows its"
U1,because somebody used Mother Nature to take out a hit. So
U1,"if you had a beef with the guy who got killed, someone will"
U1,accuse you of murder and the police will come knocking.
U1,"Mr. Noah, youve been accused of murder. You used"
U1,witchcraft to kill David Kibuuka by causing him to be struck
U1,by lightning.
U1,What is the evidence
U1,The evidence is that David Kibuuka got struck by
U1,lightning and it wasnt even raining.
U1,And you go to trial. The court is presided over by a judge.
U1,There is a docket. There is a prosecutor. Your defense
U1,"attorney has to prove lack of motive, go through the crime-"
U1,"scene forensics, present a staunch defense. And your"
U1,"attorneys argument cant be Witchcraft isnt real. No, no,"
U1,no. Youll lose.
U1,"TREVOR, PRAY"
U1,I grew up in a world run by women. My father was
U1,"loving and devoted, but I could only see him when"
U1,"and where apartheid allowed. My uncle Velile, my"
U1,"moms younger brother, lived with my grandmother,"
U1,but he spent most of his time at the local tavern
U1,getting into fights.
U1,The only semi-regular male figure in my life was
U1,"my grandfather, my mothers father, who was a force"
U1,to be reckoned with. He was divorced from my
U1,"grandmother and didnt live with us, but he was"
U1,"around. His name was Temperance Noah, which was"
U1,odd since he was not a man of moderation at all. He
U1,was boisterous and loud. His nickname in the
U1,"neighborhood was Tat Shisha, which translates"
U1,loosely to the smokin hot grandpa. And thats
U1,"exactly who he was. He loved the ladies, and the"
U1,ladies loved him. Hed put on his best suit and stroll
U1,"through the streets of Soweto on random afternoons,"
U1,making everybody laugh and charming all the
U1,"women hed meet. He had a big, dazzling smile with"
U1,"bright white teethfalse teeth. At home, hed take"
U1,them out and Id watch him do that thing where he
U1,looked like he was eating his own face.
U1,We found out much later in life that he was
U1,"bipolar, but before that we just thought he was"
U1,eccentric. One time he borrowed my mothers car to
U1,go to the shop for milk and bread. He disappeared
U1,and didnt come home until late that night when we
U1,were way past the point of needing the milk or the
U1,bread. Turned out hed passed a young woman at the
U1,"bus stop and, believing no beautiful woman should"
U1,"have to wait for a bus, he offered her a ride to where"
U1,she livedthree hours away. My mom was furious
U1,"with him because hed cost us a whole tank of petrol,"
U1,which was enough to get us to work and school for
U1,two weeks.
U1,"When he was up you couldnt stop him, but his"
U1,mood swings were wild. In his youth hed been a
U1,"boxer, and one day he said Id disrespected him and"
U1,now he wanted to box me. He was in his eighties. I
U1,"was twelve. He had his fists up, circling me. Lets"
U1,"go, Trevah Come on Put your fists up Hit me Ill"
U1,show you Im still a man Lets go I couldnt hit him
U1,because I wasnt about to hit my elder. Plus Id never
U1,been in a fight and I wasnt going to have my first
U1,one be with an eighty-year-old man. I ran to my
U1,"mom, and she got him to stop. The day after his"
U1,"pugilistic rage, he sat in his chair and didnt move or"
U1,say a word all day.
U1,Temperance lived with his second family in the
U1,"Meadowlands, and we visited them sparingly"
U1,because my mom was always afraid of being
U1,poisoned. Which was a thing that would happen. The
U1,"first family were the heirs, so there was always the"
U1,chance they might get poisoned by the second
U1,family. It was like Game of Thrones with poor
U1,people. Wed go into that house and my mom would
U1,warn me.
U1,"Trevor, dont eat the food."
U1,But Im starving.
U1,No. They might poison us.
U1,"Okay, then why dont I just pray to Jesus and"
U1,Jesus will take the poison out of the food
U1,Trevor Sunqhela
U1,"So I only saw my grandfather now and then, and"
U1,when he was gone the house was in the hands of
U1,women.
U1,In addition to my mom there was my aunt
U1,"Sibongile she and her first husband, Dinky, had two"
U1,"kids, my cousins Mlungisi and Bulelwa. Sibongile"
U1,"was a powerhouse, a strong woman in every sense,"
U1,"big-chested, the mother hen. Dinky, as his name"
U1,"implies, was dinky. He was a small man. He was"
U1,"abusive, but not really. It was more like he tried to be"
U1,"abusive, but he wasnt very good at it. He was trying"
U1,to live up to this image of what he thought a husband
U1,"should be, dominant, controlling. I remember being"
U1,"told as a child, If you dont hit your woman, you"
U1,dont love her. That was the talk youd hear from
U1,men in bars and in the streets.
U1,Dinky was trying to masquerade as this
U1,patriarch that he wasnt. Hed slap my aunt and hit
U1,"her and shed take it and take it, and then eventually"
U1,shed snap and smack him down and put him back in
U1,"his place. Dinky would always walk around like, I"
U1,"control my woman. And youd want to say, Dinky,"
U1,"first of all, you dont. Second of all, you dont need to."
U1,Because she loves you. I can remember one day my
U1,aunt had really had enough. I was in the yard and
U1,Dinky came running out of the house screaming
U1,bloody murder. Sibongile was right behind him with
U1,"a pot of boiling water, cursing at him and"
U1,threatening to douse him with it. In Soweto you were
U1,always hearing about men getting doused with pots
U1,of boiling wateroften a womans only recourse.
U1,And men were lucky if it was water. Some women
U1,used hot cooking oil. Water was if the woman
U1,wanted to teach her man a lesson. Oil meant she
U1,wanted to end it.
U1,My grandmother Frances Noah was the family
U1,"matriarch. She ran the house, looked after the kids,"
U1,did the cooking and the cleaning. Shes barely five
U1,"feet tall, hunched over from years in the factory, but"
U1,rock hard and still to this day very active and very
U1,much alive. Where my grandfather was big and
U1,"boisterous, my grandmother was calm, calculating,"
U1,with a mind as sharp as anything. If you need to
U1,"know anything in the family history, going back to"
U1,"the 1930s, she can tell you what day it happened,"
U1,"where it happened, and why it happened. She"
U1,remembers it all.
U1,My great-grandmother lived with us as well. We
U1,"called her Koko. She was super old, well into her"
U1,"nineties, stooped and frail, completely blind. Her"
U1,"eyes had gone white, clouded over by cataracts. She"
U1,couldnt walk without someone holding her up. Shed
U1,"sit in the kitchen next to the coal stove, bundled up"
U1,"in long skirts and head scarves, blankets over her"
U1,shoulders. The coal stove was always on. It was for
U1,"cooking, heating the house, heating water for baths."
U1,We put her there because it was the warmest spot in
U1,the house. In the morning someone would wake her
U1,and bring her to sit in the kitchen. At night someone
U1,"would come take her to bed. Thats all she did, all"
U1,"day, every day. Sit by the stove. She was fantastic"
U1,and fully with it. She just couldnt see and didnt
U1,move.
U1,Koko and my gran would sit and have long
U1,"conversations, but as a five-year-old I didnt think of"
U1,"Koko as a real person. Since her body didnt move,"
U1,she was like a brain with a mouth. Our relationship
U1,"was nothing but command prompts and replies, like"
U1,talking to a computer.
U1,"Good morning, Koko."
U1,"Good morning, Trevor."
U1,"Koko, did you eat"
U1,"Yes, Trevor."
U1,"Koko, Im going out."
U1,"Okay, be careful."
U1,"Bye, Koko."
U1,"Bye, Trevor."
U1,
U1,The fact that I grew up in a world run by women was
U1,no accident. Apartheid kept me away from my father
U1,"because he was white, but for almost all the kids I"
U1,"knew on my grandmothers block in Soweto,"
U1,"apartheid had taken away their fathers as well, just"
U1,for different reasons. Their fathers were off working
U1,"in a mine somewhere, able to come home only"
U1,during the holidays. Their fathers had been sent to
U1,"prison. Their fathers were in exile, fighting for the"
U1,cause. Women held the community together.
U1,WathintAbafazi Wathintimbokodo was the chant
U1,they would rally to during the freedom struggle.
U1,"When you strike a woman, you strike a rock. As a"
U1,"nation, we recognized the power of women, but in"
U1,the home they were expected to submit and obey.
U1,"In Soweto, religion filled the void left by absent"
U1,men. I used to ask my mom if it was hard for her to
U1,"raise me alone without a husband. Shed reply, Just"
U1,because I live without a man doesnt mean Ive never
U1,"had a husband. God is my husband. For my mom,"
U1,"my aunt, my grandmother, and all the other women"
U1,"on our street, life centered on faith. Prayer meetings"
U1,would rotate houses up and down the block based on
U1,the day. These groups were women and children
U1,only. My mom would always ask my uncle Velile to
U1,"join, and hed say, I would join if there were more"
U1,"men, but I cant be the only one here. Then the"
U1,"singing and praying would start, and that was his cue"
U1,to leave.
U1,"For these prayer meetings, wed jam ourselves"
U1,into the tiny living area of the host familys house
U1,and form a circle. Then we would go around the
U1,circle offering prayers. The grannies would talk
U1,about what was happening in their lives. Im happy
U1,to be here. I had a good week at work. I got a raise
U1,and I wanted to say thank you and praise Jesus.
U1,"Sometimes theyd pull out their Bible and say, This"
U1,scripture spoke to me and maybe it will help you.
U1,Then there would be a bit of song. There was a
U1,leather pad called the beat that youd strap to your
U1,"palm, like a percussion instrument. Someone would"
U1,"clap along on that, keeping time while everyone"
U1,"sang, Masango vulekani singene eJerusalema."
U1,Masango vulekani singene eJerusalema.
U1,"Thats how it would go. Pray, sing, pray. Sing,"
U1,"pray, sing. Sing, sing, sing. Pray, pray, pray."
U1,"Sometimes it would last for hours, always ending"
U1,"with an amen, and they could keep that amen"
U1,going on for five minutes at least. Ah-men. Ah-ah-
U1,ah-men. Ah-ah-ah-ah-men. Ahhhhhhhhahhhhh-
U1,hhhhhhahhhhhahhhhhhahhhhhmen. Meni-meni-
U1,meni. Men-men-men. Ahhhhhhhhhhhhhhhhhhhh-
U1,hhhhhhhhhhhhhhhhhhhh-
U1,hhhhmmmmmmmennnnnnnnnnnnnnnnnnnn-
U1,nnnnnnnnnnnnnnnnnnnnnnnnnnnnnnnnnnn-
U1,nnnnnnnnnnnnnnnnnnnnnnnnnnnnnnnnnnn-
U1,nnnnnnnnnnnnnnnnnnnnnnnnnnnnnnnnnnn-
U1,nnnnnnnnnnn. Then everyone would say goodbye
U1,"and go home. Next night, different house, same"
U1,thing.
U1,"Tuesday nights, the prayer meeting came to my"
U1,"grandmothers house, and I was always excited, for"
U1,"two reasons. One, I got to clap along on the beat for"
U1,"the singing. And two, I loved to pray. My"
U1,grandmother always told me that she loved my
U1,prayers. She believed my prayers were more
U1,"powerful, because I prayed in English. Everyone"
U1,"knows that Jesus, whos white, speaks English. The"
U1,"Bible is in English. Yes, the Bible was not written in"
U1,"English, but the Bible came to South Africa in"
U1,English so to us its in English. Which made my
U1,prayers the best prayers because English prayers get
U1,answered first. How do we know this Look at white
U1,people. Clearly theyre getting through to the right
U1,person. Add to that Matthew 19:14. Suffer little
U1,"children to come unto me, Jesus said, for theirs is"
U1,the kingdom of heaven. So if a child is praying in
U1,English To White Jesus Thats a powerful
U1,"combination right there. Whenever I prayed, my"
U1,"grandmother would say, That prayer is going to get"
U1,answered. I can feel it.
U1,Women in the township always had something
U1,"to pray formoney problems, a son whod been"
U1,"arrested, a daughter who was sick, a husband who"
U1,drank. Whenever the prayer meetings were at our
U1,"house, because my prayers were so good, my"
U1,grandmother would want me to pray for everyone.
U1,"She would turn to me and say, Trevor, pray. And"
U1,Id pray. I loved doing it. My grandmother had
U1,convinced me that my prayers got answered. I felt
U1,like I was helping people.
U1,
U1,"There is something magical about Soweto. Yes, it"
U1,"was a prison designed by our oppressors, but it also"
U1,gave us a sense of self-determination and control.
U1,Soweto was ours. It had an aspirational quality that
U1,you dont find elsewhere. In America the dream is to
U1,"make it out of the ghetto. In Soweto, because there"
U1,"was no leaving the ghetto, the dream was to"
U1,transform the ghetto.
U1,"For the million people who lived in Soweto,"
U1,"there were no stores, no bars, no restaurants. There"
U1,"were no paved roads, minimal electricity, inadequate"
U1,sewerage. But when you put one million people
U1,"together in one place, they find a way to make a life"
U1,"for themselves. A black-market economy rose up,"
U1,with every type of business being run out of
U1,"someones house: auto mechanics, day care, guys"
U1,selling refurbished tires.
U1,The most common were the spaza shops and
U1,the shebeens. The spaza shops were informal
U1,grocery stores. People would build a kiosk in their
U1,"garage, buy wholesale bread and eggs, and then"
U1,resell them piecemeal. Everyone in the township
U1,bought things in minute quantities because nobody
U1,had any money. You couldnt afford to buy a dozen
U1,"eggs at a time, but you could buy two eggs because"
U1,thats all you needed that morning. You could buy a
U1,"quarter loaf of bread, a cup of sugar. The shebeens"
U1,were unlawful bars in the back of someones house.
U1,Theyd put chairs in their backyard and hang out an
U1,awning and run a speakeasy. The shebeens were
U1,where men would go to drink after work and during
U1,prayer meetings and most any other time of day as
U1,well.
U1,People built homes the way they bought eggs: a
U1,little at a time. Every family in the township was
U1,allocated a piece of land by the government. Youd
U1,"first build a shanty on your plot, a makeshift"
U1,"structure of plywood and corrugated iron. Over time,"
U1,youd save up money and build a brick wall. One
U1,wall. Then youd save up and build another wall.
U1,"Then, years later, a third wall and eventually a"
U1,"fourth. Now you had a room, one room for everyone"
U1,"in your family to sleep, eat, do everything. Then"
U1,youd save up for a roof. Then windows. Then youd
U1,plaster the thing. Then your daughter would start a
U1,"family. There was nowhere for them to go, so theyd"
U1,move in with you. Youd add another corrugated-
U1,"iron structure onto your brick room and slowly, over"
U1,"years, turn that into a proper room for them as well."
U1,Now your house had two rooms. Then three. Maybe
U1,"four. Slowly, over generations, youd keep trying to"
U1,get to the point where you had a home.
U1,My grandmother lived in Orlando East. She had
U1,a two-room house. Not a two-bedroom house. A two-
U1,"room house. There was a bedroom, and then there"
U1,was basically a living room/kitchen/everything-else
U1,room. Some might say we lived like poor people. I
U1,prefer open plan. My mom and I would stay there
U1,during school holidays. My aunt and cousins would
U1,be there whenever she was on the outs with Dinky.
U1,"We all slept on the floor in one room, my mom and"
U1,"me, my aunt and my cousins, my uncle and my"
U1,grandmother and my great-grandmother. The adults
U1,"each had their own foam mattresses, and there was"
U1,"one big one that wed roll out into the middle, and"
U1,the kids slept on that.
U1,We had two shanties in the backyard that my
U1,grandmother would rent out to migrants and
U1,seasonal workers. We had a small peach tree in a
U1,tiny patch on one side of the house and on the other
U1,side my grandmother had a driveway. I never
U1,understood why my grandmother had a driveway.
U1,She didnt have a car. She didnt know how to drive.
U1,Yet she had a driveway. All of our neighbors had
U1,"driveways, some with fancy, cast-iron gates. None of"
U1,"them had cars, either. There was no future in which"
U1,most of these families would ever have cars. There
U1,"was maybe one car for every thousand people, yet"
U1,almost everyone had a driveway. It was almost like
U1,building the driveway was a way of willing the car to
U1,happen. The story of Soweto is the story of the
U1,driveways. Its a hopeful place.
U1,
U1,"Sadly, no matter how fancy you made your house,"
U1,there was one thing you could never aspire to
U1,improve: your toilet. There was no indoor running
U1,"water, just one communal outdoor tap and one"
U1,outdoor toilet shared by six or seven houses. Our
U1,toilet was in a corrugated-iron outhouse shared
U1,"among the adjoining houses. Inside, there was a"
U1,concrete slab with a hole in it and a plastic toilet seat
U1,"on top there had been a lid at some point, but it had"
U1,broken and disappeared long ago. We couldnt afford
U1,"toilet paper, so on the wall next to the seat was a wire"
U1,hanger with old newspaper on it for you to wipe. The
U1,"newspaper was uncomfortable, but at least I stayed"
U1,informed while I handled my business.
U1,The thing that I couldnt handle about the
U1,outhouse was the flies. It was a long drop to the
U1,"bottom, and they were always down there, eating on"
U1,"the pile, and I had an irrational, all-consuming fear"
U1,that they were going to fly up and into my bum.
U1,"One afternoon, when I was around five years"
U1,"old, my gran left me at home for a few hours to go"
U1,"run errands. I was lying on the floor in the bedroom,"
U1,"reading. I needed to go, but it was pouring down"
U1,"rain. I was dreading going outside to use the toilet,"
U1,"getting drenched running out there, water dripping"
U1,"on me from the leaky ceiling, wet newspaper, the"
U1,flies attacking me from below. Then I had an idea.
U1,Why bother with the outhouse at all Why not put
U1,some newspaper on the floor and do my business
U1,like a puppy That seemed like a fantastic idea. So
U1,"thats what I did. I took the newspaper, laid it out on"
U1,"the kitchen floor, pulled down my pants, and"
U1,squatted and got to it.
U1,"When you shit, as you first sit down, youre not"
U1,fully in the experience yet. You are not yet a shitting
U1,person. Youre transitioning from a person about to
U1,shit to a person who is shitting. You dont whip out
U1,your smartphone or a newspaper right away. It takes
U1,a minute to get the first shit out of the way and get in
U1,the zone and get comfortable. Once you reach that
U1,"moment, thats when it gets really nice."
U1,"Its a powerful experience, shitting. Theres"
U1,"something magical about it, profound even. I think"
U1,God made humans shit in the way we do because it
U1,brings us back down to earth and gives us humility. I
U1,"dont care who you are, we all shit the same. Beyonc"
U1,shits. The pope shits. The Queen of England shits.
U1,"When we shit we forget our airs and our graces, we"
U1,forget how famous or how rich we are. All of that
U1,goes away.
U1,You are never more yourself than when youre
U1,taking a shit. You have that moment where you
U1,"realize, This is me. This is who I am. You can pee"
U1,"without giving it a second thought, but not so with"
U1,shitting. Have you ever looked in a babys eyes when
U1,its shitting Its having a moment of pure self-
U1,awareness. The outhouse ruins that for you. The
U1,"rain, the flies, you are robbed of your moment, and"
U1,nobody should be robbed of that. Squatting and
U1,"shitting on the kitchen floor that day, I was like,"
U1,Wow. There are no flies. Theres no stress. This is
U1,really great. Im really enjoying this. I knew Id
U1,"made an excellent choice, and I was very proud of"
U1,myself for making it. Id reached that moment where
U1,I could relax and be with myself. Then I casually
U1,looked around the room and I glanced to my left and
U1,"there, just a few feet away, right next to the coal"
U1,"stove, was Koko."
U1,It was like the scene in Jurassic Park when the
U1,children turn and the T. rex is right there. Her eyes
U1,"were wide open, cloudy white and darting around"
U1,"the room. I knew she couldnt see me, but her nose"
U1,was starting to crinkleshe could sense that
U1,something was wrong.
U1,I panicked. I was mid-shit. All you can do when
U1,youre mid-shit is finish shitting. My only option was
U1,"to finish as quietly and as slowly as I could, so thats"
U1,what I decided to do. Then: the softest plop of a
U1,little-boy turd on the newspaper. Kokos head
U1,snapped toward the sound.
U1,Whos there Hallo Hallo
U1,I froze. I held my breath and waited.
U1,Whos there Hallo
U1,"I kept quiet, waited, then started again."
U1,"Is somebody there Trevor, is that you"
U1,Frances Hallo Hallo
U1,She started calling out the whole family.
U1,Nombuyiselo Sibongile Mlungisi Bulelwa
U1,Whos there Whats happening
U1,"It was like a game, like I was trying to hide and a"
U1,blind woman was trying to find me using sonar.
U1,"Every time she called out, I froze. There would be"
U1,"complete silence. Whos there Hallo Id pause,"
U1,"wait for her to settle back in her chair, and then Id"
U1,start up again.
U1,"Finally, after what felt like forever, I finished. I"
U1,"stood up, took the newspaperwhich is not the"
U1,quietest thingand I slowwwwwly folded it over. It
U1,"crinkled. Whos there Again I paused, waited."
U1,"Then I folded it over some more, walked over to the"
U1,"rubbish bin, placed my sin at the bottom, and"
U1,gingerly covered it with the rest of the trash. Then I
U1,"tiptoed back to the other room, curled up on the"
U1,"mattress on the floor, and pretended to be asleep."
U1,"The shit was done, no outhouse involved, and Koko"
U1,was none the wiser.
U1,Mission accomplished.
U1,
U1,An hour later the rain had stopped. My grandmother
U1,"came home. The second she walked in, Koko called"
U1,out to her.
U1,Frances Thank God youre here. Theres
U1,something in the house.
U1,What was it
U1,"I dont know, but I could hear it, and there was"
U1,a smell.
U1,My gran started sniffing the air. Dear Lord
U1,"Yes, I can smell it, too. Is it a rat Did something die"
U1,Its definitely in the house.
U1,"They went back and forth about it, quite"
U1,"concerned, and then, as it was getting dark, my"
U1,mother came home from work. The second she
U1,"walked in, my gran called out to her."
U1,"Oh, Nombuyiselo Nombuyiselo Theres"
U1,something in the house
U1,What What do you mean
U1,"Koko told her the story, the sounds, the smells."
U1,"Then my mom, who has a keen sense of smell,"
U1,"started going around the kitchen, sniffing. Yes, I can"
U1,smell it. I can find itI can find it She went to the
U1,"rubbish bin. Its in here. She lifted out the rubbish,"
U1,"pulled out the folded newspaper underneath, and"
U1,"opened it up, and there was my little turd. She"
U1,showed it to gran.
U1,Look
U1,What How did it get there
U1,"Koko, still blind, still stuck in her chair, was"
U1,dying to know what was happening.
U1,Whats going on she cried. Whats going
U1,on Did you find it
U1,"Its shit, Mom said. Theres shit in the bottom"
U1,of the dustbin.
U1,But how Koko said. There was no one
U1,here
U1,Are you sure there was no one here
U1,Yes. I called out to everyone. Nobody came.
U1,My mother gasped. Weve been bewitched Its
U1,a demon
U1,"For my mother, this was the logical conclusion."
U1,Because thats how witchcraft works. If someone has
U1,"put a curse on you or your home, there is always the"
U1,"talisman or totem, a tuft of hair or the head of a cat,"
U1,"the physical manifestation of the spiritual thing,"
U1,proof of the demons presence.
U1,"Once my mom found the turd, all hell broke"
U1,loose. This was serious. They had evidence. She
U1,came into the bedroom.
U1,Trevor Trevor Wake up
U1,"What I said, playing dumb. Whats going"
U1,on
U1,Come Theres a demon in the house
U1,She took my hand and dragged me out of bed. It
U1,"was all hands on deck, time for action. The first thing"
U1,we had to do was go outside and burn the shit. Thats
U1,what you do with witchcraft the only way to destroy
U1,it is to burn the physical thing. We went out to the
U1,"yard, and my mom put the newspaper with my little"
U1,"turd on the driveway, lit a match, and set it on fire."
U1,Then my mom and my gran stood around the
U1,"burning shit, praying and singing songs of praise."
U1,The commotion didnt stop there because when
U1,"theres a demon around, the whole community has"
U1,to join together to drive it out. If youre not part of
U1,"the prayer, the demon might leave our house and go"
U1,to your house and curse you. So we needed everyone.
U1,The alarm was raised. The call went out. My tiny old
U1,"gran was out the gate, going up and down the block,"
U1,calling to all the other old grannies for an emergency
U1,prayer meeting. Come Weve been bewitched
U1,"I stood there, my shit burning in the driveway,"
U1,my poor aged grandmother tottering up and down
U1,"the street in a panic, and I didnt know what to do. I"
U1,"knew there was no demon, but there was no way I"
U1,could come clean. The hiding I would have to
U1,endure Good Lord. Honesty was never the best
U1,policy when it came to a hiding. I kept quiet.
U1,Moments later the grannies came streaming in
U1,"with their Bibles, through the gate and up the"
U1,"driveway, a dozen or more at least. Everyone went"
U1,inside. The house was packed. This was by far the
U1,biggest prayer meeting wed ever hadthe biggest
U1,thing that had ever happened in the history of our
U1,"home, period. Everyone sat in the circle, praying and"
U1,"praying, and the prayers were strong. The grannies"
U1,were chanting and murmuring and swaying back
U1,"and forth, speaking in tongues. I was doing my best"
U1,to keep my head low and stay out of it. Then my
U1,"grandmother reached back and grabbed me, pulled"
U1,"me into the middle of the circle, and looked into my"
U1,eyes.
U1,"Trevor, pray."
U1,"Yes my mother said. Help us Pray, Trevor."
U1,Pray to God to kill the demon
U1,I was terrified. I believed in the power of prayer.
U1,I knew that my prayers worked. So if I prayed to God
U1,"to kill the thing that left the shit, and the thing that"
U1,"left the shit was me, then God was going to kill me. I"
U1,froze. I didnt know what to do. But all the grannies
U1,"were looking at me, waiting for me to pray, so I"
U1,"prayed, stumbling through as best I could."
U1,"Dear Lord, please protect us, um, you"
U1,"know, from whoever did this but, like, we"
U1,dont know what happened exactly and
U1,"maybe it was a big misunderstanding and,"
U1,"you know, maybe we shouldnt be quick to"
U1,judge when we dont know the whole story
U1,"and, I mean, of course you know best,"
U1,"Heavenly Father, but maybe this time it"
U1,"wasnt actually a demon, because who can"
U1,"say for certain, so maybe cut whoever it"
U1,was a break
U1,It was not my best performance. Eventually I
U1,wrapped it up and sat back down. The praying
U1,"continued. It went on for some time. Pray, sing, pray."
U1,"Sing, pray, sing. Sing, sing, sing. Pray, pray, pray."
U1,Then everyone finally felt that the demon was gone
U1,"and life could continue, and we had the big amen"
U1,and everyone said good night and went home.
U1,"That night I felt terrible. Before bed, I quietly"
U1,"prayed, God, I am so sorry for all of this. I know this"
U1,was not cool. Because I knew: God answers your
U1,prayers. God is your father. Hes the man whos there
U1,"for you, the man who takes care of you. When you"
U1,"pray, He stops and He takes His time and He listens,"
U1,and I had subjected Him to two hours of old
U1,grannies praying when I knew that with all the pain
U1,and suffering in the world He had more important
U1,things to deal with than my shit.
U1,When I was growing up we used to get American TV shows
U1,"rebroadcast on our stations: Doogie Howser, M.D. Murder,"
U1,She Wrote Rescue 911 with William Shatner. Most of them
U1,were dubbed into African languages. ALF was in Afrikaans.
U1,Transformers was in Sotho. But if you wanted to watch them
U1,"in English, the original American audio would be simulcast"
U1,on the radio. You could mute your TV and listen to that.
U1,"Watching those shows, I realized that whenever black people"
U1,"were on-screen speaking in African languages, they felt"
U1,familiar to me. They sounded like they were supposed to
U1,"sound. Then Id listen to them in simulcast on the radio, and"
U1,they would all have black American accents. My perception
U1,of them changed. They didnt feel familiar. They felt like
U1,foreigners.
U1,"Language brings with it an identity and a culture, or at"
U1,least the perception of it. A shared language says Were the
U1,same. A language barrier says Were different. The
U1,architects of apartheid understood this. Part of the effort to
U1,divide black people was to make sure we were separated not
U1,"just physically but by language as well. In the Bantu schools,"
U1,children were only taught in their home language. Zulu kids
U1,learned in Zulu. Tswana kids learned in Tswana. Because of
U1,"this, wed fall into the trap the government had set for us"
U1,"and fight among ourselves, believing that we were different."
U1,The great thing about language is that you can just as
U1,easily use it to do the opposite: convince people that they are
U1,the same. Racism teaches us that we are different because of
U1,"the color of our skin. But because racism is stupid, its easily"
U1,tricked. If youre racist and you meet someone who doesnt
U1,"look like you, the fact that he cant speak like you reinforces"
U1,"your racist preconceptions: Hes different, less intelligent. A"
U1,brilliant scientist can come over the border from Mexico to
U1,"live in America, but if he speaks in broken English, people"
U1,"say, Eh, I dont trust this guy."
U1,But hes a scientist.
U1,"In Mexican science, maybe. I dont trust him."
U1,"However, if the person who doesnt look like you speaks"
U1,"like you, your brain short-circuits because your racism"
U1,"program has none of those instructions in the code. Wait,"
U1,"wait, your mind says, the racism code says if he doesnt"
U1,"look like me he isnt like me, but the language code says if he"
U1,speaks like me heis like me Something is off here. I cant
U1,figure this out.
U1,CHAMELEON
U1,One afternoon I was playing with my cousins. I was a
U1,doctor and they were my patients. I was operating on
U1,my cousin Bulelwas ear with a set of matches when I
U1,accidentally perforated her eardrum. All hell broke
U1,loose. My grandmother came running in from the
U1,kitchen. Kwenzeka ntoni Whats happening
U1,There was blood coming out of my cousins head. We
U1,were all crying. My grandmother patched up
U1,Bulelwas ear and made sure to stop the bleeding.
U1,But we kept crying. Because clearly wed done
U1,"something we were not supposed to do, and we knew"
U1,we were going to be punished. My grandmother
U1,finished up with Bulelwas ear and whipped out a
U1,belt and she beat the shit out of Bulelwa. Then she
U1,"beat the shit out of Mlungisi, too. She didnt touch"
U1,me.
U1,Later that night my mother came home from
U1,work. She found my cousin with a bandage over her
U1,ear and my gran crying at the kitchen table.
U1,Whats going on my mom said.
U1,"Oh, Nombuyiselo, she said. Trevor is so"
U1,naughty. Hes the naughtiest child Ive ever come
U1,across in my life.
U1,Then you should hit him.
U1,I cant hit him.
U1,Why not
U1,"Because I dont know how to hit a white child,"
U1,"she said. A black child, I understand. A black child,"
U1,"you hit them and they stay black. Trevor, when you"
U1,hit him he turns blue and green and yellow and red.
U1,Ive never seen those colors before. Im scared Im
U1,going to break him. I dont want to kill a white
U1,person. Im so afraid. Im not going to touch him.
U1,And she never did.
U1,My grandmother treated me like I was white.
U1,"My grandfather did, too, only he was even more"
U1,"extreme. He called me Mastah. In the car, he"
U1,insisted on driving me as if he were my chauffeur.
U1,Mastah must always sit in the backseat. I never
U1,challenged him on it. What was I going to say I
U1,"believe your perception of race is flawed,"
U1,Grandfather. No. I was five. I sat in the back.
U1,There were so many perks to being white in a
U1,"black family, I cant even front. I was having a great"
U1,time. My own family basically did what the American
U1,justice system does: I was given more lenient
U1,treatment than the black kids. Misbehavior that my
U1,"cousins would have been punished for, I was given a"
U1,warning and let off. And I was way naughtier than
U1,either of my cousins. It wasnt even close. If
U1,something got broken or if someone was stealing
U1,"grannys cookies, it was me. I was trouble."
U1,My mom was the only force I truly feared. She
U1,"believed if you spare the rod, you spoil the child. But"
U1,"everyone else said, No, hes different, and they"
U1,"gave me a pass. Growing up the way I did, I learned"
U1,how easy it is for white people to get comfortable
U1,with a system that awards them all the perks. I knew
U1,my cousins were getting beaten for things that Id
U1,"done, but I wasnt interested in changing my"
U1,"grandmothers perspective, because that would"
U1,"mean Id get beaten, too. Why would I do that So"
U1,that Id feel better Being beaten didnt make me feel
U1,better. I had a choice. I could champion racial justice
U1,"in our home, or I could enjoy grannys cookies. I"
U1,went with the cookies.
U1,
U1,At that point I didnt think of the special treatment
U1,as having to do with color. I thought of it as having
U1,"to do with Trevor. It wasnt, Trevor doesnt get"
U1,"beaten because Trevor is white. It was, Trevor"
U1,doesnt get beaten because Trevor is Trevor. Trevor
U1,cant go outside. Trevor cant walk without
U1,supervision. Its because Im me thats why this is
U1,happening. I had no other points of reference. There
U1,"were no other mixed kids around so that I could say,"
U1,"Oh, this happens to us."
U1,Nearly one million people lived in Soweto.
U1,Ninety-nine point nine percent of them were black
U1,and then there was me. I was famous in my
U1,neighborhood just because of the color of my skin. I
U1,was so unique people would give directions using me
U1,as a landmark. The house on Makhalima Street. At
U1,the corner youll see a light-skinned boy. Take a right
U1,there.
U1,Whenever the kids in the street saw me theyd
U1,"yell, Indoda yomlungu The white man Some of"
U1,them would run away. Others would call out to their
U1,parents to come look. Others would run up and try to
U1,touch me to see if I was real. It was pandemonium.
U1,What I didnt understand at the time was that the
U1,other kids genuinely had no clue what a white person
U1,was. Black kids in the township didnt leave the
U1,township. Few people had televisions. Theyd seen
U1,"the white police roll through, but theyd never dealt"
U1,"with a white person face-to-face, ever."
U1,Id go to funerals and Id walk in and the
U1,bereaved would look up and see me and theyd stop
U1,crying. Theyd start whispering. Then theyd wave
U1,"and say, Oh like they were more shocked by me"
U1,walking in than by the death of their loved ones. I
U1,think people felt like the dead person was more
U1,important because a white person had come to the
U1,funeral.
U1,"After a funeral, the mourners all go to the house"
U1,of the surviving family to eat. A hundred people
U1,"might show up, and youve got to feed them. Usually"
U1,you get a cow and slaughter it and your neighbors
U1,come over and help you cook. Neighbors and
U1,acquaintances eat outside in the yard and in the
U1,"street, and the family eats indoors. Every funeral I"
U1,"ever went to, I ate indoors. It didnt matter if we"
U1,knew the deceased or not. The family would see me
U1,and invite me in. Awunakuvumela umntana
U1,womlungu ame ngaphandle. Yiza naye apha
U1,"ngaphakathi, theyd say. You cant let the white"
U1,child stand outside. Bring him in here.
U1,As a kid I understood that people were different
U1,"colors, but in my head white and black and brown"
U1,were like types of chocolate. Dad was the white
U1,"chocolate, mom was the dark chocolate, and I was"
U1,the milk chocolate. But we were all just chocolate. I
U1,didnt know any of it had anything to do with race.
U1,I didnt know what race was. My mother never
U1,referred to my dad as white or to me as mixed. So
U1,"when the other kids in Soweto called me white,"
U1,"even though I was light brown, I just thought they"
U1,"had their colors mixed up, like they hadnt learned"
U1,"them properly. Ah, yes, my friend. Youve confused"
U1,aqua with turquoise. I can see how you made that
U1,mistake. Youre not the first.
U1,I soon learned that the quickest way to bridge
U1,the race gap was through language. Soweto was a
U1,melting pot: families from different tribes and
U1,homelands. Most kids in the township spoke only
U1,"their home language, but I learned several languages"
U1,because I grew up in a house where there was no
U1,option but to learn them. My mom made sure
U1,English was the first language I spoke. If youre black
U1,"in South Africa, speaking English is the one thing"
U1,that can give you a leg up. English is the language of
U1,money. English comprehension is equated with
U1,"intelligence. If youre looking for a job, English is the"
U1,difference between getting the job or staying
U1,"unemployed. If youre standing in the dock, English"
U1,is the difference between getting off with a fine or
U1,going to prison.
U1,"After English, Xhosa was what we spoke around"
U1,the house. When my mother was angry shed fall
U1,"back on her home language. As a naughty child, I"
U1,was well versed in Xhosa threats. They were the first
U1,"phrases I picked up, mostly for my own safety"
U1,phrases like Ndiza kubetha entloko. Ill knock you
U1,upside the head. Or Sidenge ndini somntwana.
U1,You idiot of a child. Its a very passionate language.
U1,"Outside of that, my mother picked up different"
U1,languages here and there. She learned Zulu because
U1,its similar to Xhosa. She spoke German because of
U1,my father. She spoke Afrikaans because it is useful to
U1,know the language of your oppressor. Sotho she
U1,learned in the streets.
U1,"Living with my mom, I saw how she used"
U1,"language to cross boundaries, handle situations,"
U1,"navigate the world. We were in a shop once, and the"
U1,"shopkeeper, right in front of us, turned to his"
U1,"security guard and said, in Afrikaans, Volg daai"
U1,"swartes, netnou steel hulle iets. Follow those"
U1,blacks in case they steal something.
U1,"My mother turned around and said, in beautiful,"
U1,"fluent Afrikaans, Hoekom volg jy nie daai swartes"
U1,sodat jy hulle kan help kry waarna hulle soek nie
U1,Why dont you follow these blacks so you can help
U1,them find what theyre looking for
U1,"Ag, jammer he said, apologizing in Afrikaans."
U1,Thenand this was the funny thinghe didnt
U1,apologize for being racist he merely apologized for
U1,"aiming his racism at us. Oh, Im so sorry, he said."
U1,I thought you were like the other blacks. You know
U1,how they love to steal.
U1,I learned to use language like my mother did. I
U1,would simulcastgive you the program in your own
U1,tongue. Id get suspicious looks from people just
U1,walking down the street. Where are you from
U1,theyd ask. Id reply in whatever language theyd
U1,"addressed me in, using the same accent that they"
U1,"used. There would be a brief moment of confusion,"
U1,"and then the suspicious look would disappear. Oh,"
U1,okay. I thought you were a stranger. Were good
U1,then.
U1,It became a tool that served me my whole life.
U1,One day as a young man I was walking down the
U1,"street, and a group of Zulu guys was walking behind"
U1,"me, closing in on me, and I could hear them talking"
U1,to one another about how they were going to mug
U1,me. Asibambe le autie yomlungu. Phuma ngapha
U1,mina ngizoqhamuka ngemuva kwakhe. Lets get
U1,"this white guy. You go to his left, and Ill come up"
U1,behind him. I didnt know what to do. I couldnt
U1,"run, so I just spun around real quick and said,"
U1,Kodwa bafwethu yingani singavele sibambe
U1,"umuntu inkunzi Asenzeni. Mina ngikulindele. Yo,"
U1,"guys, why dont we just mug someone together Im"
U1,ready. Lets do it.
U1,"They looked shocked for a moment, and then"
U1,"they started laughing. Oh, sorry, dude. We thought"
U1,you were something else. We werent trying to take
U1,anything from you. We were trying to steal from
U1,"white people. Have a good day, man. They were"
U1,"ready to do me violent harm, until they felt we were"
U1,"part of the same tribe, and then we were cool. That,"
U1,"and so many other smaller incidents in my life, made"
U1,"me realize that language, even more than color,"
U1,defines who you are to people.
U1,"I became a chameleon. My color didnt change,"
U1,but I could change your perception of my color. If
U1,"you spoke to me in Zulu, I replied to you in Zulu. If"
U1,"you spoke to me in Tswana, I replied to you in"
U1,"Tswana. Maybe I didnt look like you, but if I spoke"
U1,"like you, I was you."
U1,
U1,"As apartheid was coming to an end, South Africas"
U1,elite private schools started accepting children of all
U1,"colors. My mothers company offered bursaries,"
U1,"scholarships, for underprivileged families, and she"
U1,"managed to get me into Maryvale College, an"
U1,expensive private Catholic school. Classes taught by
U1,nuns. Mass on Fridays. The whole bit. I started
U1,"preschool there when I was three, primary school"
U1,when I was five.
U1,"In my class we had all kinds of kids. Black kids,"
U1,"white kids, Indian kids, colored kids. Most of the"
U1,white kids were pretty well off. Every child of color
U1,pretty much wasnt. But because of scholarships we
U1,all sat at the same table. We wore the same maroon
U1,"blazers, the same gray slacks and skirts. We had the"
U1,same books. We had the same teachers. There was
U1,no racial separation. Every clique was racially mixed.
U1,"Kids still got teased and bullied, but it was over"
U1,"usual kid stuff: being fat or being skinny, being tall"
U1,"or being short, being smart or being dumb. I dont"
U1,remember anybody being teased about their race. I
U1,didnt learn to put limits on what I was supposed to
U1,like or not like. I had a wide berth to explore myself.
U1,I had crushes on white girls. I had crushes on black
U1,girls. Nobody asked me what I was. I was Trevor.
U1,"It was a wonderful experience to have, but the"
U1,downside was that it sheltered me from reality.
U1,"Maryvale was an oasis that kept me from the truth, a"
U1,comfortable place where I could avoid making a
U1,tough decision. But the real world doesnt go away.
U1,"Racism exists. People are getting hurt, and just"
U1,because its not happening to you doesnt mean its
U1,"not happening. And at some point, you have to"
U1,choose. Black or white. Pick a side. You can try to
U1,"hide from it. You can say, Oh, I dont pick sides,"
U1,but at some point life will force you to pick a side.
U1,At the end of grade six I left Maryvale to go to H.
U1,"A. Jack Primary, a government school. I had to take"
U1,"an aptitude test before I started, and, based on the"
