UserId,Data
U0,lorem ipsum
U1,To prohibit illicit carnal intercourse
U1,between Europeans and natives and
U1,other acts in relation thereto.
U1,"BE IT ENACTED by the Kings Most Excellent Majesty,"
U1,the Senate and the House of Assembly of the Union of
U1,"South Africa, as follows:"
U1,1. Any European male who has illicit carnal intercourse
U1,"with a native female, and any native male who has illicit"
U1,carnal intercourse with a European femaleshall be guilty
U1,of an offence and liable on conviction to imprisonment for
U1,a period not exceeding five years.
U1,2. Any native female who permits any European male to
U1,have illicit carnal intercourse with her and any European
U1,female who permits any native male to have illicit carnal
U1,intercourse with her shall be guilty of an offence and liable
U1,on conviction to imprisonment for a period not exceeding
U1,four years.
U1,The genius of apartheid was convincing people who were
U1,the overwhelming majority to turn on each other. Apart
U1,"hate, is what it was. You separate people into groups and"
U1,make them hate one another so you can run them all.
U1,"At the time, black South Africans outnumbered white"
U1,"South Africans nearly five to one, yet we were divided into"
U1,"different tribes with different languages: Zulu, Xhosa,"
U1,"Tswana, Sotho, Venda, Ndebele, Tsonga, Pedi, and more."
U1,Long before apartheid existed these tribal factions clashed
U1,and warred with one another. Then white rule used that
U1,animosity to divide and conquer. All nonwhites were
U1,systematically classified into various groups and subgroups.
U1,Then these groups were given differing levels of rights and
U1,privileges in order to keep them at odds.
U1,Perhaps the starkest of these divisions was between
U1,"South Africas two dominant groups, the Zulu and the"
U1,Xhosa. The Zulu man is known as the warrior. He is proud.
U1,He puts his head down and fights. When the colonial armies
U1,"invaded, the Zulu charged into battle with nothing but"
U1,spears and shields against men with guns. The Zulu were
U1,"slaughtered by the thousands, but they never stopped"
U1,"fighting. The Xhosa, on the other hand, pride themselves on"
U1,being the thinkers. My mother is Xhosa. Nelson Mandela
U1,was Xhosa. The Xhosa waged a long war against the white
U1,"man as well, but after experiencing the futility of battle"
U1,"against a better-armed foe, many Xhosa chiefs took a more"
U1,nimble approach. These white people are here whether we
U1,"like it or not, they said. Lets see what tools they possess"
U1,"that can be useful to us. Instead of being resistant to English,"
U1,lets learn English. Well understand what the white man is
U1,"saying, and we can force him to negotiate with us."
U1,The Zulu went to war with the white man. The Xhosa
U1,played chess with the white man. For a long time neither was
U1,"particularly successful, and each blamed the other for a"
U1,problem neither had created. Bitterness festered. For
U1,decades those feelings were held in check by a common
U1,"enemy. Then apartheid fell, Mandela walked free, and black"
U1,South Africa went to war with itself.
U1,RUN
U1,Sometimes in big Hollywood movies theyll have
U1,these crazy chase scenes where somebody jumps or
U1,gets thrown from a moving car. The person hits the
U1,ground and rolls for a bit. Then they come to a stop
U1,"and pop up and dust themselves off, like it was no"
U1,"big deal. Whenever I see that I think, Thats rubbish."
U1,Getting thrown out of a moving car hurts way
U1,worse than that.
U1,I was nine years old when my mother threw me
U1,out of a moving car. It happened on a Sunday. I
U1,know it was on a Sunday because we were coming
U1,"home from church, and every Sunday in my"
U1,childhood meant church. We never missed church.
U1,My mother wasand still isa deeply religious
U1,woman. Very Christian. Like indigenous peoples
U1,"around the world, black South Africans adopted the"
U1,religion of our colonizers. By adopt I mean it was
U1,forced on us. The white man was quite stern with the
U1,"native. You need to pray to Jesus, he said. Jesus"
U1,"will save you. To which the native replied, Well, we"
U1,"do need to be savedsaved from you, but thats"
U1,beside the point. So lets give this Jesus thing a shot.
U1,"My whole family is religious, but where my"
U1,"mother was Team Jesus all the way, my"
U1,grandmother balanced her Christian faith with the
U1,"traditional Xhosa beliefs shed grown up with,"
U1,communicating with the spirits of our ancestors. For
U1,a long time I didnt understand why so many black
U1,people had abandoned their indigenous faith for
U1,Christianity. But the more we went to church and the
U1,longer I sat in those pews the more I learned about
U1,how Christianity works: If youre Native American
U1,"and you pray to the wolves, youre a savage. If youre"
U1,"African and you pray to your ancestors, youre a"
U1,primitive. But when white people pray to a guy who
U1,"turns water into wine, well, thats just common"
U1,sense.
U1,"My childhood involved church, or some form of"
U1,"church, at least four nights a week. Tuesday night"
U1,was the prayer meeting. Wednesday night was Bible
U1,study. Thursday night was Youth church. Friday and
U1,Saturday we had off. Time to sin Then on Sunday
U1,"we went to church. Three churches, to be precise."
U1,The reason we went to three churches was because
U1,my mom said each church gave her something
U1,different. The first church offered jubilant praise of
U1,the Lord. The second church offered deep analysis of
U1,"the scripture, which my mom loved. The third"
U1,church offered passion and catharsis it was a place
U1,where you truly felt the presence of the Holy Spirit
U1,"inside you. Completely by coincidence, as we moved"
U1,"back and forth between these churches, I noticed"
U1,that each one had its own distinct racial makeup:
U1,Jubilant church was mixed church. Analytical church
U1,"was white church. And passionate, cathartic church,"
U1,that was black church.
U1,Mixed church was Rhema Bible Church. Rhema
U1,"was one of those huge, supermodern, suburban"
U1,"megachurches. The pastor, Ray McCauley, was an"
U1,ex-bodybuilder with a big smile and the personality
U1,of a cheerleader. Pastor Ray had competed in the
U1,1974 Mr. Universe competition. He placed third. The
U1,winner that year was Arnold Schwarzenegger. Every
U1,"week, Ray would be up onstage working really hard"
U1,to make Jesus cool. There was arena-style seating
U1,and a rock band jamming out with the latest
U1,"Christian contemporary pop. Everyone sang along,"
U1,and if you didnt know the words that was okay
U1,because they were all right up there on the
U1,"Jumbotron for you. It was Christian karaoke,"
U1,basically. I always had a blast at mixed church.
U1,"White church was Rosebank Union in Sandton,"
U1,a very white and wealthy part of Johannesburg. I
U1,loved white church because I didnt actually have to
U1,"go to the main service. My mom would go to that,"
U1,"and I would go to the youth side, to Sunday school."
U1,In Sunday school we got to read cool stories. Noah
U1,and the flood was obviously a favorite I had a
U1,personal stake there. But I also loved the stories
U1,"about Moses parting the Red Sea, David slaying"
U1,"Goliath, Jesus whipping the money changers in the"
U1,temple.
U1,I grew up in a home with very little exposure to
U1,popular culture. Boyz II Men were not allowed in my
U1,mothers house. Songs about some guy grinding on a
U1,"girl all night long No, no, no. That was forbidden."
U1,Id hear the other kids at school singing End of the
U1,"Road, and Id have no clue what was going on. I"
U1,"knew of these Boyz II Men, but I didnt really know"
U1,who they were. The only music I knew was from
U1,"church: soaring, uplifting songs praising Jesus. It"
U1,was the same with movies. My mom didnt want my
U1,mind polluted by movies with sex and violence. So
U1,the Bible was my action movie. Samson was my
U1,superhero. He was my He-Man. A guy beating a
U1,thousand people to death with the jawbone of a
U1,donkey Thats pretty badass. Eventually you get to
U1,Paul writing letters to the Ephesians and it loses the
U1,"plot, but the Old Testament and the Gospels I could"
U1,"quote you anything from those pages, chapter and"
U1,verse. There were Bible games and quizzes every
U1,"week at white church, and I kicked everyones ass."
U1,Then there was black church. There was always
U1,some kind of black church service going on
U1,"somewhere, and we tried them all. In the township,"
U1,"that typically meant an outdoor, tent-revival-style"
U1,church. We usually went to my grandmothers
U1,"church, an old-school Methodist congregation, five"
U1,"hundred African grannies in blue-and-white blouses,"
U1,clutching their Bibles and patiently burning in the
U1,"hot African sun. Black church was rough, I wont lie."
U1,No air-conditioning. No lyrics up on Jumbotrons.
U1,"And it lasted forever, three or four hours at least,"
U1,which confused me because white church was only
U1,"like an hourin and out, thanks for coming. But at"
U1,black church I would sit there for what felt like an
U1,"eternity, trying to figure out why time moved so"
U1,"slowly. Is it possible for time to actually stop If so,"
U1,why does it stop at black church and not at white
U1,church I eventually decided black people needed
U1,more time with Jesus because we suffered more.
U1,"Im here to fill up on my blessings for the week, my"
U1,mother used to say. The more time we spent at
U1,"church, she reckoned, the more blessings we"
U1,"accrued, like a Starbucks Rewards Card."
U1,Black church had one saving grace. If I could
U1,make it to the third or fourth hour Id get to watch
U1,the pastor cast demons out of people. People
U1,possessed by demons would start running up and
U1,"down the aisles like madmen, screaming in tongues."
U1,"The ushers would tackle them, like bouncers at a"
U1,"club, and hold them down for the pastor. The pastor"
U1,would grab their heads and violently shake them
U1,"back and forth, shouting, I cast out this spirit in the"
U1,name of Jesus Some pastors were more violent
U1,"than others, but what they all had in common was"
U1,that they wouldnt stop until the demon was gone
U1,and the congregant had gone limp and collapsed on
U1,the stage. The person had to fall. Because if he didnt
U1,fall that meant the demon was powerful and the
U1,pastor needed to come at him even harder. You
U1,could be a linebacker in the NFL. Didnt matter. That
U1,"pastor was taking you down. Good Lord, that was"
U1,fun.
U1,"Christian karaoke, badass action stories, and"
U1,"violent faith healersman, I loved church. The thing"
U1,I didnt love was the lengths we had to go to in order
U1,to get to church. It was an epic slog. We lived in
U1,"Eden Park, a tiny suburb way outside Johannesburg."
U1,"It took us an hour to get to white church, another"
U1,"forty-five minutes to get to mixed church, and"
U1,another forty-five minutes to drive out to Soweto for
U1,"black church. Then, if that wasnt bad enough, some"
U1,Sundays wed double back to white church for a
U1,special evening service. By the time we finally got
U1,"home at night, Id collapse into bed."
U1,"This particular Sunday, the Sunday I was hurled"
U1,"from a moving car, started out like any other"
U1,"Sunday. My mother woke me up, made me porridge"
U1,for breakfast. I took my bath while she dressed my
U1,"baby brother Andrew, who was nine months old."
U1,"Then we went out to the driveway, but once we were"
U1,"finally all strapped in and ready to go, the car"
U1,"wouldnt start. My mom had this ancient, broken-"
U1,"down, bright-tangerine Volkswagen Beetle that she"
U1,picked up for next to nothing. The reason she got it
U1,for next to nothing was because it was always
U1,breaking down. To this day I hate secondhand cars.
U1,Almost everything thats ever gone wrong in my life I
U1,can trace back to a secondhand car. Secondhand cars
U1,made me get detention for being late for school.
U1,Secondhand cars left us hitchhiking on the side of
U1,the freeway. A secondhand car was also the reason
U1,my mom got married. If it hadnt been for the
U1,"Volkswagen that didnt work, we never would have"
U1,looked for the mechanic who became the husband
U1,who became the stepfather who became the man
U1,who tortured us for years and put a bullet in the back
U1,of my mothers headIll take the new car with the
U1,warranty every time.
U1,"As much as I loved church, the idea of a nine-"
U1,"hour slog, from mixed church to white church to"
U1,black church then doubling back to white church
U1,"again, was just too much to contemplate. It was bad"
U1,"enough in a car, but taking public transport would be"
U1,twice as long and twice as hard. When the
U1,"Volkswagen refused to start, inside my head I was"
U1,"praying, Please say well just stay home. Please say"
U1,well just stay home. Then I glanced over to see the
U1,"determined look on my mothers face, her jaw set,"
U1,and I knew I had a long day ahead of me.
U1,"Come, she said. Were going to catch"
U1,minibuses.
U1,
U1,My mother is as stubborn as she is religious. Once
U1,"her minds made up, thats it. Indeed, obstacles that"
U1,"would normally lead a person to change their plans,"
U1,"like a car breaking down, only made her more"
U1,determined to forge ahead.
U1,"Its the Devil, she said about the stalled car."
U1,The Devil doesnt want us to go to church. Thats
U1,why weve got to catch minibuses.
U1,Whenever I found myself up against my
U1,"mothers faith-based obstinacy, I would try, as"
U1,"respectfully as possible, to counter with an opposing"
U1,point of view.
U1,"Or, I said, the Lord knows that today we"
U1,"shouldnt go to church, which is why he made sure"
U1,"the car wouldnt start, so that we stay at home as a"
U1,"family and take a day of rest, because even the Lord"
U1,rested.
U1,"Ah, thats the Devil talking, Trevor."
U1,"No, because Jesus is in control, and if Jesus is"
U1,"in control and we pray to Jesus, he would let the car"
U1,"start, but he hasnt, therefore"
U1,"No, Trevor Sometimes Jesus puts obstacles in"
U1,your way to see if you overcome them. Like Job. This
U1,could be a test.
U1,"Ah Yes, Mom. But the test could be to see if"
U1,were willing to accept what has happened and stay
U1,at home and praise Jesus for his wisdom.
U1,No. Thats the Devil talking. Now go change
U1,your clothes.
U1,"But, Mom"
U1,Trevor Sunqhela
U1,Sunqhela is a phrase with many shades of
U1,"meaning. It says dont undermine me, dont"
U1,"underestimate me, and just try me. Its a"
U1,"command and a threat, all at once. Its a common"
U1,thing for Xhosa parents to say to their kids. Any time
U1,"I heard it I knew it meant the conversation was over,"
U1,and if I uttered another word I was in for a hiding
U1,what we call a spanking.
U1,"At the time, I attended a private Catholic school"
U1,called Maryvale College. I was the champion of the
U1,"Maryvale sports day every single year, and my"
U1,mother won the moms trophy every single year.
U1,Why Because she was always chasing me to kick my
U1,"ass, and I was always running not to get my ass"
U1,kicked. Nobody ran like me and my mom. She wasnt
U1,one of those Come over here and get your hiding
U1,type moms. Shed deliver it to you free of charge. She
U1,"was a thrower, too. Whatever was next to her was"
U1,"coming at you. If it was something breakable, I had"
U1,"to catch it and put it down. If it broke, that would be"
U1,"my fault, too, and the ass-kicking would be that"
U1,"much worse. If she threw a vase at me, Id have to"
U1,"catch it, put it down, and then run. In a split second,"
U1,"Id have to think, Is it valuable Yes. Is it breakable"
U1,"Yes. Catch it, put it down, now run."
U1,"We had a very Tom and Jerry relationship, me"
U1,and my mom. She was the strict disciplinarian I was
U1,naughty as shit. She would send me out to buy
U1,"groceries, and I wouldnt come right home because"
U1,Id be using the change from the milk and bread to
U1,play arcade games at the supermarket. I loved
U1,videogames. I was a master at Street Fighter. I could
U1,"go forever on a single play. Id drop a coin in, time"
U1,"would fly, and the next thing I knew thered be a"
U1,woman behind me with a belt. It was a race. Id take
U1,off out the door and through the dusty streets of
U1,"Eden Park, clambering over walls, ducking through"
U1,backyards. It was a normal thing in our
U1,neighborhood. Everybody knew: That Trevor child
U1,"would come through like a bat out of hell, and his"
U1,mom would be right there behind him. She could go
U1,"at a full sprint in high heels, but if she really wanted"
U1,to come after me she had this thing where shed kick
U1,her shoes off while still going at top speed. Shed do
U1,this weird move with her ankles and the heels would
U1,go flying and she wouldnt even miss a step. Thats
U1,"when I knew, Okay, shes in turbo mode now."
U1,"When I was little she always caught me, but as I"
U1,"got older I got faster, and when speed failed her"
U1,shed use her wits. If I was about to get away shed
U1,"yell, Stop Thief Shed do this to her own child. In"
U1,"South Africa, nobody gets involved in other peoples"
U1,"businessunless its mob justice, and then"
U1,everybody wants in. So shed yell Thief knowing it
U1,"would bring the whole neighborhood out against me,"
U1,and then Id have strangers trying to grab me and
U1,"tackle me, and Id have to duck and dive and dodge"
U1,"them as well, all the while screaming, Im not a"
U1,thief Im her son
U1,The last thing I wanted to do that Sunday
U1,"morning was climb into some crowded minibus, but"
U1,the second I heard my mom say sunqhela I knew my
U1,fate was sealed. She gathered up Andrew and we
U1,climbed out of the Volkswagen and went out to try to
U1,catch a ride.
U1,
U1,"I was five years old, nearly six, when Nelson"
U1,Mandela was released from prison. I remember
U1,seeing it on TV and everyone being happy. I didnt
U1,"know why we were happy, just that we were. I was"
U1,aware of the fact that there was a thing called
U1,"apartheid and it was ending and that was a big deal,"
U1,but I didnt understand the intricacies of it.
U1,"What I do remember, what I will never forget, is"
U1,the violence that followed. The triumph of
U1,democracy over apartheid is sometimes called the
U1,Bloodless Revolution. It is called that because very
U1,little white blood was spilled. Black blood ran in the
U1,streets.
U1,"As the apartheid regime fell, we knew that the"
U1,"black man was now going to rule. The question was,"
U1,which black man Spates of violence broke out
U1,"between the Inkatha Freedom Party and the ANC,"
U1,"the African National Congress, as they jockeyed for"
U1,power. The political dynamic between these two
U1,"groups was very complicated, but the simplest way to"
U1,understand it is as a proxy war between Zulu and
U1,"Xhosa. The Inkatha was predominantly Zulu, very"
U1,militant and very nationalistic. The ANC was a broad
U1,"coalition encompassing many different tribes, but its"
U1,leaders at the time were primarily Xhosa. Instead of
U1,"uniting for peace they turned on one another,"
U1,committing acts of unbelievable savagery. Massive
U1,riots broke out. Thousands of people were killed.
U1,Necklacing was common. Thats where people would
U1,hold someone down and put a rubber tire over his
U1,"torso, pinning his arms. Then theyd douse him with"
U1,petrol and set him on fire and burn him alive. The
U1,ANC did it to Inkatha. Inkatha did it to the ANC. I
U1,saw one of those charred bodies on the side of the
U1,road one day on my way to school. In the evenings
U1,my mom and I would turn on our little black-and-
U1,white TV and watch the news. A dozen people killed.
U1,Fifty people killed. A hundred people killed.
U1,Eden Park sat not far from the sprawling
U1,"townships of the East Rand, Thokoza and Katlehong,"
U1,which were the sites of some of the most horrific
U1,InkathaANC clashes. Once a month at least wed
U1,drive home and the neighborhood would be on fire.
U1,Hundreds of rioters in the street. My mom would
U1,edge the car slowly through the crowds and around
U1,blockades made of flaming tires. Nothing burns like
U1,a tireit rages with a fury you cant imagine. As we
U1,"drove past the burning blockades, it felt like we were"
U1,"inside an oven. I used to say to my mom, I think"
U1,Satan burns tires in Hell.
U1,"Whenever the riots broke out, all our neighbors"
U1,would wisely hole up behind closed doors. But not
U1,"my mom. Shed head straight out, and as wed inch"
U1,"our way past the blockades, shed give the rioters this"
U1,look. Let me pass. Im not involved in this shit. She
U1,was unwavering in the face of danger. That always
U1,amazed me. It didnt matter that there was a war on
U1,"our doorstep. She had things to do, places to be. It"
U1,was the same stubbornness that kept her going to
U1,church despite a broken-down car. There could be
U1,five hundred rioters with a blockade of burning tires
U1,"on the main road out of Eden Park, and my mother"
U1,"would say, Get dressed. Ive got to go to work."
U1,Youve got to go to school.
U1,But arent you afraid Id say. Theres only
U1,one of you and theres so many of them.
U1,"Honey, Im not alone, shed say. Ive got all of"
U1,Heavens angels behind me.
U1,"Well, it would be nice if we could see them, Id"
U1,say. Because I dont think the rioters know theyre
U1,there.
U1,Shed tell me not to worry. She always came
U1,"back to the phrase she lived by: If God is with me,"
U1,who can be against me She was never scared. Even
U1,when she should have been.
U1,
U1,"That carless Sunday we made our circuit of churches,"
U1,"ending up, as usual, at white church. When we"
U1,walked out of Rosebank Union it was dark and we
U1,were alone. It had been an endless day of minibuses
U1,"from mixed church to black church to white church,"
U1,and I was exhausted. It was nine oclock at least. In
U1,"those days, with all the violence and riots going on,"
U1,you did not want to be out that late at night. We were
U1,standing at the corner of Jellicoe Avenue and Oxford
U1,"Road, right in the heart of Johannesburgs wealthy,"
U1,"white suburbia, and there were no minibuses. The"
U1,streets were empty.
U1,"I so badly wanted to turn to my mom and say,"
U1,You see This is why God wanted us to stay home.
U1,"But one look at the expression on her face, and I"
U1,knew better than to speak. There were times I could
U1,talk smack to my momthis was not one of them.
U1,We waited and waited for a minibus to come by.
U1,Under apartheid the government provided no public
U1,"transportation for blacks, but white people still"
U1,needed us to show up to mop their floors and clean
U1,their bathrooms. Necessity being the mother of
U1,"invention, black people created their own transit"
U1,"system, an informal network of bus routes,"
U1,controlled by private associations operating entirely
U1,outside the law. Because the minibus business was
U1,"completely unregulated, it was basically organized"
U1,"crime. Different groups ran different routes, and"
U1,they would fight over who controlled what. There
U1,"was bribery and general shadiness that went on, a"
U1,"great deal of violence, and a lot of protection money"
U1,paid to avoid violence. The one thing you didnt do
U1,was steal a route from a rival group. Drivers who
U1,"stole routes would get killed. Being unregulated,"
U1,minibuses were also very unreliable. When they
U1,"came, they came. When they didnt, they didnt."
U1,"Standing outside Rosebank Union, I was"
U1,literally falling asleep on my feet. Not a minibus in
U1,"sight. Eventually my mother said, Lets hitchhike."
U1,"We walked and walked, and after what felt like an"
U1,"eternity, a car drove up and stopped. The driver"
U1,"offered us a ride, and we climbed in. We hadnt gone"
U1,ten feet when suddenly a minibus swerved right in
U1,front of the car and cut us off.
U1,"A Zulu driver got out with an iwisa, a large,"
U1,"traditional Zulu weapona war club, basically."
U1,Theyre used to smash peoples skulls in. Another
U1,"guy, his crony, got out of the passenger side. They"
U1,"walked up to the drivers side of the car we were in,"
U1,"grabbed the man whod offered us a ride, pulled him"
U1,"out, and started shoving their clubs in his face. Why"
U1,are you stealing our customers Why are you picking
U1,people up
U1,It looked like they were going to kill this guy. I
U1,knew that happened sometimes. My mom spoke up.
U1,"Hey, listen, he was just helping me. Leave him."
U1,Well ride with you. Thats what we wanted in the
U1,first place. So we got out of the first car and climbed
U1,into the minibus.
U1,We were the only passengers in the minibus. In
U1,"addition to being violent gangsters, South African"
U1,minibus drivers are notorious for complaining and
U1,haranguing passengers as they drive. This driver was
U1,"a particularly angry one. As we rode along, he started"
U1,lecturing my mother about being in a car with a man
U1,who was not her husband. My mother didnt suffer
U1,lectures from strange men. She told him to mind his
U1,"own business, and when he heard her speaking in"
U1,"Xhosa, that really set him off. The stereotypes of"
U1,Zulu and Xhosa women were as ingrained as those of
U1,the men. Zulu women were well-behaved and
U1,dutiful. Xhosa women were promiscuous and
U1,"unfaithful. And here was my mother, his tribal"
U1,"enemy, a Xhosa woman alone with two small"
U1,"childrenone of them a mixed child, no less. Not"
U1,just a whore but a whore who sleeps with white men.
U1,"Oh, youre a Xhosa, he said. That explains it."
U1,Climbing into strange mens cars. Disgusting
U1,woman.
U1,My mom kept telling him off and he kept calling
U1,"her names, yelling at her from the front seat,"
U1,wagging his finger in the rearview mirror and
U1,growing more and more menacing until finally he
U1,"said, Thats the problem with you Xhosa women."
U1,Youre all slutsand tonight youre going to learn
U1,your lesson.
U1,"He sped off. He was driving fast, and he wasnt"
U1,"stopping, only slowing down to check for traffic at"
U1,the intersections before speeding through. Death
U1,was never far away from anybody back then. At that
U1,point my mother could be raped. We could be killed.
U1,These were all viable options. I didnt fully
U1,comprehend the danger we were in at the moment I
U1,was so tired that I just wanted to sleep. Plus my
U1,"mom stayed very calm. She didnt panic, so I didnt"
U1,know to panic. She just kept trying to reason with
U1,him.
U1,"Im sorry if weve upset you, bhuti. You can just"
U1,let us out here
U1,No.
U1,"Really, its fine. We can just walk"
U1,No.
U1,"He raced along Oxford Road, the lanes empty,"
U1,no other cars out. I was sitting closest to the
U1,"minibuss sliding door. My mother sat next to me,"
U1,holding baby Andrew. She looked out the window at
U1,the passing road and then leaned over to me and
U1,"whispered, Trevor, when he slows down at the next"
U1,"intersection, Im going to open the door and were"
U1,going to jump.
U1,"I didnt hear a word of what she was saying,"
U1,because by that point Id completely nodded off.
U1,"When we came to the next traffic light, the driver"
U1,eased off the gas a bit to look around and check the
U1,"road. My mother reached over, pulled the sliding"
U1,"door open, grabbed me, and threw me out as far as"
U1,"she could. Then she took Andrew, curled herself in a"
U1,"ball around him, and leaped out behind me."
U1,It felt like a dream until the pain hit. Bam I
U1,smacked hard on the pavement. My mother landed
U1,right beside me and we tumbled and tumbled and
U1,rolled and rolled. I was wide awake now. I went from
U1,half asleep to What the hell Eventually I came to a
U1,"stop and pulled myself up, completely disoriented. I"
U1,"looked around and saw my mother, already on her"
U1,feet. She turned and looked at me and screamed.
U1,Run
U1,"So I ran, and she ran, and nobody ran like me"
U1,and my mom.
U1,"Its weird to explain, but I just knew what to do."
U1,"It was animal instinct, learned in a world where"
U1,violence was always lurking and waiting to erupt. In
U1,"the townships, when the police came swooping in"
U1,with their riot gear and armored cars and
U1,"helicopters, I knew: Run for cover. Run and hide. I"
U1,knew that as a five-year-old. Had I lived a different
U1,"life, getting thrown out of a speeding minibus might"
U1,"have fazed me. Id have stood there like an idiot,"
U1,"going, Whats happening, Mom Why are my legs so"
U1,"sore But there was none of that. Mom said run,"
U1,"and I ran. Like the gazelle runs from the lion, I ran."
U1,The men stopped the minibus and got out and
U1,"tried to chase us, but they didnt stand a chance. We"
U1,smoked them. I think they were in shock. I still
U1,remember glancing back and seeing them give up
U1,with a look of utter bewilderment on their faces.
U1,What just happened Whod have thought a woman
U1,with two small children could run so fast They
U1,didnt know they were dealing with the reigning
U1,champs of the Maryvale College sports day. We kept
U1,going and going until we made it to a twenty-four-
U1,hour petrol station and called the police. By then the
U1,men were long gone.
U1,I still didnt know why any of this had
U1,happened Id been running on pure adrenaline.
U1,Once we stopped running I realized how much pain I
U1,"was in. I looked down, and the skin on my arms was"
U1,scraped and torn. I was cut up and bleeding all over.
U1,"Mom was, too. My baby brother was fine, though,"
U1,incredibly. My mom had wrapped herself around
U1,"him, and hed come through without a scratch. I"
U1,turned to her in shock.
U1,What was that Why are we running
U1,"What do you mean, Why are we running"
U1,Those men were trying to kill us.
U1,You never told me that You just threw me out
U1,of the car
U1,I did tell you. Why didnt you jump
U1,Jump I was asleep
U1,So I should have left you there for them to kill
U1,you
U1,At least they would have woken me up before
U1,they killed me.
U1,Back and forth we went. I was too confused and
U1,too angry about getting thrown out of the car to
U1,realize what had happened. My mother had saved
U1,my life.
U1,As we caught our breath and waited for the
U1,"police to come and drive us home, she said, Well, at"
U1,"least were safe, thank God."
U1,But I was nine years old and I knew better. I
U1,wasnt going to keep quiet this time.
U1,"No, Mom This was not thanks to God You"
U1,should have listened to God when he told us to stay
U1,"at home when the car wouldnt start, because clearly"
U1,the Devil tricked us into coming out tonight.
U1,"No, Trevor Thats not how the Devil works."
U1,"This is part of Gods plan, and if He wanted us here"
U1,then He had a reason
U1,"And on and on and there we were, back at it,"
U1,"arguing about Gods will. Finally I said, Look, Mom."
U1,"I know you love Jesus, but maybe next week you"
U1,could ask him to meet us at our house. Because this
U1,really wasnt a fun night.
U1,She broke out in a huge smile and started
U1,"laughing. I started laughing, too, and we stood there,"
U1,"this little boy and his mom, our arms and legs"
U1,"covered in blood and dirt, laughing together through"
U1,the pain in the light of a petrol station on the side of
U1,the road in the middle of the night.
U1,"Apartheid was perfect racism. It took centuries to develop,"
U1,starting all the way back in 1652 when the Dutch East India
U1,Company landed at the Cape of Good Hope and established a
U1,"trading colony, Kaapstad, later known as Cape Town, a rest"
U1,stop for ships traveling between Europe and India. To
U1,"impose white rule, the Dutch colonists went to war with the"
U1,"natives, ultimately developing a set of laws to subjugate and"
U1,"enslave them. When the British took over the Cape Colony,"
U1,the descendants of the original Dutch settlers trekked inland
U1,"and developed their own language, culture, and customs,"
U1,"eventually becoming their own people, the Afrikanersthe"
U1,white tribe of Africa.
U1,The British abolished slavery in name but kept it in
U1,"practice. They did so because, in the mid-1800s, in what had"
U1,been written off as a near-worthless way station on the route
U1,"to the Far East, a few lucky capitalists stumbled upon the"
U1,"richest gold and diamond reserves in the world, and an"
U1,endless supply of expendable bodies was needed to go in the
U1,ground and get it all out.
U1,"As the British Empire fell, the Afrikaner rose up to claim"
U1,South Africa as his rightful inheritance. To maintain power
U1,"in the face of the countrys rising and restless black majority,"
U1,the government realized they needed a newer and more
U1,robust set of tools. They set up a formal commission to go
U1,out and study institutionalized racism all over the world.
U1,They went to Australia. They went to the Netherlands. They
U1,"went to America. They saw what worked, what didnt. Then"
U1,"they came back and published a report, and the government"
U1,used that knowledge to build the most advanced system of
U1,racial oppression known to man.
U1,"Apartheid was a police state, a system of surveillance"
U1,and laws designed to keep black people under total control.
U1,A full compendium of those laws would run more than three
U1,"thousand pages and weigh approximately ten pounds, but"
U1,the general thrust of it should be easy enough for any
U1,American to understand. In America you had the forced
U1,removal of the native onto reservations coupled with slavery
U1,followed by segregation. Imagine all three of those things
U1,happening to the same group of people at the same time.
U1,That was apartheid.
U1,BORN A CRIME
U1,"I grew up in South Africa during apartheid, which"
U1,"was awkward because I was raised in a mixed family,"
U1,with me being the mixed one in the family. My
U1,"mother, Patricia Nombuyiselo Noah, is black. My"
U1,"father, Robert, is white. Swiss/German, to be"
U1,"precise, which Swiss/Germans invariably are."
U1,"During apartheid, one of the worst crimes you could"
U1,commit was having sexual relations with a person of
U1,"another race. Needless to say, my parents committed"
U1,that crime.
U1,"In any society built on institutionalized racism,"
U1,race-mixing doesnt merely challenge the system as
U1,"unjust, it reveals the system as unsustainable and"
U1,incoherent. Race-mixing proves that races can mix
U1,"and in a lot of cases, want to mix. Because a mixed"
U1,person embodies that rebuke to the logic of the
U1,"system, race-mixing becomes a crime worse than"
U1,treason.
U1,"Humans being humans and sex being sex, that"
U1,prohibition never stopped anyone. There were mixed
U1,kids in South Africa nine months after the first
U1,Dutch boats hit the beach in Table Bay. Just like in
U1,"America, the colonists here had their way with the"
U1,"native women, as colonists so often do. Unlike in"
U1,"America, where anyone with one drop of black blood"
U1,"automatically became black, in South Africa mixed"
U1,people came to be classified as their own separate
U1,"group, neither black nor white but what we call"
U1,"colored. Colored people, black people, white"
U1,"people, and Indian people were forced to register"
U1,their race with the government. Based on those
U1,"classifications, millions of people were uprooted and"
U1,relocated. Indian areas were segregated from colored
U1,"areas, which were segregated from black areasall of"
U1,them segregated from white areas and separated
U1,from one another by buffer zones of empty land.
U1,Laws were passed prohibiting sex between
U1,"Europeans and natives, laws that were later"
U1,amended to prohibit sex between whites and all
U1,nonwhites.
U1,The government went to insane lengths to try to
U1,enforce these new laws. The penalty for breaking
U1,them was five years in prison. There were whole
U1,police squads whose only job was to go around
U1,peeking through windowsclearly an assignment for
U1,only the finest law enforcement officers. And if an
U1,"interracial couple got caught, God help them. The"
U1,"police would kick down the door, drag the people"
U1,"out, beat them, arrest them. At least thats what they"
U1,did to the black person. With the white person it was
U1,"more like, Look, Ill just say you were drunk, but"
U1,"dont do it again, eh Cheers. Thats how it was with"
U1,a white man and a black woman. If a black man was
U1,"caught having sex with a white woman, hed be lucky"
U1,if he wasnt charged with rape.
U1,If you ask my mother whether she ever
U1,considered the ramifications of having a mixed child
U1,"under apartheid, she will say no. She wanted to do"
U1,"something, figured out a way to do it, and then she"
U1,did it. She had a level of fearlessness that you have to
U1,possess to take on something like she did. If you stop
U1,"to consider the ramifications, youll never do"
U1,"anything. Still, it was a crazy, reckless thing to do. A"
U1,million things had to go right for us to slip through
U1,the cracks the way we did for as long as we did.
U1,
U1,"Under apartheid, if you were a black man you"
U1,worked on a farm or in a factory or in a mine. If you
U1,"were a black woman, you worked in a factory or as a"
U1,maid. Those were pretty much your only options. My
U1,mother didnt want to work in a factory. She was a
U1,horrible cook and never would have stood for some
U1,"white lady telling her what to do all day. So, true to"
U1,"her nature, she found an option that was not among"
U1,the ones presented to her: She took a secretarial
U1,"course, a typing class. At the time, a black woman"
U1,learning how to type was like a blind person learning
U1,"how to drive. Its an admirable effort, but youre"
U1,unlikely to ever be called upon to execute the task.
U1,"By law, white-collar jobs and skilled-labor jobs were"
U1,reserved for whites. Black people didnt work in
U1,"offices. My mom, however, was a rebel, and,"
U1,"fortunately for her, her rebellion came along at the"
U1,right moment.
U1,"In the early 1980s, the South African"
U1,government began making minor reforms in an
U1,attempt to quell international protest over the
U1,atrocities and human rights abuses of apartheid.
U1,Among those reforms was the token hiring of black
U1,workers in low-level white-collar jobs. Like typists.
U1,Through an employment agency she got a job as a
U1,"secretary at ICI, a multinational pharmaceutical"
U1,"company in Braamfontein, a suburb of"
U1,Johannesburg.
U1,"When my mom started working, she still lived"
U1,"with my grandmother in Soweto, the township where"
U1,the government had relocated my family decades
U1,"before. But my mother was unhappy at home, and"
U1,when she was twenty-two she ran away to live in
U1,downtown Johannesburg. There was only one
U1,problem: It was illegal for black people to live there.
U1,The ultimate goal of apartheid was to make
U1,"South Africa a white country, with every black"
U1,person stripped of his or her citizenship and
U1,"relocated to live in the homelands, the Bantustans,"
U1,semi-sovereign black territories that were in reality
U1,puppet states of the government in Pretoria. But this
U1,so-called white country could not function without
U1,"black labor to produce its wealth, which meant black"
U1,people had to be allowed to live near white areas in
U1,"the townships, government-planned ghettos built to"
U1,"house black workers, like Soweto. The township was"
U1,"where you lived, but your status as a laborer was the"
U1,only thing that permitted you to stay there. If your
U1,"papers were revoked for any reason, you could be"
U1,deported back to the homelands.
U1,"To leave the township for work in the city, or for"
U1,"any other reason, you had to carry a pass with your"
U1,ID number otherwise you could be arrested. There
U1,"was also a curfew: After a certain hour, blacks had to"
U1,be back home in the township or risk arrest. My
U1,mother didnt care. She was determined to never go
U1,"home again. So she stayed in town, hiding and"
U1,sleeping in public restrooms until she learned the
U1,rules of navigating the city from the other black
U1,women who had contrived to live there: prostitutes.
U1,Many of the prostitutes in town were Xhosa.
U1,They spoke my mothers language and showed her
U1,how to survive. They taught her how to dress up in a
U1,pair of maids overalls to move around the city
U1,without being questioned. They also introduced her
U1,to white men who were willing to rent out flats in
U1,"town. A lot of these men were foreigners, Germans"
U1,and Portuguese who didnt care about the law and
U1,were happy to sign a lease giving a prostitute a place
U1,to live and work in exchange for a steady piece on the
U1,side. My mom wasnt interested in any such
U1,"arrangement, but thanks to her job she did have"
U1,money to pay rent. She met a German fellow through
U1,"one of her prostitute friends, and he agreed to let her"
U1,a flat in his name. She moved in and bought a bunch
U1,of maids overalls to wear. She was caught and
U1,"arrested many times, for not having her ID on the"
U1,"way home from work, for being in a white area after"
U1,hours. The penalty for violating the pass laws was
U1,"thirty days in jail or a fine of fifty rand, nearly half"
U1,her monthly salary. She would scrape together the
U1,"money, pay the fine, and go right back about her"
U1,business.
U1,
U1,My moms secret flat was in a neighborhood called
U1,Hillbrow. She lived in number 203. Down the
U1,"corridor was a tall, brown-haired, brown-eyed"
U1,Swiss/German expat named Robert. He lived in 206.
U1,"As a former trading colony, South Africa has always"
U1,had a large expatriate community. People find their
U1,way here. Tons of Germans. Lots of Dutch. Hillbrow
U1,at the time was the Greenwich Village of South
U1,"Africa. It was a thriving scene, cosmopolitan and"
U1,liberal. There were galleries and underground
U1,theaters where artists and performers dared to speak
U1,up and criticize the government in front of
U1,integrated crowds. There were restaurants and
U1,"nightclubs, a lot of them foreign-owned, that served"
U1,"a mixed clientele, black people who hated the status"
U1,quo and white people who simply thought it
U1,ridiculous. These people would have secret get-
U1,"togethers, too, usually in someones flat or in empty"
U1,basements that had been converted into clubs.
U1,"Integration by its nature was a political act, but the"
U1,get-togethers themselves werent political at all.
U1,"People would meet up and hang out, have parties."
U1,My mom threw herself into that scene. She was
U1,"always out at some club, some party, dancing,"
U1,meeting people. She was a regular at the Hillbrow
U1,"Tower, one of the tallest buildings in Africa at that"
U1,time. It had a nightclub with a rotating dance floor
U1,on the top floor. It was an exhilarating time but still
U1,dangerous. Sometimes the restaurants and clubs
U1,"would get shut down, sometimes not. Sometimes the"
U1,"performers and patrons would get arrested,"
U1,sometimes not. It was a roll of the dice. My mother
U1,"never knew whom to trust, who might turn her in to"
U1,the police. Neighbors would report on one another.
U1,The girlfriends of the white men in my moms block
U1,of flats had every reason to report a black womana
U1,"prostitute, no doubtliving among them. And you"
U1,must remember that black people worked for the
U1,government as well. As far as her white neighbors
U1,"knew, my mom could have been a spy posing as a"
U1,"prostitute posing as a maid, sent into Hillbrow to"
U1,inform on whites who were breaking the law. Thats
U1,how a police state workseveryone thinks everyone
U1,else is the police.
U1,"Living alone in the city, not being trusted and"
U1,"not being able to trust, my mother started spending"
U1,more and more time in the company of someone
U1,with whom she felt safe: the tall Swiss man down the
U1,corridor in 206. He was forty-six. She was twenty-
U1,four. He was quiet and reserved she was wild and
U1,free. She would stop by his flat to chat theyd go to
U1,"underground get-togethers, go dancing at the"
U1,nightclub with the rotating dance floor. Something
U1,clicked.
U1,I know that there was a genuine bond and a love
U1,between my parents. I saw it. But how romantic their
U1,"relationship was, to what extent they were just"
U1,"friends, I cant say. These are things a child doesnt"
U1,ask. All I do know is that one day she made her
U1,proposal.
U1,"I want to have a kid, she told him."
U1,"I dont want kids, he said."
U1,I didnt ask you to have a kid. I asked you to
U1,help me to have my kid. I just want the sperm from
U1,you.
U1,"Im Catholic, he said. We dont do such"
U1,things.
U1,"You do know, she replied, that I could sleep"
U1,with you and go away and you would never know if
U1,you had a child or not. But I dont want that. Honor
U1,me with your yes so that I can live peacefully. I want
U1,"a child of my own, and I want it from you. You will"
U1,"be able to see it as much as you like, but you will"
U1,have no obligations. You dont have to talk to it. You
U1,dont have to pay for it. Just make this child for me.
U1,"For my mothers part, the fact that this man"
U1,"didnt particularly want a family with her, was"
U1,"prevented by law from having a family with her, was"
U1,"part of the attraction. She wanted a child, not a man"
U1,"stepping in to run her life. For my fathers part, I"
U1,know that for a long time he kept saying no.
U1,Eventually he said yes. Why he said yes is a question
U1,I will never have the answer to.
U1,"Nine months after that yes, on February 20,"
U1,"1984, my mother checked into Hillbrow Hospital for"
U1,a scheduled C-section delivery. Estranged from her
U1,"family, pregnant by a man she could not be seen with"
U1,"in public, she was alone. The doctors took her up to"
U1,"the delivery room, cut open her belly, and reached in"
U1,"and pulled out a half-white, half-black child who"
U1,"violated any number of laws, statutes, and"
U1,regulationsI was born a crime.
U1,
U1,When the doctors pulled me out there was an
U1,"awkward moment where they said, Huh. Thats a"
U1,very light-skinned baby. A quick scan of the delivery
U1,room revealed no man standing around to take
U1,credit.
U1,Who is the father they asked.
U1,"His father is from Swaziland, my mother said,"
U1,"referring to the tiny, landlocked kingdom in the west"
U1,of South Africa.
U1,"They probably knew she was lying, but they"
U1,accepted it because they needed an explanation.
U1,"Under apartheid, the government labeled everything"
U1,"on your birth certificate: race, tribe, nationality."
U1,Everything had to be categorized. My mother lied
U1,"and said I was born in KaNgwane, the semi-"
U1,sovereign homeland for Swazi people living in South
U1,Africa. So my birth certificate doesnt say that Im
U1,"Xhosa, which technically I am. And it doesnt say"
U1,"that Im Swiss, which the government wouldnt"
U1,allow. It just says that Im from another country.
U1,"My father isnt on my birth certificate. Officially,"
U1,"hes never been my father. And my mother, true to"
U1,"her word, was prepared for him not to be involved."
U1,"Shed rented a new flat for herself in Joubert Park,"
U1,"the neighborhood adjacent to Hillbrow, and thats"
U1,where she took me when she left the hospital. The
U1,"next week she went to visit him, with no baby. To her"
U1,"surprise, he asked where I was. You said that you"
U1,"didnt want to be involved, she said. And he hadnt,"
U1,but once I existed he realized he couldnt have a son
U1,living around the corner and not be a part of my life.
U1,"So the three of us formed a kind of family, as much"
U1,as our peculiar situation would allow. I lived with my
U1,mom. Wed sneak around and visit my dad when we
U1,could.
U1,Where most children are proof of their parents
U1,"love, I was the proof of their criminality. The only"
U1,time I could be with my father was indoors. If we left
U1,"the house, hed have to walk across the street from"
U1,us. My mom and I used to go to Joubert Park all the
U1,time. Its the Central Park of Johannesburg
U1,"beautiful gardens, a zoo, a giant chessboard with"
U1,human-sized pieces that people would play. My
U1,"mother tells me that once, when I was a toddler, my"
U1,"dad tried to go with us. We were in the park, he was"
U1,"walking a good bit away from us, and I ran after him,"
U1,"screaming, Daddy Daddy Daddy People started"
U1,looking. He panicked and ran away. I thought it was
U1,a game and kept chasing him.
U1,"I couldnt walk with my mother, either a light-"
U1,skinned child with a black woman would raise too
U1,"many questions. When I was a newborn, she could"
U1,"wrap me up and take me anywhere, but very quickly"
U1,"that was no longer an option. I was a giant baby, an"
U1,enormous child. When I was one youd have thought
U1,"I was two. When I was two, youd have thought I was"
U1,four. There was no way to hide me.
U1,"My mom, same as shed done with her flat and"
U1,"with her maids uniforms, found the cracks in the"
U1,system. It was illegal to be mixed to have a black
U1,"parent and a white parent, but it was not illegal to"
U1,be colored to have two parents who were both
U1,colored. So my mom moved me around the world as
U1,a colored child. She found a crche in a colored area
U1,where she could leave me while she was at work.
U1,There was a colored woman named Queen who lived
U1,in our block of flats. When we wanted to go out to
U1,"the park, my mom would invite her to go with us."
U1,Queen would walk next to me and act like she was
U1,"my mother, and my mother would walk a few steps"
U1,"behind, like she was the maid working for the"
U1,colored woman. Ive got dozens of pictures of me
U1,walking with this woman who looks like me but who
U1,isnt my mother. And the black woman standing
U1,behind us who looks like shes photobombing the
U1,"picture, thats my mom. When we didnt have a"
U1,"colored woman to walk with us, my mom would risk"
U1,walking me on her own. She would hold my hand or
U1,"carry me, but if the police showed up she would have"
U1,"to drop me and pretend I wasnt hers, like I was a"
U1,bag of weed.
U1,"When I was born, my mother hadnt seen her"
U1,"family in three years, but she wanted me to know"
U1,"them and wanted them to know me, so the prodigal"
U1,"daughter returned. We lived in town, but I would"
U1,spend weeks at a time with my grandmother in
U1,"Soweto, often during the holidays. I have so many"
U1,memories from the place that in my mind its like we
U1,"lived there, too."
U1,Soweto was designed to be bombedthats how
U1,forward-thinking the architects of apartheid were.
U1,"The township was a city unto itself, with a"
U1,population of nearly one million. There were only
U1,two roads in and out. That was so the military could
U1,"lock us in, quell any rebellion. And if the monkeys"
U1,"ever went crazy and tried to break out of their cage,"
U1,the air force could fly over and bomb the shit out of
U1,"everyone. Growing up, I never knew that my"
U1,grandmother lived in the center of a bulls-eye.
U1,"In the city, as difficult as it was to get around,"
U1,"we managed. Enough people were out and about,"
U1,"black, white, and colored, going to and from work,"
U1,that we could get lost in the crowd. But only black
U1,people were permitted in Soweto. It was much
U1,"harder to hide someone who looked like me, and the"
U1,government was watching much more closely. In the
U1,"white areas you rarely saw the police, and if you did"
U1,it was Officer Friendly in his collared shirt and
U1,pressed pants. In Soweto the police were an
U1,occupying army. They didnt wear collared shirts.
U1,They wore riot gear. They were militarized. They
U1,"operated in teams known as flying squads, because"
U1,"they would swoop in out of nowhere, riding in"
U1,"armored personnel carriershippos, we called them"
U1,tanks with enormous tires and slotted holes in the
U1,side of the vehicle to fire their guns out of. You didnt
U1,"mess with a hippo. You saw one, you ran. That was a"
U1,fact of life. The township was in a constant state of
U1,insurrection someone was always marching or
U1,protesting somewhere and had to be suppressed.
U1,"Playing in my grandmothers house, Id hear"
U1,"gunshots, screams, tear gas being fired into crowds."
U1,My memories of the hippos and the flying
U1,"squads come from when I was five or six, when"
U1,apartheid was finally coming apart. I never saw the
U1,"police before that, because we could never risk the"
U1,"police seeing me. Whenever we went to Soweto, my"
U1,grandmother refused to let me outside. If she was
U1,"watching me it was, No, no, no. He doesnt leave the"
U1,"house. Behind the wall, in the yard, I could play, but"
U1,not in the street. And thats where the rest of the
U1,"boys and girls were playing, in the street. My"
U1,"cousins, the neighborhood kids, theyd open the gate"
U1,and head out and roam free and come back at dusk.
U1,Id beg my grandmother to go outside.
U1,"Please. Please, can I go play with my cousins"
U1,No Theyre going to take you
U1,For the longest time I thought she meant that
U1,"the other kids were going to steal me, but she was"
U1,talking about the police. Children could be taken.
U1,Children were taken. The wrong color kid in the
U1,"wrong color area, and the government could come"
U1,"in, strip your parents of custody, haul you off to an"
U1,"orphanage. To police the townships, the government"
U1,"relied on its network of impipis, the anonymous"
U1,snitches whod inform on suspicious activity. There
U1,"were also the blackjacks, black people who worked"
U1,for the police. My grandmothers neighbor was a
U1,blackjack. She had to make sure he wasnt watching
U1,when she smuggled me in and out of the house.
U1,My gran still tells the story of when I was three
U1,"years old and, fed up with being a prisoner, I dug a"
U1,"hole under the gate in the driveway, wriggled"
U1,"through, and ran off. Everyone panicked. A search"
U1,party went out and tracked me down. I had no idea
U1,how much danger I was putting everyone in. The
U1,"family could have been deported, my gran could"
U1,"have been arrested, my mom might have gone to"
U1,"prison, and I probably would have been packed off to"
U1,a home for colored kids.
U1,So I was kept inside. Other than those few
U1,"instances of walking in the park, the flashes of"
U1,memory I have from when I was young are almost all
U1,"indoors, me with my mom in her tiny flat, me by"
U1,myself at my grans. I didnt have any friends. I
U1,didnt know any kids besides my cousins. I wasnt a
U1,"lonely kidI was good at being alone. Id read books,"
U1,"play with the toy that I had, make up imaginary"
U1,worlds. I lived inside my head. I still live inside my
U1,head. To this day you can leave me alone for hours
U1,and Im perfectly happy entertaining myself. I have
U1,to remember to be with people.
U1,
U1,"Obviously, I was not the only child born to black and"
U1,white parents during apartheid. Traveling around
U1,"the world today, I meet other mixed South Africans"
U1,all the time. Our stories start off identically. Were
U1,around the same age. Their parents met at some
U1,underground party in Hillbrow or Cape Town. They
U1,lived in an illegal flat. The difference is that in
U1,virtually every other case they left. The white parent
U1,"smuggled them out through Lesotho or Botswana,"
U1,"and they grew up in exile, in England or Germany or"
U1,"Switzerland, because being a mixed family under"
U1,apartheid was just that unbearable.
U1,Once Mandela was elected we could finally live
U1,freely. Exiles started to return. I met my first one
U1,"when I was around seventeen. He told me his story,"
U1,"and I was like, Wait, what You mean we could"
U1,have left That was an option Imagine being
U1,thrown out of an airplane. You hit the ground and
U1,"break all your bones, you go to the hospital and you"
U1,heal and you move on and finally put the whole thing
U1,behind youand then one day somebody tells you
U1,about parachutes. Thats how I felt. I couldnt
U1,understand why wed stayed. I went straight home
U1,and asked my mom.
U1,Why Why didnt we just leave Why didnt we
U1,go to Switzerland
U1,"Because I am not Swiss, she said, as stubborn"
U1,as ever. This is my country. Why should I leave
U1,"South Africa is a mix of the old and the new, the ancient"
U1,"and the modern, and South African Christianity is a perfect"
U1,"example of this. We adopted the religion of our colonizers,"
U1,"but most people held on to the old ancestral ways, too, just"
U1,"in case. In South Africa, faith in the Holy Trinity exists quite"
U1,"comfortably alongside belief in witchcraft, in casting spells"
U1,and putting curses on ones enemies.
U1,I come from a country where people are more likely to
U1,"visit sangomasshamans, traditional healers, pejoratively"
U1,known as witch doctorsthan they are to visit doctors of
U1,Western medicine. I come from a country where people have
U1,been arrested and tried for witchcraftin a court of law. Im
U1,not talking about the 1700s. Im talking about five years ago.
U1,I remember a man being on trial for striking another person
U1,with lightning. That happens a lot in the homelands. There
U1,"are no tall buildings, few tall trees, nothing between you and"
U1,"the sky, so people get hit by lightning all the time. And when"
U1,"someone gets killed by lightning, everyone knows its"
U1,because somebody used Mother Nature to take out a hit. So
U1,"if you had a beef with the guy who got killed, someone will"
U1,accuse you of murder and the police will come knocking.
U1,"Mr. Noah, youve been accused of murder. You used"
U1,witchcraft to kill David Kibuuka by causing him to be struck
U1,by lightning.
U1,What is the evidence
U1,The evidence is that David Kibuuka got struck by
U1,lightning and it wasnt even raining.
U1,And you go to trial. The court is presided over by a judge.
U1,There is a docket. There is a prosecutor. Your defense
U1,"attorney has to prove lack of motive, go through the crime-"
U1,"scene forensics, present a staunch defense. And your"
U1,"attorneys argument cant be Witchcraft isnt real. No, no,"
U1,no. Youll lose.
U1,"TREVOR, PRAY"
U1,I grew up in a world run by women. My father was
U1,"loving and devoted, but I could only see him when"
U1,"and where apartheid allowed. My uncle Velile, my"
U1,"moms younger brother, lived with my grandmother,"
U1,but he spent most of his time at the local tavern
U1,getting into fights.
U1,The only semi-regular male figure in my life was
U1,"my grandfather, my mothers father, who was a force"
U1,to be reckoned with. He was divorced from my
U1,"grandmother and didnt live with us, but he was"
U1,"around. His name was Temperance Noah, which was"
U1,odd since he was not a man of moderation at all. He
U1,was boisterous and loud. His nickname in the
U1,"neighborhood was Tat Shisha, which translates"
U1,loosely to the smokin hot grandpa. And thats
U1,"exactly who he was. He loved the ladies, and the"
U1,ladies loved him. Hed put on his best suit and stroll
U1,"through the streets of Soweto on random afternoons,"
U1,making everybody laugh and charming all the
U1,"women hed meet. He had a big, dazzling smile with"
U1,"bright white teethfalse teeth. At home, hed take"
U1,them out and Id watch him do that thing where he
U1,looked like he was eating his own face.
U1,We found out much later in life that he was
U1,"bipolar, but before that we just thought he was"
U1,eccentric. One time he borrowed my mothers car to
U1,go to the shop for milk and bread. He disappeared
U1,and didnt come home until late that night when we
U1,were way past the point of needing the milk or the
U1,bread. Turned out hed passed a young woman at the
U1,"bus stop and, believing no beautiful woman should"
U1,"have to wait for a bus, he offered her a ride to where"
U1,she livedthree hours away. My mom was furious
U1,"with him because hed cost us a whole tank of petrol,"
U1,which was enough to get us to work and school for
U1,two weeks.
U1,"When he was up you couldnt stop him, but his"
U1,mood swings were wild. In his youth hed been a
U1,"boxer, and one day he said Id disrespected him and"
U1,now he wanted to box me. He was in his eighties. I
U1,"was twelve. He had his fists up, circling me. Lets"
U1,"go, Trevah Come on Put your fists up Hit me Ill"
U1,show you Im still a man Lets go I couldnt hit him
U1,because I wasnt about to hit my elder. Plus Id never
U1,been in a fight and I wasnt going to have my first
U1,one be with an eighty-year-old man. I ran to my
U1,"mom, and she got him to stop. The day after his"
U1,"pugilistic rage, he sat in his chair and didnt move or"
U1,say a word all day.
U1,Temperance lived with his second family in the
U1,"Meadowlands, and we visited them sparingly"
U1,because my mom was always afraid of being
U1,poisoned. Which was a thing that would happen. The
U1,"first family were the heirs, so there was always the"
U1,chance they might get poisoned by the second
U1,family. It was like Game of Thrones with poor
U1,people. Wed go into that house and my mom would
U1,warn me.
U1,"Trevor, dont eat the food."
U1,But Im starving.
U1,No. They might poison us.
U1,"Okay, then why dont I just pray to Jesus and"
U1,Jesus will take the poison out of the food
U1,Trevor Sunqhela
U1,"So I only saw my grandfather now and then, and"
U1,when he was gone the house was in the hands of
U1,women.
U1,In addition to my mom there was my aunt
U1,"Sibongile she and her first husband, Dinky, had two"
U1,"kids, my cousins Mlungisi and Bulelwa. Sibongile"
U1,"was a powerhouse, a strong woman in every sense,"
U1,"big-chested, the mother hen. Dinky, as his name"
U1,"implies, was dinky. He was a small man. He was"
U1,"abusive, but not really. It was more like he tried to be"
U1,"abusive, but he wasnt very good at it. He was trying"
U1,to live up to this image of what he thought a husband
U1,"should be, dominant, controlling. I remember being"
U1,"told as a child, If you dont hit your woman, you"
U1,dont love her. That was the talk youd hear from
U1,men in bars and in the streets.
U1,Dinky was trying to masquerade as this
U1,patriarch that he wasnt. Hed slap my aunt and hit
U1,"her and shed take it and take it, and then eventually"
U1,shed snap and smack him down and put him back in
U1,"his place. Dinky would always walk around like, I"
U1,"control my woman. And youd want to say, Dinky,"
U1,"first of all, you dont. Second of all, you dont need to."
U1,Because she loves you. I can remember one day my
U1,aunt had really had enough. I was in the yard and
U1,Dinky came running out of the house screaming
U1,bloody murder. Sibongile was right behind him with
U1,"a pot of boiling water, cursing at him and"
U1,threatening to douse him with it. In Soweto you were
U1,always hearing about men getting doused with pots
U1,of boiling wateroften a womans only recourse.
U1,And men were lucky if it was water. Some women
U1,used hot cooking oil. Water was if the woman
U1,wanted to teach her man a lesson. Oil meant she
U1,wanted to end it.
U1,My grandmother Frances Noah was the family
U1,"matriarch. She ran the house, looked after the kids,"
U1,did the cooking and the cleaning. Shes barely five
U1,"feet tall, hunched over from years in the factory, but"
U1,rock hard and still to this day very active and very
U1,much alive. Where my grandfather was big and
U1,"boisterous, my grandmother was calm, calculating,"
U1,with a mind as sharp as anything. If you need to
U1,"know anything in the family history, going back to"
U1,"the 1930s, she can tell you what day it happened,"
U1,"where it happened, and why it happened. She"
U1,remembers it all.
U1,My great-grandmother lived with us as well. We
U1,"called her Koko. She was super old, well into her"
U1,"nineties, stooped and frail, completely blind. Her"
U1,"eyes had gone white, clouded over by cataracts. She"
U1,couldnt walk without someone holding her up. Shed
U1,"sit in the kitchen next to the coal stove, bundled up"
U1,"in long skirts and head scarves, blankets over her"
U1,shoulders. The coal stove was always on. It was for
U1,"cooking, heating the house, heating water for baths."
U1,We put her there because it was the warmest spot in
U1,the house. In the morning someone would wake her
U1,and bring her to sit in the kitchen. At night someone
U1,"would come take her to bed. Thats all she did, all"
U1,"day, every day. Sit by the stove. She was fantastic"
U1,and fully with it. She just couldnt see and didnt
U1,move.
U1,Koko and my gran would sit and have long
U1,"conversations, but as a five-year-old I didnt think of"
U1,"Koko as a real person. Since her body didnt move,"
U1,she was like a brain with a mouth. Our relationship
U1,"was nothing but command prompts and replies, like"
U1,talking to a computer.
U1,"Good morning, Koko."
U1,"Good morning, Trevor."
U1,"Koko, did you eat"
U1,"Yes, Trevor."
U1,"Koko, Im going out."
U1,"Okay, be careful."
U1,"Bye, Koko."
U1,"Bye, Trevor."
U1,
U1,The fact that I grew up in a world run by women was
U1,no accident. Apartheid kept me away from my father
U1,"because he was white, but for almost all the kids I"
U1,"knew on my grandmothers block in Soweto,"
U1,"apartheid had taken away their fathers as well, just"
U1,for different reasons. Their fathers were off working
U1,"in a mine somewhere, able to come home only"
U1,during the holidays. Their fathers had been sent to
U1,"prison. Their fathers were in exile, fighting for the"
U1,cause. Women held the community together.
U1,WathintAbafazi Wathintimbokodo was the chant
U1,they would rally to during the freedom struggle.
U1,"When you strike a woman, you strike a rock. As a"
U1,"nation, we recognized the power of women, but in"
U1,the home they were expected to submit and obey.
U1,"In Soweto, religion filled the void left by absent"
U1,men. I used to ask my mom if it was hard for her to
U1,"raise me alone without a husband. Shed reply, Just"
U1,because I live without a man doesnt mean Ive never
U1,"had a husband. God is my husband. For my mom,"
U1,"my aunt, my grandmother, and all the other women"
U1,"on our street, life centered on faith. Prayer meetings"
U1,would rotate houses up and down the block based on
U1,the day. These groups were women and children
U1,only. My mom would always ask my uncle Velile to
U1,"join, and hed say, I would join if there were more"
U1,"men, but I cant be the only one here. Then the"
U1,"singing and praying would start, and that was his cue"
U1,to leave.
U1,"For these prayer meetings, wed jam ourselves"
U1,into the tiny living area of the host familys house
U1,and form a circle. Then we would go around the
U1,circle offering prayers. The grannies would talk
U1,about what was happening in their lives. Im happy
U1,to be here. I had a good week at work. I got a raise
U1,and I wanted to say thank you and praise Jesus.
U1,"Sometimes theyd pull out their Bible and say, This"
U1,scripture spoke to me and maybe it will help you.
U1,Then there would be a bit of song. There was a
U1,leather pad called the beat that youd strap to your
U1,"palm, like a percussion instrument. Someone would"
U1,"clap along on that, keeping time while everyone"
U1,"sang, Masango vulekani singene eJerusalema."
U1,Masango vulekani singene eJerusalema.
U1,"Thats how it would go. Pray, sing, pray. Sing,"
U1,"pray, sing. Sing, sing, sing. Pray, pray, pray."
U1,"Sometimes it would last for hours, always ending"
U1,"with an amen, and they could keep that amen"
U1,going on for five minutes at least. Ah-men. Ah-ah-
U1,ah-men. Ah-ah-ah-ah-men. Ahhhhhhhhahhhhh-
U1,hhhhhhahhhhhahhhhhhahhhhhmen. Meni-meni-
U1,meni. Men-men-men. Ahhhhhhhhhhhhhhhhhhhh-
U1,hhhhhhhhhhhhhhhhhhhh-
U1,hhhhmmmmmmmennnnnnnnnnnnnnnnnnnn-
U1,nnnnnnnnnnnnnnnnnnnnnnnnnnnnnnnnnnn-
U1,nnnnnnnnnnnnnnnnnnnnnnnnnnnnnnnnnnn-
U1,nnnnnnnnnnnnnnnnnnnnnnnnnnnnnnnnnnn-
U1,nnnnnnnnnnn. Then everyone would say goodbye
U1,"and go home. Next night, different house, same"
U1,thing.
U1,"Tuesday nights, the prayer meeting came to my"
U1,"grandmothers house, and I was always excited, for"
U1,"two reasons. One, I got to clap along on the beat for"
U1,"the singing. And two, I loved to pray. My"
U1,grandmother always told me that she loved my
U1,prayers. She believed my prayers were more
U1,"powerful, because I prayed in English. Everyone"
U1,"knows that Jesus, whos white, speaks English. The"
U1,"Bible is in English. Yes, the Bible was not written in"
U1,"English, but the Bible came to South Africa in"
U1,English so to us its in English. Which made my
U1,prayers the best prayers because English prayers get
U1,answered first. How do we know this Look at white
U1,people. Clearly theyre getting through to the right
U1,person. Add to that Matthew 19:14. Suffer little
U1,"children to come unto me, Jesus said, for theirs is"
U1,the kingdom of heaven. So if a child is praying in
U1,English To White Jesus Thats a powerful
U1,"combination right there. Whenever I prayed, my"
U1,"grandmother would say, That prayer is going to get"
U1,answered. I can feel it.
U1,Women in the township always had something
U1,"to pray formoney problems, a son whod been"
U1,"arrested, a daughter who was sick, a husband who"
U1,drank. Whenever the prayer meetings were at our
U1,"house, because my prayers were so good, my"
U1,grandmother would want me to pray for everyone.
U1,"She would turn to me and say, Trevor, pray. And"
U1,Id pray. I loved doing it. My grandmother had
U1,convinced me that my prayers got answered. I felt
U1,like I was helping people.
U1,
U1,"There is something magical about Soweto. Yes, it"
U1,"was a prison designed by our oppressors, but it also"
U1,gave us a sense of self-determination and control.
U1,Soweto was ours. It had an aspirational quality that
U1,you dont find elsewhere. In America the dream is to
U1,"make it out of the ghetto. In Soweto, because there"
U1,"was no leaving the ghetto, the dream was to"
U1,transform the ghetto.
U1,"For the million people who lived in Soweto,"
U1,"there were no stores, no bars, no restaurants. There"
U1,"were no paved roads, minimal electricity, inadequate"
U1,sewerage. But when you put one million people
U1,"together in one place, they find a way to make a life"
U1,"for themselves. A black-market economy rose up,"
U1,with every type of business being run out of
U1,"someones house: auto mechanics, day care, guys"
U1,selling refurbished tires.
U1,The most common were the spaza shops and
U1,the shebeens. The spaza shops were informal
U1,grocery stores. People would build a kiosk in their
U1,"garage, buy wholesale bread and eggs, and then"
U1,resell them piecemeal. Everyone in the township
U1,bought things in minute quantities because nobody
U1,had any money. You couldnt afford to buy a dozen
U1,"eggs at a time, but you could buy two eggs because"
U1,thats all you needed that morning. You could buy a
U1,"quarter loaf of bread, a cup of sugar. The shebeens"
U1,were unlawful bars in the back of someones house.
U1,Theyd put chairs in their backyard and hang out an
U1,awning and run a speakeasy. The shebeens were
U1,where men would go to drink after work and during
U1,prayer meetings and most any other time of day as
U1,well.
U1,People built homes the way they bought eggs: a
U1,little at a time. Every family in the township was
U1,allocated a piece of land by the government. Youd
U1,"first build a shanty on your plot, a makeshift"
U1,"structure of plywood and corrugated iron. Over time,"
U1,youd save up money and build a brick wall. One
U1,wall. Then youd save up and build another wall.
U1,"Then, years later, a third wall and eventually a"
U1,"fourth. Now you had a room, one room for everyone"
U1,"in your family to sleep, eat, do everything. Then"
U1,youd save up for a roof. Then windows. Then youd
U1,plaster the thing. Then your daughter would start a
U1,"family. There was nowhere for them to go, so theyd"
U1,move in with you. Youd add another corrugated-
U1,"iron structure onto your brick room and slowly, over"
U1,"years, turn that into a proper room for them as well."
U1,Now your house had two rooms. Then three. Maybe
U1,"four. Slowly, over generations, youd keep trying to"
U1,get to the point where you had a home.
U1,My grandmother lived in Orlando East. She had
U1,a two-room house. Not a two-bedroom house. A two-
U1,"room house. There was a bedroom, and then there"
U1,was basically a living room/kitchen/everything-else
U1,room. Some might say we lived like poor people. I
U1,prefer open plan. My mom and I would stay there
U1,during school holidays. My aunt and cousins would
U1,be there whenever she was on the outs with Dinky.
U1,"We all slept on the floor in one room, my mom and"
U1,"me, my aunt and my cousins, my uncle and my"
U1,grandmother and my great-grandmother. The adults
U1,"each had their own foam mattresses, and there was"
U1,"one big one that wed roll out into the middle, and"
U1,the kids slept on that.
U1,We had two shanties in the backyard that my
U1,grandmother would rent out to migrants and
U1,seasonal workers. We had a small peach tree in a
U1,tiny patch on one side of the house and on the other
U1,side my grandmother had a driveway. I never
U1,understood why my grandmother had a driveway.
U1,She didnt have a car. She didnt know how to drive.
U1,Yet she had a driveway. All of our neighbors had
U1,"driveways, some with fancy, cast-iron gates. None of"
U1,"them had cars, either. There was no future in which"
U1,most of these families would ever have cars. There
U1,"was maybe one car for every thousand people, yet"
U1,almost everyone had a driveway. It was almost like
U1,building the driveway was a way of willing the car to
U1,happen. The story of Soweto is the story of the
U1,driveways. Its a hopeful place.
U1,
U1,"Sadly, no matter how fancy you made your house,"
U1,there was one thing you could never aspire to
U1,improve: your toilet. There was no indoor running
U1,"water, just one communal outdoor tap and one"
U1,outdoor toilet shared by six or seven houses. Our
U1,toilet was in a corrugated-iron outhouse shared
U1,"among the adjoining houses. Inside, there was a"
U1,concrete slab with a hole in it and a plastic toilet seat
U1,"on top there had been a lid at some point, but it had"
U1,broken and disappeared long ago. We couldnt afford
U1,"toilet paper, so on the wall next to the seat was a wire"
U1,hanger with old newspaper on it for you to wipe. The
U1,"newspaper was uncomfortable, but at least I stayed"
U1,informed while I handled my business.
U1,The thing that I couldnt handle about the
U1,outhouse was the flies. It was a long drop to the
U1,"bottom, and they were always down there, eating on"
U1,"the pile, and I had an irrational, all-consuming fear"
U1,that they were going to fly up and into my bum.
U1,"One afternoon, when I was around five years"
U1,"old, my gran left me at home for a few hours to go"
U1,"run errands. I was lying on the floor in the bedroom,"
U1,"reading. I needed to go, but it was pouring down"
U1,"rain. I was dreading going outside to use the toilet,"
U1,"getting drenched running out there, water dripping"
U1,"on me from the leaky ceiling, wet newspaper, the"
U1,flies attacking me from below. Then I had an idea.
U1,Why bother with the outhouse at all Why not put
U1,some newspaper on the floor and do my business
U1,like a puppy That seemed like a fantastic idea. So
U1,"thats what I did. I took the newspaper, laid it out on"
U1,"the kitchen floor, pulled down my pants, and"
U1,squatted and got to it.
U1,"When you shit, as you first sit down, youre not"
U1,fully in the experience yet. You are not yet a shitting
U1,person. Youre transitioning from a person about to
U1,shit to a person who is shitting. You dont whip out
U1,your smartphone or a newspaper right away. It takes
U1,a minute to get the first shit out of the way and get in
U1,the zone and get comfortable. Once you reach that
U1,"moment, thats when it gets really nice."
U1,"Its a powerful experience, shitting. Theres"
U1,"something magical about it, profound even. I think"
U1,God made humans shit in the way we do because it
U1,brings us back down to earth and gives us humility. I
U1,"dont care who you are, we all shit the same. Beyonc"
U1,shits. The pope shits. The Queen of England shits.
U1,"When we shit we forget our airs and our graces, we"
U1,forget how famous or how rich we are. All of that
U1,goes away.
U1,You are never more yourself than when youre
U1,taking a shit. You have that moment where you
U1,"realize, This is me. This is who I am. You can pee"
U1,"without giving it a second thought, but not so with"
U1,shitting. Have you ever looked in a babys eyes when
U1,its shitting Its having a moment of pure self-
U1,awareness. The outhouse ruins that for you. The
U1,"rain, the flies, you are robbed of your moment, and"
U1,nobody should be robbed of that. Squatting and
U1,"shitting on the kitchen floor that day, I was like,"
U1,Wow. There are no flies. Theres no stress. This is
U1,really great. Im really enjoying this. I knew Id
U1,"made an excellent choice, and I was very proud of"
U1,myself for making it. Id reached that moment where
U1,I could relax and be with myself. Then I casually
U1,looked around the room and I glanced to my left and
U1,"there, just a few feet away, right next to the coal"
U1,"stove, was Koko."
U1,It was like the scene in Jurassic Park when the
U1,children turn and the T. rex is right there. Her eyes
U1,"were wide open, cloudy white and darting around"
U1,"the room. I knew she couldnt see me, but her nose"
U1,was starting to crinkleshe could sense that
U1,something was wrong.
U1,I panicked. I was mid-shit. All you can do when
U1,youre mid-shit is finish shitting. My only option was
U1,"to finish as quietly and as slowly as I could, so thats"
U1,what I decided to do. Then: the softest plop of a
U1,little-boy turd on the newspaper. Kokos head
U1,snapped toward the sound.
U1,Whos there Hallo Hallo
U1,I froze. I held my breath and waited.
U1,Whos there Hallo
U1,"I kept quiet, waited, then started again."
U1,"Is somebody there Trevor, is that you"
U1,Frances Hallo Hallo
U1,She started calling out the whole family.
U1,Nombuyiselo Sibongile Mlungisi Bulelwa
U1,Whos there Whats happening
U1,"It was like a game, like I was trying to hide and a"
U1,blind woman was trying to find me using sonar.
U1,"Every time she called out, I froze. There would be"
U1,"complete silence. Whos there Hallo Id pause,"
U1,"wait for her to settle back in her chair, and then Id"
U1,start up again.
U1,"Finally, after what felt like forever, I finished. I"
U1,"stood up, took the newspaperwhich is not the"
U1,quietest thingand I slowwwwwly folded it over. It
U1,"crinkled. Whos there Again I paused, waited."
U1,"Then I folded it over some more, walked over to the"
U1,"rubbish bin, placed my sin at the bottom, and"
U1,gingerly covered it with the rest of the trash. Then I
U1,"tiptoed back to the other room, curled up on the"
U1,"mattress on the floor, and pretended to be asleep."
U1,"The shit was done, no outhouse involved, and Koko"
U1,was none the wiser.
U1,Mission accomplished.
U1,
U1,An hour later the rain had stopped. My grandmother
U1,"came home. The second she walked in, Koko called"
U1,out to her.
U1,Frances Thank God youre here. Theres
U1,something in the house.
U1,What was it
U1,"I dont know, but I could hear it, and there was"
U1,a smell.
U1,My gran started sniffing the air. Dear Lord
U1,"Yes, I can smell it, too. Is it a rat Did something die"
U1,Its definitely in the house.
U1,"They went back and forth about it, quite"
U1,"concerned, and then, as it was getting dark, my"
U1,mother came home from work. The second she
U1,"walked in, my gran called out to her."
U1,"Oh, Nombuyiselo Nombuyiselo Theres"
U1,something in the house
U1,What What do you mean
U1,"Koko told her the story, the sounds, the smells."
U1,"Then my mom, who has a keen sense of smell,"
U1,"started going around the kitchen, sniffing. Yes, I can"
U1,smell it. I can find itI can find it She went to the
U1,"rubbish bin. Its in here. She lifted out the rubbish,"
U1,"pulled out the folded newspaper underneath, and"
U1,"opened it up, and there was my little turd. She"
U1,showed it to gran.
U1,Look
U1,What How did it get there
U1,"Koko, still blind, still stuck in her chair, was"
U1,dying to know what was happening.
U1,Whats going on she cried. Whats going
U1,on Did you find it
U1,"Its shit, Mom said. Theres shit in the bottom"
U1,of the dustbin.
U1,But how Koko said. There was no one
U1,here
U1,Are you sure there was no one here
U1,Yes. I called out to everyone. Nobody came.
U1,My mother gasped. Weve been bewitched Its
U1,a demon
U1,"For my mother, this was the logical conclusion."
U1,Because thats how witchcraft works. If someone has
U1,"put a curse on you or your home, there is always the"
U1,"talisman or totem, a tuft of hair or the head of a cat,"
U1,"the physical manifestation of the spiritual thing,"
U1,proof of the demons presence.
U1,"Once my mom found the turd, all hell broke"
U1,loose. This was serious. They had evidence. She
U1,came into the bedroom.
U1,Trevor Trevor Wake up
U1,"What I said, playing dumb. Whats going"
U1,on
U1,Come Theres a demon in the house
U1,She took my hand and dragged me out of bed. It
U1,"was all hands on deck, time for action. The first thing"
U1,we had to do was go outside and burn the shit. Thats
U1,what you do with witchcraft the only way to destroy
U1,it is to burn the physical thing. We went out to the
U1,"yard, and my mom put the newspaper with my little"
U1,"turd on the driveway, lit a match, and set it on fire."
U1,Then my mom and my gran stood around the
U1,"burning shit, praying and singing songs of praise."
U1,The commotion didnt stop there because when
U1,"theres a demon around, the whole community has"
U1,to join together to drive it out. If youre not part of
U1,"the prayer, the demon might leave our house and go"
U1,to your house and curse you. So we needed everyone.
U1,The alarm was raised. The call went out. My tiny old
U1,"gran was out the gate, going up and down the block,"
U1,calling to all the other old grannies for an emergency
U1,prayer meeting. Come Weve been bewitched
U1,"I stood there, my shit burning in the driveway,"
U1,my poor aged grandmother tottering up and down
U1,"the street in a panic, and I didnt know what to do. I"
U1,"knew there was no demon, but there was no way I"
U1,could come clean. The hiding I would have to
U1,endure Good Lord. Honesty was never the best
U1,policy when it came to a hiding. I kept quiet.
U1,Moments later the grannies came streaming in
U1,"with their Bibles, through the gate and up the"
U1,"driveway, a dozen or more at least. Everyone went"
U1,inside. The house was packed. This was by far the
U1,biggest prayer meeting wed ever hadthe biggest
U1,thing that had ever happened in the history of our
U1,"home, period. Everyone sat in the circle, praying and"
U1,"praying, and the prayers were strong. The grannies"
U1,were chanting and murmuring and swaying back
U1,"and forth, speaking in tongues. I was doing my best"
U1,to keep my head low and stay out of it. Then my
U1,"grandmother reached back and grabbed me, pulled"
U1,"me into the middle of the circle, and looked into my"
U1,eyes.
U1,"Trevor, pray."
U1,"Yes my mother said. Help us Pray, Trevor."
U1,Pray to God to kill the demon
U1,I was terrified. I believed in the power of prayer.
U1,I knew that my prayers worked. So if I prayed to God
U1,"to kill the thing that left the shit, and the thing that"
U1,"left the shit was me, then God was going to kill me. I"
U1,froze. I didnt know what to do. But all the grannies
U1,"were looking at me, waiting for me to pray, so I"
U1,"prayed, stumbling through as best I could."
U1,"Dear Lord, please protect us, um, you"
U1,"know, from whoever did this but, like, we"
U1,dont know what happened exactly and
U1,"maybe it was a big misunderstanding and,"
U1,"you know, maybe we shouldnt be quick to"
U1,judge when we dont know the whole story
U1,"and, I mean, of course you know best,"
U1,"Heavenly Father, but maybe this time it"
U1,"wasnt actually a demon, because who can"
U1,"say for certain, so maybe cut whoever it"
U1,was a break
U1,It was not my best performance. Eventually I
U1,wrapped it up and sat back down. The praying
U1,"continued. It went on for some time. Pray, sing, pray."
U1,"Sing, pray, sing. Sing, sing, sing. Pray, pray, pray."
U1,Then everyone finally felt that the demon was gone
U1,"and life could continue, and we had the big amen"
U1,and everyone said good night and went home.
U1,"That night I felt terrible. Before bed, I quietly"
U1,"prayed, God, I am so sorry for all of this. I know this"
U1,was not cool. Because I knew: God answers your
U1,prayers. God is your father. Hes the man whos there
U1,"for you, the man who takes care of you. When you"
U1,"pray, He stops and He takes His time and He listens,"
U1,and I had subjected Him to two hours of old
U1,grannies praying when I knew that with all the pain
U1,and suffering in the world He had more important
U1,things to deal with than my shit.
U1,When I was growing up we used to get American TV shows
U1,"rebroadcast on our stations: Doogie Howser, M.D. Murder,"
U1,She Wrote Rescue 911 with William Shatner. Most of them
U1,were dubbed into African languages. ALF was in Afrikaans.
U1,Transformers was in Sotho. But if you wanted to watch them
U1,"in English, the original American audio would be simulcast"
U1,on the radio. You could mute your TV and listen to that.
U1,"Watching those shows, I realized that whenever black people"
U1,"were on-screen speaking in African languages, they felt"
U1,familiar to me. They sounded like they were supposed to
U1,"sound. Then Id listen to them in simulcast on the radio, and"
U1,they would all have black American accents. My perception
U1,of them changed. They didnt feel familiar. They felt like
U1,foreigners.
U1,"Language brings with it an identity and a culture, or at"
U1,least the perception of it. A shared language says Were the
U1,same. A language barrier says Were different. The
U1,architects of apartheid understood this. Part of the effort to
U1,divide black people was to make sure we were separated not
U1,"just physically but by language as well. In the Bantu schools,"
U1,children were only taught in their home language. Zulu kids
U1,learned in Zulu. Tswana kids learned in Tswana. Because of
U1,"this, wed fall into the trap the government had set for us"
U1,"and fight among ourselves, believing that we were different."
U1,The great thing about language is that you can just as
U1,easily use it to do the opposite: convince people that they are
U1,the same. Racism teaches us that we are different because of
U1,"the color of our skin. But because racism is stupid, its easily"
U1,tricked. If youre racist and you meet someone who doesnt
U1,"look like you, the fact that he cant speak like you reinforces"
U1,"your racist preconceptions: Hes different, less intelligent. A"
U1,brilliant scientist can come over the border from Mexico to
U1,"live in America, but if he speaks in broken English, people"
U1,"say, Eh, I dont trust this guy."
U1,But hes a scientist.
U1,"In Mexican science, maybe. I dont trust him."
U1,"However, if the person who doesnt look like you speaks"
U1,"like you, your brain short-circuits because your racism"
U1,"program has none of those instructions in the code. Wait,"
U1,"wait, your mind says, the racism code says if he doesnt"
U1,"look like me he isnt like me, but the language code says if he"
U1,speaks like me heis like me Something is off here. I cant
U1,figure this out.
U1,CHAMELEON
U1,One afternoon I was playing with my cousins. I was a
U1,doctor and they were my patients. I was operating on
U1,my cousin Bulelwas ear with a set of matches when I
U1,accidentally perforated her eardrum. All hell broke
U1,loose. My grandmother came running in from the
U1,kitchen. Kwenzeka ntoni Whats happening
U1,There was blood coming out of my cousins head. We
U1,were all crying. My grandmother patched up
U1,Bulelwas ear and made sure to stop the bleeding.
U1,But we kept crying. Because clearly wed done
U1,"something we were not supposed to do, and we knew"
U1,we were going to be punished. My grandmother
U1,finished up with Bulelwas ear and whipped out a
U1,belt and she beat the shit out of Bulelwa. Then she
U1,"beat the shit out of Mlungisi, too. She didnt touch"
U1,me.
U1,Later that night my mother came home from
U1,work. She found my cousin with a bandage over her
U1,ear and my gran crying at the kitchen table.
U1,Whats going on my mom said.
U1,"Oh, Nombuyiselo, she said. Trevor is so"
U1,naughty. Hes the naughtiest child Ive ever come
U1,across in my life.
U1,Then you should hit him.
U1,I cant hit him.
U1,Why not
U1,"Because I dont know how to hit a white child,"
U1,"she said. A black child, I understand. A black child,"
U1,"you hit them and they stay black. Trevor, when you"
U1,hit him he turns blue and green and yellow and red.
U1,Ive never seen those colors before. Im scared Im
U1,going to break him. I dont want to kill a white
U1,person. Im so afraid. Im not going to touch him.
U1,And she never did.
U1,My grandmother treated me like I was white.
U1,"My grandfather did, too, only he was even more"
U1,"extreme. He called me Mastah. In the car, he"
U1,insisted on driving me as if he were my chauffeur.
U1,Mastah must always sit in the backseat. I never
U1,challenged him on it. What was I going to say I
U1,"believe your perception of race is flawed,"
U1,Grandfather. No. I was five. I sat in the back.
U1,There were so many perks to being white in a
U1,"black family, I cant even front. I was having a great"
U1,time. My own family basically did what the American
U1,justice system does: I was given more lenient
U1,treatment than the black kids. Misbehavior that my
U1,"cousins would have been punished for, I was given a"
U1,warning and let off. And I was way naughtier than
U1,either of my cousins. It wasnt even close. If
U1,something got broken or if someone was stealing
U1,"grannys cookies, it was me. I was trouble."
U1,My mom was the only force I truly feared. She
U1,"believed if you spare the rod, you spoil the child. But"
U1,"everyone else said, No, hes different, and they"
U1,"gave me a pass. Growing up the way I did, I learned"
U1,how easy it is for white people to get comfortable
U1,with a system that awards them all the perks. I knew
U1,my cousins were getting beaten for things that Id
U1,"done, but I wasnt interested in changing my"
U1,"grandmothers perspective, because that would"
U1,"mean Id get beaten, too. Why would I do that So"
U1,that Id feel better Being beaten didnt make me feel
U1,better. I had a choice. I could champion racial justice
U1,"in our home, or I could enjoy grannys cookies. I"
U1,went with the cookies.
U1,
U1,At that point I didnt think of the special treatment
U1,as having to do with color. I thought of it as having
U1,"to do with Trevor. It wasnt, Trevor doesnt get"
U1,"beaten because Trevor is white. It was, Trevor"
U1,doesnt get beaten because Trevor is Trevor. Trevor
U1,cant go outside. Trevor cant walk without
U1,supervision. Its because Im me thats why this is
U1,happening. I had no other points of reference. There
U1,"were no other mixed kids around so that I could say,"
U1,"Oh, this happens to us."
U1,Nearly one million people lived in Soweto.
U1,Ninety-nine point nine percent of them were black
U1,and then there was me. I was famous in my
U1,neighborhood just because of the color of my skin. I
U1,was so unique people would give directions using me
U1,as a landmark. The house on Makhalima Street. At
U1,the corner youll see a light-skinned boy. Take a right
U1,there.
U1,Whenever the kids in the street saw me theyd
U1,"yell, Indoda yomlungu The white man Some of"
U1,them would run away. Others would call out to their
U1,parents to come look. Others would run up and try to
U1,touch me to see if I was real. It was pandemonium.
U1,What I didnt understand at the time was that the
U1,other kids genuinely had no clue what a white person
U1,was. Black kids in the township didnt leave the
U1,township. Few people had televisions. Theyd seen
U1,"the white police roll through, but theyd never dealt"
U1,"with a white person face-to-face, ever."
U1,Id go to funerals and Id walk in and the
U1,bereaved would look up and see me and theyd stop
U1,crying. Theyd start whispering. Then theyd wave
U1,"and say, Oh like they were more shocked by me"
U1,walking in than by the death of their loved ones. I
U1,think people felt like the dead person was more
U1,important because a white person had come to the
U1,funeral.
U1,"After a funeral, the mourners all go to the house"
U1,of the surviving family to eat. A hundred people
U1,"might show up, and youve got to feed them. Usually"
U1,you get a cow and slaughter it and your neighbors
U1,come over and help you cook. Neighbors and
U1,acquaintances eat outside in the yard and in the
U1,"street, and the family eats indoors. Every funeral I"
U1,"ever went to, I ate indoors. It didnt matter if we"
U1,knew the deceased or not. The family would see me
U1,and invite me in. Awunakuvumela umntana
U1,womlungu ame ngaphandle. Yiza naye apha
U1,"ngaphakathi, theyd say. You cant let the white"
U1,child stand outside. Bring him in here.
U1,As a kid I understood that people were different
U1,"colors, but in my head white and black and brown"
U1,were like types of chocolate. Dad was the white
U1,"chocolate, mom was the dark chocolate, and I was"
U1,the milk chocolate. But we were all just chocolate. I
U1,didnt know any of it had anything to do with race.
U1,I didnt know what race was. My mother never
U1,referred to my dad as white or to me as mixed. So
U1,"when the other kids in Soweto called me white,"
U1,"even though I was light brown, I just thought they"
U1,"had their colors mixed up, like they hadnt learned"
U1,"them properly. Ah, yes, my friend. Youve confused"
U1,aqua with turquoise. I can see how you made that
U1,mistake. Youre not the first.
U1,I soon learned that the quickest way to bridge
U1,the race gap was through language. Soweto was a
U1,melting pot: families from different tribes and
U1,homelands. Most kids in the township spoke only
U1,"their home language, but I learned several languages"
U1,because I grew up in a house where there was no
U1,option but to learn them. My mom made sure
U1,English was the first language I spoke. If youre black
U1,"in South Africa, speaking English is the one thing"
U1,that can give you a leg up. English is the language of
U1,money. English comprehension is equated with
U1,"intelligence. If youre looking for a job, English is the"
U1,difference between getting the job or staying
U1,"unemployed. If youre standing in the dock, English"
U1,is the difference between getting off with a fine or
U1,going to prison.
U1,"After English, Xhosa was what we spoke around"
U1,the house. When my mother was angry shed fall
U1,"back on her home language. As a naughty child, I"
U1,was well versed in Xhosa threats. They were the first
U1,"phrases I picked up, mostly for my own safety"
U1,phrases like Ndiza kubetha entloko. Ill knock you
U1,upside the head. Or Sidenge ndini somntwana.
U1,You idiot of a child. Its a very passionate language.
U1,"Outside of that, my mother picked up different"
U1,languages here and there. She learned Zulu because
U1,its similar to Xhosa. She spoke German because of
U1,my father. She spoke Afrikaans because it is useful to
U1,know the language of your oppressor. Sotho she
U1,learned in the streets.
U1,"Living with my mom, I saw how she used"
U1,"language to cross boundaries, handle situations,"
U1,"navigate the world. We were in a shop once, and the"
U1,"shopkeeper, right in front of us, turned to his"
U1,"security guard and said, in Afrikaans, Volg daai"
U1,"swartes, netnou steel hulle iets. Follow those"
U1,blacks in case they steal something.
U1,"My mother turned around and said, in beautiful,"
U1,"fluent Afrikaans, Hoekom volg jy nie daai swartes"
U1,sodat jy hulle kan help kry waarna hulle soek nie
U1,Why dont you follow these blacks so you can help
U1,them find what theyre looking for
U1,"Ag, jammer he said, apologizing in Afrikaans."
U1,Thenand this was the funny thinghe didnt
U1,apologize for being racist he merely apologized for
U1,"aiming his racism at us. Oh, Im so sorry, he said."
U1,I thought you were like the other blacks. You know
U1,how they love to steal.
U1,I learned to use language like my mother did. I
U1,would simulcastgive you the program in your own
U1,tongue. Id get suspicious looks from people just
U1,walking down the street. Where are you from
U1,theyd ask. Id reply in whatever language theyd
U1,"addressed me in, using the same accent that they"
U1,"used. There would be a brief moment of confusion,"
U1,"and then the suspicious look would disappear. Oh,"
U1,okay. I thought you were a stranger. Were good
U1,then.
U1,It became a tool that served me my whole life.
U1,One day as a young man I was walking down the
U1,"street, and a group of Zulu guys was walking behind"
U1,"me, closing in on me, and I could hear them talking"
U1,to one another about how they were going to mug
U1,me. Asibambe le autie yomlungu. Phuma ngapha
U1,mina ngizoqhamuka ngemuva kwakhe. Lets get
U1,"this white guy. You go to his left, and Ill come up"
U1,behind him. I didnt know what to do. I couldnt
U1,"run, so I just spun around real quick and said,"
U1,Kodwa bafwethu yingani singavele sibambe
U1,"umuntu inkunzi Asenzeni. Mina ngikulindele. Yo,"
U1,"guys, why dont we just mug someone together Im"
U1,ready. Lets do it.
U1,"They looked shocked for a moment, and then"
U1,"they started laughing. Oh, sorry, dude. We thought"
U1,you were something else. We werent trying to take
U1,anything from you. We were trying to steal from
U1,"white people. Have a good day, man. They were"
U1,"ready to do me violent harm, until they felt we were"
U1,"part of the same tribe, and then we were cool. That,"
U1,"and so many other smaller incidents in my life, made"
U1,"me realize that language, even more than color,"
U1,defines who you are to people.
U1,"I became a chameleon. My color didnt change,"
U1,but I could change your perception of my color. If
U1,"you spoke to me in Zulu, I replied to you in Zulu. If"
U1,"you spoke to me in Tswana, I replied to you in"
U1,"Tswana. Maybe I didnt look like you, but if I spoke"
U1,"like you, I was you."
U1,
U1,"As apartheid was coming to an end, South Africas"
U1,elite private schools started accepting children of all
U1,"colors. My mothers company offered bursaries,"
U1,"scholarships, for underprivileged families, and she"
U1,"managed to get me into Maryvale College, an"
U1,expensive private Catholic school. Classes taught by
U1,nuns. Mass on Fridays. The whole bit. I started
U1,"preschool there when I was three, primary school"
U1,when I was five.
U1,"In my class we had all kinds of kids. Black kids,"
U1,"white kids, Indian kids, colored kids. Most of the"
U1,white kids were pretty well off. Every child of color
U1,pretty much wasnt. But because of scholarships we
U1,all sat at the same table. We wore the same maroon
U1,"blazers, the same gray slacks and skirts. We had the"
U1,same books. We had the same teachers. There was
U1,no racial separation. Every clique was racially mixed.
U1,"Kids still got teased and bullied, but it was over"
U1,"usual kid stuff: being fat or being skinny, being tall"
U1,"or being short, being smart or being dumb. I dont"
U1,remember anybody being teased about their race. I
U1,didnt learn to put limits on what I was supposed to
U1,like or not like. I had a wide berth to explore myself.
U1,I had crushes on white girls. I had crushes on black
U1,girls. Nobody asked me what I was. I was Trevor.
U1,"It was a wonderful experience to have, but the"
U1,downside was that it sheltered me from reality.
U1,"Maryvale was an oasis that kept me from the truth, a"
U1,comfortable place where I could avoid making a
U1,tough decision. But the real world doesnt go away.
U1,"Racism exists. People are getting hurt, and just"
U1,because its not happening to you doesnt mean its
U1,"not happening. And at some point, you have to"
U1,choose. Black or white. Pick a side. You can try to
U1,"hide from it. You can say, Oh, I dont pick sides,"
U1,but at some point life will force you to pick a side.
U1,At the end of grade six I left Maryvale to go to H.
U1,"A. Jack Primary, a government school. I had to take"
U1,"an aptitude test before I started, and, based on the"
U1,"results of the test, the school counselor told me,"
U1,"Youre going to be in the smart classes, the A"
U1,classes. I showed up for the first day of school and
U1,went to my classroom. Of the thirty or so kids in my
U1,"class, almost all of them were white. There was one"
U1,"Indian kid, maybe one or two black kids, and me."
U1,Then recess came. We went out on the
U1,"playground, and black kids were everywhere. It was"
U1,"an ocean of black, like someone had opened a tap"
U1,"and all the black had come pouring out. I was like,"
U1,Where were they all hiding The white kids Id met
U1,"that morning, they went in one direction, the black"
U1,"kids went in another direction, and I was left"
U1,"standing in the middle, totally confused. Were we"
U1,going to meet up later on I did not understand what
U1,was happening.
U1,"I was eleven years old, and it was like I was"
U1,seeing my country for the first time. In the townships
U1,"you dont see segregation, because everyone is black."
U1,"In the white world, any time my mother took me to a"
U1,"white church, we were the only black people there,"
U1,and my mom didnt separate herself from anyone.
U1,She didnt care. Shed go right up and sit with the
U1,"white people. And at Maryvale, the kids were mixed"
U1,"up and hanging out together. Before that day, I had"
U1,never seen people being together and yet not
U1,"together, occupying the same space yet choosing not"
U1,to associate with each other in any way. In an instant
U1,"I could see, I could feel, how the boundaries were"
U1,drawn. Groups moved in color patterns across the
U1,"yard, up the stairs, down the hall. It was insane. I"
U1,looked over at the white kids Id met that morning.
U1,Ten minutes earlier Id thought I was at a school
U1,where they were a majority. Now I realized how few
U1,of them there actually were compared to everyone
U1,else.
U1,I stood there awkwardly by myself in this no-
U1,"mans-land in the middle of the playground. Luckily,"
U1,"I was rescued by the Indian kid from my class, a guy"
U1,named Theesan Pillay. Theesan was one of the few
U1,"Indian kids in school, so hed noticed me, another"
U1,"obvious outsider, right away. He ran over to"
U1,"introduce himself. Hello, fellow anomaly Youre in"
U1,my class. Who are you Whats your story We
U1,started talking and hit it off. He took me under his
U1,"wing, the Artful Dodger to my bewildered Oliver."
U1,Through our conversation it came up that I
U1,"spoke several African languages, and Theesan"
U1,thought a colored kid speaking black languages was
U1,the most amazing trick. He brought me over to a
U1,"group of black kids. Say something, he told them,"
U1,and hell show you he understands you. One kid
U1,"said something in Zulu, and I replied to him in Zulu."
U1,Everyone cheered. Another kid said something in
U1,"Xhosa, and I replied to him in Xhosa. Everyone"
U1,cheered. For the rest of recess Theesan took me
U1,around to different black kids on the playground.
U1,Show them your trick. Do your language thing.
U1,The black kids were fascinated. In South Africa
U1,"back then, it wasnt common to find a white person"
U1,or a colored person who spoke African languages
U1,during apartheid white people were always taught
U1,that those languages were beneath them. So the fact
U1,that I did speak African languages immediately
U1,endeared me to the black kids.
U1,How come you speak our languages they
U1,asked.
U1,"Because Im black, I said, like you."
U1,Youre not black.
U1,"Yes, I am."
U1,"No, youre not. Have you not seen yourself"
U1,They were confused at first. Because of my
U1,"color, they thought I was a colored person, but"
U1,speaking the same languages meant that I belonged
U1,to their tribe. It just took them a moment to figure it
U1,"out. It took me a moment, too."
U1,"At some point I turned to one of them and said,"
U1,"Hey, how come I dont see you guys in any of my"
U1,"classes It turned out they were in the B classes,"
U1,which also happened to be the black classes. That
U1,"same afternoon, I went back to the A classes, and by"
U1,the end of the day I realized that they werent for me.
U1,"Suddenly, I knew who my people were, and I wanted"
U1,to be with them. I went to see the school counselor.
U1,"Id like to switch over, I told her. Id like to go"
U1,to the B classes.
U1,"She was confused. Oh, no, she said. I dont"
U1,think you want to do that.
U1,Why not
U1,Because those kids areyou know.
U1,"No, I dont know. What do you mean"
U1,"Look, she said, youre a smart kid. You dont"
U1,want to be in that class.
U1,But arent the classes the same English is
U1,English. Math is math.
U1,"Yeah, but that class isthose kids are gonna"
U1,hold you back. You want to be in the smart class.
U1,But surely there must be some smart kids in
U1,the B class.
U1,"No, there arent."
U1,But all my friends are there.
U1,You dont want to be friends with those kids.
U1,"Yes, I do."
U1,We went back and forth. Finally she gave me a
U1,stern warning.
U1,You do realize the effect this will have on your
U1,future You do understand what youre giving up
U1,This will impact the opportunities youll have open
U1,to you for the rest of your life.
U1,Ill take that chance.
U1,I moved to the B classes with the black kids. I
U1,decided Id rather be held back with people I liked
U1,than move ahead with people I didnt know.
U1,Being at H. A. Jack made me realize I was black.
U1,"Before that recess Id never had to choose, but when"
U1,"I was forced to choose, I chose black. The world saw"
U1,"me as colored, but I didnt spend my life looking at"
U1,myself. I spent my life looking at other people. I saw
U1,"myself as the people around me, and the people"
U1,"around me were black. My cousins are black, my"
U1,"mom is black, my gran is black. I grew up black."
U1,"Because I had a white father, because Id been in"
U1,"white Sunday school, I got along with the white kids,"
U1,but I didnt belong with the white kids. I wasnt a
U1,part of their tribe. But the black kids embraced me.
U1,"Come along, they said. Youre rolling with us."
U1,"With the black kids, I wasnt constantly trying to be."
U1,"With the black kids, I just was."
U1,"Before apartheid, any black South African who received a"
U1,formal education was likely taught by European
U1,"missionaries, foreign enthusiasts eager to Christianize and"
U1,"Westernize the natives. In the mission schools, black people"
U1,"learned English, European literature, medicine, the law. Its"
U1,no coincidence that nearly every major black leader of the
U1,"anti-apartheid movement, from Nelson Mandela to Steve"
U1,"Biko, was educated by the missionariesa knowledgeable"
U1,"man is a free man, or at least a man who longs for freedom."
U1,"The only way to make apartheid work, therefore, was to"
U1,"cripple the black mind. Under apartheid, the government"
U1,built what became known as Bantu schools. Bantu schools
U1,"taught no science, no history, no civics. They taught metrics"
U1,"and agriculture: how to count potatoes, how to pave roads,"
U1,"chop wood, till the soil. It does not serve the Bantu to learn"
U1,"history and science because he is primitive, the government"
U1,"said. This will only mislead him, showing him pastures in"
U1,"which he is not allowed to graze. To their credit, they were"
U1,simply being honest. Why educate a slave Why teach
U1,someone Latin when his only purpose is to dig holes in the
U1,ground
U1,Mission schools were told to conform to the new
U1,"curriculum or shut down. Most of them shut down, and"
U1,black children were forced into crowded classrooms in
U1,"dilapidated schools, often with teachers who were barely"
U1,literate themselves. Our parents and grandparents were
U1,"taught with little singsong lessons, the way youd teach a"
U1,preschooler shapes and colors. My grandfather used to sing
U1,the songs and laugh about how silly they were. Two times
U1,two is four. Three times two is six. La la la la la. Were
U1,"talking about fully grown teenagers being taught this way,"
U1,for generations.
U1,"What happened with education in South Africa, with the"
U1,"mission schools and the Bantu schools, offers a neat"
U1,"comparison of the two groups of whites who oppressed us,"
U1,the British and the Afrikaners. The difference between
U1,British racism and Afrikaner racism was that at least the
U1,British gave the natives something to aspire to. If they could
U1,"learn to speak correct English and dress in proper clothes, if"
U1,"they could Anglicize and civilize themselves, one day they"
U1,might be welcome in society. The Afrikaners never gave us
U1,"that option. British racism said, If the monkey can walk like"
U1,"a man and talk like a man, then perhaps he is a man."
U1,"Afrikaner racism said, Why give a book to a monkey"
U1,THE SECOND GIRL
U1,"My mother used to tell me, I chose to have you"
U1,because I wanted something to love and something
U1,that would love me unconditionally in return. I was
U1,a product of her search for belonging. She never felt
U1,like she belonged anywhere. She didnt belong to her
U1,"mother, didnt belong to her father, didnt belong"
U1,with her siblings. She grew up with nothing and
U1,wanted something to call her own.
U1,My grandparents marriage was an unhappy
U1,"one. They met and married in Sophiatown, but one"
U1,year later the army came in and drove them out. The
U1,government seized their home and bulldozed the
U1,"whole area to build a fancy, new white suburb,"
U1,Triomf. Triumph. Along with tens of thousands of
U1,"other black people, my grandparents were forcibly"
U1,"relocated to Soweto, to a neighborhood called the"
U1,"Meadowlands. They divorced not long after that, and"
U1,"my grandmother moved to Orlando with my mom,"
U1,"my aunt, and my uncle."
U1,"My mom was the problem child, a tomboy,"
U1,"stubborn, defiant. My gran had no idea how to raise"
U1,her. Whatever love they had was lost in the constant
U1,fighting that went on between them. But my mom
U1,"adored her father, the charming, charismatic"
U1,Temperance. She went gallivanting with him on his
U1,manic misadventures. Shed tag along when hed go
U1,drinking in the shebeens. All she wanted in life was
U1,to please him and be with him. She was always being
U1,"swatted away by his girlfriends, who didnt like"
U1,having a reminder of his first marriage hanging
U1,"around, but that only made her want to be with him"
U1,all the more.
U1,"When my mother was nine years old, she told"
U1,my gran that she didnt want to live with her
U1,anymore. She wanted to live with her father. If
U1,"thats what you want, Gran said, then go."
U1,"Temperance came to pick my mom up, and she"
U1,"happily bounded up into his car, ready to go and be"
U1,with the man she loved. But instead of taking her to
U1,"live with him in the Meadowlands, without even"
U1,"telling her why, he packed her off and sent her to live"
U1,"with his sister in the Xhosa homeland, Transkeihe"
U1,"didnt want her, either. My mom was the middle"
U1,child. Her sister was the eldest and firstborn. Her
U1,"brother was the only son, bearer of the family name."
U1,"They both stayed in Soweto, were both raised and"
U1,cared for by their parents. But my mom was
U1,unwanted. She was the second girl. The only place
U1,she would have less value would be China.
U1,My mother didnt see her family again for twelve
U1,years. She lived in a hut with fourteen cousins
U1,fourteen children from fourteen different mothers
U1,and fathers. All the husbands and uncles had gone
U1,"off to the cities to find work, and the children who"
U1,"werent wanted, or whom no one could afford to"
U1,"feed, had been sent back to the homeland to live on"
U1,this aunts farm.
U1,"The homelands were, ostensibly, the original"
U1,"homes of South Africas tribes, sovereign and semi-"
U1,sovereign nations where black people would be
U1,"free. Of course, this was a lie. For starters, despite"
U1,the fact that black people made up over 80 percent
U1,"of South Africas population, the territory allocated"
U1,for the homelands was about 13 percent of the
U1,"countrys land. There was no running water, no"
U1,electricity. People lived in huts.
U1,Where South Africas white countryside was
U1,"lush and irrigated and green, the black lands were"
U1,"overpopulated and overgrazed, the soil depleted and"
U1,eroding. Other than the menial wages sent home
U1,"from the cities, families scraped by with little beyond"
U1,subsistence-level farming. My mothers aunt hadnt
U1,taken her in out of charity. She was there to work. I
U1,"was one of the cows, my mother would later say,"
U1,one of the oxen. She and her cousins were up at
U1,"half past four, plowing fields and herding animals"
U1,before the sun baked the soil as hard as cement and
U1,made it too hot to be anywhere but in the shade.
U1,For dinner there might be one chicken to feed
U1,fourteen children. My mom would have to fight with
U1,the bigger kids to get a handful of meat or a sip of the
U1,gravy or even a bone from which to suck out some
U1,marrow. And thats when there was food for dinner
U1,"at all. When there wasnt, shed steal food from the"
U1,pigs. Shed steal food from the dogs. The farmers
U1,"would put out scraps for the animals, and shed jump"
U1,for it. She was hungry let the animals fend for
U1,themselves. There were times when she literally ate
U1,"dirt. She would go down to the river, take the clay"
U1,"from the riverbank, and mix it with the water to"
U1,make a grayish kind of milk. Shed drink that to feel
U1,full.
U1,But my mother was blessed that her village was
U1,one of the places where a mission school had
U1,contrived to stay open in spite of the governments
U1,Bantu education policies. There she had a white
U1,pastor who taught her English. She didnt have food
U1,"or shoes or even a pair of underwear, but she had"
U1,English. She could read and write. When she was old
U1,enough she stopped working on the farm and got a
U1,job at a factory in a nearby town. She worked on a
U1,sewing machine making school uniforms. Her pay at
U1,the end of each day was a plate of food. She used to
U1,"say it was the best food shed ever eaten, because it"
U1,was something she had earned on her own. She
U1,wasnt a burden to anyone and didnt owe anything
U1,to anyone.
U1,"When my mom turned twenty-one, her aunt fell"
U1,ill and that family could no longer keep her in
U1,"Transkei. My mom wrote to my gran, asking her to"
U1,"send the price of a train ticket, about thirty rand, to"
U1,"bring her home. Back in Soweto, my mom enrolled"
U1,in the secretarial course that allowed her to grab
U1,hold of the bottom rung of the white-collar world.
U1,"She worked and worked and worked but, living"
U1,"under my grandmothers roof, she wasnt allowed to"
U1,"keep her own wages. As a secretary, my mom was"
U1,"bringing home more money than anyone else, and"
U1,my grandmother insisted it all go to the family. The
U1,"family needed a radio, an oven, a refrigerator, and it"
U1,was now my moms job to provide it.
U1,So many black families spend all of their time
U1,trying to fix the problems of the past. That is the
U1,"curse of being black and poor, and it is a curse that"
U1,follows you from generation to generation. My
U1,mother calls it the black tax. Because the
U1,generations who came before you have been
U1,"pillaged, rather than being free to use your skills and"
U1,"education to move forward, you lose everything just"
U1,trying to bring everyone behind you back up to zero.
U1,"Working for the family in Soweto, my mom had no"
U1,"more freedom than shed had in Transkei, so she ran"
U1,away. She ran all the way down to the train station
U1,"and jumped on a train and disappeared into the city,"
U1,determined to sleep in public restrooms and rely on
U1,the kindness of prostitutes until she could make her
U1,own way in the world.
U1,
U1,My mother never sat me down and told me the
U1,whole story of her life in Transkei. Shed give me
U1,"little bursts, random details, stories of having to keep"
U1,her wits about her to avoid getting raped by strange
U1,men in the village. Shed tell me these things and Id
U1,"be like, Lady, clearly you do not know what kind of"
U1,stories to be telling a ten-year-old.
U1,My mom told me these things so that Id never
U1,"take for granted how we got to where we were, but"
U1,none of it ever came from a place of self-pity. Learn
U1,"from your past and be better because of your past,"
U1,"she would say, but dont cry about your past. Life is"
U1,"full of pain. Let the pain sharpen you, but dont hold"
U1,on to it. Dont be bitter. And she never was. The
U1,"deprivations of her youth, the betrayals of her"
U1,"parents, she never complained about any of it."
U1,"Just as she let the past go, she was determined"
U1,not to repeat it: my childhood would bear no
U1,resemblance to hers. She started with my name. The
U1,names Xhosa families give their children always
U1,"have a meaning, and that meaning has a way of"
U1,"becoming self-fulfilling. You have my cousin,"
U1,Mlungisi. The Fixer. Thats who he is. Whenever I
U1,got into trouble he was the one trying to help me fix
U1,"it. He was always the good kid, doing chores, helping"
U1,"around the house. You have my uncle, the"
U1,"unplanned pregnancy, Velile. He Who Popped Out"
U1,"of Nowhere. And thats all hes done his whole life,"
U1,disappear and reappear. Hell go off on a drinking
U1,binge and then pop back up out of nowhere a week
U1,later.
U1,"Then you have my mother, Patricia"
U1,Nombuyiselo Noah. She Who Gives Back. Thats
U1,what she does. She gives and gives and gives. She did
U1,it even as a girl in Soweto. Playing in the streets she
U1,"would find toddlers, three- and four-year-olds,"
U1,running around unsupervised all day long. Their
U1,fathers were gone and their mothers were drunks.
U1,"My mom, who was only six or seven herself, used to"
U1,round up the abandoned kids and form a troop and
U1,take them around to the shebeens. Theyd collect
U1,empties from the men who were passed out and take
U1,the bottles to where you could turn them in for a
U1,"deposit. Then my mom would take that money, buy"
U1,"food in the spaza shops, and feed the kids. She was a"
U1,child taking care of children.
U1,"When it was time to pick my name, she chose"
U1,"Trevor, a name with no meaning whatsoever in"
U1,"South Africa, no precedent in my family. Its not"
U1,even a Biblical name. Its just a name. My mother
U1,wanted her child beholden to no fate. She wanted me
U1,"to be free to go anywhere, do anything, be anyone."
U1,She gave me the tools to do it as well. She taught
U1,me English as my first language. She read to me
U1,constantly. The first book I learned to read was the
U1,book. The Bible. Church was where we got most of
U1,"our other books, too. My mom would bring home"
U1,"boxes that white people had donatedpicture books,"
U1,"chapter books, any book she could get her hands on."
U1,Then she signed up for a subscription program
U1,where we got books in the mail. It was a series of
U1,how-to books. How to Be a Good Friend. How to Be
U1,"Honest. She bought a set of encyclopedias, too it"
U1,"was fifteen years old and way out of date, but I would"
U1,sit and pore through those.
U1,My books were my prized possessions. I had a
U1,"bookshelf where I put them, and I was so proud of it."
U1,I loved my books and kept them in pristine
U1,"condition. I read them over and over, but I did not"
U1,bend the pages or the spines. I treasured every single
U1,one. As I grew older I started buying my own books.
U1,"I loved fantasy, loved to get lost in worlds that didnt"
U1,exist. I remember there was some book about white
U1,boys who solved mysteries or some shit. I had no
U1,time for that. Give me Roald Dahl. James and the
U1,"Giant Peach, The BFG, Charlie and the Chocolate"
U1,"Factory, The Wonderful Story of Henry Sugar. That"
U1,was my fix.
U1,I had to fight to convince my mom to get the
U1,Narnia books for me. She didnt like them.
U1,"This lion, she said, he is a false Goda false"
U1,idol You remember what happened when Moses
U1,came down from the mountain after he got the
U1,tablets
U1,"Yes, Mom, I explained, but the lion is a Christ"
U1,"figure. Technically, he is Jesus. Its a story to explain"
U1,Jesus.
U1,"She wasnt comfortable with that. No, no. No"
U1,"false idols, my friend."
U1,Eventually I wore her down. That was a big win.
U1,"If my mother had one goal, it was to free my"
U1,"mind. My mother spoke to me like an adult, which"
U1,"was unusual. In South Africa, kids play with kids and"
U1,"adults talk to adults. The adults supervise you, but"
U1,they dont get down on your level and talk to you. My
U1,mom did. All the time. I was like her best friend. She
U1,"was always telling me stories, giving me lessons,"
U1,Bible lessons especially. She was big into Psalms. I
U1,had to read Psalms every day. She would quiz me on
U1,it. What does the passage mean What does it mean
U1,to you How do you apply it to your life That was
U1,every day of my life. My mom did what school didnt.
U1,She taught me how to think.
U1,
U1,The end of apartheid was a gradual thing. It wasnt
U1,like the Berlin Wall where one day it just came down.
U1,Apartheids walls cracked and crumbled over many
U1,"years. Concessions were made here and there, some"
U1,"laws were repealed, others simply werent enforced."
U1,"There came a point, in the months before Mandelas"
U1,"release, when we could live less furtively. It was then"
U1,that my mother decided we needed to move. She felt
U1,we had grown as much as we could hiding in our tiny
U1,flat in town.
U1,The country was open now. Where would we go
U1,Soweto came with its burdens. My mother still
U1,wanted to get out from the shadow of her family. My
U1,mother also couldnt walk with me through Soweto
U1,"without people saying, There goes that prostitute"
U1,with a white mans child. In a black area she would
U1,"always be seen as that. So, since my mom didnt"
U1,want to move to a black area and couldnt afford to
U1,"move to a white area, she decided to move to a"
U1,colored area.
U1,Eden Park was a colored neighborhood adjacent
U1,to several black townships on the East Rand. Half-
U1,"colored and half-black, she figured, like us. Wed be"
U1,camouflaged there. It didnt work out that way we
U1,never fit in at all. But that was her thinking when we
U1,made the move. Plus it was a chance to buy a home
U1,our own home. Eden Park was one of those
U1,suburbs that are actually out on the edge of
U1,"civilization, the kind of place where property"
U1,"developers have said, Hey, poor people. You can live"
U1,"the good life, too. Heres a house. In the middle of"
U1,"nowhere. But look, you have a yard For some"
U1,reason the streets in Eden Park were named after
U1,cars: Jaguar Street. Ferrari Street. Honda Street. I
U1,"dont know if that was a coincidence or not, but its"
U1,funny because colored people in South Africa are
U1,known for loving fancy cars. It was like living in a
U1,white neighborhood with all the streets named after
U1,varietals of fine wine.
U1,"I remember moving out there in flashbacks,"
U1,"snippets, driving to a place Id never seen, seeing"
U1,"people Id never seen. It was flat, not many trees, the"
U1,same dusty red-clay dirt and grass as Soweto but
U1,with proper houses and paved roads and a sense of
U1,suburbia to it. Ours was a tiny house at the bend in
U1,the road right off Toyota Street. It was modest and
U1,"cramped inside, but walking in I thought, Wow. We"
U1,are really living. It was crazy to have my own room.
U1,I didnt like it. My whole life Id slept in a room with
U1,my mom or on the floor with my cousins. I was used
U1,"to having other human beings right next to me, so I"
U1,slept in my moms bed most nights.
U1,"There was no stepfather in the picture yet, no"
U1,"baby brother crying in the night. It was me and her,"
U1,alone. There was this sense of the two of us
U1,embarking on a grand adventure. Shed say things to
U1,"me like, Its you and me against the world. I"
U1,understood even from an early age that we werent
U1,just mother and son. We were a team.
U1,It was when we moved to Eden Park that we
U1,"finally got a car, the beat-up, tangerine Volkswagen"
U1,my mother bought secondhand for next to nothing.
U1,One out of five times it wouldnt start. There was no
U1,AC. Anytime I made the mistake of turning on the
U1,fan the vent would fart bits of leaves and dust all
U1,over me. Whenever it broke down wed catch
U1,"minibuses, or sometimes wed hitchhike. Shed make"
U1,me hide in the bushes because she knew men would
U1,stop for a woman but not a woman with a child.
U1,"Shed stand by the road, the driver would pull over,"
U1,"shed open the door and then whistle, and Id come"
U1,running up to the car. I would watch their faces drop
U1,as they realized they werent picking up an attractive
U1,single woman but an attractive single woman with a
U1,fat little kid.
U1,"When the car did work, we had the windows"
U1,"down, sputtering along and baking in the heat. For"
U1,my entire life the dial on that cars radio stayed on
U1,"one station. It was called Radio Pulpit, and as the"
U1,name suggests it was nothing but preaching and
U1,praise. I wasnt allowed to touch that dial. Anytime
U1,"the radio wasnt getting reception, my mom would"
U1,pop in a cassette of Jimmy Swaggart sermons.
U1,"When we finally found out about the scandal Oh,"
U1,man. That was rough.
U1,"But as shitty as our car was, it was a car. It was"
U1,freedom. We werent black people stuck in the
U1,"townships, waiting for public transport. We were"
U1,black people who were out in the world. We were
U1,"black people who could wake up and say, Where do"
U1,we choose to go today On the commute to work
U1,"and school, there was a long stretch of the road into"
U1,town that was completely deserted. Thats where
U1,Mom would let me drive. On the highway. I was six.
U1,Shed put me on her lap and let me steer and work
U1,the indicators while she worked the pedals and the
U1,"stick shift. After a few months of that, she taught me"
U1,how to work the stick. She was still working the
U1,"clutch, but Id climb onto her lap and take the stick,"
U1,and shed call out the gears as we drove. There was
U1,this one part of the road that ran deep into a valley
U1,and then back up the other side. Wed get up a head
U1,"of speed, and wed stick it into neutral and let go of"
U1,"the brake and the clutch, and, woo-hoo, wed race"
U1,"down the hill and then, zoom, wed shoot up the"
U1,other side. We were flying.
U1,"If we werent at school or work or church, we"
U1,were out exploring. My moms attitude was I chose
U1,"you, kid. I brought you into this world, and Im going"
U1,to give you everything I never had. She poured
U1,herself into me. She would find places for us to go
U1,where we didnt have to spend money. We must have
U1,gone to every park in Johannesburg. My mom would
U1,"sit under a tree and read the Bible, and Id run and"
U1,play and play and play. On Sunday afternoons after
U1,"church, wed go for drives out in the country. My"
U1,mom would find places with beautiful views for us to
U1,sit and have a picnic. There was none of the fanfare
U1,"of a picnic basket or plates or anything like that, only"
U1,baloney and brown bread and margarine sandwiches
U1,"wrapped up in butcher paper. To this day, baloney"
U1,and brown bread and margarine will instantly take
U1,me back. You can come with all the Michelin stars in
U1,"the world, just give me baloney and brown bread and"
U1,margarine and Im in heaven.
U1,"Food, or the access to food, was always the"
U1,measure of how good or bad things were going in our
U1,"lives. My mom would always say, My job is to feed"
U1,"your body, feed your spirit, and feed your mind."
U1,"Thats exactly what she did, and the way she found"
U1,money for food and books was to spend absolutely
U1,nothing on anything else. Her frugality was the stuff
U1,"of legend. Our car was a tin can on wheels, and we"
U1,lived in the middle of nowhere. We had threadbare
U1,"furniture, busted old sofas with holes worn through"
U1,the fabric. Our TV was a tiny black-and-white with a
U1,bunny aerial on top. We changed the channels using
U1,a pair of pliers because the buttons didnt work.
U1,Most of the time you had to squint to see what was
U1,going on.
U1,"We always wore secondhand clothes, from"
U1,Goodwill stores or that were giveaways from white
U1,people at church. All the other kids at school got
U1,"brands, Nike and Adidas. I never got brands. One"
U1,time I asked my mom for Adidas sneakers. She came
U1,"home with some knockoff brand, Abidas."
U1,"Mom, these are fake, I said."
U1,I dont see the difference.
U1,Look at the logo. There are four stripes instead
U1,of three.
U1,"Lucky you, she said. You got one extra."
U1,"We got by with next to nothing, but we always"
U1,had church and we always had books and we always
U1,"had food. Mind you, it wasnt necessarily good food."
U1,Meat was a luxury. When things were going well
U1,wed have chicken. My mom was an expert at
U1,cracking open a chicken bone and getting out every
U1,last bit of marrow inside. We didnt eat chickens. We
U1,obliterated them. Our family was an archaeologists
U1,nightmare. We left no bones behind. When we were
U1,done with a chicken there was nothing left but the
U1,head. Sometimes the only meat we had was a
U1,packaged meat you could buy at the butcher called
U1,"sawdust. It was literally the dust of the meat, the"
U1,"bits that fell off the cuts being packaged for the shop,"
U1,the bits of fat and whatevers left. Theyd sweep it up
U1,"and put it into bags. It was meant for dogs, but my"
U1,mom bought it for us. There were many months
U1,where that was all we ate.
U1,"The butcher sold bones, too. We called them"
U1,"soup bones, but they were actually labeled dog"
U1,bones in the store people would cook them for their
U1,dogs as a treat. Whenever times were really tough
U1,wed fall back on dog bones. My mom would boil
U1,them for soup. Wed suck the marrow out of them.
U1,Sucking marrow out of bones is a skill poor people
U1,learn early. Ill never forget the first time I went to a
U1,fancy restaurant as a grown man and someone told
U1,"me, You have to try the bone marrow. Its such a"
U1,"delicacy. Its divine. They ordered it, the waiter"
U1,"brought it out, and I was like, Dog bones,"
U1,motherfucker I was not impressed.
U1,"As modestly as we lived at home, I never felt"
U1,poor because our lives were so rich with experience.
U1,"We were always out doing something, going"
U1,somewhere. My mom used to take me on drives
U1,through fancy white neighborhoods. Wed go look at
U1,"peoples houses, look at their mansions. Wed look at"
U1,"their walls, mostly, because thats all we could see"
U1,from the road. Wed look at a wall that ran from one
U1,"end of the block to the other and go, Wow. Thats"
U1,only one house. All of that is for one family.
U1,"Sometimes wed pull over and go up to the wall, and"
U1,shed put me up on her shoulders like I was a little
U1,periscope. I would look into the yards and describe
U1,everything I was seeing. Its a big white house They
U1,have two dogs Theres a lemon tree They have a
U1,swimming pool And a tennis court
U1,My mother took me places black people never
U1,went. She refused to be bound by ridiculous ideas of
U1,what black people couldnt or shouldnt do. Shed
U1,take me to the ice rink to go skating. Johannesburg
U1,"used to have this epic drive-in movie theater, Top"
U1,"Star Drive-In, on top of a massive mine dump"
U1,outside the city. Shed take me to movies there wed
U1,"get snacks, hang the speaker on our car window. Top"
U1,"Star had a 360-degree view of the city, the suburbs,"
U1,Soweto. Up there I could see for miles in every
U1,direction. I felt like I was on top of the world.
U1,My mom raised me as if there were no
U1,limitations on where I could go or what I could do.
U1,When I look back I realize she raised me like a white
U1,"kidnot white culturally, but in the sense of"
U1,"believing that the world was my oyster, that I should"
U1,"speak up for myself, that my ideas and thoughts and"
U1,decisions mattered.
U1,"We tell people to follow their dreams, but you"
U1,"can only dream of what you can imagine, and,"
U1,"depending on where you come from, your"
U1,imagination can be quite limited. Growing up in
U1,"Soweto, our dream was to put another room on our"
U1,"house. Maybe have a driveway. Maybe, someday, a"
U1,cast-iron gate at the end of the driveway. Because
U1,that is all we knew. But the highest rung of whats
U1,possible is far beyond the world you can see. My
U1,mother showed me what was possible. The thing that
U1,always amazed me about her life was that no one
U1,showed her. No one chose her. She did it on her own.
U1,She found her way through sheer force of will.
U1,Perhaps even more amazing is the fact that my
U1,"mother started her little project, me, at a time when"
U1,she could not have known that apartheid would end.
U1,There was no reason to think it would end it had
U1,seen generations come and go. I was nearly six when
U1,"Mandela was released, ten before democracy finally"
U1,"came, yet she was preparing me to live a life of"
U1,freedom long before we knew freedom would exist. A
U1,hard life in the township or a trip to the colored
U1,orphanage were the far more likely options on the
U1,table. But we never lived that way. We only moved
U1,"forward and we always moved fast, and by the time"
U1,the law and everyone else came around we were
U1,"already miles down the road, flying across the"
U1,"freeway in a bright-orange, piece-of-shit Volkswagen"
U1,with the windows down and Jimmy Swaggart
U1,praising Jesus at the top of his lungs.
U1,People thought my mom was crazy. Ice rinks
U1,"and drive-ins and suburbs, these things were izinto"
U1,zabelunguthe things of white people. So many
U1,black people had internalized the logic of apartheid
U1,and made it their own. Why teach a black child white
U1,things Neighbors and relatives used to pester my
U1,mom. Why do all this Why show him the world
U1,when hes never going to leave the ghetto
U1,"Because, she would say, even if he never"
U1,"leaves the ghetto, he will know that the ghetto is not"
U1,"the world. If that is all I accomplish, Ive done"
U1,enough.
U1,"Apartheid, for all its power, had fatal flaws baked in,"
U1,starting with the fact that it never made any sense. Racism is
U1,not logical. Consider this: Chinese people were classified as
U1,black in South Africa. I dont mean they were running
U1,"around acting black. They were still Chinese. But, unlike"
U1,"Indians, there werent enough Chinese people to warrant"
U1,"devising a whole separate classification. Apartheid, despite"
U1,"its intricacies and precision, didnt know what to do with"
U1,"them, so the government said, Eh, well just call em black."
U1,Its simpler that way.
U1,"Interestingly, at the same time, Japanese people were"
U1,labeled as white. The reason for this was that the South
U1,African government wanted to establish good relations with
U1,the Japanese in order to import their fancy cars and
U1,electronics. So Japanese people were given honorary white
U1,status while Chinese people stayed black. I always like to
U1,imagine being a South African policeman who likely couldnt
U1,tell the difference between Chinese and Japanese but whose
U1,job was to make sure that people of the wrong color werent
U1,doing the wrong thing. If he saw an Asian person sitting on a
U1,"whites-only bench, what would he say"
U1,"Hey, get off that bench, you Chinaman"
U1,Excuse me. Im Japanese.
U1,"Oh, I apologize, sir. I didnt mean to be racist. Have a"
U1,lovely afternoon.
U1,LOOPHOLES
U1,"My mother used to tell me, I chose to have you"
U1,because I wanted something to love and something
U1,that would love me unconditionally in returnand
U1,then I gave birth to the most selfish piece of shit on
U1,earth and all it ever did was cry and eat and shit and
U1,"say, Me, me, me, me me. "
U1,My mom thought having a child was going to be
U1,"like having a partner, but every child is born the"
U1,"center of its own universe, incapable of"
U1,understanding the world beyond its own wants and
U1,"needs, and I was no different. I was a voracious kid. I"
U1,"consumed boxes of books and wanted more, more,"
U1,more. I ate like a pig. The way I ate I should have
U1,been obese. At a certain point the family thought I
U1,had worms. Whenever I went to my cousins house
U1,"for the holidays, my mom would drop me off with a"
U1,"bag of tomatoes, onions, and potatoes and a large"
U1,sack of cornmeal. That was her way of preempting
U1,any complaints about my visit. At my grans house I
U1,"always got seconds, which none of the other kids got."
U1,"My grandmother would give me the pot and say,"
U1,"Finish it. If you didnt want to wash the dishes, you"
U1,called Trevor. They called me the rubbish bin of the
U1,family. I ate and ate and ate.
U1,"I was hyperactive, too. I craved constant"
U1,stimulation and activity. When I walked down the
U1,"sidewalk as a toddler, if you didnt have my arm in a"
U1,"death grip, I was off, running full-speed toward the"
U1,traffic. I loved to be chased. I thought it was a game.
U1,The old grannies my mom hired to look after me
U1,while she was at work I would leave them in tears.
U1,My mom would come home and theyd be crying. I
U1,quit. I cant do this. Your son is a tyrant. It was the
U1,"same with my schoolteachers, with Sunday school"
U1,"teachers. If you werent engaging me, you were in"
U1,trouble. I wasnt a shit to people. I wasnt whiny and
U1,spoiled. I had good manners. I was just high-energy
U1,and knew what I wanted to do.
U1,My mom used to take me to the park so she
U1,could run me to death to burn off the energy. Shed
U1,"take a Frisbee and throw it, and Id run and catch it"
U1,and bring it back. Over and over and over.
U1,Sometimes shed throw a tennis ball. Black peoples
U1,dogs dont play fetch you dont throw anything to a
U1,black persons dog unless its food. So it was only
U1,when I started spending time in parks with white
U1,people and their pets that I realized my mom was
U1,training me like a dog.
U1,"Anytime my extra energy wasnt burned off, it"
U1,would find its way into general naughtiness and
U1,misbehavior. I prided myself on being the ultimate
U1,prankster. Every teacher at school used overhead
U1,projectors to put their notes up on the wall during
U1,class. One day I went around and took the
U1,magnifying glass out of every projector in every
U1,classroom. Another time I emptied a fire
U1,"extinguisher into the school piano, because I knew"
U1,we were going to have a performance at assembly the
U1,next day. The pianist sat down and played the first
U1,"note and, foomp, all this foam exploded out of the"
U1,piano.
U1,The two things I loved most were fire and
U1,knives. I was endlessly fascinated by them. Knives
U1,were just cool. I collected them from pawnshops and
U1,"garage sales: flick knives, butterfly knives, the"
U1,"Rambo knife, the Crocodile Dundee knife. Fire was"
U1,"the ultimate, though. I loved fire and I especially"
U1,loved fireworks. We celebrated Guy Fawkes Day in
U1,"November, and every year my mom would buy us a"
U1,"ton of fireworks, like a mini-arsenal. I realized that I"
U1,could take the gunpowder out of all the fireworks
U1,and create one massive firework of my own. One
U1,"afternoon I was doing precisely that, goofing around"
U1,with my cousin and filling an empty plant pot with a
U1,"huge pile of gunpowder, when I got distracted by"
U1,some Black Cat firecrackers. The cool thing you
U1,"could do with a Black Cat was, instead of lighting it"
U1,"to make it explode, you could break it in half and"
U1,light it and it would turn into a mini-flamethrower. I
U1,stopped midway through building my gunpowder
U1,pile to play with the Black Cats and somehow
U1,dropped a match into the pile. The whole thing
U1,"exploded, throwing a massive ball of flame up in my"
U1,"face. Mlungisi screamed, and my mom came running"
U1,into the yard in a panic.
U1,What happened
U1,"I played it cool, even though I could still feel the"
U1,"heat of the fireball on my face. Oh, nothing. Nothing"
U1,happened.
U1,Were you playing with fire
U1,No.
U1,She shook her head. You know what I would
U1,"beat you, but Jesus has already exposed your lies."
U1,Huh
U1,Go to the bathroom and look at yourself.
U1,I went to the toilet and looked in the mirror. My
U1,eyebrows were gone and the front inch or so of my
U1,hair was completely burned off.
U1,"From an adults point of view, I was destructive"
U1,"and out of control, but as a child I didnt think of it"
U1,that way. I never wanted to destroy. I wanted to
U1,create. I wasnt burning my eyebrows. I was creating
U1,fire. I wasnt breaking overhead projectors. I was
U1,"creating chaos, to see how people reacted."
U1,And I couldnt help it. Theres a condition kids
U1,"suffer from, a compulsive disorder that makes them"
U1,do things they themselves dont understand. You can
U1,"tell a child, Whatever you do, dont draw on the"
U1,wall. You can draw on this paper. You can draw in
U1,this book. You can draw on any surface you want.
U1,But do not draw or write or color on the wall. The
U1,"child will look you dead in the eye and say, Got it."
U1,Ten minutes later the child is drawing on the wall.
U1,You start screaming. Why the hell are you drawing
U1,"on the wall The child looks at you, and he"
U1,genuinely has no idea why he drew on the wall. As a
U1,"kid, I remember having that feeling all the time."
U1,"Every time I got punished, as my mom was"
U1,"whooping my ass, Id be thinking, Why did I just do"
U1,that I knew not to do that. She told me not to do
U1,"that. Then once the hiding was over Id say to myself,"
U1,Im going to be so good from here on. Im never ever
U1,going to do a bad thing in my life ever ever ever
U1,ever everand to remember not to do anything
U1,"bad, let me write something on the wall to remind"
U1,myselfand then I would pick up a crayon and get
U1,"straight back into it, and I never understood why."
U1,
U1,My relationship with my mom was like the
U1,relationship between a cop and a criminal in the
U1,moviesthe relentless detective and the devious
U1,mastermind shes determined to catch. Theyre bitter
U1,"rivals, but, damn, they respect the hell out of each"
U1,"other, and somehow they even grow to like each"
U1,"other. Sometimes my mom would catch me, but she"
U1,"was usually one step behind, and she was always"
U1,"giving me the eye. Someday, kid. Someday Im going"
U1,to catch you and put you away for the rest of your
U1,life. Then I would give her a nod in return. Have a
U1,"good evening, Officer. That was my whole"
U1,childhood.
U1,My mom was forever trying to rein me in. Over
U1,"the years, her tactics grew more and more"
U1,sophisticated. Where I had youth and energy on my
U1,"side, she had cunning, and she figured out different"
U1,ways to keep me in line. One Sunday we were at the
U1,shops and there was a big display of toffee apples. I
U1,"loved toffee apples, and I kept nagging her the whole"
U1,way through the shop. Please can I have a toffee
U1,apple Please can I have a toffee apple Please can I
U1,have a toffee apple Please can I have a toffee
U1,apple
U1,"Finally, once we had our groceries and my mom"
U1,"was heading to the front to pay, I succeeded in"
U1,"wearing her down. Fine, she said. Go and get a"
U1,"toffee apple. I ran, got a toffee apple, came back,"
U1,and put it on the counter at the checkout.
U1,"Add this toffee apple, please, I said."
U1,The cashier looked at me skeptically. Wait your
U1,"turn, boy. Im still helping this lady."
U1,"No, I said. Shes buying it for me."
U1,My mother turned to me. Whos buying it for
U1,you
U1,Youre buying it for me.
U1,"No, no. Why doesnt your mother buy it for"
U1,you
U1,What My mother You are my mother.
U1,"Im your mother No, Im not your mother."
U1,Wheres your mother
U1,I was so confused. Youre my mother.
U1,"The cashier looked at her, looked back at me,"
U1,"looked at her again. She shrugged, like, I have no"
U1,idea what that kids talking about. Then she looked
U1,at me like shed never seen me before in her life.
U1,"Are you lost, little boy Wheres your mother"
U1,"Yeah, the cashier said. Wheres your"
U1,mother
U1,I pointed at my mother. Shes my mother.
U1,"What She cant be your mother, boy. Shes"
U1,black. Cant you see
U1,My mom shook her head. Poor little colored
U1,boy lost his mother. What a shame.
U1,I panicked. Was I crazy Is she not my mother
U1,I started bawling. Youre my mother. Youre my
U1,mother. Shes my mother. Shes my mother.
U1,She shrugged again. So sad. I hope he finds his
U1,mother.
U1,"The cashier nodded. She paid him, took our"
U1,"groceries, and walked out of the shop. I dropped the"
U1,"toffee apple, ran out behind her in tears, and caught"
U1,"up to her at the car. She turned around, laughing"
U1,"hysterically, like shed really got me good."
U1,Why are you crying she asked.
U1,Because you said you werent my mother. Why
U1,did you say you werent my mother
U1,Because you wouldnt shut up about the toffee
U1,apple. Now get in the car. Lets go.
U1,"By the time I was seven or eight, I was too smart"
U1,"to be tricked, so she changed tactics. Our life turned"
U1,into a courtroom drama with two lawyers constantly
U1,debating over loopholes and technicalities. My mom
U1,"was smart and had a sharp tongue, but I was quicker"
U1,in an argument. Shed get flustered because she
U1,couldnt keep up. So she started writing me letters.
U1,That way she could make her points and there could
U1,be no verbal sparring back and forth. If I had chores
U1,"to do, Id come home to find an envelope slipped"
U1,"under the door, like from the landlord."
U1,"Dear Trevor,"
U1,"Children, obey your parents in everything, for this pleases"
U1,the Lord.
U1,Colossians 3:20
U1,There are certain things I expect from you as my child and
U1,as a young man. You need to clean your room. You need to
U1,keep the house clean. You need to look after your school
U1,"uniform. Please, my child, I ask you. Respect my rules so"
U1,"that I may also respect you. I ask you now, please go and do"
U1,the dishes and do the weeds in the garden.
U1,"Yours sincerely,"
U1,Mom
U1,"I would do my chores, and if I had anything to"
U1,say I would write back. Because my mom was a
U1,secretary and I spent hours at her office every day
U1,"after school, Id learned a great deal about business"
U1,correspondence. I was extremely proud of my letter-
U1,writing abilities.
U1,To Whom It May Concern:
U1,"Dear Mom,"
U1,I have received your correspondence earlier. I am delighted
U1,to say that I am ahead of schedule on the dishes and I will
U1,continue to wash them in an hour or so. Please note that
U1,"the garden is wet and so I cannot do the weeds at this time,"
U1,but please be assured this task will be completed by the end
U1,"of the weekend. Also, I completely agree with what you are"
U1,saying with regard to my respect levels and I will maintain
U1,my room to a satisfactory standard.
U1,"Yours sincerely,"
U1,Trevor
U1,Those were the polite letters. If we were having
U1,"a real, full-on argument or if Id gotten in trouble at"
U1,"school, Id find more accusatory missives waiting for"
U1,me when I got home.
U1,"Dear Trevor,"
U1,Foolishness is bound up in the heart of a child the rod of
U1,discipline will remove it far from him.
U1,Proverbs 22:15
U1,"Your school marks this term have been very disappointing,"
U1,and your behavior in class continues to be disruptive and
U1,disrespectful. It is clear from your actions that you do not
U1,respect me. You do not respect your teachers. Learn to
U1,respect the women in your life. The way you treat me and
U1,the way you treat your teachers will be the way you treat
U1,other women in the world. Learn to buck that trend now
U1,and you will be a better man because of it. Because of your
U1,behavior I am grounding you for one week. There will be
U1,no television and no videogames.
U1,"Yours sincerely,"
U1,Mom
U1,"I, of course, would find this punishment"
U1,completely unfair. Id take the letter and confront
U1,her.
U1,Can I speak to you about this
U1,"No. If you want to reply, you have to write a"
U1,letter.
U1,"Id go to my room, get out my pen and paper, sit"
U1,"at my little desk, and go after her arguments one by"
U1,one.
U1,To Whom It May Concern:
U1,"Dear Mom,"
U1,"First of all, this has been a particularly tough time in"
U1,"school, and for you to say that my marks are bad is"
U1,"extremely unfair, especially considering the fact that you"
U1,"yourself were not very good in school and I am, after all, a"
U1,"product of yours, and so in part you are to blame because if"
U1,"you were not good in school, why would I be good in school"
U1,because genetically we are the same. Gran always talks
U1,"about how naughty you were, so obviously my naughtiness"
U1,"comes from you, so I dont think it is right or just for you to"
U1,say any of this.
U1,"Yours sincerely,"
U1,Trevor
U1,Id bring her the letter and stand there while she
U1,read it. Invariably shed tear it up and throw it in the
U1,dustbin. Rubbish This is rubbish Then shed start
U1,"to launch into me and Id say, Ah-ah-ah. No. You"
U1,have to write a letter. Then Id go to my room and
U1,wait for her reply. This sometimes went back and
U1,forth for days.
U1,The letter writing was for minor disputes. For
U1,"major infractions, my mom went with the ass-"
U1,"whooping. Like most black South African parents,"
U1,when it came to discipline my mom was old school.
U1,"If I pushed her too far, shed go for the belt or switch."
U1,Thats just how it was in those days. Pretty much all
U1,of my friends had it the same.
U1,My mom would have given me proper sit-down
U1,"hidings if Id given her the opportunity, but she"
U1,could never catch me. My gran called me
U1,"Springbok, after the second-fastest land mammal"
U1,"on earth, the deer that the cheetah hunts. My mom"
U1,had to become a guerrilla fighter. She got her licks in
U1,"where she could, her belt or maybe a shoe,"
U1,administered on the fly.
U1,One thing I respected about my mom was that
U1,she never left me in any doubt as to why I was
U1,receiving the hiding. It wasnt rage or anger. It was
U1,discipline from a place of love. My mom was on her
U1,own with a crazy child. I destroyed pianos. I shat on
U1,"floors. I would screw up, shed beat the shit out of"
U1,"me and give me time to cry, and then shed pop back"
U1,"into my room with a big smile and go, Are you ready"
U1,for dinner We need to hurry and eat if we want to
U1,watch Rescue 911. Are you coming
U1,What What kind of psychopath are you You
U1,just beat me
U1,Yes. Because you did something wrong. It
U1,doesnt mean I dont love you anymore.
U1,What
U1,"Look, did you or did you not do something"
U1,wrong
U1,I did.
U1,And then I hit you. And now thats over. So
U1,why sit there and cry Its time for Rescue 911.
U1,William Shatner is waiting. Are you coming or not
U1,
U1,"When it came to discipline, Catholic school was no"
U1,joke. Whenever I got into trouble with the nuns at
U1,Maryvale theyd rap me on the knuckles with the
U1,edge of a metal ruler. For cursing theyd wash my
U1,mouth out with soap. For serious offenses Id get
U1,sent to the principals office. Only the principal could
U1,give you an official hiding. Youd have to bend over
U1,"and hed hit your ass with this flat rubber thing, like"
U1,the sole of a shoe.
U1,"Whenever the principal would hit me, it was like"
U1,he was afraid to do it too hard. One day I was getting
U1,"a hiding and I thought, Man, if only my mom hit me"
U1,"like this, and I started laughing. I couldnt help it."
U1,The principal was quite disturbed. If youre
U1,"laughing while youre getting beaten, he said, then"
U1,something is definitely wrong with you.
U1,That was the first of three times the school made
U1,my mom take me to a psychologist to be evaluated.
U1,Every psychologist who examined me came back and
U1,"said, Theres nothing wrong with this kid. I wasnt"
U1,ADD. I wasnt a sociopath. I was just creative and
U1,independent and full of energy. The therapists did
U1,"give me a series of tests, and they came to the"
U1,conclusion that I was either going to make an
U1,excellent criminal or be very good at catching
U1,"criminals, because I could always find loopholes in"
U1,"the law. Whenever I thought a rule wasnt logical, Id"
U1,find my way around it.
U1,"The rules about communion at Friday mass, for"
U1,"example, made absolutely no sense. Wed be in there"
U1,"for an hour of kneeling, standing, sitting, kneeling,"
U1,"standing, sitting, kneeling, standing, sitting, and by"
U1,"the end of it Id be starving, but I was never allowed"
U1,"to take communion, because I wasnt Catholic. The"
U1,other kids could eat Jesuss body and drink Jesuss
U1,"blood, but I couldnt. And Jesuss blood was grape"
U1,juice. I loved grape juice. Grape juice and crackers
U1,what more could a kid want And they wouldnt let
U1,me have any. Id argue with the nuns and the priest
U1,all the time.
U1,Only Catholics can eat Jesuss body and drink
U1,"Jesuss blood, right"
U1,Yes.
U1,But Jesus wasnt Catholic.
U1,No.
U1,Jesus was Jewish.
U1,"Well, yes."
U1,So youre telling me that if Jesus walked into
U1,"your church right now, Jesus would not be allowed"
U1,to have the body and blood of Jesus
U1,Welluhum
U1,They never had a satisfactory reply.
U1,"One morning before mass I decided, Im going"
U1,to get me some Jesus blood and Jesus body. I snuck
U1,behind the altar and I drank the entire bottle of
U1,grape juice and I ate the entire bag of Eucharist to
U1,make up for all the other times that I couldnt.
U1,"In my mind, I wasnt breaking the rules, because"
U1,the rules didnt make any sense. And I got caught
U1,only because they broke their own rules. Another kid
U1,"ratted me out in confession, and the priest turned"
U1,me in.
U1,"No, no, I protested. Youve broken the rules."
U1,Thats confidential information. The priest isnt
U1,supposed to repeat what you say in confession.
U1,They didnt care. The school could break
U1,whatever rules it wanted. The principal laid into me.
U1,What kind of a sick person would eat all of
U1,Jesuss body and drink all of Jesuss blood
U1,A hungry person.
U1,I got another hiding and a second trip to the
U1,psychologist for that one. The third visit to the
U1,"shrink, and the last straw, came in grade six. A kid"
U1,"was bullying me. He said he was going to beat me up,"
U1,and I brought one of my knives to school. I wasnt
U1,going to use it I just wanted to have it. The school
U1,didnt care. That was the last straw for them. I wasnt
U1,"expelled, exactly. The principal sat me down and"
U1,"said, Trevor, we can expel you. You need to think"
U1,hard about whether you really want to be at
U1,Maryvale next year. I think he thought he was
U1,giving me an ultimatum that would get me to shape
U1,"up. But I felt like he was offering me an out, and I"
U1,"took it. No, I told him, I dont want to be here."
U1,And that was the end of Catholic school.
U1,"Funnily enough, I didnt get into trouble with"
U1,my mom when it happened. There was no ass-
U1,whooping waiting for me at home. Shed lost the
U1,"bursary when shed left her job at ICI, and paying for"
U1,private school was becoming a burden. But more
U1,"than that, she thought the school was overreacting."
U1,The truth is she probably took my side against
U1,Maryvale more often than not. She agreed with me
U1,100 percent about the Eucharist thing. Let me get
U1,"this straight, she told the principal. Youre"
U1,punishing a child because he wants Jesuss body and
U1,Jesuss blood Why shouldnt he have those things
U1,Of course he should have them. When they made
U1,me see a therapist for laughing while the principal
U1,"hit me, she told the school that was ridiculous, too."
U1,"Ms. Noah, your son was laughing while we"
U1,were hitting him.
U1,"Well, clearly you dont know how to hit a kid."
U1,"Thats your problem, not mine. Trevors never"
U1,"laughed when Ive hit him, I can tell you."
U1,That was the weird and kind of amazing thing
U1,about my mom. If she agreed with me that a rule was
U1,"stupid, she wouldnt punish me for breaking it. Both"
U1,she and the psychologists agreed that the school was
U1,"the one with the problem, not me. Catholic school is"
U1,not the place to be creative and independent.
U1,Catholic school is similar to apartheid in that its
U1,"ruthlessly authoritarian, and its authority rests on a"
U1,bunch of rules that dont make any sense. My mother
U1,grew up with these rules and she questioned them.
U1,"When they didnt hold up, she simply went around"
U1,them. The only authority my mother recognized was
U1,Gods. God is love and the Bible is trutheverything
U1,else was up for debate. She taught me to challenge
U1,authority and question the system. The only way it
U1,backfired on her was that I constantly challenged
U1,and questioned her.
U1,
U1,"When I was seven years old, my mother had been"
U1,"dating her new boyfriend, Abel, for a year maybe,"
U1,but at that point I was too young to know who they
U1,"were to each other. It was just Hey, thats moms"
U1,friend whos around a lot. I liked Abel he was a
U1,really nice guy.
U1,"As a black person back then, if you wanted to"
U1,live in the suburbs youd have to find a white family
U1,renting out their servants quarters or sometimes
U1,"their garage, which was what Abel had done. He"
U1,lived in a neighborhood called Orange Grove in a
U1,"white familys garage, which hed turned into a"
U1,cottage-type thing with a hot plate and a bed.
U1,"Sometimes hed come and sleep at our house, and"
U1,sometimes wed go stay with him. Staying in a garage
U1,"when we owned our own house wasnt ideal, but"
U1,Orange Grove was close to my school and my moms
U1,work so it had its benefits.
U1,This white family also had a black maid who
U1,"lived in the servants quarters in the backyard, and"
U1,Id play with her son whenever we stayed there. At
U1,that age my love of fire was in full bloom. One
U1,afternoon everyone was at workmy mom and Abel
U1,and both of the white parentsand the kid and I
U1,were playing together while his mom was inside the
U1,house cleaning. One thing I loved doing at the time
U1,was using a magnifying glass to burn my name into
U1,pieces of wood. You had to aim the lens and get the
U1,focus just right and then you got the flame and then
U1,you moved it slowly and you could burn shapes and
U1,letters and patterns. I was fascinated by it.
U1,That afternoon I was teaching this kid how to do
U1,"it. We were inside the servants quarters, which was"
U1,really more of a toolshed added on to the back of the
U1,"house, full of wooden ladders, buckets of old paint,"
U1,"turpentine. I had a box of matches with me, tooall"
U1,my usual fire-making tools. We were sitting on an
U1,"old mattress that they used to sleep on the floor,"
U1,basically a sack stuffed with dried straw. The sun
U1,"was beaming in through the window, and I was"
U1,showing the kid how to burn his name into a piece of
U1,plywood.
U1,At one point we took a break to go get a snack. I
U1,set the magnifying glass and the matches on the
U1,mattress and we left. When we came back a few
U1,minutes later we found the shed had one of those
U1,doors that self-locks from the inside. We couldnt get
U1,"back in without going to get his mother, so we"
U1,decided to run around and play in the yard. After a
U1,while I noticed smoke coming out of the cracks in
U1,the window frame. I ran over and looked inside. A
U1,small fire was burning in the middle of the straw
U1,mattress where wed left the matches and the
U1,magnifying glass. We ran and called the maid. She
U1,"came, but she didnt know what to do. The door was"
U1,"locked, and before we could figure out how to get"
U1,"into the shed the whole thing caughtthe mattress,"
U1,"the ladders, the paint, the turpentine, everything."
U1,The flames moved quickly. Soon the roof was on
U1,"fire, and from there the blaze spread to the main"
U1,"house, and the whole thing burned and burned and"
U1,burned. Smoke was billowing into the sky. A
U1,"neighbor had called the fire brigade, and the sirens"
U1,"were on their way. Me and this kid and the maid, we"
U1,ran out to the road and watched as the firemen tried
U1,"to put it out, but by the time they did, it was too late."
U1,There was nothing left but a charred brick-and-
U1,"mortar shell, roof gone, and gutted from the inside."
U1,The white family came home and stood on the
U1,"street, staring at the ruins of their house. They asked"
U1,the maid what happened and she asked her son and
U1,"the kid totally snitched. Trevor had matches, he"
U1,said. The family said nothing to me. I dont think
U1,they knew what to say. They were completely
U1,"dumbfounded. They didnt call the police, didnt"
U1,"threaten to sue. What were they going to do, arrest a"
U1,seven-year-old for arson And we were so poor you
U1,couldnt actually sue us for anything. Plus they had
U1,"insurance, so that was the end of it."
U1,"They kicked Abel out of the garage, which I"
U1,"thought was hilarious because the garage, which was"
U1,"freestanding, was the only piece of the property left"
U1,"unscathed. I saw no reason for Abel to have to leave,"
U1,"but they made him. We packed up his stuff, put it"
U1,"into our car, and drove home to Eden Park Abel"
U1,basically lived with us from then on. He and my
U1,mom got into a huge fight. Your son has burned
U1,down my life But there was no punishment for me
U1,that day. My mom was too much in shock. Theres
U1,"naughty, and then theres burning down a white"
U1,persons house. She didnt know what to do.
U1,I didnt feel bad about it at all. I still dont. The
U1,lawyer in me maintains that I am completely
U1,innocent. There were matches and there was a
U1,"magnifying glass and there was a mattress and then,"
U1,"clearly, a series of unfortunate events. Things catch"
U1,fire sometimes. Thats why theres a fire brigade. But
U1,"everyone in my family will tell you, Trevor burned"
U1,down a house. If people thought I was naughty
U1,"before, after the fire I was notorious. One of my"
U1,uncles stopped calling me Trevor. He called me
U1,Terror instead. Dont leave that kid alone in your
U1,"home, hed say. Hell burn it to the ground."
U1,"My cousin Mlungisi, to this day, cannot"
U1,comprehend how I survived being as naughty as I
U1,"was for as long as I did, how I withstood the number"
U1,of hidings that I got. Why did I keep misbehaving
U1,How did I never learn my lesson Both of my cousins
U1,were supergood kids. Mlungisi got maybe one hiding
U1,in his life. After that he said he never wanted to
U1,"experience anything like it ever again, and from that"
U1,day he always followed the rules. But I was blessed
U1,with another trait I inherited from my mother: her
U1,ability to forget the pain in life. I remember the thing
U1,"that caused the trauma, but I dont hold on to the"
U1,trauma. I never let the memory of something painful
U1,prevent me from trying something new. If you think
U1,"too much about the ass-kicking your mom gave you,"
U1,"or the ass-kicking that life gave you, youll stop"
U1,pushing the boundaries and breaking the rules. Its
U1,"better to take it, spend some time crying, then wake"
U1,up the next day and move on. Youll have a few
U1,bruises and theyll remind you of what happened and
U1,"thats okay. But after a while the bruises fade, and"
U1,they fade for a reasonbecause now its time to get
U1,up to some shit again.
U1,I grew up in a black family in a black neighborhood in a
U1,black country. Ive traveled to other black cities in black
U1,countries all over the black continent. And in all of that time
U1,Ive yet to find a place where black people like cats. One of
U1,"the biggest reasons for that, as we know in South Africa, is"
U1,"that only witches have cats, and all cats are witches."
U1,There was a famous incident during an Orlando Pirates
U1,soccer match a few years ago. A cat got into the stadium and
U1,ran through the crowd and out onto the pitch in the middle
U1,"of the game. A security guard, seeing the cat, did what any"
U1,"sensible black person would do. He said to himself, That cat"
U1,is a witch. He caught the cat andlive on TVhe kicked it
U1,"and stomped it and beat it to death with a sjambok, a hard"
U1,leather whip.
U1,It was front-page news all over the country. White
U1,"people lost their shit. Oh my word, it was insane. The"
U1,security guard was arrested and put on trial and found guilty
U1,of animal abuse. He had to pay some enormous fine to avoid
U1,spending several months in jail. What was ironic to me was
U1,that white people had spent years seeing video of black
U1,"people being beaten to death by other white people, but this"
U1,"one video of a black man kicking a cat, thats what sent them"
U1,over the edge. Black people were just confused. They didnt
U1,"see any problem with what the man did. They were like,"
U1,Obviously that cat was a witch. How else would a cat know
U1,how to get out onto a soccer pitch Somebody sent it to jinx
U1,one of the teams. That man had to kill the cat. He was
U1,protecting the players.
U1,"In South Africa, black people have dogs."
U1,FUFI
U1,"A month after we moved to Eden Park, my mother"
U1,brought home two cats. Black cats. Beautiful
U1,creatures. Some woman from her work had a litter of
U1,"kittens she was trying to get rid of, and my mom"
U1,ended up with two. I was excited because Id never
U1,had a pet before. My mom was excited because she
U1,loves animals. She didnt believe in any nonsense
U1,about cats. It was just another way in which she was
U1,"a rebel, refusing to conform to ideas about what"
U1,black people did and didnt do.
U1,"In a black neighborhood, you wouldnt dare own"
U1,"a cat, especially a black cat. That would be like"
U1,"wearing a sign that said, Hello, I am a witch. That"
U1,would be suicide. Since wed moved to a colored
U1,"neighborhood, my mom thought the cats would be"
U1,okay. Once they were grown we let them out during
U1,the day to roam the neighborhood. Then we came
U1,home one evening and found the cats strung up by
U1,"their tails from our front gate, gutted and skinned"
U1,"and bleeding out, their heads chopped off. On our"
U1,"front wall someone had written in Afrikaans,"
U1,HeksWitch.
U1,"Colored people, apparently, were no more"
U1,progressive than black people on the issue of cats.
U1,I wasnt exactly devastated about the cats. I
U1,dont think wed had them long enough for me to get
U1,attached I dont even remember their names. And
U1,cats are dicks for the most part. As much as I tried
U1,they never felt like real pets. They never showed me
U1,affection nor did they accept any of mine. Had the
U1,"cats made more of an effort, I might have felt like I"
U1,"had lost something. But even as a kid, looking at"
U1,"these dead, mutilated animals, I was like, Well,"
U1,"there you have it. Maybe if theyd been nicer, they"
U1,could have avoided this.
U1,"After the cats were killed, we took a break from"
U1,pets for a while. Then we got dogs. Dogs are cool.
U1,Almost every black family I knew had a dog. No
U1,"matter how poor you were, you had a dog. White"
U1,people treat dogs like children or members of the
U1,"family. Black peoples dogs are more for protection, a"
U1,poor-mans alarm system. You buy a dog and you
U1,keep it out in the yard. Black people name dogs by
U1,"their traits. If it has stripes, you call it Tiger. If its"
U1,"vicious, you call it Danger. If it has spots, you call it"
U1,Spotty. Given the finite number of traits a dog can
U1,"have, pretty much everyones dogs have the same"
U1,names people just recycle them.
U1,Wed never had dogs in Soweto. Then one day
U1,some lady at my moms work offered us two puppies.
U1,They werent planned puppies. This womans
U1,Maltese poodle had been impregnated by the bull
U1,"terrier from next door, a strange mix. My mom said"
U1,"shed take them both. She brought them home, and I"
U1,was the happiest kid on earth.
U1,"My mom named them Fufi and Panther. Fufi, I"
U1,dont know where her name came from. Panther had
U1,"a pink nose, so she was Pink Panther and eventually"
U1,just Panther. They were two sisters who loved and
U1,hated each other. They would look out for each
U1,"other, but they would also fight all the time. Like,"
U1,"blood fights. Biting. Clawing. It was a strange,"
U1,gruesome relationship.
U1,Panther was my moms dog Fufi was mine. Fufi
U1,"was beautiful. Clean lines, happy face. She looked"
U1,"like a perfect bull terrier, only skinnier because of"
U1,"the Maltese mixed in. Panther, who was more half-"
U1,"and-half, came out weird and scruffy-looking."
U1,Panther was smart. Fufi was dumb as shit. At least
U1,we always thought she was dumb as shit. Whenever
U1,"we called them, Panther would come right away, but"
U1,Fufi wouldnt do anything. Panther would run back
U1,and get Fufi and then theyd both come. It turned out
U1,that Fufi was deaf. Years later Fufi died when a
U1,burglar was trying to break into our house. He
U1,pushed the gate over and it fell on her back and
U1,broke her spine. We took her to the vet and she had
U1,"to be put down. After examining her, the vet came"
U1,over and gave us the news.
U1,It must have been strange for your family living
U1,"with a dog that was deaf, he said."
U1,What
U1,You didnt know your dog was deaf
U1,"No, we thought it was stupid."
U1,Thats when we realized that their whole lives
U1,the one dog had been telling the other dog what to
U1,"do somehow. The smart, hearing one was helping"
U1,"the dumb, deaf one."
U1,Fufi was the love of my life. Beautiful but stupid.
U1,I raised her. I potty-trained her. She slept in my bed.
U1,A dog is a great thing for a kid to have. Its like a
U1,bicycle but with emotions.
U1,Fufi could do all sorts of tricks. She could jump
U1,"super high. I mean, Fufi could jump. I could hold a"
U1,piece of food out above my own head and shed leap
U1,up and grab it like it was nothing. If YouTube had
U1,"been around, Fufi would have been a star."
U1,Fufi was a little rascal as well. During the day we
U1,"kept the dogs in the backyard, which was enclosed by"
U1,"a wall at least five feet high. After a while, every day"
U1,wed come home and Fufi would be sitting outside
U1,"the gate, waiting for us. We were always confused."
U1,Was someone opening the gate What was going on
U1,It never occurred to us that she could actually scale a
U1,"five-foot wall, but that was exactly what was"
U1,"happening. Every morning, Fufi would wait for us to"
U1,"leave, jump over the wall, and go roaming around"
U1,the neighborhood.
U1,I caught her one day when I was home for the
U1,school holidays. My mom had left for work and I was
U1,in the living room. Fufi didnt know I was there she
U1,thought I was gone because the car was gone. I heard
U1,"Panther barking in the backyard, looked out, and"
U1,"there was Fufi, scaling the wall. Shed jumped,"
U1,"scampered up the last couple of feet, and then she"
U1,was gone.
U1,I couldnt believe this was happening. I ran out
U1,"front, grabbed my bicycle, and followed her to see"
U1,"where she was going. She went a long way, many"
U1,"streets over, to another part of the neighborhood."
U1,Then she went up to this other house and jumped
U1,over their wall and into their backyard. What the hell
U1,was she doing I went up to the gate and rang the
U1,doorbell. This colored kid answered.
U1,May I help you he said.
U1,Yeah. My dog is in your yard.
U1,What
U1,My dog. Shes in your yard.
U1,Fufi walked up and stood between us.
U1,"Fufi, come I said. Lets go"
U1,This kid looked at Fufi and called her by some
U1,"other stupid name, Spotty or some bullshit like that."
U1,"Spotty, go back inside the house."
U1,"Whoa, whoa, I said. Spotty Thats Fufi"
U1,"No, thats my dog, Spotty."
U1,"No, thats Fufi, my friend."
U1,"No, this is Spotty."
U1,How could this be Spotty She doesnt even
U1,have spots. You dont know what youre talking
U1,about.
U1,This is Spotty
U1,Fufi
U1,Spotty
U1,Fufi
U1,"Of course, since Fufi was deaf she didnt"
U1,respond to Spotty or Fufi. She just stood there. I
U1,started cursing the kid out.
U1,Give me back my dog
U1,"I dont know who you are, he said, but you"
U1,better get out of here.
U1,Then he went into the house and got his mom
U1,and she came out.
U1,What do you want she said.
U1,Thats my dog
U1,This is our dog. Go away.
U1,I started crying. Why are you stealing my
U1,"dog I turned to Fufi and begged her. Fufi, why"
U1,"are you doing this to me Why, Fufi Why I"
U1,called to her. I begged her to come. Fufi was deaf to
U1,my pleas. And everything else.
U1,"I jumped onto my bike and raced home, tears"
U1,running down my face. I loved Fufi so much. To see
U1,"her with another boy, acting like she didnt know me,"
U1,"after I raised her, after all the nights we spent"
U1,together. I was heartbroken.
U1,That evening Fufi didnt come home. Because
U1,the other family thought I was coming to steal their
U1,"dog, they had decided to lock her inside, so she"
U1,couldnt make it back the way she normally did to
U1,wait for us outside the fence. My mom got home
U1,from work. I was in tears. I told her Fufi had been
U1,kidnapped. We went back to the house. My mom
U1,rang the bell and confronted the mom.
U1,"Look, this is our dog."
U1,This lady lied to my moms face. This is not
U1,your dog. We bought this dog.
U1,You didnt buy the dog. Its our dog.
U1,They went back and forth. This woman wasnt
U1,"budging, so we went home to get evidence: pictures"
U1,"of us with the dogs, certificates from the vet. I was"
U1,"crying the whole time, and my mom was losing her"
U1,patience with me. Stop crying Well get the dog
U1,Calm down
U1,We gathered up our documentation and went
U1,back to the house. This time we brought Panther
U1,"with us, as part of the proof. My mom showed this"
U1,lady the pictures and the information from the vet.
U1,She still wouldnt give us Fufi. My mom threatened
U1,to call the police. It turned into a whole thing. Finally
U1,"my mom said, Okay, Ill give you a hundred rand."
U1,"Fine, the lady said."
U1,My mom gave her some money and she brought
U1,"Fufi out. The other kid, who thought Fufi was Spotty,"
U1,had to watch his mother sell the dog he thought was
U1,"his. Now he started crying. Spotty No Mom, you"
U1,cant sell Spotty I didnt care. I just wanted Fufi
U1,back.
U1,Once Fufi saw Panther she came right away. The
U1,dogs left with us and we walked. I sobbed the whole
U1,"way home, still heartbroken. My mom had no time"
U1,for my whining.
U1,Why are you crying
U1,Because Fufi loves another boy.
U1,So Why would that hurt you It didnt cost you
U1,anything. Fufis here. She still loves you. Shes still
U1,your dog. So get over it.
U1,Fufi was my first heartbreak. No one has ever
U1,betrayed me more than Fufi. It was a valuable lesson
U1,to me. The hard thing was understanding that Fufi
U1,wasnt cheating on me with another boy. She was
U1,merely living her life to the fullest. Until I knew that
U1,"she was going out on her own during the day, her"
U1,other relationship hadnt affected me at all. Fufi had
U1,no malicious intent.
U1,"I believed that Fufi was my dog, but of course"
U1,that wasnt true. Fufi was a dog. I was a boy. We got
U1,along well. She happened to live in my house. That
U1,experience shaped what Ive felt about relationships
U1,for the rest of my life: You do not own the thing that
U1,you love. I was lucky to learn that lesson at such a
U1,"young age. I have so many friends who still, as"
U1,"adults, wrestle with feelings of betrayal. Theyll come"
U1,to me angry and crying and talking about how
U1,"theyve been cheated on and lied to, and I feel for"
U1,them. I understand what theyre going through. I sit
U1,"with them and buy them a drink and I say, Friend,"
U1,let me tell you the story of Fufi.
U1,"When I was twenty-four years old, one day out of the blue"
U1,"my mother said to me, You need to find your father."
U1,Why I asked. At that point I hadnt seen him in over
U1,ten years and didnt think Id ever see him again.
U1,"Because hes a piece of you, she said, and if you dont"
U1,find him you wont find yourself.
U1,"I dont need him for that, I said. I know who I am."
U1,Its not about knowing who you are. Its about him
U1,"knowing who you are, and you knowing who he is. Too many"
U1,"men grow up without their fathers, so they spend their lives"
U1,with a false impression of who their father is and what a
U1,father should be. You need to find your father. You need to
U1,show him what youve become. You need to finish that
U1,story.
U1,ROBERT
U1,My father is a complete mystery. There are so many
U1,questions about his life that I still cannot even begin
U1,to answer.
U1,Whered he grow up Somewhere in
U1,Switzerland.
U1,Whered he go to university I dont know if he
U1,did.
U1,Howd he end up in South Africa I havent a
U1,clue.
U1,Ive never met my Swiss grandparents. I dont
U1,know their names or anything about them. I do
U1,"know my dad has an older sister, but Ive never met"
U1,"her, either. I know that he worked as a chef in"
U1,Montreal and New York for a while before moving to
U1,South Africa in the late 1970s. I know that he worked
U1,for an industrial food-service company and that he
U1,opened a couple of bars and restaurants here and
U1,there. Thats about it.
U1,I never called my dad Dad. I never addressed
U1,"him Daddy or Father, either. I couldnt. I was"
U1,instructed not to. If we were out in public or
U1,anywhere people might overhear us and I called him
U1,"Dad, someone might have asked questions or"
U1,called the police. So for as long as I can remember I
U1,always called him Robert.
U1,"While I know nothing of my dads life before me,"
U1,thanks to my mom and just from the time I have
U1,"been able to spend with him, I do have a sense of"
U1,"who he is as a person. Hes very Swiss, clean and"
U1,particular and precise. Hes the only person I know
U1,who checks into a hotel room and leaves it cleaner
U1,than when he arrived. He doesnt like anyone waiting
U1,"on him. No servants, no housekeepers. He cleans up"
U1,after himself. He likes his space. He lives in his own
U1,world and does his own everything.
U1,I know that he never married. He used to say
U1,that most people marry because they want to control
U1,"another person, and he never wanted to be"
U1,"controlled. I know that he loves traveling, loves"
U1,"entertaining, having people over. But at the same"
U1,time his privacy is everything to him. Wherever he
U1,lives hes never listed in the phone book. Im sure my
U1,parents would have been caught in their time
U1,together if he hadnt been as private as he is. My
U1,mom was wild and impulsive. My father was
U1,"reserved and rational. She was fire, he was ice. They"
U1,"were opposites that attracted, and I am a mix of"
U1,them both.
U1,One thing I do know about my dad is that he
U1,"hates racism and homogeneity more than anything,"
U1,and not because of any feelings of self-righteousness
U1,or moral superiority. He just never understood how
U1,white people could be racist in South Africa. Africa
U1,"is full of black people, he would say. So why would"
U1,you come all the way to Africa if you hate black
U1,"people If you hate black people so much, why did"
U1,you move into their house To him it was insane.
U1,"Because racism never made sense to my father,"
U1,he never subscribed to any of the rules of apartheid.
U1,"In the early eighties, before I was born, he opened"
U1,one of the first integrated restaurants in
U1,"Johannesburg, a steakhouse. He applied for a special"
U1,license that allowed businesses to serve both black
U1,and white patrons. These licenses existed because
U1,hotels and restaurants needed them to serve black
U1,"travelers and diplomats from other countries, who in"
U1,theory werent subject to the same restrictions as
U1,black South Africans black South Africans with
U1,money in turn exploited that loophole to frequent
U1,those hotels and restaurants.
U1,"My dads restaurant was an instant, booming"
U1,success. Black people came because there were few
U1,"upscale establishments where they could eat, and"
U1,they wanted to come and sit in a nice restaurant and
U1,see what that was like. White people came because
U1,they wanted to see what it was like to sit with black
U1,people. The white people would sit and watch the
U1,"black people eat, and the black people would sit and"
U1,eat and watch the white people watching them eat.
U1,The curiosity of being together overwhelmed the
U1,animosity keeping people apart. The place had a
U1,great vibe.
U1,The restaurant closed only because a few people
U1,in the neighborhood took it upon themselves to
U1,"complain. They filed petitions, and the government"
U1,started looking for ways to shut my dad down. At
U1,first the inspectors came and tried to get him on
U1,cleanliness and health-code violations. Clearly they
U1,had never heard of the Swiss. That failed dismally.
U1,Then they decided to go after him by imposing
U1,additional and arbitrary restrictions.
U1,Since youve got the license you can keep the
U1,"restaurant open, they said, but youll need to have"
U1,separate toilets for every racial category. Youll need
U1,"white toilets, black toilets, colored toilets, and Indian"
U1,toilets.
U1,But then it will be a whole restaurant of
U1,nothing but toilets.
U1,"Well, if you dont want to do that, your other"
U1,option is to make it a normal restaurant and only
U1,serve whites.
U1,He closed the restaurant.
U1,"After apartheid fell, my father moved from"
U1,"Hillbrow to Yeoville, a formerly quiet, residential"
U1,neighborhood that had transformed into this vibrant
U1,melting pot of black and white and every other hue.
U1,Immigrants were pouring in from Nigeria and Ghana
U1,"and all over the continent, bringing different food"
U1,and exciting music. Rockey Street was the main
U1,"strip, and its sidewalks were filled with street"
U1,vendors and restaurants and bars. It was an
U1,explosion of culture.
U1,"My dad lived two blocks over from Rockey, on"
U1,"Yeo Street, right next to this incredible park where I"
U1,loved to go because kids of all races and different
U1,countries were running around and playing there.
U1,"My dads house was simple. Nice, but nothing fancy."
U1,I feel like my dad had enough money to be
U1,"comfortable and travel, but he never spent lavishly"
U1,"on things. Hes extremely frugal, the kind of guy who"
U1,drives the same car for twenty years.
U1,My father and I lived on a schedule. I visited
U1,him every Sunday afternoon. Even though apartheid
U1,"had ended, my mom had made her decision: She"
U1,"didnt want to get married. So we had our house, and"
U1,he had his. Id made a deal with my mom that if I
U1,went with her to mixed church and white church in
U1,"the morning, after that Id get to skip black church"
U1,"and go to my dads, where wed watch Formula 1"
U1,racing instead of casting out demons.
U1,I celebrated my birthday with my dad every
U1,"year, and we spent Christmas with him as well. I"
U1,loved Christmas with my dad because my dad
U1,celebrated European Christmas. European
U1,Christmas was the best Christmas ever. My dad went
U1,all out. He had Christmas lights and a Christmas
U1,tree. He had fake snow and snow globes and
U1,stockings hung by the fireplace and lots of wrapped
U1,presents from Santa Claus. African Christmas was a
U1,"lot more practical. Wed go to church, come home,"
U1,have a nice meal with good meat and lots of custard
U1,"and jelly. But there was no tree. Youd get a present,"
U1,"but it was usually just clothes, a new outfit. You"
U1,"might get a toy, but it wasnt wrapped and it was"
U1,never from Santa Claus. The whole issue of Santa
U1,Claus is a rather contentious one when it comes to
U1,"African Christmas, a matter of pride. When an"
U1,"African dad buys his kid a present, the last thing hes"
U1,going to do is give some fat white man credit for it.
U1,"African Dad will tell you straight up, No, no, no. I"
U1,bought you that.
U1,"Outside of birthdays and special occasions, all"
U1,we had were our Sunday afternoons. He would cook
U1,"for me. Hed ask me what I wanted, and Id always"
U1,"request the exact same meal, a German dish called"
U1,"Rsti, which is basically a pancake made out of"
U1,potatoes and some sort of meat with a gravy. Id have
U1,"that and a bottle of Sprite, and for dessert a plastic"
U1,container of custard with caramel on top.
U1,A good chunk of those afternoons would pass in
U1,silence. My dad didnt talk much. He was caring and
U1,"devoted, attentive to detail, always a card on my"
U1,"birthday, always my favorite food and toys when I"
U1,came for a visit. But at the same time he was a closed
U1,"book. Wed talk about the food he was making, talk"
U1,about the F1 racing wed watched. Every now and
U1,"then hed drop a tidbit of information, about a place"
U1,hed visited or his steakhouse. But that was it. Being
U1,with my dad was like watching a web series. Id get a
U1,"few minutes of information a few minutes at a time,"
U1,then Id have to wait a week for the next installment.
U1,
U1,"When I was thirteen my dad moved to Cape Town,"
U1,and we lost touch. Wed been losing touch for a
U1,"while, for a couple of reasons. I was a teenager. I had"
U1,a whole other world I was dealing with now.
U1,Videogames and computers meant more to me than
U1,"spending time with my parents. Also, my mom had"
U1,married Abel. He was incensed by the idea of my
U1,"mom being in contact with her previous love, and"
U1,she decided it was safer for everyone involved not to
U1,test his anger. I went from seeing my dad every
U1,"Sunday to seeing him every other Sunday, maybe"
U1,"once a month, whenever my mom could sneak me"
U1,"over, same as shed done back in Hillbrow. Wed"
U1,gone from living under apartheid to living under
U1,"another kind of tyranny, that of an abusive, alcoholic"
U1,man.
U1,"At the same time, Yeoville had started to suffer"
U1,"from white flight, neglect, general decline. Most of"
U1,my dads German friends had left for Cape Town. If
U1,"he wasnt seeing me, he had no reason to stay, so he"
U1,"left. His leaving wasnt anything traumatic, because"
U1,it never registered that we might lose touch and
U1,never see each other again. In my mind it was just
U1,Dads moving to Cape Town for a bit. Whatever.
U1,"Then he was gone. I stayed busy living my life,"
U1,"surviving high school, surviving my early twenties,"
U1,becoming a comedian. My career took off quickly. I
U1,got a radio DJ gig and hosted a kids adventure
U1,reality show on television. I was headlining at clubs
U1,all over the country. But even as my life was moving
U1,"forward, the questions about my dad were always"
U1,"there in the back of my mind, bubbling up to the"
U1,surface now and then. I wonder where he is. Does
U1,he think about me Does he know what Im doing Is
U1,"he proud of me When a parent is absent, youre left"
U1,"in the lurch of not knowing, and its so easy to fill"
U1,that space with negative thoughts. They dont care.
U1,Theyre selfish. My one saving grace was that my
U1,mom never spoke ill of him. She would always
U1,compliment him. Youre good with your money.
U1,You get that from your dad. You have your dads
U1,smile. Youre clean and tidy like your father. I
U1,"never turned to bitterness, because she made sure I"
U1,knew his absence was because of circumstance and
U1,not a lack of love. She always told me the story of her
U1,"coming home from the hospital and my dad saying,"
U1,Wheres my kid I want that kid in my life. Shed
U1,"say to me, Dont ever forget: He chose you. And,"
U1,"ultimately, when I turned twenty-four, it was my"
U1,mom who made me track him down.
U1,"Because my father is so private, finding him was"
U1,hard work. We didnt have an address. He wasnt in
U1,the phone book. I started by reaching out to some of
U1,"his old connections, German expats in"
U1,"Johannesburg, a woman who used to date one of his"
U1,friends who knew somebody who knew the last place
U1,he stayed. I got nowhere. Finally my mom suggested
U1,"the Swiss embassy. They have to know where he is,"
U1,"she said, because he has to be in touch with them."
U1,I wrote to the Swiss embassy asking them where
U1,"my father was, but because my father is not on my"
U1,birth certificate I had no proof that my father is my
U1,father. The embassy wrote back and said they
U1,"couldnt give me any information, because they"
U1,"didnt know who I was. I tried calling them, and I got"
U1,"the runaround there as well. Look, kid, they said."
U1,We cant help you. Were the Swiss embassy. Do
U1,you know nothing about the Swiss Discretion is
U1,kind of our thing. Thats what we do. Tough luck. I
U1,"kept pestering them and finally they said, Okay,"
U1,"well take your letter and, if a man such as youre"
U1,"describing exists, we might forward your letter to"
U1,"him. If he doesnt, maybe we wont. Lets see what"
U1,happens.
U1,"A few months later, a letter came back in the"
U1,"post: Great to hear from you. How are you Love,"
U1,"Dad. He gave me his address in Cape Town, in a"
U1,"neighborhood called Camps Bay, and a few months"
U1,later I went down to visit.
U1,Ill never forget that day. It was probably one of
U1,"the weirdest days of my life, going to meet a person I"
U1,knew and yet did not know at all. My memories of
U1,him felt just out of reach. I was trying to remember
U1,"how he spoke, how he laughed, what his manner"
U1,was. I parked on his street and started looking for his
U1,"address. Camps Bay is full of older, semiretired"
U1,"white people, and as I walked down the road all"
U1,these old white men were walking toward me and
U1,past me. My father was pushing seventy by that
U1,"point, and I was so afraid Id forgotten what he"
U1,looked like. I was looking in the face of every old
U1,"white man who passed me, like, Are you my daddy"
U1,Basically it looked like I was cruising old white dudes
U1,in a beachfront retirement community. Then finally I
U1,"got to the address Id been given and rang the bell,"
U1,and the second he opened the door I recognized him.
U1,"Hey Its you, I thought. Of course its you. Youre"
U1,the guy. I know you.
U1,"We picked up right where wed left off, which"
U1,was him treating me exactly the way hed treated me
U1,as a thirteen-year-old boy. Like the creature of habit
U1,"he was, my father went straight back into it. Right"
U1,"So where were we Here, Ive got all your favorites."
U1,Potato Rsti. A bottle of Sprite. Custard with
U1,caramel. Luckily my tastes hadnt matured much
U1,"since the age of thirteen, so I tucked right in."
U1,While I was eating he got up and went and
U1,"picked up this book, an oversized photo album, and"
U1,brought it back to the table. Ive been following
U1,"you, he said, and he opened it up. It was a"
U1,"scrapbook of everything I had ever done, every time"
U1,"my name was mentioned in a newspaper, everything"
U1,"from magazine covers to the tiniest club listings,"
U1,from the beginning of my career all the way through
U1,to that week. He was smiling so big as he took me
U1,"through it, looking at the headlines. Trevor Noah"
U1,Appearing This Saturday at the Blues Room.
U1,Trevor Noah Hosting New TV Show.
U1,I felt a flood of emotions rushing through me. It
U1,was everything I could do not to start crying. It felt
U1,like this ten-year gap in my life closed right up in an
U1,"instant, like only a day had passed since Id last seen"
U1,him. For years Id had so many questions. Is he
U1,thinking about me Does he know what Im doing
U1,Is he proud of me But hed been with me the whole
U1,time. Hed always been proud of me. Circumstance
U1,"had pulled us apart, but he was never not my father."
U1,I walked out of his house that day an inch taller.
U1,Seeing him had reaffirmed his choosing of me. He
U1,chose to have me in his life. He chose to answer my
U1,letter. I was wanted. Being chosen is the greatest gift
U1,you can give to another human being.
U1,"Once we reconnected, I was overcome by this"
U1,drive to make up for all the years wed missed. I
U1,decided the best way to do it was to interview him. I
U1,realized very quickly that that was a mistake.
U1,"Interviews will give you facts and information, but"
U1,facts and information werent really what I was after.
U1,"What I wanted was a relationship, and an interview"
U1,is not a relationship. Relationships are built in the
U1,"silences. You spend time with people, you observe"
U1,"them and interact with them, and you come to know"
U1,themand that is what apartheid stole from us:
U1,"time. You cant make up for that with an interview,"
U1,but I had to figure that out for myself.
U1,"I went down to spend a few days with my father,"
U1,and I made it my mission: This weekend I will get to
U1,know my father. As soon as I arrived I started
U1,peppering him with questions. Where are you from
U1,Where did you go to school Why did you do this
U1,How did you do that He started getting visibly
U1,irritated.
U1,What is this he said. Why are you
U1,interrogating me Whats going on here
U1,I want to get to know you.
U1,"Is this how you normally get to know people, by"
U1,interrogating them
U1,Wellnot really.
U1,So how do you get to know people
U1,"I dunno. By spending time with them, I guess."
U1,Okay. So spend time with me. See what you
U1,find out.
U1,So we spent the weekend together. We had
U1,dinner and talked about politics. We watched F1
U1,racing and talked about sports. We sat quietly in his
U1,backyard and listened to old Elvis Presley records.
U1,The whole time he said not one word about himself.
U1,"Then, as I was packing up to leave, he walked over to"
U1,me and sat down.
U1,"So, he said, in the time weve spent together,"
U1,what would you say youve learned about your dad
U1,Nothing. All I know is that youre extremely
U1,secretive.
U1,You see Youre getting to know me already.
U1,When Dutch colonists landed at the southern tip of Africa
U1,"over three hundred years ago, they encountered an"
U1,indigenous people known as the Khoisan. The Khoisan are
U1,"the Native Americans of South Africa, a lost tribe of"
U1,"bushmen, nomadic hunter-gatherers distinct from the"
U1,"darker, Bantu-speaking peoples who later migrated south to"
U1,"become the Zulu, Xhosa, and Sotho tribes of modern South"
U1,Africa. While settling in Cape Town and the surrounding
U1,"frontier, the white colonists had their way with the Khoisan"
U1,"women, and the first mixed people of South Africa were"
U1,born.
U1,"To work the colonists farms, slaves were soon imported"
U1,"from different corners of the Dutch empire, from West"
U1,"Africa, Madagascar, and the East Indies. The slaves and the"
U1,"Khoisan intermarried, and the white colonists continued to"
U1,"dip in and take their liberties, and over time the Khoisan all"
U1,but disappeared from South Africa. While most were killed
U1,"off through disease, famine, and war, the rest of their"
U1,"bloodline was bred out of existence, mixed in with the"
U1,descendants of whites and slaves to form an entirely new
U1,"race of people: coloreds. Colored people are a hybrid, a"
U1,complete mix. Some are light and some are dark. Some have
U1,"Asian features, some have white features, some have black"
U1,features. Its not uncommon for a colored man and a colored
U1,woman to have a child that looks nothing like either parent.
U1,The curse that colored people carry is having no clearly
U1,defined heritage to go back to. If they trace their lineage
U1,"back far enough, at a certain point it splits into white and"
U1,native and a tangled web of other. Since their native
U1,"mothers are gone, their strongest affinity has always been"
U1,"with their white fathers, the Afrikaners. Most colored people"
U1,dont speak African languages. They speak Afrikaans. Their
U1,"religion, their institutions, all of the things that shaped their"
U1,culture came from Afrikaners.
U1,"The history of colored people in South Africa is, in this"
U1,"respect, worse than the history of black people in South"
U1,"Africa. For all that black people have suffered, they know"
U1,who they are. Colored people dont.
U1,THE MULBERRY TREE
U1,"At the end of our street in Eden Park, right in a bend"
U1,"at the top of the road, stood a giant mulberry tree"
U1,growing out of someones front yard. Every year
U1,when it bore fruit the neighborhood kids would go
U1,"and pick berries from it, eating as many as they"
U1,could and filling up bags to take home. They would
U1,all play under the tree together. I had to play under
U1,the tree by myself. I didnt have any friends in Eden
U1,Park.
U1,I was the anomaly wherever we lived. In
U1,"Hillbrow, we lived in a white area, and nobody"
U1,"looked like me. In Soweto, we lived in a black area,"
U1,and nobody looked like me. Eden Park was a colored
U1,"area. In Eden Park, everyone looked like me, but we"
U1,couldnt have been more different. It was the biggest
U1,mindfuck Ive ever experienced.
U1,The animosity I felt from the colored people I
U1,encountered growing up was one of the hardest
U1,things Ive ever had to deal with. It taught me that it
U1,is easier to be an insider as an outsider than to be an
U1,outsider as an insider. If a white guy chooses to
U1,immerse himself in hip-hop culture and only hang
U1,"out with black people, black people will say, Cool,"
U1,white guy. Do what you need to do. If a black guy
U1,chooses to button up his blackness to live among
U1,"white people and play lots of golf, white people will"
U1,"say, Fine. I like Brian. Hes safe. But try being a"
U1,black person who immerses himself in white culture
U1,while still living in the black community. Try being a
U1,white person who adopts the trappings of black
U1,culture while still living in the white community. You
U1,will face more hate and ridicule and ostracism than
U1,you can even begin to fathom. People are willing to
U1,accept you if they see you as an outsider trying to
U1,assimilate into their world. But when they see you as
U1,a fellow tribe member attempting to disavow the
U1,"tribe, that is something they will never forgive. That"
U1,is what happened to me in Eden Park.
U1,
U1,"When apartheid came, colored people defied easy"
U1,"categorization, so the system used themquite"
U1,"brilliantlyto sow confusion, hatred, and mistrust."
U1,"For the purposes of the state, colored people became"
U1,"the almost-whites. They were second-class citizens,"
U1,denied the rights of white people but given special
U1,"privileges that black people didnt have, just to keep"
U1,them holding out for more. Afrikaners used to call
U1,them amperbaas: the almost-boss. The almost-
U1,master. Youre almost there. Youre so close. Youre
U1,this close to being white. Pity your grandfather
U1,"couldnt keep his hands off the chocolate, eh But its"
U1,"not your fault youre colored, so keep trying. Because"
U1,if you work hard enough you can erase this taint
U1,from your bloodline. Keep on marrying lighter and
U1,"whiter and dont touch the chocolate and maybe,"
U1,"maybe, someday, if youre lucky, you can become"
U1,white.
U1,"Which seems ridiculous, but it would happen."
U1,"Every year under apartheid, some colored people"
U1,would get promoted to white. It wasnt a myth it was
U1,real. People could submit applications to the
U1,government. Your hair might become straight
U1,"enough, your skin might become light enough, your"
U1,accent might become polished enoughand youd be
U1,reclassified as white. All you had to do was denounce
U1,"your people, denounce your history, and leave your"
U1,darker-skinned friends and family behind.
U1,The legal definition of a white person under
U1,apartheid was one who in appearance is obviously a
U1,white person who is generally not accepted as a
U1,coloured person or is generally accepted as a white
U1,person and is not in appearance obviously a white
U1,"person. It was completely arbitrary, in other words."
U1,Thats where the government came up with things
U1,"like the pencil test. If you were applying to be white,"
U1,"the pencil went into your hair. If it fell out, you were"
U1,"white. If it stayed in, you were colored. You were"
U1,what the government said you were. Sometimes that
U1,came down to a lone clerk eyeballing your face and
U1,making a snap decision. Depending on how high
U1,"your cheekbones were or how broad your nose was,"
U1,"he could tick whatever box made sense to him,"
U1,"thereby deciding where you could live, whom you"
U1,"could marry, what jobs and rights and privileges you"
U1,were allowed.
U1,And colored people didnt just get promoted to
U1,white. Sometimes colored people became Indian.
U1,Sometimes Indian people became colored.
U1,"Sometimes blacks were promoted to colored, and"
U1,sometimes coloreds were demoted to black. And of
U1,course whites could be demoted to colored as well.
U1,That was key. Those mixed bloodlines were always
U1,"lurking, waiting to peek out, and fear of losing their"
U1,status kept white people in line. If two white parents
U1,had a child and the government decided that child
U1,"was too dark, even if both parents produced"
U1,"documentation proving they were white, the child"
U1,"could be classified as colored, and the family had to"
U1,make a decision. Do they give up their white status
U1,to go and live as colored people in a colored area Or
U1,"would they split up, the mother taking the colored"
U1,child to live in the ghetto while the father stayed
U1,white to make a living to support them
U1,"Many colored people lived in this limbo, a true"
U1,"purgatory, always yearning for the white fathers who"
U1,"disowned them, and they could be horribly racist to"
U1,one another as a result. The most common colored
U1,slur was boesman. Bushman. Bushie. Because it
U1,"called out their blackness, their primitiveness. The"
U1,worst way to insult a colored person was to infer that
U1,they were in some way black. One of the most
U1,sinister things about apartheid was that it taught
U1,colored people that it was black people who were
U1,holding them back. Apartheid said that the only
U1,reason colored people couldnt have first-class status
U1,was because black people might use coloredness to
U1,sneak past the gates to enjoy the benefits of
U1,whiteness.
U1,Thats what apartheid did: It convinced every
U1,group that it was because of the other race that they
U1,didnt get into the club. Its basically the bouncer at
U1,"the door telling you, We cant let you in because of"
U1,your friend Darren and his ugly shoes. So you look
U1,"at Darren and say, Screw you, Black Darren. Youre"
U1,"holding me back. Then when Darren goes up, the"
U1,"bouncer says, No, its actually your friend Sizwe and"
U1,"his weird hair. So Darren says, Screw you, Sizwe,"
U1,and now everyone hates everyone. But the truth is
U1,that none of you were ever getting into that club.
U1,Colored people had it rough. Imagine: Youve
U1,been brainwashed into believing that your blood is
U1,tainted. Youve spent all your time assimilating and
U1,"aspiring to whiteness. Then, just as you think youre"
U1,"closing in on the finish line, some fucking guy named"
U1,Nelson Mandela comes along and flips the country
U1,on its head. Now the finish line is back where the
U1,"starting line was, and the benchmark is black. Black"
U1,is in charge. Black is beautiful. Black is powerful. For
U1,centuries colored people were told: Blacks are
U1,monkeys. Dont swing from the trees like them.
U1,Learn to walk upright like the white man. Then all of
U1,"a sudden its Planet of the Apes, and the monkeys"
U1,have taken over.
U1,
U1,So you can imagine how weird it was for me. I was
U1,mixed but not coloredcolored by complexion but
U1,not by culture. Because of that I was seen as a
U1,colored person who didnt want to be colored.
U1,"In Eden Park, I encountered two types of"
U1,colored people. Some colored people hated me
U1,because of my blackness. My hair was curly and I
U1,was proud of my Afro. I spoke African languages and
U1,loved speaking them. People would hear me
U1,"speaking Xhosa or Zulu and theyd say, Wat is jy n"
U1,"Boesman What are you, a Bushman Why are"
U1,you trying to be black Why do you speak that click-
U1,click language Look at your light skin. Youre
U1,almost there and youre throwing it away.
U1,Other colored people hated me because of my
U1,"whiteness. Even though I identified as being black, I"
U1,had a white father. I went to an English private
U1,school. Id learned to get along with white people at
U1,"church. I could speak perfect English, and I barely"
U1,"spoke Afrikaans, the language colored people were"
U1,supposed to speak. So colored people thought that I
U1,thought I was better than them. They would mock
U1,"my accent, like I was putting on airs. Dink jy, jy is"
U1,"grnd You think youre high classuppity,"
U1,people would say in America.
U1,"Even when I thought I was liked, I wasnt. One"
U1,year I got a brand-new bike during the summer
U1,holidays. My cousin Mlungisi and I were taking
U1,turns riding around the block. I was riding up our
U1,street when this cute colored girl came out to the
U1,road and stopped me. She smiled and waved to me
U1,sweetly.
U1,"Hey, she said, can I ride your bike"
U1,"I was completely shocked. Oh, wow, I thought, I"
U1,made a friend.
U1,"Yeah, of course, I said."
U1,I got off and she got on and rode about twenty
U1,or thirty feet. Some random older kid came running
U1,"up to the street, she stopped and got off, and he"
U1,climbed on and rode away. I was so happy that a girl
U1,had spoken to me that it didnt fully sink in that
U1,"theyd stolen my bicycle. I ran back home, smiling"
U1,and skipping along. My cousin asked where the
U1,bicycle was. I told him.
U1,"Trevor, youve been robbed, he said. Why"
U1,didnt you chase them
U1,I thought they were being nice. I thought Id
U1,made a friend.
U1,"Mlungisi was older, my protector. He ran off"
U1,"and found the kids, and thirty minutes later he came"
U1,back with my bike.
U1,Things like that happened a lot. I was bullied all
U1,the time. The incident at the mulberry tree was
U1,probably the worst of them. Late one afternoon I was
U1,"playing by myself like I always did, running around"
U1,the neighborhood. This group of five or six colored
U1,boys was up the street picking berries off the
U1,mulberry tree and eating them. I went over and
U1,started picking some to take home for myself. The
U1,"boys were a few years older than me, around twelve"
U1,"or thirteen. They didnt talk to me, and I didnt talk"
U1,to them. They were speaking to one another in
U1,"Afrikaans, and I could understand what they were"
U1,"saying. Then one of them, this kid who was the"
U1,"ringleader of the group, walked over. Mag ek jou"
U1,moerbeie sien Can I see your mulberries My
U1,"first thought, again, was, Oh, cool. I made a friend. I"
U1,held up my hand and showed him my mulberries.
U1,Then he knocked them out of my hand and smushed
U1,them into the ground. The other kids started
U1,laughing. I stood there and looked at him a moment.
U1,By that point Id developed thick skin. I was used to
U1,being bullied. I shrugged it off and went back to
U1,picking berries.
U1,"Clearly not getting the reaction he wanted, this"
U1,"kid started cursing me out. Fok weg, jou onnosele"
U1,"Boesman Get the fuck out of here Go away, you"
U1,stupid Bushie Bushman I ignored him and went
U1,on about my business. Then I felt a splat on the
U1,back of my head. Hed hit me with a mulberry. It
U1,"wasnt painful, just startling. I turned to look at him"
U1,"and, splat, he hit me again, right in my face."
U1,"Then, in a split second, before I could even"
U1,"react, all of these kids started pelting me with"
U1,"berries, pelting the shit out of me. Some of the"
U1,"berries werent ripe, and they stung like rocks. I tried"
U1,"to cover my face with my hands, but there was a"
U1,barrage coming at me from all sides. They were
U1,laughing and pelting me and calling me names.
U1,Bushie Bushman I was terrified. Just the
U1,"suddenness of it, I didnt know what to do. I started"
U1,"crying, and I ran. I ran for my life, all the way back"
U1,down the road to our house.
U1,When I ran inside I looked like Id been beaten
U1,to a pulp because I was bawling my eyes out and was
U1,covered in red-purple berry juice. My mother looked
U1,"at me, horrified."
U1,What happened
U1,In between sobs I told her the story. These
U1,kidsthe mulberry treethey threw berries at me
U1,"When I finished, she burst out laughing. Its not"
U1,funny I said.
U1,"No, no, Trevor, she said. Im not laughing"
U1,because its funny. Im laughing out of relief. I
U1,thought youd been beaten up. I thought this was
U1,blood. Im laughing because its only berry juice.
U1,My mom thought everything was funny. There
U1,was no subject too dark or too painful for her to
U1,"tackle with humor. Look on the bright side, she"
U1,"said, laughing and pointing to the half of me covered"
U1,in dark berry juice. Now you really are half black
U1,and half white.
U1,Its not funny
U1,"Trevor, youre okay, she said. Go and wash"
U1,up. Youre not hurt. Youre hurt emotionally. But
U1,youre not hurt.
U1,"Half an hour later, Abel showed up. At that"
U1,point Abel was still my moms boyfriend. He wasnt
U1,"trying to be my father or even a stepfather, really. He"
U1,was more like a big brother than anything. Hed joke
U1,"around with me, have fun. I didnt know him that"
U1,"well, but one thing I did know about him was that he"
U1,"had a temper. Very charming when he wanted to be,"
U1,"incredibly funny, but fuck he could be mean. Hed"
U1,"grown up in the homelands, where you had to fight"
U1,"to survive. Abel was big, too, around six-foot-three,"
U1,long and lean. He hadnt hit my mom yet. He hadnt
U1,"hit me yet, either. But I knew he was dangerous. Id"
U1,seen it. Someone would cut us off in traffic. Abel
U1,would yell out the window. The other guy would
U1,honk and yell back. In a flash Abel would be out of
U1,"our car, over to theirs, grabbing the guy through the"
U1,"drivers-side window, screaming in his face, raising a"
U1,"fist. Youd see the other guy panic. Whoa, whoa,"
U1,"whoa. Im sorry, Im sorry."
U1,"When Abel walked in that night, he sat down on"
U1,the couch and saw that Id been crying.
U1,What happened he said.
U1,I started to explain. My mother cut me off.
U1,"Dont tell him, she said. She knew what would"
U1,happen. She knew better than me.
U1,Dont tell me what Abel said.
U1,"Its nothing, she said."
U1,"Its not nothing, I said."
U1,She glared at me. Dont tell him.
U1,Abel was getting frustrated. What Dont tell
U1,me what
U1,Hed been drinking he never came home from
U1,"work sober, and the drinking always made his"
U1,"temper worse. It was strange, but in that moment I"
U1,realized that if I said the right things I could get him
U1,"to step in and do something. We were almost family,"
U1,and I knew if I made him feel like his family had
U1,"been insulted, hed help me get back at the boys. I"
U1,"knew he had a demon inside him, and I hated that it"
U1,terrified me how violent and dangerous he was when
U1,he snapped. But in that moment I knew exactly what
U1,I had to say to get the monster on my side.
U1,"I told him the story, the names they called me,"
U1,the way they attacked me. My mother kept laughing
U1,"it off, telling me to get over it, that it was kids being"
U1,"kids, no big deal. She was trying to defuse the"
U1,"situation, but I couldnt see that. I was just mad at"
U1,"her. You think its a joke, but its not funny Its not"
U1,funny
U1,Abel wasnt laughing. As I told him what the
U1,"bullies had done, I could see the anger building up"
U1,"inside him. With Abels anger, there was no ranting"
U1,"and raving, no clenched fists. He sat there on the"
U1,"couch listening to me, not saying a word. Then, very"
U1,"calm and deliberate, he stood up."
U1,"Take me to these boys, he said."
U1,"Yes, I thought, this is it. Big brother is going to"
U1,get my revenge for me.
U1,"We got into his car and drove up the road,"
U1,stopping a few houses down from the tree. It was
U1,"dark now except for the light from the streetlamps,"
U1,"but we could see the boys were still there, playing"
U1,under the tree. I pointed to the ringleader. That
U1,one. He was the main one. Abel slammed his foot
U1,on the gas and shot up onto the grass and straight
U1,toward the bottom of the tree. He jumped out. I
U1,jumped out. As soon as the kids saw me they knew
U1,exactly what was happening. They scattered and ran
U1,like hell.
U1,"Abel was quick. Good Lord, he was fast. The"
U1,ringleader had made a dash for it and was trying to
U1,"climb over a wall. Abel grabbed him, pulled him"
U1,"down, and dragged him back. Then he stripped a"
U1,"branch off the tree, a switch, and started whipping"
U1,"him. He whipped the shit out of him, and I loved it. I"
U1,have never enjoyed anything as much as I enjoyed
U1,that moment. Revenge truly is sweet. It takes you to
U1,"a dark place, but, man, it satisfies a thirst."
U1,Then there was the strangest moment where it
U1,flipped. I caught a glimpse of the look of terror in the
U1,"boys face, and I realized that Abel had gone past"
U1,getting revenge for me. He wasnt doing this to teach
U1,the kid a lesson. He was just beating him. He was a
U1,grown man venting his rage on a twelve-year-old
U1,"boy. In an instant I went from Yes, I got my revenge"
U1,"to No, no, no. Too much. Too much. Oh shit. Oh shit."
U1,"Oh shit. Dear God, what have I done"
U1,"Once this kid was beat to shit, Abel dragged him"
U1,over to the car and held him up in front of me. Say
U1,"youre sorry. The kid was whimpering, trembling."
U1,"He looked me in the eye, and I had never seen fear in"
U1,someones eyes like I saw in his. Hed been beaten by
U1,a stranger in a way I dont think hed ever been
U1,"beaten before. He said he was sorry, but it was like"
U1,his apology wasnt for what hed done to me. It was
U1,like he was sorry for every bad thing hed ever done
U1,"in his life, because he didnt know there could be a"
U1,punishment like this.
U1,"Looking in that boys eyes, I realized how much"
U1,he and I had in common. He was a kid. I was a kid.
U1,He was crying. I was crying. He was a colored boy in
U1,"South Africa, taught how to hate and how to hate"
U1,himself. Who had bullied him that he needed to bully
U1,"me Hed made me feel fear, and to get my revenge"
U1,Id unleashed my own hell on his world. But I knew
U1,Id done a terrible thing.
U1,"Once the kid apologized, Abel shoved him away"
U1,"and kicked him. Go. The kid ran off, and we drove"
U1,back to the house in silence. At home Abel and my
U1,mom got in a huge fight. She was always on him
U1,about his temper. You cant go around hitting other
U1,"peoples children Youre not the law This anger,"
U1,this is no way to live
U1,A couple of hours later this kids dad drove over
U1,to our house to confront Abel. Abel went out to the
U1,"gate, and I watched from inside the house. By that"
U1,point Abel was truly drunk. This kids dad had no
U1,idea what he was walking into. He was some mild-
U1,"mannered, middle-aged guy. I dont remember much"
U1,"about him, because I was watching Abel the whole"
U1,time. I never took my eyes off him. I knew thats
U1,where the danger was.
U1,Abel didnt have a gun yet he bought that later.
U1,But Abel didnt need a gun to put the fear of God in
U1,you. I watched as he got right in this guys face. I
U1,"couldnt hear what the other man was saying, but I"
U1,heard Abel. Dont fuck with me. I will kill you. The
U1,guy turned quickly and got back in his car and drove
U1,away. He thought he was coming to defend the
U1,honor of his family. He left happy to escape with his
U1,life.
U1,"When I was growing up, my mom spent a lot of time trying"
U1,"to teach me about women. She was always giving me lessons,"
U1,"little talks, pieces of advice. It was never a full-blown, sit-"
U1,down lecture about relationships. It was more like tidbits
U1,"along the way. And I never understood why, because I was a"
U1,kid. The only women in my life were my mom and my
U1,grandmother and my aunt and my cousin. I had no love
U1,"interest whatsoever, yet my mom insisted. She would go off"
U1,on a whole range of things.
U1,"Trevor, remember a man is not determined by how"
U1,much he earns. You can still be the man of the house and
U1,earn less than your woman. Being a man is not what you
U1,"have, its who you are. Being more of a man doesnt mean"
U1,your woman has to be less than you.
U1,"Trevor, make sure your woman is the woman in your"
U1,life. Dont be one of these men who makes his wife compete
U1,with his mother. A man with a wife cannot be beholden to
U1,his mother.
U1,The smallest thing could prompt her. Id walk through
U1,"the house on the way to my room and say, Hey, Mom"
U1,"without glancing up. Shed say, No, Trevor You look at me."
U1,"You acknowledge me. Show me that I exist to you, because"
U1,the way you treat me is the way you will treat your woman.
U1,Women like to be noticed. Come and acknowledge me and
U1,let me know that you see me. Dont just see me when you
U1,need something.
U1,These little lessons were always about grown-up
U1,"relationships, funnily enough. She was so preoccupied with"
U1,teaching me how to be a man that she never taught me how
U1,to be a boy. How to talk to a girl or pass a girl a note in class
U1,there was none of that. She only told me about adult
U1,"things. She would even lecture me about sex. As I was a kid,"
U1,that would get very awkward.
U1,"Trevor, dont forget: Youre having sex with a woman in"
U1,her mind before youre having sex with her in her vagina.
U1,"Trevor, foreplay begins during the day. It doesnt begin"
U1,in the bedroom.
U1,"Id be like, What What is foreplay What does that"
U1,even mean
U1,"A YOUNG MANS LONG,"
U1,"AWKWARD, OCCASIONALLY"
U1,"TRAGIC, AND FREQUENTLY"
U1,HUMILIATING EDUCATION IN
U1,"AFFAIRS OF THE HEART,"
U1,PART I: VALENTINES DAY
U1,"It was my first year at H. A. Jack, the primary school"
U1,I transferred to after leaving Maryvale. Valentines
U1,"Day was approaching fast. I was twelve years old,"
U1,and Id never done Valentines Day before. We didnt
U1,celebrate it in Catholic school. I understood
U1,"Valentines Day, as a concept. The naked baby shoots"
U1,you with an arrow and you fall in love. I got that
U1,part. But this was my first time being introduced to it
U1,"as an activity. At H. A. Jack, Valentines Day was"
U1,used as a fundraiser. Pupils were going around
U1,"selling flowers and cards, and I had to go ask a friend"
U1,what was happening.
U1,What is this I said. What are we doing
U1,"Oh, you know, she said, its Valentines Day."
U1,You pick a special person and you tell them that you
U1,"love them, and they love you back."
U1,"Wow, I thought, that seems intense. But I"
U1,"hadnt been shot by Cupids arrow, and I didnt know"
U1,of anyone getting shot on my behalf. I had no clue
U1,"what was going on. All week, the girls in school kept"
U1,"saying, Whos your valentine Whos your"
U1,valentine I didnt know what I was supposed to do.
U1,"Finally one of the girls, a white girl, said, You"
U1,"should ask Maylene. The other kids agreed. Yes,"
U1,Maylene. You should definitely ask Maylene. You
U1,have to ask Maylene. You guys are perfect for each
U1,other.
U1,Maylene was a girl I used to walk home from
U1,"school with. We lived in the city now, me, my mom"
U1,"and Abel, who was now my stepfather, and my new"
U1,"baby brother, Andrew. Wed sold our house in Eden"
U1,Park to invest in Abels new garage. Then that fell
U1,"apart, and we ended up moving to a neighborhood"
U1,"called Highlands North, a thirty-minute walk from"
U1,H. A. Jack. A group of us would leave school together
U1,"every afternoon, each kid peeling off and going their"
U1,separate way when we reached their house. Maylene
U1,"and I lived the farthest, so wed always be the last"
U1,two. Wed walk together until we got where we
U1,"needed to go, and then wed part ways."
U1,"Maylene was cool. She was good at tennis,"
U1,"smart, cute. I liked her. I didnt have a crush on her"
U1,I wasnt even thinking about girls that way yet. I just
U1,liked hanging out with her. Maylene was also the
U1,only colored girl in school. I was the only mixed kid
U1,in school. We were the only two people who looked
U1,like each other. The white girls were insistent about
U1,me asking Maylene to be my valentine. They were
U1,"like, Trevor, you have to ask her. Youre the only"
U1,two. Its your responsibility. It was like our species
U1,was going to die out if we didnt mate and carry on.
U1,Which Ive learned in life is something that white
U1,people do without even realizing it. You two look
U1,"the same, therefore we must arrange for you to have"
U1,sex.
U1,"I honestly hadnt thought of asking Maylene, but"
U1,"when the girls brought it up, that thing happened"
U1,where someone plants the idea in your head and it
U1,changes your perception.
U1,Maylenes totally got a thing for you.
U1,Does she
U1,"Yeah, you guys are great together"
U1,Are we
U1,Totally.
U1,"Well, okay. If you say so."
U1,"I liked Maylene as much as I liked anyone, I"
U1,suppose. Mostly I think I liked the idea of being
U1,"liked. I decided Id ask her to be my valentine, but I"
U1,had no idea how to do it. I didnt know the first thing
U1,about having a girlfriend. I had to be taught the
U1,whole love bureaucracy of the school. There was the
U1,thing where you dont actually talk straight to the
U1,person. You have your group of friends and she has
U1,"her group of friends, and your group of friends has to"
U1,"go to her group of friends and say, Okay, Trevor"
U1,likes Maylene. He wants her to be his valentine.
U1,Were in favor. Were ready to sign off with your
U1,"approval. Her friends say, Okay. Sounds good. We"
U1,have to run it by Maylene. They go to Maylene. They
U1,consult. They tell her what they think. Trevor says
U1,he likes you. Were in favor. We think youd be good
U1,"together. What do you say Maylene says, I like"
U1,"Trevor. They say, Okay. Lets move forward. They"
U1,come back to us. Maylene says she approves and
U1,shes waiting for Trevors Valentines Day advance.
U1,The girls told me this process was what needed
U1,"to happen. I said, Cool. Lets do it. The friends"
U1,"sorted it out, Maylene got on board, and I was all set."
U1,"The week before Valentines, Maylene and I"
U1,"were walking home together, and I was trying to get"
U1,up the courage to ask her. I was so nervous. Id never
U1,done anything like it. I already knew the answer her
U1,friends had told me shed say yes. Its like being in
U1,Congress. You know you have the votes before you
U1,"go to the floor, but its still difficult because anything"
U1,"could happen. I didnt know how to do it, all I knew"
U1,"was I wanted it to be perfect, so I waited until we"
U1,were standing outside McDonalds. Then I mustered
U1,up all of my courage and turned to her.
U1,"Hey, Valentines Day is coming up, and I was"
U1,"wondering, would you be my valentine"
U1,Yes. Ill be your valentine.
U1,"And then, under the golden arches, we kissed. It"
U1,was my first time ever kissing a girl. It was just a
U1,"peck, our lips touched for only a few seconds, but it"
U1,"set off explosions in my head. Yes Oh, yes. This. I"
U1,"dont know what this is, but I like it. Something had"
U1,"awakened. And it was right outside McDonalds, so it"
U1,was extra special.
U1,Now I was truly excited. I had a valentine. I had
U1,a girlfriend. I spent the whole week thinking about
U1,"Maylene, wanting to make her Valentines Day as"
U1,memorable as I could. I saved up my pocket money
U1,and bought her flowers and a teddy bear and a card.
U1,"I wrote a poem with her name in the card, which was"
U1,really hard because there arent many good words
U1,that rhyme with Maylene. Machine Ravine
U1,Sardine Then the big day came. I got my
U1,Valentines card and the flowers and the teddy bear
U1,and got them ready and took them to school. I was
U1,the happiest boy on earth.
U1,The teachers had set aside a period before recess
U1,for everyone to exchange valentines. There was a
U1,corridor outside our classrooms where I knew
U1,"Maylene would be, and I waited for her there. All"
U1,"around me, love was in bloom. Boys and girls"
U1,"exchanging cards and gifts, laughing and giggling"
U1,and stealing kisses. I waited and waited. Finally
U1,Maylene showed up and walked over to me. I was
U1,about to say Happy Valentines Day when she
U1,"stopped me and said, Oh, hi, Trevor. Um, listen, I"
U1,cant be your girlfriend anymore. Lorenzo asked me
U1,"to be his valentine and I cant have two valentines, so"
U1,Im his girlfriend now and not yours.
U1,She said it so matter-of-factly that I had no idea
U1,how to process it. This was my first time having a
U1,"girlfriend, so at first I thought, Huh, maybe this is"
U1,just how it goes.
U1,"Oh, okay, I said. Well, umhappy Valentines"
U1,Day.
U1,I held out the card and the flowers and the teddy
U1,"bear. She took them and said thanks, and she was"
U1,gone.
U1,I felt like someone had taken a gun and shot
U1,holes in every part of me. But at the same time some
U1,"part of me said, Well, this makes sense. Lorenzo"
U1,was everything I wasnt. He was popular. He was
U1,white. Hed upset the balance of everything by
U1,asking out the only colored girl in school. Girls loved
U1,"him, and he was dumb as rocks. A nice guy, but kind"
U1,of a bad boy. Girls did his homework for him he was
U1,"that guy. He was really good-looking, too. It was like"
U1,when he was creating his character he traded in all
U1,his intelligence points for beauty points. I stood no
U1,chance.
U1,"As devastated as I was, I understood why"
U1,Maylene made the choice that she did. I would have
U1,"picked Lorenzo over me, too. All the other kids were"
U1,running up and down the corridors and out on the
U1,"playground, laughing and smiling with their red and"
U1,"pink cards and flowers, and I went back to the"
U1,classroom and sat by myself and waited for the bell
U1,to ring.
U1,"Petrol for the car, like food, was an expense we could not"
U1,"avoid, but my mom could get more mileage out of a tank of"
U1,petrol than any human who has ever been on a road in the
U1,history of automobiles. She knew every trick. Driving
U1,"around Johannesburg in our rusty old Volkswagen, every"
U1,"time she stopped in traffic, shed turn off the car. Then the"
U1,traffic would start and shed turn the car on again. That stop-
U1,start technology that they use in hybrid cars now That was
U1,my mom. She was a hybrid car before hybrid cars came out.
U1,She was the master of coasting. She knew every downhill
U1,"between work and school, between school and home. She"
U1,knew exactly where the gradient shifted to put it into
U1,neutral. She could time the traffic lights so we could coast
U1,through intersections without using the brakes or losing
U1,momentum.
U1,There were times when we would be in traffic and we
U1,had so little money for petrol that I would have to push the
U1,"car. If we were stuck in gridlock, my mom would turn the car"
U1,off and it was my job to get out and push it forward six
U1,inches at a time. People would pitch up and offer to help.
U1,Are you stuck
U1,Nope. Were fine.
U1,You sure
U1,Yep.
U1,Can we help you
U1,Nope.
U1,Do you need a tow
U1,"And what do you say The truth Thanks, but were just"
U1,so poor my mom makes her kid push the car
U1,"That was some of the most embarrassing shit in my life,"
U1,pushing the car to school like the fucking Flintstones.
U1,Because the other kids were coming in on that same road to
U1,go to school. Id take my blazer off so that no one could tell
U1,"what school I went to, and I would bury my head and push"
U1,"the car, hoping no one would recognize me."
U1,OUTSIDER
U1,"After finishing primary school at H. A. Jack, I started"
U1,grade eight at Sandringham High School. Even after
U1,"apartheid, most black people still lived in the"
U1,townships and the areas formerly designated as
U1,"homelands, where the only available government"
U1,schools were the broken remnants of the Bantu
U1,system. Wealthy white kidsalong with the few
U1,black people and colored people and Indians who
U1,had money or could get scholarshipswere holed up
U1,"in private schools, which were super-expensive but"
U1,virtually guaranteed entry into university.
U1,"Sandringham was what we call a Model C school,"
U1,"which meant it was a mix of government and private,"
U1,similar to charter schools in America. The place was
U1,"huge, a thousand kids on sprawling grounds with"
U1,"tennis courts, sports fields, and a swimming pool."
U1,Being a Model C school and not a government
U1,"school, Sandringham drew kids from all over,"
U1,making it a near-perfect microcosm of post-
U1,apartheid South Africa as a wholea perfect
U1,example of what South Africa has the potential to be.
U1,"We had rich white kids, a bunch of middle-class"
U1,"white kids, and some working-class white kids. We"
U1,"had black kids who were newly rich, black kids who"
U1,"were middle-class, and black kids from the"
U1,"townships. We had colored kids and Indian kids, and"
U1,"even a handful of Chinese kids, too. The pupils were"
U1,as integrated as they could be given that apartheid
U1,"had just ended. At H. A. Jack, race was broken up"
U1,into blocks. Sandringham was more like a spectrum.
U1,South African schools dont have cafeterias. At
U1,Sandringham wed buy our lunch at what we call the
U1,"tuck shop, a little canteen, and then have free rein to"
U1,go wherever we wanted on the school grounds to eat
U1,"the quad, the courtyard, the playground, wherever."
U1,Kids would break off and cluster into their cliques
U1,and groups. People were still grouped by color in
U1,"most cases, but you could see how they all blended"
U1,and shaded into one another. The kids who played
U1,soccer were mostly black. The kids who played
U1,tennis were mostly white. The kids who played
U1,cricket were a mix. The Chinese kids would hang out
U1,"next to the prefab buildings. The matrics, what"
U1,"South Africans call seniors, would hang out on the"
U1,"quad. The popular, pretty girls would hang out over"
U1,"here, and computer geeks would hang out over there."
U1,"To the extent that the groupings were racial, it was"
U1,because of the ways race overlapped class and
U1,geography out in the real world. Suburban kids hung
U1,out with suburban kids. Township kids hung out
U1,with township kids.
U1,"At break, as the only mixed kid out of a"
U1,"thousand, I faced the same predicament I had on the"
U1,playground at H. A. Jack: Where was I supposed to
U1,go Even with so many different groups to choose
U1,"from, I wasnt a natural constituent of any particular"
U1,one. I obviously wasnt Indian or Chinese. The
U1,colored kids would shit on me all the time for being
U1,"too black. So I wasnt welcome there. As always, I"
U1,was adept enough with white kids not to get bullied
U1,"by them, but the white kids were always going"
U1,"shopping, going to the movies, going on tripsthings"
U1,"that required money. We didnt have any money, so I"
U1,"was out of the mix there, too. The group I felt the"
U1,most affinity for was the poor black kids. I hung out
U1,"with them and got along with them, but most of"
U1,them took minibuses to school from way out in the
U1,"townships, from Soweto, from Tembisa, from"
U1,Alexandra. They rode to school as friends and went
U1,home as friends. They had their own groups.
U1,"Weekends and school holidays, they were hanging"
U1,out with one another and I couldnt visit. Soweto was
U1,a forty-minute drive from my house. We didnt have
U1,money for petrol. After school I was on my own.
U1,"Weekends I was on my own. Ever the outsider, I"
U1,created my own strange little world. I did it out of
U1,necessity. I needed a way to fit in. I also needed
U1,"money, a way to buy the same snacks and do the"
U1,things that the other kids were doing. Which is how I
U1,became the tuck-shop guy.
U1,"Thanks to my long walk to school, I was late"
U1,every single day. Id have to stop off in the prefects
U1,office to write my name down for detention. I was
U1,"the patron saint of detention. Already late, Id run to"
U1,"join my morning classesmath, English, biology,"
U1,whatever. The last period before break was
U1,assembly. The pupils would come together in the
U1,"assembly hall, each grade seated row by row, and the"
U1,teachers and the prefects would get up onstage and
U1,go over the business of what was happening in the
U1,"schoolannouncements, awards, that sort of thing."
U1,The names of the kids with detention were
U1,"announced at every assembly, and I was always one"
U1,of them. Always. Every single day. It was a running
U1,"joke. The prefect would say, Detentions for today"
U1,and I would stand up automatically. It was like the
U1,Oscars and I was Meryl Streep. There was one time I
U1,stood up and then the prefect named the five people
U1,and I wasnt one of them. Everyone burst out
U1,"laughing. Somebody yelled out, Wheres Trevor"
U1,The prefect looked at the paper and shook his head.
U1,Nope. The entire hall erupted with cheers and
U1,applause. Yay
U1,"Then, immediately after assembly, there would"
U1,be a race to the tuck shop because the queue to buy
U1,food was so long. Every minute you spent in the
U1,queue was working against your break time. The
U1,"sooner you got your food, the longer you had to eat,"
U1,"play a game of soccer, or hang out. Also, if you got"
U1,"there late, the best food was gone."
U1,"Two things were true about me at that age. One,"
U1,"I was still the fastest kid in school. And two, I had no"
U1,pride. The second we were dismissed from assembly
U1,I would run like a bat out of hell to the tuck shop so I
U1,could be the first one there. I was always first in
U1,"line. I became notorious for being that guy, so much"
U1,"so that people started coming up to me in line. Hey,"
U1,can you buy this for me Which would piss off the
U1,kids behind me because it was basically cutting the
U1,line. So people started approaching me during
U1,"assembly. Theyd say, Hey, Ive got ten rand. If you"
U1,"buy my food for me, Ill give you two. Thats when I"
U1,learned: time is money. I realized people would pay
U1,me to buy their food because I was willing to run for
U1,"it. I started telling everyone at assembly, Place your"
U1,"orders. Give me a list of what you want, give me a"
U1,"percentage of what youre going to spend, and Ill"
U1,buy your food for you.
U1,I was an overnight success. Fat guys were my
U1,"number-one customers. They loved food, but"
U1,"couldnt run. I had all these rich, fat white kids who"
U1,"were like, This is fantastic My parents spoil me,"
U1,"Ive got money, and now Ive got a way I can get food"
U1,without having to work for itand I still get my
U1,break. I had so many customers I was turning kids
U1,"away. I had a rule: I would take five orders a day,"
U1,high bidders only. Id make so much that I could buy
U1,my lunch using other kids money and keep the
U1,lunch money my mom gave me for pocket cash. Then
U1,I could afford to catch a bus home instead of walking
U1,or save up to buy whatever. Every day Id take
U1,"orders, assembly would end, and Id make my mad"
U1,dash and buy everybodys hot dogs and Cokes and
U1,muffins. If you paid me extra you could even tell me
U1,where youd be and Id deliver it to you.
U1,Id found my niche. Since I belonged to no
U1,group I learned to move seamlessly between groups.
U1,"I floated. I was a chameleon, still, a cultural"
U1,chameleon. I learned how to blend. I could play
U1,sports with the jocks. I could talk computers with the
U1,nerds. I could jump in the circle and dance with the
U1,"township kids. I popped around to everyone,"
U1,"working, chatting, telling jokes, making deliveries."
U1,"I was like a weed dealer, but of food. The weed"
U1,guy is always welcome at the party. Hes not a part of
U1,"the circle, but hes invited into the circle temporarily"
U1,because of what he can offer. Thats who I was.
U1,"Always an outsider. As the outsider, you can retreat"
U1,"into a shell, be anonymous, be invisible. Or you can"
U1,go the other way. You protect yourself by opening
U1,up. You dont ask to be accepted for everything you
U1,"are, just the one part of yourself that youre willing to"
U1,share. For me it was humor. I learned that even
U1,"though I didnt belong to one group, I could be a part"
U1,"of any group that was laughing. Id drop in, pass out"
U1,"the snacks, tell a few jokes. Id perform for them. Id"
U1,"catch a bit of their conversation, learn more about"
U1,"their group, and then leave. I never overstayed my"
U1,"welcome. I wasnt popular, but I wasnt an outcast. I"
U1,"was everywhere with everybody, and at the same"
U1,time I was all by myself.
U1,"I dont regret anything Ive ever done in life, any choice that"
U1,Ive made. But Im consumed with regret for the things I
U1,"didnt do, the choices I didnt make, the things I didnt say."
U1,"We spend so much time being afraid of failure, afraid of"
U1,rejection. But regret is the thing we should fear most.
U1,Failure is an answer. Rejection is an answer. Regret is an
U1,eternal question you will never have the answer to. What
U1,if If only I wonder what would have You will
U1,"never, never know, and it will haunt you for the rest of your"
U1,days.
U1,"A YOUNG MANS LONG,"
U1,"AWKWARD, OCCASIONALLY"
U1,"TRAGIC, AND FREQUENTLY"
U1,HUMILIATING EDUCATION IN
U1,"AFFAIRS OF THE HEART,"
U1,PART II: THE CRUSH
U1,"In high school, the attention of girls was not an"
U1,affliction I suffered from. I wasnt the hot guy in
U1,class. I wasnt even the cute guy in class. I was ugly.
U1,Puberty was not kind to me. My acne was so bad that
U1,"people used to ask what was wrong with me, like Id"
U1,had an allergic reaction to something. It was the kind
U1,of acne that qualifies as a medical condition. Acne
U1,"vulgaris, the doctor called it. Were not talking about"
U1,"pimples, kids. Were talking pustulesbig, pus-filled"
U1,blackheads and whiteheads. They started on my
U1,"forehead, spread down the sides of my face, and"
U1,covered my cheeks and neck and ravaged me
U1,everywhere.
U1,Being poor didnt help. Not only could I not
U1,"afford a decent haircut, leaving me with a huge,"
U1,"unruly Afro, but my mother also used to get angry at"
U1,the fact that I grew out of my school uniforms too
U1,"fast, so to save money she started buying my clothes"
U1,three sizes too big. My blazer was too long and my
U1,pants were too baggy and my shoes flopped around.
U1,"I was a clown. And of course, Murphys Law, the year"
U1,my mom started buying my clothes too big was the
U1,year that I stopped growing. So now I was never
U1,going to grow into my clown clothes and I was stuck
U1,being a clown. The only thing I had going for me was
U1,"the fact that I was tall, but even there I was gangly"
U1,and awkward-looking. Duck feet. High ass. Nothing
U1,worked.
U1,After suffering my Valentines Day heartbreak at
U1,"the hands of Maylene and the handsome, charming"
U1,"Lorenzo, I learned a valuable lesson about dating."
U1,"What I learned was that cool guys get girls, and"
U1,funny guys get to hang out with the cool guys with
U1,their girls. I was not a cool guy therefore I did not
U1,have girls. I understood that formula very quickly
U1,and I knew my place. I didnt ask girls out. I didnt
U1,have a girlfriend. I didnt even try.
U1,For me to try to get a girl would have upset the
U1,natural order of things. Part of my success as the
U1,"tuck-shop guy was that I was welcome everywhere,"
U1,and I was welcome everywhere because I was
U1,nobody. I was the acne-ridden clown with duck feet
U1,in floppy shoes. I wasnt a threat to the guys. I wasnt
U1,"a threat to the girls. The minute I became somebody,"
U1,I risked no longer being welcomed as nobody. The
U1,pretty girls were already spoken for. The popular
U1,"guys had staked their claim. They would say, I like"
U1,"Zuleika, and you knew that meant if you tried"
U1,anything with Zuleika thered be a fight. In the
U1,"interest of survival, the smart move was to stay on"
U1,"the fringe, stay out of trouble."
U1,"At Sandringham, the only time girls in class"
U1,looked at me was when they wanted me to pass a
U1,letter to the hot guy in class. But there was one girl I
U1,knew named Johanna. Johanna and I had been at
U1,the same school intermittently our whole lives. We
U1,were in preschool at Maryvale together. Then she left
U1,and went to another school. Then we were in
U1,primary school at H. A. Jack together. Then she left
U1,and went to another school. Then finally we were at
U1,Sandringham together. Because of that we became
U1,friends.
U1,Johanna was one of the popular girls. Her best
U1,friend was Zaheera. Johanna was beautiful. Zaheera
U1,"was stunning. Zaheera was colored, Cape Malay. She"
U1,looked like Salma Hayek. Johanna was out and
U1,"about and kissing boys, so the guys were all into her."
U1,"Zaheera, as beautiful as she was, was extremely shy,"
U1,so there werent as many guys after her.
U1,Johanna and Zaheera were always together.
U1,"They were one grade below me, but in terms of"
U1,popularity they were three grades above me. Still I
U1,got to hang out with them because I knew Johanna
U1,and we had this thing from being in different schools
U1,together. Dating girls may have been out of the
U1,"question for me, but talking to them was not,"
U1,because I could make them laugh. Human beings
U1,"like to laugh, and lucky for me pretty girls are human"
U1,"beings. So I could relate to them in that way, but"
U1,never in the other way. I knew this because
U1,whenever they stopped laughing at my jokes and
U1,"stories theyd say, So how do you think I can get"
U1,Daniel to ask me out I always had a clear idea of
U1,where I stood.
U1,"Outwardly, I had carefully cultivated my status"
U1,"as the funny, nonthreatening guy, but secretly I had"
U1,the hugest crush on Zaheera. She was so pretty and
U1,so funny. Wed hang out and have great
U1,"conversations. I thought about her constantly, but"
U1,for the life of me I never considered myself worthy of
U1,"dating her. I told myself, Im going to have a crush"
U1,"on her forever, and thats all thats ever going to"
U1,happen.
U1,At a certain point I decided to map out a
U1,strategy. I decided Id be best friends with Zaheera
U1,and stay friends with her long enough to ask her to
U1,"the matric dance, what we call our senior prom."
U1,"Mind you, we were in grade nine at this point. The"
U1,matric dance was three years away. But I decided to
U1,"play the long game. I was like, Yep, just gonna take"
U1,"my time. Because thats what happens in the movies,"
U1,right Id seen my American high school movies. You
U1,hang around long enough as the friendly good guy
U1,"and the girl dates a bunch of handsome jerks, and"
U1,"then one day she turns around and goes, Oh, its"
U1,you. It was always you. Youre the guy I was
U1,supposed to be with all along.
U1,That was my plan. It was foolproof.
U1,I hung out with Zaheera every chance I got.
U1,"Wed talk about boys, which ones she liked and"
U1,which ones liked her. Id give her advice. At one
U1,point she got set up with this guy Gary. They started
U1,dating. Gary was in the popular group but kind of
U1,shy and Zaheera was in the popular group but kind
U1,"of shy, so his friends and her friends set them up"
U1,"together, like an arranged marriage. But Zaheera"
U1,didnt like Gary at all. She told me. We talked about
U1,everything.
U1,"One day, I dont know how, but I plucked up the"
U1,"courage to ask Zaheera for her phone number, which"
U1,was a big deal back then because it wasnt like
U1,cellphone numbers where everybody has everyones
U1,number for texting and everything. This was the
U1,landline. To her house. Where her parents might
U1,answer. We were talking one afternoon at school and
U1,"I asked, Can I get your phone number Maybe I can"
U1,call you and we can talk at home sometime. She
U1,"said yes, and my mind exploded. What A girl"
U1,is giving me her phone number This is
U1,insane What do I do I was so nervous. Ill
U1,never forget her telling me the digits one by one as I
U1,"wrote them down, trying to keep my hand from"
U1,shaking. We said goodbye and went our separate
U1,"ways to class, and I was like, Okay, Trevor. Play it"
U1,cool. Dont call her right away. I called her that
U1,night. At seven. Shed given me her number at two.
U1,"That was me being cool. Dude, dont call her at five."
U1,Thats too obvious. Call her at seven.
U1,I phoned her house that night. Her mom
U1,"answered. I said, May I speak to Zaheera, please"
U1,"Her mom called her, and she came to the phone and"
U1,we talked. For like an hour. After that we started
U1,"talking more, at school, on the phone. I never told"
U1,her how I felt. Never made a move. Nothing. I was
U1,always too scared.
U1,Zaheera and Gary broke up. Then they got back
U1,together. Then they broke up. Then they got back
U1,"together. They kissed once, but she didnt like it, so"
U1,they never kissed again. Then they broke up for real.
U1,I bided my time through it all. I watched Popular
U1,"Gary go down in flames, and I was still the good"
U1,"friend. Yep, the plan is working. Matric dance, here"
U1,we come. Only two and a half years to go
U1,Then we had the mid-year school holidays. The
U1,"day we came back, Zaheera wasnt at school. Then"
U1,she wasnt at school the next day. Then she wasnt at
U1,school the day after that. Eventually I went and
U1,tracked down Johanna on the quad.
U1,"Hey, wheres Zaheera I said. She hasnt been"
U1,around for a while. Is she sick
U1,"No, she said. Didnt anyone tell you She left"
U1,the school. She doesnt go here anymore.
U1,What
U1,"Yeah, she left."
U1,"My first thought was, Wow, okay. Thats news. I"
U1,should give her a call to catch up.
U1,What school did she move to I asked.
U1,She didnt. Her dad got a job in America.
U1,During the break they moved there. Theyve
U1,emigrated.
U1,What
U1,"Yeah. Shes gone. She was such a good friend,"
U1,too. Im really sad. Are you as sad as I am
U1,"Uhyeah, I said, still trying to process"
U1,everything. I liked Zaheera. She was really cool.
U1,"Yeah, she was super sad, too, because she had"
U1,such a huge crush on you. She was always waiting for
U1,"you to ask her out. Okay, I gotta go to class Bye"
U1,"She ran off and left me standing there, stunned."
U1,"Shed hit me with so much information at once, first"
U1,"that Zaheera was gone, then that she had left for"
U1,"America, and then that shed liked me all along. It"
U1,was like Id been hit by three successive waves of
U1,"heartbreak, each one bigger than the last. My mind"
U1,raced through all the hours wed spent talking on the
U1,"quad, on the phone, all the times I could have said,"
U1,"Hey, Zaheera, I like you. Will you be my girlfriend"
U1,Ten words that might have changed my life if Id had
U1,"the courage to say them. But I hadnt, and now she"
U1,was gone.
U1,In every nice neighborhood theres one white family that
U1,Does Not Give a Fuck. You know the family Im talking
U1,"about. They dont do their lawn, dont paint the fence, dont"
U1,fix the roof. Their house is shit. My mom found that house
U1,"and bought it, which is how she snuck a black family into a"
U1,place as white as Highlands North.
U1,Most black people integrating into white suburbs were
U1,moving to places like Bramley and Lombardy East. But for
U1,some reason my mom chose Highlands North. It was a
U1,"suburban area, lots of shopping. Working people, mostly."
U1,"Not wealthy but stable and middle-class. Older houses, but"
U1,still a nice place to live. In Soweto I was the only white kid in
U1,the black township. In Eden Park I was the only mixed kid in
U1,the colored area. In Highlands North I was the only black kid
U1,in the white suburband by only I mean only. In
U1,Highlands North the white never took flight. It was a largely
U1,"Jewish neighborhood, and Jewish people dont flee. Theyre"
U1,"done fleeing. Theyve already fled. They get to a place, build"
U1,"their shul, and hold it down. Since the white people around"
U1,"us werent leaving, there werent a lot of families like ours"
U1,moving in behind us.
U1,I didnt make any friends in Highlands North for the
U1,longest time. I had an easier time making friends in Eden
U1,"Park, to be honest. In the suburbs, everyone lived behind"
U1,walls. The white neighborhoods of Johannesburg were built
U1,"on white fearfear of black crime, fear of black uprisings"
U1,and reprisalsand as a result virtually every house sits
U1,"behind a six-foot wall, and on top of that wall is electric wire."
U1,"Everyone lives in a plush, fancy maximum-security prison."
U1,"There is no sitting on the front porch, no saying hi to the"
U1,"neighbors, no kids running back and forth between houses."
U1,Id ride my bike around the neighborhood for hours without
U1,"seeing a single kid. Id hear them, though. They were all"
U1,meeting up behind brick walls for playdates I wasnt invited
U1,to. Id hear people laughing and playing and Id get off my
U1,bike and creep up and peek over the wall and see a bunch of
U1,white kids splashing around in someones swimming pool. I
U1,"was like a Peeping Tom, but for friendship."
U1,It was only after a year or so that I figured out the key to
U1,making black friends in the suburbs: the children of
U1,"domestics. Many domestic workers in South Africa, when"
U1,"they get pregnant they get fired. Or, if theyre lucky, the"
U1,family they work for lets them stay on and they can have the
U1,"baby, but then the baby goes to live with relatives in the"
U1,"homelands. Then the black mother raises the white children,"
U1,seeing her own child only once a year at the holidays. But a
U1,handful of families would let their domestics keep their
U1,"children with them, living in little maids quarters or flatlets"
U1,in the backyard.
U1,"For a long time, those kids were my only friends."
U1,COLORBLIND
U1,"At Sandringham I got to know this one kid, Teddy."
U1,"Funny guy, charming as hell. My mom used to call"
U1,him Bugs Bunny he had a cheeky smile with two big
U1,teeth that stuck out the front of his mouth. Teddy
U1,"and I got along like a house on fire, one of those"
U1,friends where you start hanging out and from that
U1,day forward youre never apart. We were both
U1,"naughty as shit, too. With Teddy, Id finally met"
U1,someone who made me feel normal. I was the terror
U1,in my family. He was the terror in his family. When
U1,you put us together it was mayhem. Walking home
U1,"from school wed throw rocks through windows, just"
U1,"to see them shatter, and then wed run away. We got"
U1,"detention together all the time. The teachers, the"
U1,"pupils, the principal, everyone at school knew: Teddy"
U1,"and Trevor, thick as thieves."
U1,Teddys mom worked as a domestic for a family
U1,"in Linksfield, a wealthy suburb near school."
U1,"Linksfield was a long walk from my house, nearly"
U1,"forty minutes, but still doable. Walking around was"
U1,"pretty much all I did back then, anyway. I couldnt"
U1,"afford to do anything else, and I couldnt afford to"
U1,"get around any other way. If you liked walking, you"
U1,were my friend. Teddy and I walked all over
U1,Johannesburg together. Id walk to Teddys house
U1,and wed hang out there. Then wed walk back to my
U1,house and hang out there. Wed walk from my house
U1,"down to the city center, which was like a three-hour"
U1,"hike, just to hang out, and then wed walk all the way"
U1,back.
U1,Friday and Saturday nights wed walk to the
U1,mall and hang out. The Balfour Park Shopping Mall
U1,"was a few blocks from my house. Its not a big mall,"
U1,"but it has everythingan arcade, a cinema,"
U1,"restaurants, South Africas version of Target, South"
U1,"Africas version of the Gap. Then, once we were at"
U1,"the mall, since we never had any money to shop or"
U1,"watch movies or buy food, wed just wander around"
U1,inside.
U1,One night we were at the mall and most of the
U1,"shops were closed, but the cinema was still showing"
U1,movies so the building was still open. There was this
U1,stationery shop that sold greeting cards and
U1,"magazines, and it didnt have a door, so when it"
U1,"closed at night there was only a metal gate, like a"
U1,"trellis, that was pulled across the entrance and"
U1,"padlocked. Walking past this shop, Teddy and I"
U1,realized that if we put our arms through the trellis
U1,we could reach this rack of chocolates just inside.
U1,And these werent just any chocolatesthey were
U1,alcohol-filled chocolates. I loved alcohol. Loved
U1,loved loved it. My whole life Id steal sips of grown-
U1,ups drinks whenever I could.
U1,"We reached in, grabbed a few, drank the liquor"
U1,"inside, and then gobbled down the chocolates. Wed"
U1,hit the jackpot. We started going back again and
U1,again to steal more. Wed wait for the shops to start
U1,"to close, then wed go and sit against the gate, acting"
U1,like we were just hanging out. Wed check to make
U1,"sure the coast was clear, and then one of us would"
U1,"reach in, grab a chocolate, and drink the whiskey."
U1,"Reach in, grab a chocolate, drink the rum. Reach in,"
U1,"grab a chocolate, drink the brandy. We did this every"
U1,"weekend for at least a month, having the best time."
U1,Then we pushed our luck too far.
U1,It was a Saturday night. We were hanging out at
U1,"the entrance to the stationery shop, leaning up"
U1,"against the gate. I reached in to grab a chocolate, and"
U1,at that exact moment a mall cop came around the
U1,corner and saw me with my arm in up to my
U1,shoulder. I brought my hand out with a bunch of
U1,chocolates in it. It was almost like a movie. I saw
U1,him. He saw me. His eyes went wide. I tried to walk
U1,"away, acting natural. Then he shouted out, Hey"
U1,Stop
U1,"And the chase was on. We bolted, heading for"
U1,the doors. I knew if a guard cut us off at the exit wed
U1,"be trapped, so we were hauling ass as fast as we"
U1,could. We cleared the exit. The second we hit the
U1,"parking lot, mall cops were coming at us from every"
U1,"direction, a dozen of them at least. I was running"
U1,with my head down. These guards knew me. I was in
U1,"that mall all the time. The guards knew my mom,"
U1,too. She did her banking at that mall. If they even
U1,"caught a glimpse of who I was, I was dead."
U1,"We ran straight across the parking lot, ducking"
U1,"and weaving between parked cars, the guards right"
U1,"behind us, yelling. We made it to the petrol station"
U1,"out at the road, ran through there, and hooked left"
U1,up the main road. They chased and chased and we
U1,"ran and ran, and it was awesome. The risk of getting"
U1,"caught was half the fun of being naughty, and now"
U1,the chase was on. I was loving it. I was shitting
U1,"myself, but also loving it. This was my turf. This was"
U1,my neighborhood. You couldnt catch me in my
U1,"neighborhood. I knew every alley and every street,"
U1,"every back wall to climb over, every fence with a gap"
U1,big enough to slip through. I knew every shortcut
U1,"you could possibly imagine. As a kid, wherever I"
U1,"went, whatever building I was in, I was always"
U1,"plotting my escape. You know, in case shit went"
U1,down. In reality I was a nerdy kid with almost no
U1,"friends, but in my mind I was an important and"
U1,dangerous man who needed to know where every
U1,camera was and where all the exit points were.
U1,I knew we couldnt run forever. We needed a
U1,plan. As Teddy and I booked past the fire station
U1,"there was a road off to the left, a dead end that ran"
U1,into a metal fence. I knew that there was a hole in
U1,the fence to squeeze through and on the far side was
U1,an empty field behind the mall that took you back to
U1,the main road and back to my house. A grown-up
U1,"couldnt fit through the hole, but a kid could. All my"
U1,years of imagining the life of a secret agent for
U1,"myself finally paid off. Now that I needed an escape,"
U1,I had one.
U1,"Teddy, this way I yelled."
U1,"No, its a dead end"
U1,We can get through Follow me
U1,He didnt. I turned and ran into the dead end.
U1,Teddy broke the other way. Half the mall cops
U1,"followed him, half followed me. I got to the fence and"
U1,"knew exactly how to squirm through. Head, then"
U1,"shoulder, one leg, then twist, then the other leg"
U1,done. I was through. The guards hit the fence behind
U1,me and couldnt follow. I ran across the field to a
U1,"fence on the far side, popped through there, and"
U1,"then I was right on the road, three blocks from my"
U1,house. I slipped my hands into my pockets and
U1,"casually walked home, another harmless pedestrian"
U1,out for a stroll.
U1,Once I got back to my house I waited for Teddy.
U1,"He didnt show up. I waited thirty minutes, forty"
U1,"minutes, an hour. No Teddy."
U1,Fuck.
U1,I ran to Teddys house in Linksfield. No Teddy.
U1,Monday morning I went to school. Still no Teddy.
U1,Fuck.
U1,Now I was worried. After school I went home
U1,"and checked at my house again, nothing. Teddys"
U1,"house again, nothing. Then I ran back home."
U1,An hour later Teddys parents showed up. My
U1,mom greeted them at the door.
U1,"Teddys been arrested for shoplifting, they"
U1,said.
U1,Fuuuck.
U1,I eavesdropped on their whole conversation
U1,from the other room. From the start my mom was
U1,certain I was involved.
U1,"Well, where was Trevor she asked."
U1,"Teddy said he wasnt with Trevor, they said."
U1,My mom was skeptical. Hmm. Are you sure
U1,Trevor wasnt involved
U1,"No, apparently not. The cops said there was"
U1,"another kid, but he got away."
U1,So it was Trevor.
U1,"No, we asked Teddy, and he said it wasnt"
U1,Trevor. He said it was some other kid.
U1,Huhokay. My mom called me in. Do you
U1,know about this thing
U1,What thing
U1,Teddy was caught shoplifting.
U1,Whhaaat I played dumb. Noooo. Thats
U1,crazy. I cant believe it. Teddy No.
U1,Where were you my mom asked.
U1,I was at home.
U1,But youre always with Teddy.
U1,"I shrugged. Not on this occasion, I suppose."
U1,For a moment my mom thought shed caught
U1,"me red-handed, but Teddyd given me a solid alibi. I"
U1,"went back to my room, thinking I was in the clear."
U1,
U1,The next day I was in class and my name was called
U1,"over the PA system. Trevor Noah, report to the"
U1,"principals office. All the kids were like,"
U1,Ooooohhh. The announcements could be heard in
U1,"every classroom, so now, collectively, the whole"
U1,school knew I was in trouble. I got up and walked to
U1,the office and waited anxiously on an uncomfortable
U1,wooden bench outside the door.
U1,"Finally the principal, Mr. Friedman, walked out."
U1,"Trevor, come in. Waiting inside his office was the"
U1,"head of mall security, two uniformed police officers,"
U1,"and my and Teddys homeroom teacher, Mrs."
U1,"Vorster. A roomful of silent, stone-faced white"
U1,"authority figures stood over me, the guilty young"
U1,black man. My heart was pounding. I took a seat.
U1,"Trevor, I dont know if you know this, Mr."
U1,"Friedman said, but Teddy was arrested the other"
U1,day.
U1,What I played the whole thing again. Teddy
U1,"Oh, no. What for"
U1,"For shoplifting. Hes been expelled, and he"
U1,wont be coming back to school. We know there was
U1,"another boy involved, and these officers are going"
U1,around to the schools in the area to investigate. We
U1,called you here because Mrs. Vorster tells us youre
U1,"Teddys best friend, and we want to know: Do you"
U1,know anything about this
U1,"I shook my head. No, I dont know anything."
U1,Do you know who Teddy was with
U1,No.
U1,Okay. He stood up and walked over to a
U1,"television in the corner of the room. Trevor, the"
U1,police have video footage of the whole thing. Wed
U1,like you to take a look at it.
U1,Fuuuuuuuuuuuuuuuuuck.
U1,"My heart was pounding in my chest. Well, life,"
U1,"its been fun, I thought. Im going to get expelled. Im"
U1,going to go to jail. This is it.
U1,Mr. Friedman pressed Play on the VCR. The
U1,"tape started. It was grainy, black-and-white security-"
U1,"camera footage, but you could see what was"
U1,happening plain as day. They even had it from
U1,multiple angles: Me and Teddy reaching through the
U1,gate. Me and Teddy racing for the door. They had the
U1,"whole thing. After a few seconds, Mr. Friedman"
U1,"reached up and paused it with me, from a few meters"
U1,"out, freeze-framed in the middle of the screen. In my"
U1,"mind, this was when he was going to turn to me and"
U1,"say, Now would you like to confess He didnt."
U1,"Trevor, he said, do you know of any white"
U1,kids that Teddy hangs out with
U1,I nearly shat myself. What
U1,I looked at the screen and I realized: Teddy was
U1,dark. I am light I have olive skin. But the camera
U1,cant expose for light and dark at the same time. So
U1,when you put me on a black-and-white screen next
U1,"to a black person, the camera doesnt know what to"
U1,"do. If the camera has to pick, it picks me as white."
U1,"My color gets blown out. In this video, there was a"
U1,black person and a white person. But still: It was me.
U1,"The picture wasnt great, and my facial features were"
U1,"a bit blurry, but if you looked closely: It was me. I"
U1,was Teddys best friend. I was Teddys only friend. I
U1,was the single most likely accomplice. You had to at
U1,least suspect that it was me. They didnt. They grilled
U1,"me for a good ten minutes, but only because they"
U1,were so sure that I had to know who this white kid
U1,was.
U1,"Trevor, youre Teddys best friend. Tell us the"
U1,truth. Who is this kid
U1,I dont know.
U1,You dont recognize him at all
U1,No.
U1,Teddy never mentioned him to you
U1,Never.
U1,At a certain point Mrs. Vorster just started
U1,running through a list of all the white kids she
U1,thought it could be.
U1,Is it David
U1,No.
U1,Rian
U1,No.
U1,Frederik
U1,No.
U1,"I kept waiting for it to be a trick, for them to"
U1,"turn and say, Its you They didnt. At a certain"
U1,"point, I felt so invisible I almost wanted to take"
U1,credit. I wanted to jump up and point at the TV and
U1,"say, Are you people blind Thats me Can you not"
U1,see that thats me But of course I didnt. And they
U1,couldnt. These people had been so fucked by their
U1,own construct of race that they could not see that the
U1,white person they were looking for was sitting right
U1,in front of them.
U1,Eventually they sent me back to class. I spent
U1,the rest of the day and the next couple of weeks
U1,"waiting for the other shoe to drop, waiting for my"
U1,mom to get the call. Weve got him We figured it
U1,out But the call never came.
U1,South Africa has eleven official languages. After democracy
U1,"came, people said, Okay, how do we create order without"
U1,having different groups feel like theyve been left out of
U1,power again English is the international language and the
U1,"language of money and of the media, so we had to keep that."
U1,"Most people were forced to learn at least some Afrikaans, so"
U1,"its useful to keep that, too. Plus we didnt want the white"
U1,"minority to feel ostracized in the new South Africa, or else"
U1,theyd take all their money and leave.
U1,"Of the African languages, Zulu has the largest number of"
U1,"native speakers, but we couldnt keep that without also"
U1,"having Xhosa and Tswana and Ndebele. Then theres Swazi,"
U1,"Tsonga, Venda, Sotho, and Pedi. We tried to keep all the"
U1,"major groups happy, so the next thing we knew wed made"
U1,eleven languages official languages. And those are just the
U1,languages big enough to demand recognition there are
U1,dozens more.
U1,Its the Tower of Babel in South Africa. Every single day.
U1,"Every day you see people completely lost, trying to have"
U1,conversations and having no idea what the other person is
U1,saying. Zulu and Tswana are fairly common. Tsonga and
U1,"Pedi are pretty fringe. The more common your tongue, the"
U1,"less likely you are to learn others. The more fringe, the more"
U1,likely you are to pick up two or three. In the cities most
U1,people speak at least some English and usually a bit of
U1,"Afrikaans, enough to get around. Youll be at a party with a"
U1,dozen people where bits of conversation are flying by in two
U1,"or three different languages. Youll miss part of it, someone"
U1,"might translate on the fly to give you the gist, you pick up the"
U1,"rest from the context, and you just figure it out. The crazy"
U1,"thing is that, somehow, it works. Society functions. Except"
U1,when it doesnt.
U1,"A YOUNG MANS LONG,"
U1,"AWKWARD, OCCASIONALLY"
U1,"TRAGIC, AND FREQUENTLY"
U1,HUMILIATING EDUCATION IN
U1,"AFFAIRS OF THE HEART,"
U1,PART III: THE DANCE
U1,By the end of high school Id become a mogul. My
U1,tuck-shop business had evolved into a mini-empire
U1,that included selling pirated CDs I made at home. Id
U1,"convinced my mother, as frugal as she was, that I"
U1,needed a computer for school. I didnt. I wanted it so
U1,I could surf the Internet and play Leisure Suit Larry.
U1,"But I was very convincing, and she broke down and"
U1,"got it for me. Thanks to the computer, the Internet,"
U1,"and the fortunate gift of a CD writer from a friend, I"
U1,was in business.
U1,"I had carved out my niche, and was having a"
U1,great time life was so good as an outsider that I
U1,didnt even think about dating. The only girls in my
U1,life were the naked ones on my computer. While I
U1,downloaded music and messed around in chat
U1,"rooms, Id dabble in porn sites here and there. No"
U1,"video, of course, only pictures. With online porn"
U1,"today you just drop straight into the madness, but"
U1,with dial-up it took so long for the images to load. It
U1,was almost gentlemanly compared to now. Youd
U1,"spend a good five minutes looking at her face, getting"
U1,to know her as a person. Then a few minutes later
U1,youd get some boobs. By the time you got to her
U1,"vagina, youd spent a lot of quality time together."
U1,"In September of grade twelve, the matric dance"
U1,was coming up. Senior prom. This was the big one. I
U1,"was again faced with the dilemma of Valentines Day,"
U1,confronting another strange ritual I did not
U1,"understand. All I knew about prom was that,"
U1,"according to my American movies, prom is where it"
U1,happens. You lose your virginity. You go and you
U1,"ride in the limousine, and then you and the girl do"
U1,the thing. That was literally my only reference. But I
U1,"knew the rule: Cool guys get girls, and funny guys get"
U1,to hang out with the cool guys with their girls. So Id
U1,"assumed I wouldnt be going, or if I did go it"
U1,wouldnt be with a date.
U1,I had two middlemen working for me in my CD
U1,"business, Bongani and Tom. They sold the CDs that I"
U1,copied in exchange for a cut. I met Tom at the arcade
U1,"at the Balfour Park mall. Like Teddy, he lived nearby"
U1,because his mom was a domestic worker. Tom was
U1,"in my grade but went to a government school,"
U1,"Northview, a proper ghetto school. Tom handled my"
U1,CD sales over there.
U1,"Tom was a chatterbox, hyperactive and go-go-"
U1,"go. He was a real hustler, too, always trying to cut a"
U1,"deal, work an angle. He could get people to do"
U1,"anything. A great guy, but fucking crazy and a"
U1,complete liar as well. I went with him once to
U1,"Hammanskraal, a settlement that was like a"
U1,"homeland, but not really. Hammanskraal, as its"
U1,"Afrikaans name suggests, was the kraal of Hamman,"
U1,what used to be a white mans farm. The proper
U1,"homelands, Venda and Gazankulu and Transkei,"
U1,"were places where black people actually lived, and"
U1,the government drew a border around them and
U1,"said, Stay there. Hammanskraal and settlements"
U1,like it were empty places on the map where deported
U1,black people had been relocated. Thats what the
U1,"government did. They would find some patch of arid,"
U1,"dusty, useless land, and dig row after row of holes in"
U1,the grounda thousand latrines to serve four
U1,thousand families. Then theyd forcibly remove
U1,people from illegally occupying some white area and
U1,drop them off in the middle of nowhere with some
U1,pallets of plywood and corrugated iron. Here. This
U1,is your new home. Build some houses. Good luck.
U1,Wed watch it on the news. It was like some
U1,"heartless, survival-based reality TV show, only"
U1,nobody won any money.
U1,"One afternoon in Hammanskraal, Tom told me"
U1,"we were going to see a talent show. At the time, I had"
U1,a pair of Timberland boots Id bought. They were the
U1,"only decent piece of clothing I owned. Back then,"
U1,almost no one in South Africa had Timberlands.
U1,"They were impossible to get, but everyone wanted"
U1,them because American rappers wore them. Id
U1,scrimped and saved my tuck-shop money and my CD
U1,"money to buy them. As we were leaving, Tom told"
U1,"me, Be sure to wear your Timberlands."
U1,The talent show was in this little community
U1,hall attached to nothing in the middle of nowhere.
U1,"When we got there, Tom was going around, shaking"
U1,"hands, chatting with everybody. There was singing,"
U1,"dancing, some poetry. Then the host got up onstage"
U1,"and said, Re na le modiragatsi yo o kgethegileng."
U1,Ka kopo amogelangSpliff Star Weve got a
U1,"special performer, a rapper all the way from"
U1,America. Please welcomeSpliff Star
U1,Spliff Star was Busta Rhymess hype man at the
U1,"time. I sat there, confused. What Spliff Star In"
U1,Hammanskraal Then everyone in the room turned
U1,and looked at me. Tom walked over and whispered
U1,in my ear.
U1,"Dude, come up onstage."
U1,What
U1,Come onstage.
U1,"Dude, what are you talking about"
U1,"Dude, please, youre gonna get me in so much"
U1,shit. Theyve already paid me the money.
U1,Money What money
U1,"Of course, what Tom had failed to tell me was"
U1,that hed told these people he was bringing a famous
U1,rapper from America to come and rap in their talent
U1,show. He had demanded to be paid up front for
U1,"doing so, and I, in my Timberlands, was that famous"
U1,American rapper.
U1,"Screw you, I said. Im not going anywhere."
U1,"Please, dude, Im begging you. Please do me"
U1,"this favor. Please. Theres this girl here, and I wanna"
U1,"get with her, and I told her I know all these rappers"
U1,Please. Im begging you.
U1,"Dude, Im not Spliff Star. What am I gonna"
U1,do
U1,Just rap Busta Rhymes songs.
U1,But I dont know any of the lyrics.
U1,It doesnt matter. These people dont speak
U1,English.
U1,"Aw, fuck."
U1,I got up onstage and Tom did some terrible
U1,"beat-boxingBff ba-dff, bff bff ba-dffwhile I"
U1,stumbled through some Busta Rhymes lyrics that I
U1,made up as I went along. The audience erupted with
U1,cheers and applause. An American rapper had come
U1,"to Hammanskraal, and it was the most epic thing"
U1,they had ever seen.
U1,So thats Tom.
U1,One afternoon Tom came by my house and we
U1,started talking about the dance. I told him I didnt
U1,"have a date, couldnt get a date, and wasnt going to"
U1,get a date.
U1,"I can get you a girl to go with you to the dance,"
U1,he said.
U1,"No, you cant."
U1,"Yes, I can. Lets make a deal."
U1,"I dont want one of your deals, Tom."
U1,"No, listen, heres the deal. If you give me a"
U1,"better cut on the CDs Im selling, plus a bunch of free"
U1,"music for myself, Ill come back with the most"
U1,"beautiful girl youve ever seen in your life, and shell"
U1,be your date for the dance.
U1,"Okay, Ill take that deal because its never going"
U1,to happen.
U1,Do we have a deal
U1,"We have a deal, but its not going to happen."
U1,But do we have a deal
U1,Its a deal.
U1,"Okay, Im going to find you a date. Shes going"
U1,"to be the most beautiful girl youve ever seen, and"
U1,youre going to take her to the matric dance and
U1,youre going to be a superstar.
U1,The dance was still two months away. I
U1,promptly forgot about Tom and his ridiculous deal.
U1,Then he came over to my house one afternoon and
U1,popped his head into my room.
U1,I found the girl.
U1,Really
U1,Yeah. You have to come and meet her.
U1,"I knew Tom was full of shit, but the thing that"
U1,makes a con man successful is that he never gives
U1,you nothing. He delivers just enough to keep you
U1,believing. Tom had introduced me to many beautiful
U1,"women. He was never dating them, but he talked a"
U1,"good game, and was always around them. So when"
U1,"he said he had a girl, I didnt doubt him. The two of"
U1,us jumped on a bus and headed into the city.
U1,The girl lived in a run-down block of flats
U1,"downtown. We found her building, and a girl leaned"
U1,over the balcony and waved us inside. That was the
U1,"girls sister Lerato, Tom said. Come to find out, hed"
U1,"been trying to get with Lerato, and setting me up"
U1,"with the sister was his way inof course, Tom was"
U1,working an angle.
U1,It was dark in the lobby. The elevator was
U1,"busted, so we walked up several flights. This girl"
U1,Lerato brought us into the flat. In the living room
U1,"was this giant, but I mean really, really enormous,"
U1,"fat woman. I was like, Oh, Tom. I see what youve"
U1,done here. Nicely played. Tom was a big joker as
U1,well.
U1,Is this my date I asked.
U1,"No, no, no, he said. This is not your date. This"
U1,is her older sister. Your date is Babiki. Babiki has
U1,"three older sisters, and Lerato is her younger sister."
U1,Babikis gone to the store to buy groceries. Shell be
U1,back in a moment.
U1,"We waited, chatted with the older sister. Ten"
U1,minutes later the door opened and the most
U1,beautiful girl I have ever seen in my life walked in.
U1,"She wasgood Lord. Beautiful eyes, beautiful golden"
U1,yellow-brown skin. It was like she glowed. No girl at
U1,my high school looked anything like her.
U1,"Hi, she said."
U1,"Hi, I replied."
U1,I was dumbfounded. I had no idea how to talk to
U1,a girl that beautiful. She was shy and didnt speak
U1,"much, either. There was a bit of an awkward pause."
U1,Luckily Toms a guy who just talks and talks. He
U1,jumped right in and smoothed everything over.
U1,"Trevor, this is Babiki. Babiki, Trevor. He went on"
U1,"and on about how great I was, how much she was"
U1,"looking forward to the dance, when I would pick her"
U1,"up for the dance, all the details. We hung out for a"
U1,"few, and then Tom needed to get going so we headed"
U1,out the door. Babiki turned and smiled at me and
U1,waved as we left.
U1,Bye.
U1,Bye.
U1,We walked out of that building and I was the
U1,happiest man on earth. I couldnt believe it. I was the
U1,guy at school who couldnt get a date. Id resigned
U1,"myself to never getting a date, didnt consider myself"
U1,worthy of having a date. But now I was going to the
U1,matric dance with the most beautiful girl in the
U1,world.
U1,Over the following weeks we went down to
U1,Hillbrow a few more times to hang out with Babiki
U1,and her sisters and her friends. Babikis family was
U1,"Pedi, one of South Africas smaller tribes. I liked"
U1,"getting to know people of different backgrounds, so"
U1,that was fun. Babiki and her friends were what we
U1,call amabhujua. Theyre as poor as most other black
U1,"people, but they try to act like theyre not. They dress"
U1,fashionably and act rich. Amabhujua will put a shirt
U1,"on layaway, one shirt, and spend seven months"
U1,paying it off. Theyll live in shacks wearing Italian
U1,leather shoes that cost thousands. An interesting
U1,crowd.
U1,Babiki and I never went on a date alone. It was
U1,"always the two of us in a group. She was shy, and I"
U1,"was a nervous wreck most of the time, but we had"
U1,fun. Tom kept everyone loose and having a good
U1,"time. Whenever wed say goodbye, Babiki would give"
U1,"me a hug, and once she even gave me a little kiss. I"
U1,"was in heaven. I was like, Yeah, Ive got a girlfriend."
U1,Cool.
U1,
U1,"As the dance approached, I started getting nervous. I"
U1,didnt have a car. I didnt have any decent clothes.
U1,"This was my first time taking out a beautiful girl, and"
U1,I wanted it to be perfect.
U1,Wed moved to Highlands North when my
U1,"stepfathers garage went out of business, and he"
U1,moved his workshop to the house. We had a big yard
U1,"and a garage in the back, and that became his new"
U1,"workshop, essentially. At any given time, we had at"
U1,"least ten or fifteen cars in the driveway, in the yard,"
U1,"and out on the street, clients cars being worked on"
U1,and old junkers Abel kept around to tinker with. One
U1,afternoon Tom and I were at the house. Tom was
U1,"telling Abel about my date, and Abel decided to be"
U1,generous. He said I could take a car for the dance.
U1,There was a red Mazda that wed had for a
U1,"while, a complete piece of shit but it worked well"
U1,"enough. Id borrowed it before, but the car I really"
U1,wanted was Abels BMW. It was old and beat-up like
U1,"the Mazda, but a shit BMW is still a BMW. I begged"
U1,him to let me take it.
U1,"Please, please, can I use the BMW"
U1,Not a fucking chance.
U1,Please. This is the greatest moment in my life.
U1,Please. Im begging you.
U1,No.
U1,Please.
U1,No. You can take the Mazda.
U1,"Tom, always the hustler and the dealmaker,"
U1,stepped in.
U1,"Bra Abie, he said. I dont think you"
U1,understand. If you saw the girl Trevor is taking to
U1,"the dance, you would see why this is so important."
U1,Lets make a deal. If we bring her here and shes the
U1,"most beautiful girl youve ever seen in your life,"
U1,youll let him take the BMW.
U1,Abel thought about it.
U1,Okay. Deal.
U1,"We went to Babikis flat, told her my parents"
U1,"wanted to meet her, and brought her back to my"
U1,house. Then we brought her around to the garage in
U1,the back where Abel and his guys were working. Tom
U1,and I went over and introduced them.
U1,"Abel, this is Babiki. Babiki, this is Abel."
U1,"Abel smiled big, was charming as always."
U1,"Nice to meet you, he said."
U1,They chatted for a few minutes. Tom and Babiki
U1,left. Abel turned to me.
U1,Is that the girl
U1,Yes.
U1,You can take the BMW.
U1,"Once I had the car, I desperately needed"
U1,something to wear. I was taking out this girl who was
U1,"really into fashion, and, except for my Timberlands,"
U1,everything I owned was shit. I was limited in my
U1,wardrobe choices because I was stuck buying in the
U1,"shops my mother let me go to, and my mother did"
U1,not believe in spending money on clothes. Shed take
U1,me to some bargain clothing store and tell me what
U1,"our budget was, and Id have to find something to"
U1,wear.
U1,At the time I had no clue about clothes. My idea
U1,of fashion was a brand of clothing called
U1,Powerhouse. It was the kind of stuff weight lifters
U1,"wear down in Miami or out at Venice Beach, baggy"
U1,track pants with baggy sweatshirts. The logo was a
U1,cartoon of this giant bodybuilding bulldog wearing
U1,wraparound sunglasses and smoking a cigar and
U1,flexing his muscles. On the pants he was flexing all
U1,the way down your leg. On the shirt he was flexing
U1,"across your chest. On the underwear, he was flexing"
U1,on your crotch. I thought Powerhouse was the
U1,"baddest thing in the world, I cant even front. I had"
U1,"no friends, I loved dogs, and muscles were cool"
U1,thats where I was working from. I had Powerhouse
U1,"everything, the full range, five of the same outfit in"
U1,five different colors. It was easy. The pants came
U1,"with the top, so I knew how to make it work."
U1,"Bongani, the other middleman from my CD"
U1,"business, found out I had a date, and he made it his"
U1,mission to give me a makeover. You need to up your
U1,"game, he said. You cannot go to the dance looking"
U1,"the way you lookfor her sake, not yours. Lets go"
U1,shopping.
U1,I went to my mom and begged her to give me
U1,money to buy something to wear for the dance. She
U1,"finally relented and gave me 2,000 rand, for one"
U1,outfit. It was the most money shed ever given me for
U1,anything in my life. I told Bongani how much I had
U1,"to spend, and he said wed make it work. The trick to"
U1,"looking rich, he told me, is to have one expensive"
U1,"item, and for the rest of the things you get basic,"
U1,good-looking quality stuff. The nice item will draw
U1,"everyones eye, and itll look like youve spent more"
U1,than you have.
U1,In my mind nothing was cooler than the leather
U1,coats everybody wore in The Matrix. The Matrix
U1,came out while I was in high school and it was my
U1,favorite movie at the time. I loved Neo. In my heart I
U1,knew: I am Neo. Hes a nerd. Hes useless at
U1,"everything, but secretly hes a badass superhero. All I"
U1,"needed was a bald, mysterious black man to come"
U1,into my life and show me the way. Now I had
U1,"Bongani, black, head shaved, telling me, You can do"
U1,"it. Youre the one. And I was like, Yes. I knew it."
U1,I told Bongani I wanted a leather coat like
U1,"Keanu Reeves wore, the ankle-length black one."
U1,"Bongani shut that down. No, thats not practical. Its"
U1,"cool, but youll never be able to wear it again. He"
U1,took me shopping and we bought a calf-length black
U1,"leather jacket, which would look ridiculous today but"
U1,"at the time, thanks to Neo, was very cool. That alone"
U1,"cost 1,200 rand. Then we finished the outfit with a"
U1,"pair of simple black pants, suede square-toed shoes,"
U1,and a cream-white knitted sweater.
U1,"Once we had the outfit, Bongani took a long look"
U1,at my enormous Afro. I was forever trying to get the
U1,perfect 1970s Michael Jackson Afro. What I had was
U1,"more Buckwheat: unruly and impossible to comb,"
U1,like stabbing a pitchfork into a bed of crabgrass.
U1,"We need to fix that fucking hair, Bongani said."
U1,What do you mean I said. This is just my
U1,hair.
U1,"No, we have to do something."
U1,Bongani lived in Alexandra. He dragged me
U1,"there, and we went to talk to some girls from his"
U1,street who were hanging out on the corner.
U1,What would you do with this guys hair he
U1,asked them.
U1,The girls looked me over.
U1,"He has so much, one of them said. Why"
U1,doesnt he cornrow it
U1,"Shit, yeah, they said. Thats great"
U1,"I said, What Cornrows No"
U1,"No, no, they said. Do it."
U1,Bongani dragged me to a hair salon down the
U1,street. We went in and sat down. The woman
U1,"touched my hair, shook her head, and turned to"
U1,Bongani.
U1,"I cant work with this sheep, she said. You"
U1,have to do something about this.
U1,What do we need to do
U1,You have to relax it. I dont do that here.
U1,Okay.
U1,Bongani dragged me to a second salon. I sat
U1,"down in the chair, and the woman took my hair and"
U1,started painting this creamy white stuff in it. She was
U1,wearing rubber gloves to keep this chemical relaxer
U1,"off her own skin, which should have been my first"
U1,clue that maybe this wasnt such a great idea. Once
U1,"my hair was full of the relaxer, she told me, You"
U1,have to try to keep it in for as long as possible. Its
U1,"going to start burning. When it starts burning, tell"
U1,me and well rinse it out. But the longer you can
U1,"handle it, the straighter your hair will become."
U1,"I wanted to do it right, so I sat in the chair and"
U1,waited and waited for as long as I could.
U1,I waited too long.
U1,Shed told me to tell her when it started burning.
U1,She should have told me to tell her when it started
U1,"tingling, because by the time it was actually burning"
U1,it had already taken off several layers of my scalp. I
U1,was well past tingling when I started to freak out.
U1,Its burning Its burning She rushed me over to
U1,the sink and started to rinse the relaxer out. What I
U1,didnt know is that the chemical doesnt really start
U1,to burn until its being rinsed out. I felt like someone
U1,was pouring liquid fire onto my head. When she was
U1,done I had patches of acid burns all over my scalp.
U1,I was the only man in the salon it was all
U1,women. It was a window into what women
U1,experience to look good on a regular basis. Why
U1,"would they ever do this, I thought. This is horrible."
U1,But it worked. My hair was completely straight. The
U1,"woman combed it back, and I looked like a pimp, a"
U1,pimp named Slickback.
U1,"Bongani then dragged me back to the first salon,"
U1,and the woman agreed to cornrow my hair. She
U1,"worked slowly. It took six hours. Finally she said,"
U1,"Okay, you can look in the mirror. She turned me"
U1,around in the chair and I looked in the mirror andI
U1,had never seen myself like that before. It was like the
U1,"makeover scenes in my American movies, where"
U1,"they take the dorky guy or girl, fix the hair and"
U1,"change the clothes, and the ugly duckling becomes"
U1,the swan. Id been so convinced Id never get a date
U1,"that I never tried to look nice for a girl, so I didnt"
U1,know that I could. The hair was good. My skin wasnt
U1,"perfect, but it was getting better the pustules had"
U1,receded into regular pimples. I lookednot bad.
U1,"I went home, and my mom squealed when I"
U1,walked in the door.
U1,Ooooooh They turned my baby boy into a
U1,pretty little girl Ive got a little girl Youre so
U1,pretty
U1,Mom Cmon. Stop it.
U1,Is this the way youre telling me that youre
U1,gay
U1,What No. Why would you say that
U1,You know its okay if you are.
U1,"No, Mom. Im not gay."
U1,Everyone in my family loved it. They all thought
U1,"it looked great. My mom did tease the shit out of me,"
U1,though.
U1,"Its very well done, she said, but it is way too"
U1,pretty. You do look like a girl.
U1,
U1,The big night finally came. Tom came over to help
U1,"me get ready. The hair, the clothes, everything came"
U1,"together perfectly. Once I was set, we went to Abel to"
U1,"get the keys to the BMW, and that was the moment"
U1,the whole night started to go wrong.
U1,"It was a Saturday night, end of the week, which"
U1,meant Abel was drinking with his workers. I walked
U1,"out to his garage, and as soon as I saw his eyes I"
U1,knew: He was wasted. Fuck. When Abel was drunk
U1,he was a completely different person.
U1,"Ah, you look nice he said with a big smile,"
U1,looking me over. Where are you going
U1,"Where am IAbie, Im going to the dance."
U1,Okay. Have fun.
U1,Umcan I get the keys
U1,The keys to what
U1,To the car.
U1,What car
U1,The BMW. You promised I could drive the
U1,BMW to the dance.
U1,"First go buy me some beers, he said."
U1,He gave me his car keys Tom and I drove to the
U1,"liquor store. I bought Abel a few cases of beer, drove"
U1,"back, and unloaded it for him."
U1,"Okay, I said, can I take the BMW now"
U1,No.
U1,What do you mean no
U1,I mean no. I need my car tonight.
U1,But you promised. You said I could take it.
U1,"Yeah, but I need the car."
U1,I was crushed. I sat there with Tom and begged
U1,him for close to half an hour.
U1,Please.
U1,No.
U1,Please.
U1,Nope.
U1,Finally we realized it wasnt going to happen.
U1,We took the shitty Mazda and drove to Babikis
U1,house. I was an hour late picking her up. She was
U1,completely pissed off. Tom had to go in and convince
U1,"her to come out, and eventually she did."
U1,"She was even more gorgeous than before, in an"
U1,"amazing red dress, but she was clearly not in a great"
U1,"mood. Inside I was quietly starting to panic, but I"
U1,smiled and kept trying my gentlemanly best to be a
U1,"good date, holding the door for her, telling her how"
U1,beautiful she was. Tom and the sister gave us a send-
U1,off and we headed out.
U1,Then I got lost. The dance was being held at
U1,"some venue in a part of town I wasnt familiar with,"
U1,and at some point I got completely turned around
U1,and had no idea where I was. I drove around for an
U1,"hour in the dark, going left, going right, doubling"
U1,"back. I was on my cellphone the whole time,"
U1,"desperately calling people, trying to figure out where"
U1,"I was, trying to get directions. Babiki sat next to me"
U1,"in stony silence the whole time, clearly not feeling"
U1,me or this night at all. I was crashing hard. I was
U1,late. I didnt know where I was going. I was the worst
U1,date shed ever had in her life.
U1,I finally figured out where I was and we made it
U1,"to the dance, nearly two hours late. I parked, jumped"
U1,"out, and ran around to get her door. When I opened"
U1,"it, she just sat there."
U1,Are you ready I said. Lets go in.
U1,No.
U1,"No Whatwhat do you mean, no"
U1,No.
U1,Okaybut why
U1,No.
U1,But we need to go inside. The dance is inside.
U1,No.
U1,"I stood there for another twenty minutes, trying"
U1,"to convince her to come inside, but she kept saying"
U1,no. She wouldnt get out of the car.
U1,"Finally, I said, Okay, Ill be right back."
U1,I ran inside and found Bongani.
U1,Where have you been he said.
U1,Im here But my dates in the car and she wont
U1,come in.
U1,What do you mean she wont come in
U1,I dont know whats going on. Please help me.
U1,We went back out to the parking lot. I took
U1,"Bongani over to the car, and the second he saw her"
U1,he lost it. Jesus in Heaven This is the most
U1,beautiful woman Ive ever seen. You said she was
U1,"beautiful, Trevor, but this is insane. In an instant he"
U1,completely forgot about helping me with Babiki. He
U1,turned and ran back inside and called to the guys.
U1,Guys You gotta come see this Trevor got a date
U1,And shes beautiful Guys Come out here
U1,Twenty guys came running out into the parking
U1,"lot. They clustered around the car. Yo, shes so hot"
U1,"Dude, this girl came with Trevor Guys were"
U1,gawking at her like she was an animal at the zoo.
U1,They were asking to take pictures with her. They
U1,were calling back to more people inside. This is
U1,"insane Look at Trevors date No, no, no, you gotta"
U1,come and see
U1,I was mortified. Id spent four years of high
U1,school carefully avoiding any kind of romantic
U1,"humiliation whatsoever, and now, on the night of the"
U1,"matric dance, the night of all nights, my humiliation"
U1,had turned into a circus bigger than the event itself:
U1,Trevor the undatable clown thought he was going to
U1,"have the most beautiful girl at the dance, but hes"
U1,crashing and burning so lets all go outside and
U1,watch.
U1,"Babiki sat in the passenger seat, staring straight"
U1,"ahead, refusing to budge. I was outside the car,"
U1,"pacing, stressed out. A friend of mine had a bottle of"
U1,"brandy that hed smuggled into the dance. Here, he"
U1,"said, have some of this. Nothing mattered at that"
U1,"point, so I started drinking. Id fucked up. The girl"
U1,didnt like me. The night was done.
U1,Most of the guys eventually wandered back
U1,"inside. I was sitting on the pavement, taking swigs"
U1,"from the brandy bottle, getting buzzed. At some"
U1,point Bongani went back over to the car to try one
U1,last time to convince Babiki to come in. After a
U1,minute his head popped up over the car with this
U1,confused look.
U1,"Yo, Trevor, he said, your date does not speak"
U1,English.
U1,What
U1,Your date. She does not speak any English.
U1,Thats not possible.
U1,I got up and walked over to the car. I asked her a
U1,question in English and she gave me a blank stare.
U1,Bongani looked at me.
U1,How did you not know that your date does not
U1,speak English
U1,II dont know.
U1,Have you never spoken to her
U1,"Of course I haveor, waithave I"
U1,I started flashing back through all the times Id
U1,"been with Babiki, meeting at her flat, hanging out"
U1,"with her friends, introducing her to Abel. Did I talk"
U1,to her then No. Did I talk to her then No. It was
U1,like the scene in Fight Club where Ed Nortons
U1,character flashes back and realizes he and Brad Pitt
U1,have never been in the same room with Helena
U1,Bonham Carter at the same time. He realizes hes
U1,been punching himself the whole time. Hes Tyler
U1,"Durden. In all the excitement of meeting Babiki, the"
U1,times we were hanging out and getting to know each
U1,"other, we were never actually speaking to each other."
U1,It was always through Tom.
U1,Fucking Tom.
U1,Tom had promised hed get me a beautiful date
U1,"for the dance, but he hadnt made any promises"
U1,about any of her other qualities. Whenever we were
U1,"together, she was speaking Pedi to Tom, and Tom"
U1,was speaking English to me. But she didnt speak
U1,"English, and I didnt speak Pedi. Abel spoke Pedi."
U1,Hed learned several South African languages in
U1,"order to deal with his customers, so hed spoken with"
U1,her fluently when they met. But in that moment I
U1,realized Id never actually heard her say anything in
U1,English other than: Yes. No. Hi. Bye. Thats
U1,it: Yes. No. Hi. Bye.
U1,Babiki was so shy that she didnt talk much to
U1,"begin with, and I was so inept with women that I"
U1,didnt know how to talk to her. Id never had a
U1,girlfriend I didnt even know what girlfriend
U1,meant. Someone put a beautiful woman on my arm
U1,"and said, Shes your girlfriend. Id been"
U1,mesmerized by her beauty and just the idea of herI
U1,didnt know I was supposed to talk to her. The naked
U1,"women on my computer, Id never had to talk to"
U1,"them, ask them their opinions, ask them about their"
U1,feelings. And I was afraid Id open my mouth and
U1,"ruin the whole thing, so I just nodded and smiled"
U1,along and let Tom do the talking.
U1,"All three of Babikis older sisters spoke English,"
U1,and her younger sister Lerato spoke a little. So
U1,whenever we hung out with Babiki and her sisters
U1,"and their friends, a lot of the conversation was in"
U1,English. The rest of it was going right by me in Pedi
U1,"or in Sotho, but thats completely normal in South"
U1,Africa so it never bothered me I got enough of the
U1,gist of the conversation from everyones English to
U1,know what was going on. And the way my mind
U1,"works with language, even when Im hearing other"
U1,"languages, they get filtered into English as Im"
U1,hearing them. My mind stores them in English.
U1,When my grandmother and great-grandmother were
U1,hysterically praying to God to destroy the demon
U1,"that had shit on their kitchen floor, all of that"
U1,"transpired in Xhosa, but its stored in English. I"
U1,remember it as English. So whenever I lay in bed at
U1,night dreaming about Babiki and the moments wed
U1,"spent together, I felt like it had transpired in English"
U1,because thats how I remembered it. And Tom had
U1,never said anything about what language she spoke
U1,"or didnt speak, because why would he care He just"
U1,wanted to get his free CDs and get with the sister.
U1,Which is how Id been dating a girl for over a month
U1,the girl I very much believed was my first girlfriend
U1,without ever having had a single conversation with
U1,her.
U1,Now the whole night came rushing back and I
U1,"saw it from her point of view, and it was perfectly"
U1,obvious to me why she didnt want to get out of the
U1,car. She probably hadnt wanted to go to the dance
U1,with me in the first place she probably owed Tom a
U1,"favor, and Tom can talk anyone into anything. Then"
U1,Id left her sitting and waiting for me for an hour and
U1,she was pissed off. Then she got into the car and it
U1,"was the first time we had ever been alone, and she"
U1,realized I couldnt even hold a conversation with her.
U1,Id driven her around and gotten lost in the darka
U1,young girl alone in a car in the middle of nowhere
U1,"with some strange guy, no idea where I was taking"
U1,her. She was probably terrified. Then we got to the
U1,dance and she didnt speak anyones language. She
U1,didnt know anyone. She didnt even know me.
U1,"Bongani and I stood outside the car, staring at"
U1,each other. I didnt know what to do. I tried talking
U1,to her in every language I knew. Nothing worked.
U1,She only spoke Pedi. I got so desperate that I started
U1,trying to talk to her using hand signals.
U1,Please. You. Me. Inside. Dance. Yes
U1,No.
U1,Inside. Dance. Please
U1,No.
U1,I asked Bongani if he spoke Pedi. He didnt. I
U1,ran inside to the dance and ran around looking for
U1,someone who spoke Pedi to help me to convince her
U1,to come in. Do you speak Pedi Do you speak Pedi
U1,Do you speak Pedi Nobody spoke Pedi.
U1,So I never got to go to my matric dance. Other
U1,than the three minutes I spent running through it
U1,"looking for someone who spoke Pedi, I spent the"
U1,whole night in the parking lot. When the dance
U1,"ended, I climbed back into the shitty red Mazda and"
U1,drove Babiki home. We sat in total awkward silence
U1,the whole way.
U1,I pulled up in front of her block of flats in
U1,"Hillbrow, stopped the car, and sat for a moment as I"
U1,tried to figure out the polite and gentlemanly way to
U1,"end the evening. Then, out of nowhere, she leaned"
U1,"over and gave me a kiss. Like, a real kiss, a proper"
U1,kiss. The kind of kiss that made me forget that the
U1,whole disaster had just happened. I was so confused.
U1,I didnt know what I was supposed to do. She pulled
U1,"back and I looked deep into her eyes and thought, I"
U1,have no idea how girls work.
U1,"I got out of the car, walked around to her side,"
U1,and opened her door. She gathered up her dress and
U1,"stepped out and headed toward her flat, and as she"
U1,turned to go I gave her one last little wave.
U1,Bye.
U1,Bye.
U1,"In Germany, no child finishes high school without learning"
U1,about the Holocaust. Not just the facts of it but the how and
U1,"the why and the gravity of itwhat it means. As a result,"
U1,Germans grow up appropriately aware and apologetic.
U1,"British schools treat colonialism the same way, to an extent."
U1,Their children are taught the history of the Empire with a
U1,"kind of disclaimer hanging over the whole thing. Well, that"
U1,"was shameful, now wasnt it"
U1,"In South Africa, the atrocities of apartheid have never"
U1,been taught that way. We werent taught judgment or shame.
U1,We were taught history the way its taught in America. In
U1,"America, the history of racism is taught like this: There was"
U1,slavery and then there was Jim Crow and then there was
U1,Martin Luther King Jr. and now its done. It was the same
U1,for us. Apartheid was bad. Nelson Mandela was freed. Lets
U1,"move on. Facts, but not many, and never the emotional or"
U1,"moral dimension. It was as if the teachers, many of whom"
U1,"were white, had been given a mandate. Whatever you do,"
U1,dont make the kids angry.
U1,GO HITLER
U1,"When I was in grade nine, three Chinese kids"
U1,"transferred to Sandringham: Bolo, Bruce Lee, and"
U1,"John. They were the only Chinese kids in the school,"
U1,out of a thousand pupils. Bolo got his nickname
U1,because he looked like Bolo Yeung from the Jean-
U1,Claude Van Damme movie Bloodsport. Bruce Lees
U1,"name really was Bruce Lee, which made our lives."
U1,"Here was this Chinese guy, quiet, good-looking, in"
U1,"great shape, and his name was Bruce Lee. We were"
U1,"like, This is magic. Thank you, Jesus, for bringing"
U1,"us Bruce Lee. John was just John, which was weird"
U1,because of the other two.
U1,I got to know Bolo because he was one of my
U1,tuck-shop clients. Bolos parents were professional
U1,pirates. They pirated videogames and sold them at
U1,"flea markets. As the son of pirates, Bolo did the same"
U1,thinghe started selling bootleg PlayStation games
U1,around school. Kids would give him their
U1,"PlayStation, and hed bring it back a few days later"
U1,with a chip in it that enabled them to play pirated
U1,"games, which he would then sell them. Bolo was"
U1,friends with this white kid and fellow pirate named
U1,"Andrew, who traded in bootleg CDs. Andrew was two"
U1,grades above me and a real computer geek he even
U1,"had a CD writer at home, back when nobody had CD"
U1,writers.
U1,"One day on my tuck-shop rounds, I overheard"
U1,Andrew and Bolo complaining about the black kids
U1,at school. Theyd realized that they could take
U1,"Andrews and Bolos merchandise, say Ill pay you"
U1,"later, and then not pay, because Andrew and Bolo"
U1,were too scared of black people to go back to ask for
U1,the money. I leaned in to their conversation and
U1,"said, Listen, you shouldnt get upset. Black people"
U1,"dont have any money, so trying to get more stuff for"
U1,less money is just what we do. But let me help. Ill be
U1,your middleman. You give me the merchandise and
U1,"Ill sell it, and then Ill handle getting the money. In"
U1,"return, you give me a cut of the sale. They liked the"
U1,"idea right away, and we became partners."
U1,"As the tuck-shop guy, I was perfectly positioned."
U1,I had my network set up. All I had to do was tap into
U1,it. With the money I made selling CDs and
U1,"videogames, I was able to save up and add new"
U1,components and more memory to my own
U1,computer. Andrew the computer geek showed me
U1,"how to do it, where to buy the cheapest parts, how to"
U1,"assemble them, how to repair them. He showed me"
U1,"how his business worked, too, how to download"
U1,"music, where to get rewritable CDs in bulk. The only"
U1,"thing I was missing was my own CD writer, because"
U1,it was the most expensive component. At the time a
U1,"CD writer cost as much as the rest of the computer,"
U1,"nearly 2,000 rand."
U1,I worked as a middleman for Bolo and Andrew
U1,for a year. Then Bolo left school the rumor was that
U1,his parents got arrested. From that point on I
U1,"worked for Andrew, and then as he was about to"
U1,"matriculate he decided to quit the game. Trevor, he"
U1,"told me, youve been a loyal partner. And, as"
U1,"thanks, he bequeathed unto me his CD writer. At the"
U1,"time, black people barely had access to computers,"
U1,lets start there. But a CD writer That was the stuff
U1,of lore. It was mythical. The day Andrew gave it to
U1,"me, he changed my life. Thanks to him, I now"
U1,"controlled production, sales, distributionI had"
U1,everything I needed to lock down the bootleg
U1,business.
U1,"I was a natural capitalist. I loved selling stuff,"
U1,and I was selling something that everybody wanted
U1,and nobody else could provide. I sold my discs for 30
U1,"rand, around 3. A regular CD in the store cost 100"
U1,"to 150 rand. Once people started buying from me,"
U1,they wouldnt buy real CDs ever againthe deal was
U1,too good.
U1,"I had an instinct for business, but at the time I"
U1,"knew nothing about music, which was odd for"
U1,someone running a music-pirating business. The
U1,"only music I knew, still, was Christian music from"
U1,"church, the only music allowed in my mothers"
U1,house. The CD writer Andrew gave me was a 1x CD
U1,"writer, which meant it copied at the speed it played."
U1,"Every day Id leave school, go to my room, and sit for"
U1,"five to six hours, copying CDs. I had my own"
U1,surround-sound system built with old car speakers
U1,"Id salvaged from the junkers Abel kept in the yard,"
U1,and I strung them up around the room. Even though
U1,"I had to sit there while each CD played, for a long"
U1,time I didnt really listen to them. I knew it was
U1,against the dealers code: Never get high on your
U1,own supply.
U1,"Thanks to the Internet, I could get anyone"
U1,anything. I never judged anyones taste in music.
U1,"You wanted the new Nirvana, I got you the new"
U1,"Nirvana. You wanted the new DMX, I got you the"
U1,"new DMX. Local South African music was big, but"
U1,black American music was what people were
U1,"desperate for, hip-hop and RB. Jagged Edge was"
U1,huge. 112 was huge. I sold a lot of Montell Jordan. So
U1,much Montell Jordan.
U1,"When I started, I had a dial-up connection and a"
U1,24k modem. It would take a day to download an
U1,"album. But technology kept evolving, and I kept"
U1,reinvesting in the business. I upgraded to a 56k
U1,"modem. I got faster CD writers, multiple CD writers."
U1,"I started downloading more, copying more, selling"
U1,"more. Thats when I got two middlemen of my own,"
U1,"my friend Tom, who went to Northview, and my"
U1,"friend Bongani, who lived in Alex."
U1,"One day Bongani came to me and said, You"
U1,know what would make a lot of money Instead of
U1,"copying whole albums, why dont you put the best"
U1,"tracks of different albums onto one CD, because"
U1,people only wanna hear the songs they like. That
U1,"sounded like a great idea, so I started making mix"
U1,CDs. Those sold well. Then a few weeks later
U1,"Bongani came back and said, Can you make the"
U1,tracks fade into one another so the music moves
U1,from track one to track two without a break and the
U1,beat carries on Itll be like a DJ playing a complete
U1,"set the whole night. That sounded like a great idea,"
U1,"too. I downloaded a program called BPM, beats per"
U1,minute. It had a graphical interface that looked like
U1,"two vinyl records side by side, and I could mix and"
U1,"fade between songs, basically everything a DJ can do"
U1,"live. I started making party CDs, and those started"
U1,"selling like hotcakes, too."
U1,
U1,"Business was booming. By matric I was balling,"
U1,"making 500 rand a week. To put that in perspective,"
U1,there are maids in South Africa who still earn less
U1,than that today. Its a shit salary if youre trying to
U1,"support a family, but as a sixteen-year-old living at"
U1,"home with no real expenses, I was living the dream."
U1,"For the first time in my life I had money, and it"
U1,was the most liberating thing in the world. The first
U1,thing I learned about having money was that it gives
U1,you choices. People dont want to be rich. They want
U1,"to be able to choose. The richer you are, the more"
U1,choices you have. That is the freedom of money.
U1,"With money, I experienced freedom on a whole"
U1,new level: I went to McDonalds. People in America
U1,"dont understand, but when an American chain"
U1,"opens in a third-world country, people go crazy."
U1,Thats true to this day. A Burger King opened for the
U1,"first time in South Africa last year, and there was a"
U1,queue around the block. It was an event. Everyone
U1,"was going around saying, I have to eat at Burger"
U1,King. Have you heard Its from America. The
U1,funny thing was that the queue was actually just
U1,white people. White people went bat-shit crazy for
U1,"Burger King. Black people were like, whatever. Black"
U1,people didnt need Burger King. Our hearts were
U1,with KFC and McDonalds. The crazy thing about
U1,McDonalds is that we knew about it long before it
U1,"came, probably from movies. We never even"
U1,dreamed we would ever get one in South Africa
U1,McDonalds seemed to us like one of those American
U1,things that is exclusively American and cant go
U1,anywhere else. Even before we ever tasted
U1,"McDonalds, we knew wed love it, and we did. At"
U1,one point South Africa was opening more
U1,McDonalds than any other country in the world.
U1,With Mandela came freedomand with freedom
U1,came McDonalds. A McDonalds had opened up just
U1,two blocks from our house not long after we moved
U1,"to Highlands North, but my mom would never pay"
U1,"for us to eat there. With my own money I was like,"
U1,Lets do this. I went all in. They didnt have
U1,supersize at the time large was the biggest. So I
U1,"walked up to the counter, feeling very impressed"
U1,"with myself, and I put down my money and said, Ill"
U1,have a large number one.
U1,"I fell in love with McDonalds. McDonalds, to"
U1,"me, tasted like America. McDonalds is America. You"
U1,see it advertised and it looks amazing. You crave it.
U1,"You buy it. You take your first bite, and it blows your"
U1,"mind. Its even better than you imagined. Then,"
U1,"halfway through, you realize its not all its cracked"
U1,"up to be. A few bites later youre like, Hmm, theres a"
U1,"lot wrong with this. Then youre done, you miss it"
U1,"like crazy, and you go back for more."
U1,"Once Id had a taste of America, I never ate at"
U1,"home. I only ate McDonalds. McDonalds,"
U1,"McDonalds, McDonalds, McDonalds. Every night"
U1,my mother would try to cook me dinner.
U1,Tonight were having chicken livers.
U1,"No, Im gonna have McDonalds."
U1,Tonight were having dog bones.
U1,I think Im gonna go with McDonalds again.
U1,Tonight were having chicken feet.
U1,"HmmmmmOkay, Im in. But tomorrow Im"
U1,eating McDonalds.
U1,The money kept rolling in and I was balling out
U1,of control. This is how balling I was: I bought a
U1,cordless telephone. This was before everyone had a
U1,cellphone. The range on this cordless phone was
U1,strong enough that I could put the base outside my
U1,"window, walk the two blocks to McDonalds, order"
U1,"my large number one, walk back home, go up to my"
U1,"room, and fire up my computer, carrying on a"
U1,conversation the whole time. I was that dude
U1,walking down the street holding a giant phone to my
U1,"ear with the aerial fully extended, talking to my"
U1,"friend. Yeah, Im just goin down to McDonalds"
U1,"Life was good, and none of it would have"
U1,"happened without Andrew. Without him, I would"
U1,never have mastered the world of music piracy and
U1,"lived a life of endless McDonalds. What he did, on a"
U1,"small scale, showed me how important it is to"
U1,empower the dispossessed and the disenfranchised
U1,in the wake of oppression. Andrew was white. His
U1,"family had access to education, resources,"
U1,"computers. For generations, while his people were"
U1,"preparing to go to university, my people were"
U1,"crowded into thatched huts singing, Two times two"
U1,is four. Three times two is six. La la la la la. My
U1,family had been denied the things his family had
U1,taken for granted. I had a natural talent for selling to
U1,"people, but without knowledge and resources, where"
U1,was that going to get me People always lecture the
U1,poor: Take responsibility for yourself Make
U1,something of yourself But with what raw materials
U1,are the poor to make something of themselves
U1,"People love to say, Give a man a fish, and hell"
U1,"eat for a day. Teach a man to fish, and hell eat for a"
U1,"lifetime. What they dont say is, And it would be"
U1,nice if you gave him a fishing rod. Thats the part of
U1,the analogy thats missing. Working with Andrew
U1,was the first time in my life I realized you need
U1,someone from the privileged world to come to you
U1,"and say, Okay, heres what you need, and heres"
U1,how it works. Talent alone would have gotten me
U1,nowhere without Andrew giving me the CD writer.
U1,"People say, Oh, thats a handout. No. I still have to"
U1,work to profit by it. But I dont stand a chance
U1,without it.
U1,
U1,One afternoon I was in my room making a CD when
U1,Bongani came over to pick up his inventory. He saw
U1,me mixing songs on my computer.
U1,"This is insane, he said. Are you doing this"
U1,live
U1,Yeah.
U1,"Trevor, I dont think you understand youre"
U1,sitting on a gold mine. We need to do this for a
U1,crowd. You need to come to the township and start
U1,DJing gigs. No one has ever seen a DJ playing on a
U1,computer before.
U1,Bongani lived in Alexandra. Where Soweto is a
U1,"sprawling, government-planned ghetto, Alexandra is"
U1,"a tiny, dense pocket of a shantytown, left over from"
U1,the pre-apartheid days. Rows and rows of cinder-
U1,"block and corrugated-iron shacks, practically stacked"
U1,on top of one another. Its nickname is Gomorrah
U1,because it has the wildest parties and the worst
U1,crimes.
U1,Street parties are the best thing about
U1,"Alexandra. You get a tent, put it up in the middle of"
U1,"the road, take over the street, and youve got a party."
U1,Theres no formal invitations or guest list. You just
U1,"tell a few people, word of mouth travels, and a crowd"
U1,"appears. There are no permits, nothing like that. If"
U1,"you own a tent, you have the right to throw a party in"
U1,your street. Cars creep up to the intersection and the
U1,driver will see the party blocking their way and shrug
U1,and make a U-turn. Nobody gets upset. The only rule
U1,is that if you throw a party in front of somebodys
U1,"house, they get to come and share your alcohol. The"
U1,parties dont end until someone gets shot or a bottle
U1,gets broken on someones face. Thats how it has to
U1,"end otherwise, it wasnt a party."
U1,"Back then, most DJs could spin for only a few"
U1,hours they were limited by the number of vinyls
U1,"they could buy. Since parties went all night, you"
U1,might need five or six DJs to keep the dancing going.
U1,"But I had a massive hard drive stuffed with MP3s,"
U1,which is why Bongani was excited when he saw me
U1,mixinghe saw a way to corner the market.
U1,How much music do you have he asked.
U1,Winamp says I can play for a week.
U1,Well make a fortune.
U1,Our first gig was a New Years Eve party the
U1,summer we graduated from Sandringham. Bongani
U1,"and I took my tower, my giant monitor, and all the"
U1,cables and the keyboard and the mouse. We loaded
U1,everything up in a minibus and brought it over to
U1,"Alex. We took over the street in front of his house,"
U1,"ran the electricity out of his place, set up the"
U1,"computer, set up speakers, and borrowed a tent, and"
U1,people came. It was explosive. By midnight the
U1,whole street was packed from one end to the other.
U1,Ours was the biggest New Years Eve party in
U1,"Alexandra that year, and to have the biggest party in"
U1,"Alexandra is no joke. All night, from far and wide,"
U1,people kept coming. The word spread: Theres a
U1,light-skinned guy who plays music on a computer.
U1,Youve never seen anything like it. I DJd by myself
U1,until dawn. By then me and my friends were so
U1,drunk and exhausted that we passed out on the lawn
U1,outside Bonganis house. The party was so big it
U1,"made our reputation in the hood, instantly. Pretty"
U1,soon we were getting booked all over.
U1,Which was a good thing.
U1,When Bongani and I graduated from high
U1,"school, we couldnt get jobs. There were no jobs for"
U1,us to get. The only ways I had to make money were
U1,"pirating CDs and DJing parties, and now that Id left"
U1,"Sandringham, the minibus drivers and corner kids in"
U1,Alexandra were the single biggest market for my
U1,"CDs. It was also where I was playing the most gigs,"
U1,so to keep earning I naturally gravitated that way.
U1,Most of the white kids I knew were taking a gap year.
U1,Im going to take a gap year and go to Europe.
U1,"Thats what the white kids were saying. So I said, I,"
U1,"too, am going to take a gap year. I am going to take a"
U1,year and go to the township and hang out on the
U1,corner. And thats what I did.
U1,There was a low brick wall running down the
U1,middle of the road in front of Bonganis house in
U1,"Alex, and every day Bongani and I and our crew"
U1,would go sit on the wall. Id bring my CDs. Wed play
U1,music and practice dance moves. We hustled CDs all
U1,day and DJd parties at night. We started getting
U1,"booked for gigs in other townships, other hoods."
U1,Thanks to my computer and modem I was
U1,"getting exclusive tracks few people had access to, but"
U1,that created a problem for me. Sometimes Id play
U1,the new music at parties and people would stand
U1,"around going, What is this How do you dance to"
U1,"it For example, if a DJ plays a song like Watch Me"
U1,"Whip/Nae Naeyes, its a catchy song, but what is"
U1,a whip What is a nae nae For that song to be
U1,popular you have to know how to do the whip and
U1,the nae nae new music works at parties only if
U1,people know how to dance to it. Bongani decided we
U1,needed a dance crew to show people the steps to the
U1,songs we were playing. Because we spent our days
U1,doing nothing but listening to CDs and coming up
U1,"with dance moves, our crew from the corner already"
U1,"knew all the songs, so they became our dancers. And"
U1,"hands down the best, most beautiful, most graceful"
U1,"dancer in the crew was Bonganis neighbor, Hitler."
U1,"Hitler was a great friend of mine, and good Lord"
U1,could that guy dance. He was mesmerizing to watch.
U1,He had a looseness and a fluidity that defied physics
U1,imagine a jellyfish if it could walk on land.
U1,"Incredibly handsome, too, tall and lithe and"
U1,"muscular, with beautiful, smooth skin, big teeth, and"
U1,"a great smile, always laughing. And all he did was"
U1,"dance. Hed be up in the morning, blasting house"
U1,"music or hip-hop, practicing moves the whole day."
U1,"In the hood, everybody knows who the best"
U1,dancer in the crew is. Hes like your status symbol.
U1,When youre poor you dont have cars or nice
U1,"clothes, but the best dancer gets girls, so thats the"
U1,guy you want to roll with. Hitler was our guy. There
U1,were parties with dance competitions. Kids from
U1,every neighborhood would come and bring their best
U1,"dancers. Wed always bring Hitler, and he almost"
U1,always won.
U1,When Bongani and I put together a routine for
U1,"our dance crew, there was no question who was"
U1,going to be the star attraction. We built the whole set
U1,around Hitler. Id warm the crowd up with a few
U1,"songs, then the dancers would come out and do a"
U1,couple of numbers. Once theyd gotten the party
U1,"started, theyd fan out to form a semicircle around"
U1,the stage with a gap in the back for Hitler to enter.
U1,Id crank up Redmans Lets Get Dirty and start
U1,whipping the crowd up even more. Are you ready
U1,I cant hear you Let me hear you make some noise
U1,"People would start screaming, and Hitler would"
U1,jump into the middle of the semicircle and the crowd
U1,would lose it. Hitler would do his thing while the
U1,"guys circled around him, shouting him on. Go Hit-"
U1,ler Go Hit-ler Go Hit-ler Go Hit-ler And because
U1,"this was hip-hop, the crew would do that thing where"
U1,you shoot your arm out in front of you with your
U1,"palm flat, bopping it up and down to the beat. Go"
U1,Hit-ler Go Hit-ler Go Hit-ler Go Hit-ler Wed
U1,"have the whole crowd in a frenzy, a thousand people"
U1,in the street chanting along with their hands in the
U1,air. Go Hit-ler Go Hit-ler Go Hit-ler Go Hit-ler
U1,
U1,"Hitler, although an unusual name, is not unheard-of"
U1,in South Africa. Part of it has to do with the way a lot
U1,of black people pick names. Black people choose
U1,their traditional names with great care those are the
U1,names that have deeply personal meanings. But from
U1,"colonial times through the days of apartheid, black"
U1,people in South Africa were required to have an
U1,English or European name as wella name that
U1,"white people could pronounce, basically. So you had"
U1,"your English name, your traditional name, and your"
U1,last name: Patricia Nombuyiselo Noah. Nine times
U1,"out of ten, your European name was chosen at"
U1,"random, plucked from the Bible or taken from a"
U1,Hollywood celebrity or a famous politician in the
U1,news. I know guys named after Mussolini and
U1,"Napoleon. And, of course, Hitler."
U1,"Westerners are shocked and confused by that,"
U1,but really its a case of the West reaping what it has
U1,"sown. The colonial powers carved up Africa, put the"
U1,"black man to work, and did not properly educate"
U1,him. White people dont talk to black people. So why
U1,would black people know whats going on in the
U1,"white mans world Because of that, many black"
U1,people in South Africa dont really know who Hitler
U1,was. My own grandfather thought a hitler was a
U1,kind of army tank that was helping the Germans win
U1,the war. Because thats what he took from what he
U1,"heard on the news. For many black South Africans,"
U1,the story of the war was that there was someone
U1,called Hitler and he was the reason the Allies were
U1,losing the war. This Hitler was so powerful that at
U1,some point black people had to go help white people
U1,fight against himand if the white man has to stoop
U1,"to ask the black man for help fighting someone, that"
U1,someone must be the toughest guy of all time. So if
U1,"you want your dog to be tough, you name your dog"
U1,"Hitler. If you want your kid to be tough, you name"
U1,your kid Hitler. Theres a good chance youve got an
U1,uncle named Hitler. Its just a thing.
U1,"At Sandringham, we were taught more about"
U1,World War II than the typical black kids in the
U1,"townships were, but only in a basic way. We werent"
U1,taught to think critically about Hitler and anti-
U1,"Semitism and the Holocaust. We werent taught, for"
U1,"instance, that the architects of apartheid were big"
U1,"fans of Hitler, that the racist policies they put in"
U1,"place were inspired, in part, by the racist policies of"
U1,the Third Reich. We werent taught how to think
U1,about how Hitler related to the world we lived in. We
U1,"werent being taught to think, period. All we were"
U1,taught was that in 1939 Hitler invaded Poland and in
U1,1941 he invaded the Soviet Union and in 1943 he did
U1,"something else. Theyre just facts. Memorize them,"
U1,"write them down for the test, and forget them."
U1,There is also this to consider: The name Hitler
U1,does not offend a black South African because Hitler
U1,is not the worst thing a black South African can
U1,imagine. Every country thinks their history is the
U1,"most important, and thats especially true in the"
U1,West. But if black South Africans could go back in
U1,"time and kill one person, Cecil Rhodes would come"
U1,up before Hitler. If people in the Congo could go
U1,"back in time and kill one person, Belgiums King"
U1,Leopold would come way before Hitler. If Native
U1,"Americans could go back in time and kill one person,"
U1,it would probably be Christopher Columbus or
U1,Andrew Jackson.
U1,I often meet people in the West who insist that
U1,the Holocaust was the worst atrocity in human
U1,"history, without question. Yes, it was horrific. But I"
U1,"often wonder, with African atrocities like in the"
U1,"Congo, how horrific were they The thing Africans"
U1,dont have that Jewish people do have is
U1,"documentation. The Nazis kept meticulous records,"
U1,"took pictures, made films. And thats really what it"
U1,comes down to. Holocaust victims count because
U1,Hitler counted them. Six million people killed. We
U1,can all look at that number and rightly be horrified.
U1,But when you read through the history of atrocities
U1,"against Africans, there are no numbers, only guesses."
U1,Its harder to be horrified by a guess. When Portugal
U1,"and Belgium were plundering Angola and the Congo,"
U1,they werent counting the black people they
U1,slaughtered. How many black people died harvesting
U1,rubber in the Congo In the gold and diamond mines
U1,of the Transvaal
U1,"So in Europe and America, yes, Hitler is the"
U1,Greatest Madman in History. In Africa hes just
U1,another strongman from the history books. In all my
U1,"time hanging out with Hitler, I never once asked"
U1,"myself, Why is his name Hitler His name was"
U1,Hitler because his mom named him Hitler.
U1,
U1,Once Bongani and I added the dancers to our DJ
U1,"sets, we blew up. We called our group the Black and"
U1,White Boys. The dancers were called the Springbok
U1,Boys. We started getting booked everywhere.
U1,Successful black families were moving to the
U1,"suburbs, but their kids still wanted to have block"
U1,parties and stay connected to the culture of the
U1,"townships, so theyd book us to play their parties."
U1,Word of mouth traveled. Pretty soon we were getting
U1,"booked more and more in the suburbs, meeting"
U1,"white people, playing for white people."
U1,"One kid we knew from the township, his mother"
U1,was involved in creating cultural programs for
U1,schools. In America theyd be called diversity
U1,programs. They were springing up all over South
U1,Africa because we were supposed to be learning
U1,about and embracing one another in this post-
U1,apartheid era. This kids mom asked us if we wanted
U1,"to play at a cultural day at some school in Linksfield,"
U1,the wealthy suburb south of Sandringham where my
U1,pal Teddy had lived. There was going to be all sorts
U1,"of different dancing and music, and everyone was"
U1,going to come together and hang out and be cultural.
U1,"She offered to pay, so we said sure. She sent us the"
U1,information with the time and place and the name of
U1,the school: the King David School. A Jewish school.
U1,"The day of the event, we booked a minibus,"
U1,"loaded it up with our gear, and drove over. Once we"
U1,arrived we waited in the back of the schools
U1,assembly hall and watched the acts that went
U1,"onstage before us, different groups took their turns"
U1,"performing, flamenco dancers, Greek dancers,"
U1,traditional Zulu musicians. Then we were up. We
U1,were billed as the Hip Hop Pantsula Dancersthe
U1,South African B-Boys. We set up our sound system
U1,"onstage. I looked out, and the whole hall was nothing"
U1,"but Jewish kids in their yarmulkes, ready to party."
U1,I got on the mic. Are you ready to rock out
U1,Yeahhhhhh
U1,Make some noise
U1,Yeahhhhhh
U1,"I started playing. The bass was bumping, my"
U1,"crew was dancing, and everyone was having a great"
U1,"time. The teachers, the chaperones, the parents,"
U1,hundreds of kidsthey were all dancing like crazy.
U1,"Our set was scheduled for fifteen minutes, and at the"
U1,ten-minute mark came the moment for me to play
U1,"Lets Get Dirty, bring out my star dancer, and shut"
U1,shit down.
U1,"I started the song, the dancers fanned out in"
U1,"their semicircle, and I got on the mic."
U1,Are you guys ready
U1,Yeahhhhhh
U1,You guys are not ready Are you ready
U1,Yeeeaaahhhhhhhh
U1,All right Give it up and make some noise for
U1,HIIIIIITTTTLLLLEERRRRRRRRRR
U1,Hitler jumped out to the middle of the circle and
U1,started killing it. The guys around him were all
U1,"chanting, Go Hit-ler Go Hit-ler Go Hit-ler Go"
U1,"Hit-ler They had their arms out in front of them,"
U1,bouncing to the rhythm. Go Hit-ler Go Hit-ler Go
U1,Hit-ler Go Hit-ler And I was right there on the mic
U1,leading them along. Go Hit-ler Go Hit-ler Go Hit-
U1,ler Go Hit-ler
U1,The whole room stopped. No one was dancing.
U1,"The teachers, the chaperones, the parents, the"
U1,hundreds of Jewish kids in their yarmulkesthey
U1,froze and stared aghast at us up on the stage. I was
U1,oblivious. So was Hitler. We kept going. For a good
U1,thirty seconds the only sound in the room was the
U1,"beat of the music and me on the mic yelling, Go Hit-"
U1,ler Go Hit-ler Go Hit-ler Put your hands in the air
U1,"for Hitler, yo"
U1,A teacher ran up behind me and yanked the plug
U1,for my system out of the wall. The hall went dead
U1,"silent, and she turned on me and she was livid. How"
U1,"dare you This is disgusting You horrible,"
U1,disgusting vile creature How dare you
U1,"My mind was racing, trying to figure out what"
U1,she was talking about. Then it clicked. Hitler had a
U1,special dance move called o spana va. It means
U1,where you work and it was very sexual: His hips
U1,"would gyrate and thrust, like he was fucking the air."
U1,That was the move he was doing at the moment the
U1,"teacher ran out, so clearly the dance was the thing"
U1,she found so disgusting. But this was a move that
U1,African people do all the time. Its a part of our
U1,culture. Here we were sharing our culture for a
U1,"cultural day, and this woman was calling us"
U1,"disgusting. She was offended, and I was offended by"
U1,her taking offense.
U1,"Lady, I said, I think you need to calm down."
U1,I will not calm down How dare you come here
U1,and insult us
U1,This is not insulting anyone. This is who we
U1,are
U1,Get out of here You people are disgusting.
U1,And there it was. You people. Now I saw what
U1,the deal was: This lady was racist. She couldnt see
U1,black men dancing suggestively and not get pissed
U1,"off. As I started packing up my gear, we kept"
U1,arguing.
U1,"Listen, lady. Were free now. Were gonna do"
U1,what were gonna do. You cant stop us.
U1,Ill have you know that my people stopped
U1,"people like you before, and we can stop you again."
U1,"She was talking, of course, about stopping the"
U1,"Nazis in World War II, but thats not what I was"
U1,hearing. Jews in South Africa are just white people.
U1,All I was hearing was some white lady shouting
U1,about how white people beat us before and theyll
U1,"beat us again. I said, You will never stop us again,"
U1,ladyand heres where I played the trump card
U1,"Youll never stop us, because now we have Nelson"
U1,Mandela on our side And he told us we can do this
U1,What
U1,She was so confused. Id had it. I started cussing
U1,"her out. Fuck you, lady. Fuck your program. Fuck"
U1,"your school. Fuck your whole people. Lets go, guys"
U1,Were out
U1,We didnt walk out of that school. We danced
U1,out. We danced down the street pumping our fists in
U1,the air. Go Hit-ler Go Hit-ler Go Hit-ler Go Hit-
U1,ler Because Hitler had shut shit down. Hitler had
U1,"the most gangster dance moves ever, and those white"
U1,people didnt know what hit them.
U1,Alexandra was a farm originally named for the wife of the
U1,white man who owned it. Like Sophiatown and other black
U1,"spots populating white areas before apartheid, Alex started"
U1,out as a squatter settlement where blacks gathered and lived
U1,when coming to Johannesburg to find work. What was
U1,unique about Alex is that this farmer sold plots of land to
U1,some of the black tenants in the time before it was illegal for
U1,blacks to own property. So while Sophiatown and other
U1,"black ghettos were razed and rebuilt as white suburbs, Alex"
U1,fought and held on and asserted its right to exist. Wealthy
U1,"white suburbs like Sandton grew around it, but Alex"
U1,"remained. More squatters came and more squatters came,"
U1,putting up makeshift shacks and shanties. They look like the
U1,slums in Mumbai or the favelas in Brazil. The first time I saw
U1,"the favelas in Rio I said, Yeah, thats Alexandra, but on a"
U1,hill.
U1,"Soweto was beautiful because, after democracy, you"
U1,watched Soweto grow. Soweto has become a proper city unto
U1,itself. People went from three-room houses to five-room
U1,houses to three-bedroom houses with garages. There was
U1,room to grow because the piece of land from the government
U1,gave you something to build on. Alexandra cant do that.
U1,"Alex cant get any bigger, because its pinned in on all sides,"
U1,"and it cant build up, because its mostly shacks."
U1,"When democracy came, people flooded into Alex from"
U1,"the homelands, building new shacks in the backyards of"
U1,other shacks with still more shacks attached to the backside
U1,"of those shacks, growing more dense and more compressed,"
U1,"leaving close to 200,000 people living in a few square"
U1,"kilometers. Even if you go back today, Alex hasnt changed."
U1,It cant change. Its physically impossible for it to change. It
U1,can only be what it is.
U1,THE CHEESE BOYS
U1,"My friend Bongani was a short, bald, super-buff guy."
U1,He wasnt always that way. His whole life hed been
U1,"skinny, and then a bodybuilding magazine found its"
U1,way into his hands and changed his life. Bongani was
U1,one of those people who brought out the best in
U1,everybody. He was that friend who believed in you
U1,"and saw the potential in you that nobody else did,"
U1,which was why so many of the township kids
U1,"gravitated toward him, and why I gravitated toward"
U1,"him as well. Bongani was always popular, but his"
U1,reputation really took off when he beat up one of the
U1,more infamous bullies in the school. That cemented
U1,his status as sort of the leader and protector of the
U1,township kids.
U1,"Bongani lived in Alex, but I never visited him"
U1,there while we were still in school hed always come
U1,to my house in Highlands North. Id been to Alex a
U1,"few times, for brief visits, but Id never spent any real"
U1,"time there. Id never been there at night, lets put it"
U1,that way. Going to Alex during the day is different
U1,from going there at night. The place was nicknamed
U1,Gomorrah for a reason.
U1,"One day after school, not long before we"
U1,"matriculated, Bongani walked up to me on the quad."
U1,"Hey, lets go to the hood, he said."
U1,The hood
U1,At first I had no idea what he was talking about.
U1,"I knew the word hood from rap songs, and I knew"
U1,"the different townships where black people lived, but"
U1,I had never used the one to describe the other.
U1,The walls of apartheid were coming down just as
U1,"American hip-hop was blowing up, and hip-hop"
U1,"made it cool to be from the hood. Before, living in a"
U1,township was something to be ashamed of it was the
U1,bottom of the bottom. Then we had movies like Boyz
U1,"n the Hood and Menace II Society, and they made"
U1,"the hood look cool. The characters in those movies,"
U1,"in the songs, they owned it. Kids in the townships"
U1,"started doing the same, wearing their identity as a"
U1,badge of honor: You were no longer from the
U1,townshipyou were from the hood. Being from Alex
U1,gave you way more street cred than living in
U1,"Highlands North. So when Bongani said, Lets go to"
U1,"the hood, I was curious about what he meant. I"
U1,wanted to find out more.
U1,
U1,When Bongani took me to Alex we entered as most
U1,"people do, from the Sandton side. You ride through"
U1,"one of the richest neighborhoods in Johannesburg,"
U1,past palatial mansions and huge money. Then you go
U1,through the industrial belt of Wynberg that cordons
U1,off the rich and white from the poor and black. At
U1,the entrance to Alex theres the huge minibus rank
U1,"and the bus station. Its the same bustling, chaotic"
U1,third-world marketplace you see in James Bond and
U1,Jason Bourne movies. Its Grand Central Station but
U1,outdoors. Everythings dynamic. Everythings in
U1,"motion. Nothing feels like it was there yesterday, and"
U1,"nothing feels like it will be there tomorrow, but every"
U1,day it looks exactly the same.
U1,"Right next to the minibus rank, of course, is a"
U1,KFC. Thats one thing about South Africa: Theres
U1,always a KFC. KFC found the black people. KFC did
U1,not play games. They were in the hood before
U1,"McDonalds, before Burger King, before anyone. KFC"
U1,"was like, Yo, were here for you."
U1,"Once you go past the minibus rank, youre in"
U1,Alex proper. Ive been in few places where theres an
U1,electricity like there is in Alex. Its a hive of constant
U1,"human activity, all day long, people coming and"
U1,"going, gangsters hustling, guys on the corner doing"
U1,"nothing, kids running around. Theres nowhere for"
U1,"all that energy to go, no mechanism for it to"
U1,"dissipate, so it erupts periodically in epic acts of"
U1,violence and crazy parties. One minute itll be a
U1,"placid afternoon, people hanging out, doing their"
U1,"thing, and next thing you know theres a cop car"
U1,"chasing gangsters, flying through the streets, a gun"
U1,"battle going off, helicopters circling overhead. Then,"
U1,"ten minutes later, its like it never happened"
U1,"everyones back to hanging out, back to the hustle,"
U1,"coming and going, running around."
U1,"Alex is laid out on a grid, a series of avenues."
U1,"The streets are paved, but the sidewalks are mostly"
U1,dirt. The color scheme is cinder block and
U1,"corrugated iron, gray and dark gray, punctuated by"
U1,bright splashes of color. Someones painted a wall
U1,"lime green, or theres a bright-red sign above a"
U1,"takeaway shop, or maybe somebodys picked up a"
U1,bright-blue piece of sheet metal just by luck. Theres
U1,little in the way of basic sanitation. Trash is
U1,"everywhere, typically a garbage fire going down"
U1,some side street. Theres always something burning
U1,in the hood.
U1,"As you walk, theres every smell you can"
U1,"imagine. People are cooking, eating takeaways in the"
U1,streets. Some family has a shack thats jury-rigged
U1,"onto the back of someone elses shack, and they"
U1,"dont have any running water, so theyve bathed in a"
U1,bucket from the outdoor tap and then dumped the
U1,"dirty water in the street, where it runs into the river"
U1,of sewerage thats already there because the water
U1,system has backed up again. Theres a guy fixing cars
U1,"who thinks he knows what hes doing, but he doesnt."
U1,"Hes dumping old motor oil into the street, and now"
U1,the oil is combining with the dirty bathwater to make
U1,a river of filth running down the street. Theres
U1,probably a goat hanging aroundtheres always a
U1,"goat. As youre walking, sound washes over you, the"
U1,"steady thrum of human activity, people talking in a"
U1,"dozen different languages, chatting, haggling,"
U1,arguing. Theres music playing constantly. Youve got
U1,traditional South African music coming from one
U1,"corner, someone blasting Dolly Parton from the next"
U1,"corner, and somebody driving past pumping the"
U1,Notorious B.I.G.
U1,The hood was a complete sensory overload for
U1,"me, but within the chaos there was order, a system, a"
U1,social hierarchy based on where you lived. First
U1,Avenue was not cool at all because it was right next
U1,to the commotion of the minibus rank. Second
U1,Avenue was nice because it had semi-houses that
U1,were built when there was still some sort of formal
U1,"settlement going on. Third, Fourth, and Fifth"
U1,Avenues were nicerfor the township. These were
U1,"the established families, the old money. Then from"
U1,"Sixth Avenue on down it got really shitty, more"
U1,"shacks and shanties. There were some schools, a few"
U1,"soccer fields. There were a couple of hostels, giant"
U1,projects built by the government for housing migrant
U1,workers. You never wanted to go there. Thats where
U1,the serious gangsters were. You only went there if
U1,you needed to buy an AK-47.
U1,After Twentieth Avenue you hit the Jukskei
U1,"River, and on the far side of that, across the"
U1,"Roosevelt Street Bridge, was East Bank, the newest,"
U1,nicest part of the hood. East Bank was where the
U1,"government had gone in, cleared out the squatters"
U1,"and their shacks, and started to build actual homes."
U1,"It was still low-income housing, but decent two-"
U1,bedroom houses with tiny yards. The families who
U1,lived there had a bit of money and usually sent their
U1,"kids out of the hood to better schools, like"
U1,"Sandringham. Bonganis parents lived in East Bank,"
U1,"at the corner of Roosevelt and Springbok Crescent,"
U1,and after walking from the minibus rank through the
U1,"hood, we wound up there, hanging around outside"
U1,his house on the low brick wall down the middle of
U1,"Springbok Crescent, doing nothing, shooting the"
U1,"shit. I didnt know it then, but I was about to spend"
U1,the next three years of my life hanging out at that
U1,very spot.
U1,
U1,"I graduated from high school when I was seventeen,"
U1,and by that point life at home had become toxic
U1,because of my stepfather. I didnt want to be there
U1,"anymore, and my mom agreed that I should move"
U1,"out. She helped me move to a cheap, roach-infested"
U1,"flat in a building down the road. My plan, insofar as I"
U1,"had one, was to go to university to be a computer"
U1,"programmer, but we couldnt afford the tuition. I"
U1,needed to make money. The only way I knew how to
U1,"make money was selling pirated CDs, and one of the"
U1,"best places to sell CDs was in the hood, because"
U1,thats where the minibus rank was. Minibus drivers
U1,were always looking for new songs because having
U1,good music was something they used to attract
U1,customers.
U1,Another nice thing about the hood was that its
U1,super cheap. You can get by on next to nothing.
U1,Theres a meal you can get in the hood called a kota.
U1,"Its a quarter loaf of bread. You scrape out the bread,"
U1,"then you fill it with fried potatoes, a slice of baloney,"
U1,and some pickled mango relish called achar. That
U1,"costs a couple of rand. The more money you have,"
U1,the more upgrades you can buy. If you have a bit
U1,more money you can throw in a hot dog. If you have
U1,"a bit more than that, you can throw in a proper"
U1,"sausage, like a bratwurst, or maybe a fried egg. The"
U1,"biggest one, with all the upgrades, is enough to feed"
U1,three people.
U1,"For us, the ultimate upgrade was to throw on a"
U1,slice of cheese. Cheese was always the thing because
U1,it was so expensive. Forget the gold standardthe
U1,hood operated on the cheese standard. Cheese on
U1,"anything was money. If you got a burger, that was"
U1,"cool, but if you got a cheeseburger, that meant you"
U1,had more money than a guy who just got a
U1,"hamburger. Cheese on a sandwich, cheese in your"
U1,"fridge, that meant you were living the good life. In"
U1,"any township in South Africa, if you had a bit of"
U1,"money, people would say, Oh, youre a cheese boy."
U1,In essence: Youre not really hood because your
U1,family has enough money to buy cheese.
U1,"In Alex, because Bongani and his crew lived in"
U1,"East Bank, they were considered cheese boys."
U1,"Ironically, because they lived on the first street just"
U1,"over the river, they were looked down on as the"
U1,scruff of East Bank and the kids in the nicer houses
U1,higher up in East Bank were the cheesier cheese
U1,boys. Bongani and his crew would never admit to
U1,"being cheese boys. They would insist, Were not"
U1,cheese. Were hood. But then the real hood guys
U1,"would say, Eh, youre not hood. Youre cheese."
U1,"Were not cheese, Bonganis guys would say,"
U1,pointing further up East Bank. Theyre cheese. It
U1,was all a bunch of ridiculous posturing about who
U1,was hood and who was cheese.
U1,"Bongani was the leader of his crew, the guy who"
U1,got everyone together and got things moving. Then
U1,"there was Mzi, Bonganis henchman. Small guy, just"
U1,"wanted to tag along, be in the mix. Bheki was the"
U1,"drinks man, always finding us booze and always"
U1,coming up with an excuse to drink. Then there was
U1,Kakoatse. We called him G. Mr. Nice Guy. All G was
U1,"interested in was women. If women were in the mix,"
U1,"he was in the game. Then, finally, there was Hitler,"
U1,the life of the party. Hitler just wanted to dance.
U1,Cheese boys were in a uniquely fucked situation
U1,when apartheid ended. It is one thing to be born in
U1,the hood and know that you will never leave the
U1,hood. But the cheese boy has been shown the world
U1,outside. His family has done okay. They have a
U1,house. Theyve sent him to a decent school maybe
U1,hes even matriculated. He has been given more
U1,"potential, but he has not been given more"
U1,opportunity. He has been given an awareness of the
U1,"world that is out there, but he has not been given the"
U1,means to reach it.
U1,"The unemployment rate, technically speaking,"
U1,"was lower in South Africa during apartheid, which"
U1,makes sense. There was slaverythats how
U1,"everyone was employed. When democracy came,"
U1,everyone had to be paid a minimum wage. The cost
U1,"of labor went up, and suddenly millions of people"
U1,were out of work. The unemployment rate for young
U1,"black men post-apartheid shot up, sometimes as"
U1,high as 50 percent. What happens to a lot of guys is
U1,they finish high school and they cant afford
U1,"university, and even little retail jobs can be hard to"
U1,come by when youre from the hood and you look
U1,"and talk a certain way. So, for many young men in"
U1,"South Africas townships, freedom looks like this:"
U1,"Every morning they wake up, maybe their parents go"
U1,to work or maybe not. Then they go outside and chill
U1,"on the corner the whole day, talking shit. Theyre"
U1,"free, theyve been taught how to fish, but no one will"
U1,give them a fishing rod.
U1,
U1,One of the first things I learned in the hood is that
U1,there is a very fine line between civilian and
U1,criminal. We like to believe we live in a world of good
U1,"guys and bad guys, and in the suburbs its easy to"
U1,"believe that, because getting to know a career"
U1,criminal in the suburbs is a difficult thing. But then
U1,you go to the hood and you see there are so many
U1,shades in between.
U1,"In the hood, gangsters were your friends and"
U1,neighbors. You knew them. You talked to them on
U1,"the corner, saw them at parties. They were a part of"
U1,your world. You knew them from before they became
U1,"gangsters. It wasnt, Hey, thats a crack dealer. It"
U1,"was, Oh, little Jimmys selling crack now. The"
U1,weird thing about these gangsters was that they were
U1,"all, at a glance, identical. They drove the same red"
U1,sports car. They dated the same beautiful eighteen-
U1,year-old girls. It was strange. It was like they didnt
U1,have personalities they shared a personality. One
U1,"could be the other, and the other could be the one."
U1,Theyd each studied how to be that gangster.
U1,"In the hood, even if youre not a hardcore"
U1,"criminal, crime is in your life in some way or"
U1,another. There are degrees of it. Its everyone from
U1,the mom buying some food that fell off the back of a
U1,"truck to feed her family, all the way up to the gangs"
U1,selling military-grade weapons and hardware. The
U1,hood made me realize that crime succeeds because
U1,crime does the one thing the government doesnt do:
U1,crime cares. Crime is grassroots. Crime looks for the
U1,young kids who need support and a lifting hand.
U1,Crime offers internship programs and summer jobs
U1,and opportunities for advancement. Crime gets
U1,involved in the community. Crime doesnt
U1,discriminate.
U1,"My life of crime started off small, selling pirated"
U1,"CDs on the corner. That in itself was a crime, and"
U1,today I feel like I owe all these artists money for
U1,"stealing their music, but by hood standards it didnt"
U1,even qualify as illegal. At the time it never occurred
U1,to any of us that we were doing anything wrongif
U1,"copying CDs is wrong, why would they make CD"
U1,writers
U1,The garage of Bonganis house opened up onto
U1,Springbok Cresent. Every morning wed open the
U1,"doors, run an extension cord out into the street, set"
U1,"up a table, and play music. People would walk by and"
U1,"ask, What is that Can I get one, please Our"
U1,corner was also where a lot of minibus drivers ended
U1,their routes and turned around to loop back to the
U1,"minibus rank. Theyd swing by, place an order, come"
U1,"back, pick it up. Swing by, place an order, come back,"
U1,pick it up. We spent our whole day running out to
U1,"them, going back to the garage to make more mixes,"
U1,and going back out to sell. There was a converted
U1,shipping container around the corner where wed
U1,hang out when we got tired of the wall. It had a pay
U1,phone installed inside that wed use to call people.
U1,When things were slow wed wander back and forth
U1,"between the container and the wall, talking and"
U1,hanging out with the other people with nothing to do
U1,"in the middle of the day. Wed talk to drug dealers,"
U1,talk to gangsters. Every now and then the cops would
U1,come crashing through. A day in the life of the hood.
U1,"Next day, same thing."
U1,Selling slowly evolved into hustling because
U1,Bongani saw all the angles and knew how to exploit
U1,"them. Like Tom, Bongani was a hustler. But where"
U1,"Tom was only about the short con, Bongani had"
U1,"schemes: If we do this, we get that, then we can flip"
U1,"that for the other thing, which gives us the leverage"
U1,we need to get something bigger. Some minibus
U1,"drivers couldnt pay up front, for example. I dont"
U1,"have the money, because Ive just started my shift,"
U1,theyd say. But I need new music. Can I owe you
U1,guys some form of credit Ill owe you a ride. Ill pay
U1,"you at the end of my shift, at the end of the week"
U1,"So we started letting drivers buy on credit, charging"
U1,them a bit of interest.
U1,We started making more money. Never more
U1,"than a few hundred, maybe a thousand rand at a"
U1,"time, but it was all cash on hand. Bongani was quick"
U1,to realize the position we were in. Cash is the one
U1,thing everyone in the hood needs. Everyones
U1,"looking for a short-term loan for something, to pay a"
U1,bill or pay a fine or just hold things together. People
U1,started coming to us and asking for money. Bongani
U1,"would cut a deal, and then hed come to me. Yo,"
U1,were going to make a deal with this guy. Were going
U1,"to loan him a hundred, and hes going to give us back"
U1,one-twenty at the end of the week. Id say okay.
U1,Then the guy would come back and give us 120 rand.
U1,Then we did it again. Then we did it some more. We
U1,"started to double our money, then triple our money."
U1,Cash gave us leverage in the hoods barter
U1,economy as well. Its common knowledge that if
U1,youre standing at a corner of a main street in the
U1,"hood, somebodys going to try to sell you something."
U1,"Yo, yo, yo, man. You want some weed You wanna"
U1,"buy a VCR You wanna buy a DVD player Yo,"
U1,Im selling a TV. Thats just how it works.
U1,Lets say we see two guys haggling on the
U1,"corner, a crackhead trying to sell a DVD player and"
U1,some working dude who wants it but doesnt have
U1,the money because he hasnt got his wages yet.
U1,"Theyre going back and forth, but the crackhead"
U1,wants the money now. Crackheads dont wait.
U1,Theres no layaway plan with a crackhead. So
U1,Bongani steps in and takes the working guy aside.
U1,"Look, I understand you cant pay for the DVD"
U1,"player now, Bongani says. But how much are you"
U1,willing to pay for it
U1,"Ill pay one-twenty, he says."
U1,"Okay, cool."
U1,Then Bongani takes the crackhead aside.
U1,How much do you want for the DVD player
U1,I want one-forty.
U1,"Okay, listen. Youre a crackhead. This is a"
U1,stolen DVD player. Im going to give you fifty.
U1,"The crackhead protests a bit, but then he takes"
U1,the money because hes a crackhead and its cash and
U1,crack is all about the now. Then Bongani goes back
U1,to the working guy.
U1,All right. Well do one-twenty. Heres your DVD
U1,player. Its yours.
U1,But I dont have the one-twenty.
U1,"Its cool. You can take it now, only instead of"
U1,one-twenty you give us one-forty when you get your
U1,wages.
U1,Okay.
U1,So now weve invested 50 rand with the
U1,crackhead and that gets us 140 from the working
U1,guy. But Bongani would see a way to flip it and grow
U1,it again. Lets say this guy who bought the DVD
U1,player worked at a shoe store.
U1,How much do you pay for a pair of Nikes with
U1,your staff discount Bongani would ask.
U1,I can get a pair of Nikes for one-fifty.
U1,"Okay, instead of you giving us one-forty, well"
U1,give you ten and you get us a pair of Nikes with your
U1,discount.
U1,So now this guys walking away with a DVD
U1,player and 10 rand in his pocket. Hes feeling like he
U1,got a good deal. He brings us the Nikes and then we
U1,go to one of the cheesier cheese boys up in East Bank
U1,"and we say, Yo, dude, we know you want the new"
U1,Jordans. Theyre three hundred in the shops. Well
U1,sell them to you for two hundred. We sell him the
U1,"shoes, and now weve gone and turned 60 rand into"
U1,200
U1,"Thats the hood. Someones always buying,"
U1,"someones always selling, and the hustle is about"
U1,trying to be in the middle of that whole thing. None
U1,of it was legal. Nobody knew where anything came
U1,"from. The guy who got us Nikes, did he really have a"
U1,staff discount You dont know. You dont ask. Its
U1,"just, Hey, look what I found and Cool, how much"
U1,do you want Thats the international code.
U1,At first I didnt know not to ask. I remember one
U1,time we bought a car stereo or something like that.
U1,But who did this belong to I said.
U1,"Eh, dont worry about it, one of the guys told"
U1,me. White people have insurance.
U1,Insurance
U1,"Yeah, when white people lose stuff they have"
U1,insurance policies that pay them cash for what
U1,"theyve lost, so its like theyve lost nothing."
U1,"Oh, okay, I said. Sounds nice."
U1,And that was as far as we ever thought about it:
U1,"When white people lose stuff they get money, just"
U1,another nice perk of being white.
U1,Its easy to be judgmental about crime when you
U1,live in a world wealthy enough to be removed from
U1,it. But the hood taught me that everyone has
U1,"different notions of right and wrong, different"
U1,"definitions of what constitutes crime, and what level"
U1,of crime theyre willing to participate in. If a
U1,crackhead comes through and hes got a crate of
U1,Corn Flakes boxes hes stolen out of the back of a
U1,"supermarket, the poor mom isnt thinking, Im"
U1,aiding and abetting a criminal by buying these
U1,"Corn Flakes. No. Shes thinking, My family needs"
U1,"food and this guy has Corn Flakes, and she buys the"
U1,Corn Flakes.
U1,"My own mother, my super-religious, law-"
U1,abiding mother who used to shit on me about
U1,"breaking the rules and learning to behave, Ill never"
U1,forget one day I came home and in the kitchen was a
U1,"giant box of frozen burger patties, like two hundred"
U1,"of them, from a takeaway place called Black Steer. A"
U1,burger at Black Steer cost at least 20 rand.
U1,What the hell is this I said.
U1,"Oh, some guy at work had these and was selling"
U1,"them, she said. I got a great discount."
U1,But where did he get it from
U1,I dont know. He said he knew somebody who
U1,
U1,"Mom, he stole it."
U1,We dont know that.
U1,We do know that. Where the hell is some guy
U1,"going to get all of these burger patties from,"
U1,randomly
U1,"Of course, we ate the burgers. Then we thanked"
U1,God for the meal.
U1,"When Bongani first said to me, Lets go to the"
U1,"hood, I thought we were going to sell CDs and DJ"
U1,parties in the hood. It turned out that we were selling
U1,CDs and DJing parties in order to capitalize a
U1,payday-lending and pawnshop operation in the
U1,hood. Very quickly that became our core business.
U1,Every day in the hood was the same. Id wake up
U1,early. Bongani would meet me at my flat and wed
U1,"catch a minibus to Alex with my computer, carrying"
U1,"the giant tower and the giant, heavy monitor the"
U1,"whole way. Wed set it up in Bonganis garage, and"
U1,start the first batch of CDs. Then wed walk. Wed go
U1,down to the corner of Nineteenth and Roosevelt for
U1,"breakfast. When youre trying to stretch your money,"
U1,food is where you have to be careful. You have to
U1,plan or youll eat your profits. So every morning for
U1,"breakfast we eat vetkoek, which is fried dough,"
U1,"basically. Those were cheap, like 50 cents a pop. We"
U1,could buy a bunch of those and have enough energy
U1,to sustain us until later on in the day.
U1,Then wed sit on the corner and eat. While we
U1,"ate, wed be picking up orders from the minibus"
U1,drivers as they went past. After that wed go back to
U1,"Bonganis garage, listen to music, lift weights, make"
U1,"the CDs. Around ten or eleven, the drivers would"
U1,start coming back from their morning routes. Wed
U1,take the CDs and head out to the corner for them to
U1,"pick up their stuff. Then wed just be on the corner,"
U1,"hanging out, meeting characters, seeing who came"
U1,"by, seeing where the day was going to take us. A guy"
U1,needs this. A guys selling that. You never knew what
U1,it was going to be.
U1,There was always a big rush of business at
U1,"lunch. Wed be all over Alexandra, hitting different"
U1,"shops and corners, making deals with everyone."
U1,Wed get free rides from the minibus drivers because
U1,wed hop in with them and use it as an opportunity
U1,"to talk about what music they needed, but secretly"
U1,"we were riding with the guy for free. Hey, we want"
U1,to collect orders. Well talk to you while you drive.
U1,What do you need What music are you looking for
U1,"Do you need the new Maxwell Okay, we got the new"
U1,"Maxwell. Okay, well talk to you later. Well jump out"
U1,here. Then wed hop on another ride going
U1,wherever we were going next.
U1,"After lunch, business would die down, and thats"
U1,"when wed get our lunch, usually the cheapest thing"
U1,"we could afford, like a smiley with some maize meal."
U1,A smiley is a goats head. Theyre boiled and covered
U1,with chili pepper. We call them smileys because
U1,"when youre done eating all the meat off it, the goat"
U1,looks like its smiling at you from the plate. The
U1,"cheeks and the tongue are quite delicious, but the"
U1,eyes are disgusting. They pop in your mouth. You
U1,"put the eyeball into your mouth and you bite it, and"
U1,its just a ball of pus that pops. It has no crunch. It
U1,has no chew. It has no flavor that is appetizing in any
U1,way.
U1,"After lunch wed head back to the garage, relax,"
U1,"sleep off the meal, and make more CDs. In the"
U1,afternoons wed see a lot of moms. Moms loved us.
U1,They were some of our best customers. Since moms
U1,"run the household, theyre the ones looking to buy"
U1,"that box of soap that fell off the back of the truck,"
U1,and they were more likely to buy it from us than
U1,from some crackhead. Dealing with crackheads is
U1,"unpleasant. We were upstanding, well-spoken East"
U1,Bank boys. We could even charge a premium
U1,because we added that layer of respectability to the
U1,transaction. Moms are also often the most in need of
U1,"short-term loans, to pay for this or that for the"
U1,"family. Again, theyd rather deal with us than with"
U1,some gangster loan shark. Moms knew we werent
U1,going to break anyones legs if they couldnt pay. We
U1,didnt believe in that. Also we werent capable of it
U1,lets not forget that part. But thats where Bonganis
U1,brilliance came in. He always knew what a person
U1,could provide pending their failure to pay.
U1,We made some of the craziest trades. Moms in
U1,"the hood are protective of their daughters, especially"
U1,if their daughters are pretty. In Alex there were girls
U1,"who got locked up. They went to school, came"
U1,"straight home, and went straight into the house."
U1,They werent allowed to leave. Boys werent allowed
U1,"to talk to them, werent even allowed to hang around"
U1,the housenone of that. Some guy was always going
U1,on about some locked-away girl: Shes so beautiful.
U1,Ill do anything to get with her. But he couldnt.
U1,Nobody could.
U1,Then that mom would need a loan. Once we lent
U1,"her the money, until she paid us back she couldnt"
U1,chase us away from her house. Wed go by and hang
U1,"out, chat, make small talk. The daughter would be"
U1,"right there, but the mom couldnt say, Dont talk to"
U1,those boys The loan gave us access to establish a
U1,relationship with the mom. Wed get invited to stay
U1,"for dinner. Once the mom knew we were nice,"
U1,"upstanding guys, shed agree to let us take her"
U1,daughter to a party as long as we promised to get her
U1,home safely. So then wed go to the guy whod been
U1,so desperate to meet the daughter.
U1,"Hey, lets make a deal. Well bring the girl to"
U1,your party and you get to hang out with her. How
U1,much can you give us
U1,"I dont have money, hed say, but I have some"
U1,cases of beer.
U1,"Okay, so tonight were going to this party. You"
U1,give us two cases of beer for the party.
U1,Cool.
U1,"Then wed go to the party. Wed invite the girl,"
U1,who was usually thrilled to escape her mothers
U1,"prison. The guy would bring the beer, hed get to"
U1,"hang out with the girl, wed write off the moms debt"
U1,"to show her our gratitude, and wed make our money"
U1,back selling the beer. There was always a way to
U1,make it work. And often that was the most fun part:
U1,"working the angles, solving the puzzle, seeing what"
U1,"goes where, who needs what, whom we can connect"
U1,with who can then get us the money.
U1,At the peak of our operation we probably had
U1,"around 10,000 rand in capital. We had loans going"
U1,out and interest coming in. We had our stockpile of
U1,Jordans and DVD players wed bought to resell. We
U1,"also had to buy blank CDs, hire minibuses to go to"
U1,"our DJ gigs, feed five guys three times a day. We kept"
U1,track of everything on the computer. Having lived in
U1,"my moms world, I knew how to do spreadsheets. We"
U1,had a Microsoft Excel document laid out:
U1,"everybodys name, how much they owed, when they"
U1,"paid, when they didnt pay."
U1,After work was when business started to pick
U1,"up. Minibus drivers picking up one last order, men"
U1,coming home from work. The men werent looking
U1,for soap and Corn Flakes. They wanted the gear
U1,"DVD players, CD players, PlayStation games. More"
U1,"guys would come through selling stuff, too, because"
U1,theyd been out hustling and stealing all day. Thered
U1,"be a guy selling a cellphone, a guy selling some"
U1,"leather jackets, a guy selling shoes. There was this"
U1,one dude who looked like a black version of Mr.
U1,Burns from The Simpsons. Hed always come by at
U1,the end of his shift with the most random useless
U1,"crap, like an electric toothbrush without the charger."
U1,One time he brought us an electric razor.
U1,What the hell is this
U1,Its an electric razor
U1,An electric razor Were black. Do you know
U1,what these things do to our skin Do you see anyone
U1,around here who can use an electric razor
U1,We never knew where he was getting this stuff
U1,from. Because you dont ask. Eventually we pieced it
U1,"together, though: He worked at the airport. It was all"
U1,crap he was boosting from peoples luggage.
U1,Slowly the rush would start to taper off and wed
U1,"wind down. Wed make our last collections, go over"
U1,"our CD stock, balance our accounts. If there was a"
U1,party to DJ that night wed start getting ready for
U1,"that. Otherwise, wed buy a few beers and sit around"
U1,"and drink, talk about the day, listen to the gunshots"
U1,"in the distance. Gunshots went off every night, and"
U1,wed always try to guess what kind of gun it was.
U1,Thats a nine-millimeter. Usually thered be a
U1,"police chase, cop cars flying through after some guy"
U1,with a stolen car. Then everyone would go home for
U1,"dinner with their families. Id take my computer, get"
U1,"back in a minibus, ride home, sleep, and then come"
U1,back and do it all again the next day.
U1,
U1,A year passed. Then two. I had stopped planning for
U1,"school, and was no closer to having the money to"
U1,enroll.
U1,The tricky thing about the hood is that youre
U1,"always working, working, working, and you feel like"
U1,"somethings happening, but really nothings"
U1,happening at all. I was out there every day from
U1,"seven a.m. to seven p.m., and every day it was: How"
U1,do we turn ten rand into twenty How do we turn
U1,twenty into fifty How do I turn fifty into a hundred
U1,At the end of the day wed spend it on food and
U1,"maybe some beers, and then wed go home and come"
U1,back and it was: How do we turn ten into twenty
U1,How do we turn twenty into fifty It was a whole
U1,"days work to flip that money. You had to be walking,"
U1,"be moving, be thinking. You had to get to a guy, find"
U1,"a guy, meet a guy. There were many days wed end"
U1,"up back at zero, but I always felt like Id been very"
U1,productive.
U1,Hustling is to work what surfing the Internet is
U1,to reading. If you add up how much you read in a
U1,"year on the Internettweets, Facebook posts, lists"
U1,"youve read the equivalent of a shit ton of books, but"
U1,in fact youve read no books in a year. When I look
U1,"back on it, thats what hustling was. Its maximal"
U1,effort put into minimal gain. Its a hamster wheel. If
U1,Id put all that energy into studying Id have earned
U1,"an MBA. Instead I was majoring in hustling,"
U1,something no university would give me a degree for.
U1,"When I first went into Alex, I was drawn by the"
U1,"electricity and the excitement of it, but more"
U1,"important, I was accepted there, more so than Id"
U1,been in high school or anywhere else. When I first
U1,"showed up, a couple of people raised an eyebrow."
U1,Whos this colored kid But the hood doesnt
U1,"judge. If you want to be there, you can be there."
U1,Because I didnt live in the hood I was technically an
U1,"outsider in the hood, but for the first time in my life I"
U1,didnt feel like one.
U1,"The hood is also a low-stress, comfortable life."
U1,"All your mental energy goes into getting by, so you"
U1,dont have to ask yourself any of the big questions.
U1,Who am I Who am I supposed to be Am I doing
U1,enough In the hood you can be a forty-year-old man
U1,living in your moms house asking people for money
U1,and its not looked down on. You never feel like a
U1,"failure in the hood, because someones always worse"
U1,"off than you, and you dont feel like you need to do"
U1,"more, because the biggest success isnt that much"
U1,"higher than you, either. It allows you to exist in a"
U1,state of suspended animation.
U1,The hood has a wonderful sense of community
U1,"to it as well. Everyone knows everyone, from the"
U1,crackhead all the way through to the policeman.
U1,People take care of one another. The way it works in
U1,the hood is that if any mom asks you to do
U1,"something, you have to say yes. Can I send you is"
U1,"the phrase. Its like everyones your mom, and youre"
U1,everyones kid.
U1,Can I send you
U1,"Yeah, whaddya need"
U1,I need you to go buy milk and bread.
U1,"Yeah, cool."
U1,Then she gives you some money and you go buy
U1,milk and bread. As long as you arent busy and it
U1,"doesnt cost you anything, you dont say no."
U1,The biggest thing in the hood is that you have to
U1,share. You cant get rich on your own. You have
U1,money Why arent you helping people The old lady
U1,"on the block needs help, everyone pitches in. Youre"
U1,"buying beer, you buy beer for everyone. You spread"
U1,it around. Everyone must know that your success
U1,"benefits the community in one way or another, or"
U1,you become a target.
U1,The township polices itself as well. If someones
U1,"caught stealing, the township deals with them. If"
U1,"someones caught breaking into a house, the"
U1,township deals with them. If youre caught raping a
U1,"woman, pray to God the police find you before the"
U1,"township does. If a woman is being hit, people dont"
U1,get involved. There are too many questions with a
U1,beating. Whats the fight about Whos responsible
U1,Who started it But rape is rape. Theft is theft.
U1,Youve desecrated the community.
U1,"The hood was strangely comforting, but comfort"
U1,can be dangerous. Comfort provides a floor but also
U1,"a ceiling. In our crew, our friend G was like the rest"
U1,"of us, unemployed, hanging out. Then he got a job at"
U1,a nice clothing store. Every morning he went to
U1,"work, and the guys would tease him about going to"
U1,"work. Wed see him headed out all dressed up, and"
U1,"everyone would be laughing at him. Oh, G, look at"
U1,"you in your fancy clothes Oh, G, going to go see"
U1,"the white man today, huh Oh, G, dont forget to"
U1,bring some books back from the library
U1,"One morning, after a month of G working at the"
U1,"place, we were hanging out on the wall, and G came"
U1,out in his slippers and his socks. He wasnt dressed
U1,for work.
U1,"Yo, G, whats going on Whats up with the"
U1,job
U1,"Oh, I dont work there anymore."
U1,Why
U1,They accused me of stealing something and I
U1,got fired.
U1,And Ill never forget thinking to myself that it
U1,felt like he did it on purpose. He sabotaged himself
U1,so that hed get accepted back into the group again.
U1,The hood has a gravitational pull. It never leaves
U1,"you behind, but it also never lets you leave. Because"
U1,"by making the choice to leave, youre insulting the"
U1,place that raised you and made you and never turned
U1,you away. And that place fights you back.
U1,As soon as things start going well for you in the
U1,"hood, its time to go. Because the hood will drag you"
U1,back in. It will find a way. There will be a guy who
U1,steals a thing and puts it in your car and the cops
U1,find it something. You cant stay. You think you
U1,can. Youll start doing better and youll bring your
U1,"hood friends out to a nice club, and the next thing"
U1,you know somebody starts a fight and one of your
U1,friends pulls a gun and somebodys getting shot and
U1,"youre left standing around going, What just"
U1,happened
U1,The hood happened.
U1,
U1,"One night I was DJing a party, not in Alex but right"
U1,"outside Alex in Lombardy East, a nicer, middle-class"
U1,black neighborhood. The police were called about
U1,the noise. They came busting in wearing riot gear
U1,and pointing machine guns. Thats how our police
U1,roll. We dont have small and then big. What
U1,Americans call SWAT is just our regular police. They
U1,"came looking for the source of the music, and the"
U1,music was coming from me. This one cop came over
U1,to where I was with my computer and pulled this
U1,massive assault rifle on me.
U1,You gotta shut this down right now.
U1,"Okay, okay, I said. Im shutting it down."
U1,But I was running Windows 95. Windows 95
U1,"took forever to shut down. I was closing windows,"
U1,shutting down programs. I had one of those fat
U1,"Seagate drives that damaged easily, and I didnt want"
U1,to cut the power and possibly damage the drive. This
U1,cop clearly didnt give a fuck about any of that.
U1,Shut it down Shut it down
U1,I am Im shutting it down I have to close the
U1,programs
U1,"The crowd was getting angry, and the cop was"
U1,getting nervous. He turned his gun away from me
U1,and shot the computer. Only he clearly didnt know
U1,anything about computers because he shot the
U1,monitor. The monitor exploded but the music kept
U1,playing. Now there was chaosmusic blaring and
U1,everyone running and panicking because of the
U1,gunshot. I yanked the power cord out of the tower to
U1,shut the thing down. Then the cops started firing
U1,tear gas into the crowd.
U1,The tear gas had nothing to do with me or the
U1,music. Tear gas is just what the police use to shut
U1,"down parties in black neighborhoods, like the club"
U1,turning on the lights to tell everyone to go home.
U1,I lost the hard drive. Even though the cop shot
U1,the monitor the explosion somehow fried the thing.
U1,"The computer would still boot up, but it couldnt"
U1,read the drive. My music library was gone. Even if
U1,"Id had the money for a new hard drive, it had taken"
U1,me years to amass the music collection. There was
U1,no way to replace it. The DJing business was over.
U1,The CD-selling business was done. All of a sudden
U1,our crew lost its main revenue stream. All we had left
U1,"was the hustle, and we hustled even harder, taking"
U1,the bit of cash we had on hand and trying to double
U1,"it, buying this to flip it for that. We started eating"
U1,"into our savings, and in less than a month we were"
U1,running on dust.
U1,"Then, one evening after work, our friend from"
U1,"the airport, the black Mr. Burns, came by."
U1,"Hey, look what I found, he said."
U1,Whatve you got
U1,A camera.
U1,Ill never forget that camera. It was a digital
U1,"camera. We bought it from him, and I took it and"
U1,turned it on. It was full of pictures of a nice white
U1,"family on vacation, and I felt like shit. The other"
U1,"things wed bought had never mattered to me. Nikes,"
U1,"electric toothbrushes, electric razors. Who cares"
U1,"Yeah, some guy might get fired because of the pallet"
U1,of Corn Flakes that went missing from the
U1,"supermarket, but thats degrees removed. You dont"
U1,think about it. But this camera had a face. I went
U1,"through those pictures, knowing how much my"
U1,"family pictures meant to me, and I thought, I havent"
U1,stolen a camera. Ive stolen someones memories.
U1,Ive stolen part of someones life.
U1,"Its such a strange thing, but in two years of"
U1,hustling I never once thought of it as a crime. I
U1,honestly didnt think it was bad. Its just stuff people
U1,found. White people have insurance. Whatever
U1,"rationalization was handy. In society, we do horrible"
U1,things to one another because we dont see the
U1,person it affects. We dont see their face. We dont
U1,see them as people. Which was the whole reason the
U1,"hood was built in the first place, to keep the victims"
U1,of apartheid out of sight and out of mind. Because if
U1,"white people ever saw black people as human, they"
U1,would see that slavery is unconscionable. We live in
U1,a world where we dont see the ramifications of what
U1,"we do to others, because we dont live with them. It"
U1,would be a whole lot harder for an investment
U1,banker to rip off people with subprime mortgages if
U1,he actually had to live with the people he was ripping
U1,off. If we could see one anothers pain and empathize
U1,"with one another, it would never be worth it to us to"
U1,commit the crimes in the first place.
U1,"As much as we needed the money, I never sold"
U1,"the camera. I felt too guilty, like it would be bad"
U1,"karma, which I know sounds stupid and it didnt get"
U1,"the family their camera back, but I just couldnt do it."
U1,That camera made me confront the fact that there
U1,were people on the other end of this thing I was
U1,"doing, and what I was doing was wrong."
U1,
U1,One night our crew got invited to dance in Soweto
U1,against another crew. Hitler was going to compete
U1,"with their best dancer, Hector, who was one of the"
U1,best dancers in South Africa at the time. This
U1,invitation was a huge deal. We were going over there
U1,repping our hood. Alex and Soweto have always had
U1,a huge rivalry. Soweto was seen as the snobbish
U1,township and Alexandra was seen as the gritty and
U1,"dirty township. Hector was from Diepkloof, which"
U1,"was the nice, well-off part of Soweto. Diepkloof was"
U1,where the first million-rand houses were built after
U1,"democracy. Hey, were not a township anymore."
U1,Were building nice things now. That was the
U1,attitude. Thats who we were up against. Hitler
U1,practiced a whole week.
U1,We took a minibus over to Diepkloof the night
U1,"of the dance, me and Bongani, Mzi and Bheki and G,"
U1,and Hitler. Hector won the competition. Then G was
U1,"caught kissing one of their girls, and it turned into a"
U1,fight and everything broke down. On our way back to
U1,"Alex, around one in the morning, as we were pulling"
U1,"out of Diepkloof to get on the freeway, some cops"
U1,pulled our minibus over. They made everyone get
U1,"out and they searched it. We were standing outside,"
U1,"lined up alongside the car, when one of the cops"
U1,came back.
U1,"Weve found a gun, he said. Whose gun is it"
U1,We all shrugged.
U1,"We dont know, we said."
U1,"Nope, somebody knows. Its somebodys gun."
U1,"Officer, we really dont know, Bongani said."
U1,He slapped Bongani hard across the face.
U1,Youre bullshitting me
U1,"Then he went down the line, slapping each of us"
U1,"across the face, berating us about the gun. We"
U1,couldnt do anything but stand there and take it.
U1,"You guys are trash, the cop said. Where are"
U1,you from
U1,Alex.
U1,"Ohhhhh, okay, I see. Dogs from Alex. You come"
U1,here and you rob people and you rape women and
U1,you hijack cars. Bunch of fucking hoodlums.
U1,"No, were dancers. We dont know"
U1,I dont care. Youre all going to jail until we
U1,figure out whose gun this is.
U1,At a certain point we realized what was going
U1,on. This cop was shaking us down for a bribe. Spot
U1,fine is the euphemism everyone uses. You go
U1,through this elaborate dance with the cop where you
U1,say the thing without saying the thing.
U1,Cant we do something you ask the officer.
U1,What do you want me to do
U1,"Were really sorry, Officer. What can we do"
U1,You tell me.
U1,Then youre supposed to make up a story
U1,whereby you indicate to the cop how much money
U1,you have on you. Which we couldnt do because we
U1,didnt have any money. So he took us to jail. It was a
U1,"public bus. It could have been anyones gun, but the"
U1,guys from Alex were the only ones who got arrested.
U1,Everyone else in the car was free to go. The cops took
U1,us to the police station and threw us in a cell and
U1,pulled us out one by one for questioning. When they
U1,pulled me aside I had to give my home address:
U1,Highlands North. The cop gave me the most
U1,confused look.
U1,"Youre not from Alex, he said. What are you"
U1,doing with these crooks I didnt know what to say.
U1,"He glared at me hard. Listen here, rich boy. You"
U1,think its fun running around with these guys This
U1,isnt play-play anymore. Just tell me the truth about
U1,"your friends and the gun, and Ill let you go."
U1,"I told him no, and he threw me back in the cell."
U1,"We spent the night, and the next day I called a"
U1,"friend, who said he could borrow the money from his"
U1,dad to get us out. Later that day the dad came down
U1,"and paid the money. The cops kept calling it bail,"
U1,but it was a bribe. We were never formally arrested
U1,or processed. There was no paperwork.
U1,"We got out and everything was fine, but it"
U1,"rattled us. Every day we were out in the streets,"
U1,"hustling, trying to act as if we were in some way"
U1,"down with the gangs, but the truth was we were"
U1,always more cheese than hood. We had created this
U1,idea of ourselves as a defense mechanism to survive
U1,in the world we were living in. Bongani and the other
U1,"East Bank guys, because of where they were from,"
U1,what they looked likethey just had very little hope.
U1,Youve got two options in that situation. You take the
U1,"retail job, flip burgers at McDonalds, if youre one of"
U1,the lucky few who even gets that much. The other
U1,"option is to toughen up, put up this facade. You cant"
U1,"leave the hood, so you survive by the rules of the"
U1,hood.
U1,"I chose to live in that world, but I wasnt from"
U1,"that world. If anything, I was an imposter. Day to"
U1,"day I was in it as much as everyone else, but the"
U1,difference was that in the back of my mind I knew I
U1,had other options. I could leave. They couldnt.
U1,"Once, when I was ten years old, visiting my dad in Yeoville,"
U1,I needed batteries for one of my toys. My mom had refused
U1,"to buy me new batteries because, of course, she thought it"
U1,"was a waste of money, so I snuck out to the shops and"
U1,shoplifted a pack. A security guard busted me on the way
U1,"out, pulled me into his office, and called my mom."
U1,"Weve caught your son shoplifting batteries, he said."
U1,You need to come and fetch him.
U1,"No, she said. Take him to jail. If hes going to disobey"
U1,he needs to learn the consequences.
U1,"Then she hung up. The guard looked at me, confused."
U1,Eventually he let me go on the assumption that I was some
U1,"wayward orphan, because what mother would send her ten-"
U1,year-old child to jail
U1,THE WORLD DOESNT LOVE
U1,YOU
U1,My mom never gave me an inch. Anytime I got in
U1,"trouble it was tough love, lectures, punishment, and"
U1,hidings. Every time. For every infraction. You get
U1,that with a lot of black parents. Theyre trying to
U1,discipline you before the system does. I need to do
U1,this to you before the police do it to you. Because
U1,thats all black parents are thinking from the day
U1,"youre old enough to walk out into the street, where"
U1,the law is waiting.
U1,"In Alex, getting arrested was a fact of life. It was"
U1,so common that out on the corner we had a sign for
U1,"it, a shorthand, clapping your wrists together like"
U1,you were being put in handcuffs. Everyone knew
U1,what that meant.
U1,Wheres Bongani
U1,Wrist clap.
U1,"Oh, shit. When"
U1,Friday night.
U1,Damn.
U1,My mom hated the hood. She didnt like my
U1,"friends there. If I brought them back to the house,"
U1,she didnt even want them coming inside. I dont
U1,"like those boys, shed say. She didnt hate them"
U1,personally she hated what they represented. You
U1,"and those boys get into so much shit, shed say."
U1,You must be careful who you surround yourself
U1,with because where you are can determine who you
U1,are.
U1,She said the thing she hated most about the
U1,hood was that it didnt pressure me to become
U1,better. She wanted me to hang out with my cousin at
U1,his university.
U1,Whats the difference if Im at university or Im
U1,in the hood Id say. Its not like Im going to
U1,university.
U1,"Yes, but the pressure of the university is going"
U1,to get you. I know you. You wont sit by and watch
U1,these guys become better than you. If youre in an
U1,"environment that is positive and progressive, you too"
U1,will become that. I keep telling you to change your
U1,"life, and you dont. One day youre going to get"
U1,"arrested, and when you do, dont call me. Ill tell the"
U1,police to lock you up just to teach you a lesson.
U1,Because there were some black parents whod
U1,"actually do that, not pay their kids bail, not hire"
U1,their kid a lawyerthe ultimate tough love. But it
U1,"doesnt always work, because youre giving the kid"
U1,tough love when maybe he just needs love. Youre
U1,"trying to teach him a lesson, and now that lesson is"
U1,the rest of his life.
U1,
U1,One morning I saw an ad in the paper. Some shop
U1,"was having a clearance sale on mobile phones, and"
U1,they were selling them at such a ridiculous price I
U1,knew Bongani and I could flip them in the hood for a
U1,"profit. This shop was out in the suburbs, too far to"
U1,walk and too out-of-the-way to take a minibus.
U1,Fortunately my stepfathers workshop and a bunch
U1,of old cars were in our backyard.
U1,Id been stealing Abels junkers to get around
U1,since I was fourteen. I would say I was test driving
U1,them to make sure theyd been repaired correctly.
U1,Abel didnt think that was funny. Id been caught
U1,"many times, caught and subjected to my mothers"
U1,wrath. But that had never stopped me from doing
U1,anything.
U1,Most of these junkers werent street legal. They
U1,didnt have proper registrations or proper number
U1,"plates. Luckily, Abel also had a stack of old number"
U1,plates in the back of the garage. I quickly learned I
U1,could just put one on an old car and hit the road. I
U1,"was nineteen, maybe twenty, not thinking about any"
U1,of the ramifications of this. I stopped by Abels
U1,"garage when no one was around, picked up one of"
U1,"the cars, the red Mazda Id taken to the matric"
U1,"dance, slapped some old plates on it, and set off in"
U1,search of discounted cell phones.
U1,I got pulled over in Hillbrow. Cops in South
U1,Africa dont give you a reason when they pull you
U1,over. Cops pull you over because theyre cops and
U1,they have the power to pull you over its as simple as
U1,that. I used to watch American movies where cops
U1,"would pull people over and say, You didnt signal"
U1,"or Your taillights out. Id always wonder, Why do"
U1,American cops bother lying One thing I appreciate
U1,about South Africa is that we have not yet refined the
U1,system to the point where we feel the need to lie.
U1,Do you know why I pulled you over
U1,Because youre a policeman and Im a black
U1,person
U1,"Thats correct. License and registration,"
U1,please.
U1,"When the cop pulled me over, it was one of"
U1,"those situations where I wanted to say, Hey, I know"
U1,you guys are racially profiling me But I couldnt
U1,"argue the case because I was, at that moment,"
U1,actually breaking the law. The cop walked up to my
U1,"window, asked me the standard cop questions."
U1,Where are you going Is this your car Whose car is
U1,this I couldnt answer. I completely froze.
U1,"Being young, funnily enough, I was more"
U1,worried about getting in trouble with my parents
U1,than with the law. Id had run-ins with the cops in
U1,"Alexandra, in Soweto, but it was always more about"
U1,"the circumstance: a party getting shut down, a raid"
U1,"on a minibus. The law was all around me, but it had"
U1,"never come down on me, Trevor, specifically. And"
U1,"when you havent had much experience with the law,"
U1,the law appears rationalcops are dicks for the most
U1,"part, but you also recognize that theyre doing a job."
U1,"Your parents, on the other hand, are not"
U1,"rational at all. They have served as judge, jury, and"
U1,"executioner for your entire childhood, and it feels"
U1,like they give you a life sentence for every
U1,"misdemeanor. In that moment, when I should have"
U1,"been scared of the cop, all I was thinking was Shit"
U1,shit shit Im in so much trouble when I get home.
U1,The cop called in the number-plate registration
U1,and discovered that it didnt match the car. Now he
U1,was really on my case. This car is not in your name
U1,Whats going on with these plates Step out of the
U1,"vehicle It was only then that I realized: Ohhhhh,"
U1,shit. Now Im in real trouble. I stepped out of the
U1,"car, and he put the cuffs on me and told me I was"
U1,being arrested on suspicion of driving a stolen
U1,"vehicle. He took me in, and the car was impounded."
U1,The Hillbrow police station looks exactly like
U1,every other police station in South Africa. They were
U1,all built by the same contractor at the height of
U1,apartheidseparate nodes in the central nervous
U1,system of a police state. If you were blindfolded and
U1,"taken from one to the other, you probably wouldnt"
U1,even know that youd changed locations. Theyre
U1,"sterile, institutional, with fluorescent lights and"
U1,"cheap floor tile, like a hospital. My cop walked me in"
U1,and sat me down at the front booking desk. I was
U1,charged and fingerprinted.
U1,"In the meantime, theyd been checking out the"
U1,"car, which wasnt going well for me, either."
U1,"Whenever I borrowed cars from Abels workshop, I"
U1,tried to take the junkers rather than a real clients
U1,car I thought Id get in less trouble that way. That
U1,"was a mistake. The Mazda, being one of Abels"
U1,"junkers, didnt have a clear title of ownership. If it"
U1,"had had an owner, the cops would have called the"
U1,"owner, the owner would have explained that the car"
U1,"had been dropped off for repairs, and the whole"
U1,thing would have been sorted out. Since the car
U1,"didnt have an owner, I couldnt prove I hadnt stolen"
U1,it.
U1,Carjackings were common in South Africa at the
U1,"time, too. So common you werent even surprised"
U1,when they happened. Youd have a friend coming
U1,over for a dinner party and youd get a call.
U1,Sorry. Got carjacked. Gonna be late.
U1,"Ah, that sucks. Hey, guys Dave got carjacked."
U1,"Sorry, Dave"
U1,And the party would continue. And thats if the
U1,person survived the carjacking. Often they didnt.
U1,People were getting shot for their cars all the time.
U1,"Not only could I not prove I hadnt stolen the car, I"
U1,"couldnt prove I hadnt murdered someone for it,"
U1,either. The cops were grilling me. You kill anyone to
U1,"get that car, boy Eh You a killer"
U1,"I was in deep, deep trouble. I had only one"
U1,lifeline: my parents. One call would have fixed
U1,everything. This is my stepfather. Hes a mechanic.
U1,I borrowed his car when I shouldnt have. Done. At
U1,worst Id get a slap on the wrist for driving a car that
U1,wasnt registered. But what would I be getting at
U1,home
U1,I sat there in the police stationarrested for
U1,"suspicion of grand theft auto, a plausible suspect for"
U1,carjacking or murderand debated whether I should
U1,call my parents or go to jail. With my stepfather I
U1,"was thinking, He might actually kill me. In my mind"
U1,that was an entirely realistic scenario. With my
U1,"mother I was thinking, Shes going to make this"
U1,worse. Shes not the character witness I want right
U1,now. She wont help me. Because shed told me she
U1,"wouldnt. If you ever get arrested, dont call me. I"
U1,"needed someone sympathetic to my plight, and I"
U1,didnt believe she was that person. So I didnt call my
U1,parents. I decided I didnt need them. I was a man. I
U1,could go it alone. I used my call to phone my cousin
U1,and told him not to tell anyone what had happened
U1,while I figured out what to donow I just had to
U1,figure out what to do.
U1,"Id been picked up late in the afternoon, so by"
U1,the time I was processed it was close to lights-out. I
U1,"was spending the night in jail, like it or not. It was at"
U1,that point that a cop pulled me aside and told me
U1,what I was in for.
U1,The way the system works in South Africa is that
U1,youre arrested and held in a cell at the police station
U1,"until your bail hearing. At the hearing, the judge"
U1,"looks at your case, hears arguments from the"
U1,"opposing sides, and then he either dismisses the"
U1,charges or sets bail and a trial date. If you can make
U1,"bail, you pay and go home. But there are all sorts of"
U1,ways your bail hearing can go wrong: You get some
U1,court-appointed lawyer who hasnt read your case
U1,and doesnt know whats going on. Your family cant
U1,pay your bail. It could even be that the courts
U1,"backed up. Sorry, were too busy. No more hearings"
U1,today. It doesnt matter the reason. Once you leave
U1,"jail, you cant go back to jail. If your situation isnt"
U1,"resolved that day, you go to prison to await trial. In"
U1,"prison youre housed with the people awaiting trial,"
U1,"not with the general population, but even the"
U1,awaiting-trial section is incredibly dangerous
U1,because you have people picked up for traffic
U1,violations all the way up to proper hardened
U1,"criminals. Youre stuck there together, and you can"
U1,"be there for days, weeks, maybe months. Its the"
U1,"same way in America. If youre poor, if you dont"
U1,"know how the system works, you can slip through"
U1,"the cracks, and the next thing you know youre in"
U1,this weird purgatory where youre not in prison but
U1,youre not not in prison. You havent been convicted
U1,"of any crime, but youre still locked up and cant get"
U1,out.
U1,"This cop pulled me aside and said, Listen, you"
U1,dont want to go to your bail hearing. Theyll give you
U1,a state attorney who wont know whats going on.
U1,Hell have no time for you. Hell ask the judge for a
U1,"postponement, and then maybe youll go free or"
U1,"maybe you wont. Trust me, you dont want to do"
U1,that. You have the right to stay here for as long as
U1,you like. You want to meet with a lawyer and set
U1,yourself up before you go anywhere near a court or a
U1,judge. He wasnt giving me this advice out of the
U1,goodness of his heart. He had a deal with a defense
U1,"attorney, sending him clients in exchange for a"
U1,kickback. He handed me the attorneys business
U1,"card, I called him, and he agreed to take my case. He"
U1,told me to stay put while he handled everything.
U1,"Now I needed money, because lawyers, as nice"
U1,"as they are, dont do anything for free. I called a"
U1,friend and asked him if he could ask his dad to
U1,borrow some money. He said hed handle it. He
U1,"talked to his dad, and the lawyer got his retainer the"
U1,next day.
U1,"With the lawyer taken care of, I felt like I had"
U1,things under control. I was feeling pretty slick. Id
U1,"handled the situation, and, most important, Mom"
U1,and Abel were none the wiser.
U1,When the time came for lights-out a cop came
U1,"and took my stuff. My belt, my wallet, my shoelaces."
U1,Why do you need my shoelaces
U1,So you dont hang yourself.
U1,Right.
U1,"Even when he said that, the gravity of my"
U1,situation still wasnt sinking in. Walking to the
U1,"stations holding cell, looking around at the other six"
U1,"guys in there, I was thinking, This is no big deal."
U1,Everythings gonna be cool. Im gonna get out of
U1,this. I thought that right up until the moment the cell
U1,"door clanged shut behind me and the guard yelled,"
U1,"Lights out Thats when I thought, Oh, shit. This is"
U1,real.
U1,
U1,The guards had given me a mat and a scratchy
U1,blanket. I rolled them out on the concrete floor and
U1,tried to get comfortable. Every bad prison movie Id
U1,ever seen was racing through my head. I was
U1,"thinking, Im gonna get raped. Im gonna get raped."
U1,Im gonna get raped. But of course I didnt get
U1,"raped, because this wasnt prison. It was jail, and"
U1,"theres a big difference, as I would soon come to"
U1,understand.
U1,I woke up the next morning with that fleeting
U1,sensation where you think something has all been a
U1,dream. Then I looked around and remembered that
U1,"it wasnt. Breakfast came, and I settled in to wait."
U1,A day in jail is mostly silence punctuated by
U1,"passing guards shouting profanities at you, doing"
U1,roll call. Inside the holding cell nobody says
U1,"anything. Nobody walks into a jail cell and says, Hi,"
U1,"guys Im Brian Because everyone is afraid, and no"
U1,one wants to appear vulnerable. Nobody wants to be
U1,the bitch. Nobody wants to be the guy getting killed.
U1,I didnt want anyone to know that I was just a kid in
U1,"for a traffic charge, so I reached back in my mind for"
U1,all the stereotypes of what I imagined people act like
U1,"in prison, and then I tried to act like that."
U1,"In South Africa, everyone knows that colored"
U1,"gangsters are the most ruthless, the most savage. Its"
U1,a stereotype thats fed to you your whole life. The
U1,most notorious colored gangs are the Numbers
U1,"Gangs: the 26s, the 27s, the 28s. They control the"
U1,prisons. Theyre known for being brutally violent
U1,"maiming, torturing, raping, cutting off peoples"
U1,headsnot for the sake of making money but just to
U1,"prove how ruthless and savage they are, like Mexican"
U1,drug cartels. In fact a lot of these gangs base their
U1,thing on those Mexican gangs. They have the same
U1,look: the Converse All Stars with the Dickies pants
U1,and the open shirt buttoned only at the top.
U1,"By the time I was a teenager, anytime I was"
U1,"profiled by cops or security guards, it usually wasnt"
U1,because I was black but because I looked colored. I
U1,went to a club once with my cousin and his friend.
U1,"The bouncer searched Mlungisi, waved him in. He"
U1,"searched our friend, waved him in. Then he searched"
U1,me and got up in my face.
U1,Wheres your knife
U1,I dont have a knife.
U1,I know you have a knife somewhere. Where is
U1,it
U1,He searched and searched and finally gave up
U1,"and let me in, looking me over like I was trouble."
U1,No shit from you Okay
U1,I figured that if I was in jail people were going to
U1,assume I was the kind of colored person who ends
U1,"up in jail, a violent criminal. So I played it up. I put"
U1,on this character I played the stereotype. Anytime
U1,the cops asked me questions I started speaking in
U1,broken Afrikaans with a thick colored accent.
U1,"Imagine a white guy in America, just dark enough to"
U1,"pass for Latino, walking around jail doing bad"
U1,Mexican-gangster dialogue from the movies. Shits
U1,"about to get loco, ese. Thats basically what I was"
U1,doingthe South African version of that. This was
U1,my brilliant plan to survive incarceration. But it
U1,"worked. The guys in the cell with me, they were there"
U1,"for drunk driving, for domestic abuse, for petty theft."
U1,They had no idea what real colored gangsters were
U1,like. Everyone left me alone.
U1,"We were all playing a game, only nobody knew"
U1,"we were playing it. When I walked in that first night,"
U1,everyone was giving me this look: Im dangerous.
U1,"Dont fuck with me. So I went, Shit, these people"
U1,"are hardened criminals. I shouldnt be here, because"
U1,I am not a criminal. Then the next day everything
U1,"turned over quickly. One by one, guys left to go to"
U1,"their hearings, I stayed to wait for my lawyer, and"
U1,new people started to pitch up. Now I was the
U1,"veteran, doing my colored-gangster routine, giving"
U1,the new guys the same look: Im dangerous. Dont
U1,"fuck with me. And they looked at me and went,"
U1,"Shit, hes a hardened criminal. I shouldnt be here,"
U1,because I am not like him. And round and round we
U1,went.
U1,At a certain point it occurred to me that every
U1,single person in that cell might be faking it. We were
U1,all decent guys from nice neighborhoods and good
U1,"families, picked up for unpaid parking tickets and"
U1,other infractions. We could have been having a great
U1,"time sharing meals, playing cards, and talking about"
U1,"women and soccer. But that didnt happen, because"
U1,everyone had adopted this dangerous pose and
U1,nobody talked because everyone was afraid of who
U1,the other guys were pretending to be. Now those
U1,guys were going to get out and go home to their
U1,"families and say, Oh, honey, that was rough. Those"
U1,were some real criminals in there. There was this
U1,"one colored guy. Man, he was a killer."
U1,"Once I had the game sorted out, I was good"
U1,"again. I relaxed. I was back to thinking, I got this."
U1,This is no big deal. The food was actually decent. For
U1,breakfast they brought you these peanut butter
U1,sandwiches on thick slices of bread. Lunch was
U1,"chicken and rice. The tea was too hot, and it was"
U1,"more water than tea, but it was drinkable. There"
U1,"were older, hard-time prisoners close to parole, and"
U1,their detail was to come and clean the cells and
U1,circulate books and magazines for you to read. It was
U1,quite relaxing.
U1,There was one point when I remember eating a
U1,"meal and saying to myself, This isnt so bad. I hang"
U1,around with a bunch of dudes. Theres no chores. No
U1,bills to pay. No one constantly nagging me and
U1,telling me what to do. Peanut butter sandwiches
U1,"Shit, I eat peanut butter sandwiches all the time."
U1,This is pretty sweet. I could do this. I was so afraid
U1,of the ass-whooping waiting for me at home that I
U1,genuinely considered going to prison. For a brief
U1,moment I thought I had a plan. Ill go away for a
U1,"couple of years, come back, and say I was kidnapped,"
U1,and mom will never know and shell just be happy to
U1,see me.
U1,
U1,"On the third day, the cops brought in the largest man"
U1,Id ever seen. This guy was huge. Giant muscles.
U1,Dark skin. Hardened face. He looked like he could
U1,kill all of us. Me and the other prisoners whod been
U1,acting tough with one anotherthe second he
U1,walked in our tough-guy routines were over.
U1,"Everyone was terrified. We all stared at him. Oh,"
U1,fuck
U1,For whatever reason this guy was half naked
U1,when the cops picked him up. He was wearing
U1,clothes the police had scrounged up for him at the
U1,"station, this torn-up wifebeater that was way too"
U1,"small, pants so short on him they looked like capris."
U1,He looked like a black version of the Incredible Hulk.
U1,This guy went and sat alone in the corner.
U1,"Nobody said a word. Everyone watched and waited,"
U1,"nervously, to see what he would do. Then one of the"
U1,cops came back and called the Hulk over they
U1,needed information from him. The cop started
U1,"asking him a bunch of questions, but the guy kept"
U1,shaking his head and saying he didnt understand.
U1,The cop was speaking Zulu. The Hulk was speaking
U1,"Tsonga. Black person to black person, and neither"
U1,could understand the otherthe Tower of Babel.
U1,"Few people in South Africa speak Tsonga, but since"
U1,my stepfather was Tsonga I had picked it up along
U1,the way. I overheard the cop and the other guy going
U1,"back and forth with nothing getting across, so I"
U1,stepped in and translated for them and sorted
U1,everything out.
U1,"Nelson Mandela once said, If you talk to a man"
U1,"in a language he understands, that goes to his head."
U1,"If you talk to him in his language, that goes to his"
U1,heart. He was so right. When you make the effort to
U1,"speak someone elses language, even if its just basic"
U1,"phrases here and there, you are saying to them, I"
U1,understand that you have a culture and identity that
U1,exists beyond me. I see you as a human being.
U1,That is exactly what happened with the Hulk.
U1,"The second I spoke to him, this face that had seemed"
U1,"so threatening and mean lit up with gratitude. Ah,"
U1,"na khensa, na khensa, na khensa. Hi wena mani"
U1,Mufana wa mukhaladi u xitiela kwini xiTsonga U
U1,"huma kwini Oh, thank you, thank you, thank you."
U1,Who are you How does a colored guy know Tsonga
U1,Where are you from
U1,Once we started talking I realized he wasnt the
U1,"Hulk at all. He was the sweetest man, a gentle giant,"
U1,"the biggest teddy bear in the world. He was simple,"
U1,"not educated. Id assumed he was in for murder, for"
U1,"squashing a family to death with his bare hands, but"
U1,it wasnt anything like that. Hed been arrested for
U1,shoplifting PlayStation games. He was out of work
U1,"and needed money to send to his family back home,"
U1,and when he saw how much these games sold for he
U1,thought he could steal a few and sell them to white
U1,kids and make a lot of money. As soon as he told me
U1,"that, I knew he wasnt some hardened criminal. I"
U1,know the world of pirated thingsstolen videogames
U1,have no value because its cheaper and less risky to
U1,"copy them, like Bolos parents did."
U1,I tried to help him out a bit. I told him my trick
U1,of putting off your bail hearing to get your defense
U1,"together, so he stayed in the cell, too, biding his time,"
U1,"and we hit it off and hung out for a few days, having"
U1,"a good time, getting to know each other. No one else"
U1,"in the cell knew what to make of us, the ruthless"
U1,"colored gangster and his menacing, Hulk-like friend."
U1,"He told me his story, a South African story that was"
U1,all too familiar to me: The man grows up under
U1,"apartheid, working on a farm, part of whats"
U1,essentially a slave labor force. Its a living hell but its
U1,at least something. Hes paid a pittance but at least
U1,hes paid. Hes told where to be and what to do every
U1,waking minute of his day. Then apartheid ends and
U1,he doesnt even have that anymore. He finds his way
U1,"to Johannesburg, looking for work, trying to feed his"
U1,children back home. But hes lost. He has no
U1,education. He has no skills. He doesnt know what to
U1,"do, doesnt know where to be. The world has been"
U1,"taught to be scared of him, but the reality is that he"
U1,is scared of the world because he has none of the
U1,tools necessary to cope with it. So what does he do
U1,He takes shit. He becomes a petty thief. Hes in and
U1,out of jail. He gets lucky and finds some construction
U1,"work, but then he gets laid off from that, and a few"
U1,days later hes in a shop and he sees some
U1,"PlayStation games and he grabs them, but he doesnt"
U1,even know enough to know that hes stolen
U1,something of no value.
U1,I felt terrible for him. The more time I spent in
U1,"jail, the more I realized that the law isnt rational at"
U1,all. Its a lottery. What color is your skin How much
U1,money do you have Whos your lawyer Whos the
U1,judge Shoplifting PlayStation games was less of an
U1,offense than driving with bad number plates. He had
U1,"committed a crime, but he was no more a criminal"
U1,than I was. The difference was that he didnt have
U1,any friends or family to help him out. He couldnt
U1,afford anything but a state attorney. He was going to
U1,"go stand in the dock, unable to speak or understand"
U1,"English, and everyone in the courtroom was going to"
U1,assume the worst of him. He was going to go to
U1,prison for a while and then be set free with the same
U1,"nothing he had going in. If I had to guess, he was"
U1,"around thirty-five, forty years old, staring down"
U1,"another thirty-five, forty years of the same."
U1,
U1,The day of my hearing came. I said goodbye to my
U1,new friend and wished him the best. Then I was
U1,handcuffed and put in the back of a police van and
U1,driven to the courthouse to meet my fate. In South
U1,"African courts, to minimize your exposure and your"
U1,"opportunities for escape, the holding cell where you"
U1,await your hearing is a massive pen below the
U1,courtroom you walk up a set of stairs into the dock
U1,rather than being escorted through the corridors.
U1,What happens in the holding cell is youre mixed in
U1,with the people whove been in prison awaiting trial
U1,"for weeks and months. Its a weird mix, everything"
U1,from white-collar criminals to guys picked up on
U1,"traffic stops to real, hardcore criminals covered with"
U1,prison tattoos. Its like the cantina scene from Star
U1,"Wars, where the bands playing music and Han"
U1,Solos in the corner and all of the bad guys and
U1,bounty hunters from all over the universe are
U1,"hanging outa wretched hive of scum and villainy,"
U1,only theres no music and theres no Han Solo.
U1,I was with these people for only a brief window
U1,"of time, but in that moment I saw the difference"
U1,between prison and jail. I saw the difference between
U1,criminals and people whove committed crimes. I
U1,saw the hardness in peoples faces. I thought back on
U1,"how naive Id been just hours before, thinking jail"
U1,wasnt so bad and I could handle it. I was now truly
U1,afraid of what might happen to me.
U1,"When I walked into that holding pen, I was a"
U1,"smooth-skinned, fresh-faced young man. At the"
U1,"time, I had a giant Afro, and the only way to control"
U1,it was to have it tied back in this ponytail thing that
U1,looked really girly. I looked like Maxwell. The guards
U1,"closed the door behind me, and this creepy old dude"
U1,"yelled out in Zulu from the back, Ha, ha, ha Hhe"
U1,madoda Angikaze ngibone indoda enhle kangaka
U1,"Sizoba nobusuku obuhle Yo, yo, yo Damn, guys."
U1,Ive never seen a man this beautiful before. Its
U1,gonna be a good night tonight
U1,Fuuuuuuuuuck.
U1,Right next to me as I walked in was a young
U1,"man having a complete meltdown, talking to himself,"
U1,bawling his eyes out. He looked up and locked eyes
U1,"with me, and I guess he thought I looked like a"
U1,kindred soul he could talk to. He came straight at me
U1,and started crying about how hed been arrested and
U1,thrown in jail and the gangs had stolen his clothes
U1,and his shoes and raped him and beat him every day.
U1,"He wasnt some ruffian. He was well-spoken,"
U1,educated. Hed been waiting for a year for his case to
U1,be heard he wanted to kill himself. That guy put the
U1,fear of God in me.
U1,I looked around the holding cell. There were
U1,"easily a hundred guys in there, all of them spread out"
U1,and huddled into their clearly and unmistakably
U1,defined racial groups: a whole bunch of black people
U1,"in one corner, the colored people in a different"
U1,"corner, a couple of Indians off to themselves, and a"
U1,handful of white guys off to one side. The guys whod
U1,"been with me in the police van, the second we"
U1,"walked in, they instinctively, automatically, walked"
U1,off to join the groups they belonged to. I froze.
U1,I didnt know where to go.
U1,I looked over at the colored corner. I was staring
U1,"at the most notorious, most violent prison gang in"
U1,"South Africa. I looked like them, but I wasnt them. I"
U1,couldnt go over there doing my fake gangster shit
U1,"and have them discover I was a fraud. No, no, no."
U1,"That game was over, my friend. The last thing I"
U1,needed was colored gangsters up against me.
U1,But then what if I went to the black corner I
U1,"know that Im black and I identify as black, but Im"
U1,"not a black person on the face of it, so would the"
U1,black guys understand why I was walking over And
U1,what kind of shit would I start by going there
U1,Because going to the black corner as a perceived
U1,colored person might piss off the colored gangs even
U1,more than going to the colored corner as a fake
U1,colored person. Because thats what had happened to
U1,me my entire life. Colored people would see me
U1,"hanging out with blacks, and theyd confront me,"
U1,want to fight me. I saw myself starting a race war in
U1,the holding cell.
U1,Hey Why are you hanging out with the
U1,blacks
U1,Because I am black.
U1,"No, youre not. Youre colored."
U1,"Ah, yes. I know it looks that way, friend, but let"
U1,"me explain. Its a funny story, actually. My father is"
U1,white and my mother is black and race is a social
U1,"construct, so"
U1,That wasnt going to work. Not here.
U1,All of this was happening in my head in an
U1,"instant, on the fly. I was doing crazy calculations,"
U1,"looking at people, scanning the room, assessing the"
U1,"variables. If I go here, then this. If I go there, then"
U1,that. My whole life was flashing before methe
U1,"playground at school, the spaza shops in Soweto, the"
U1,streets of Eden Parkevery time and every place I
U1,"ever had to be a chameleon, navigate between"
U1,"groups, explain who I was. It was like the high school"
U1,"cafeteria, only it was the high school cafeteria from"
U1,hell because if I picked the wrong table I might get
U1,beaten or stabbed or raped. Id never been more
U1,scared in my life. But I still had to pick. Because
U1,"racism exists, and you have to pick a side. You can"
U1,"say that you dont pick sides, but eventually life will"
U1,force you to pick a side.
U1,That day I picked white. They just didnt look
U1,"like they could hurt me. It was a handful of average,"
U1,middle-aged white dudes. I walked over to them. We
U1,"hung out for a while, chatted a bit. They were mostly"
U1,"in for white-collar crimes, money schemes, fraud"
U1,and racketeering. Theyd be useless if anyone came
U1,over looking to start trouble theyd get their asses
U1,kicked as well. But they werent going to do anything
U1,to me. I was safe.
U1,Luckily the time went by fairly quickly. I was in
U1,"there for only an hour before I was called up to court,"
U1,where a judge would either let me go or send me to
U1,"prison to await trial. As I was leaving, one of the"
U1,white guys reached over to me. Make sure you dont
U1,"come back down here, he said. Cry in front of the"
U1,judge do whatever you have to do. If you go up and
U1,"get sent back down here, your life will never be the"
U1,same.
U1,"Up in the courtroom, I found my lawyer waiting."
U1,"My cousin Mlungisi was there, too, in the gallery,"
U1,ready to post my bail if things went my way.
U1,"The bailiff read out my case number, and the"
U1,judge looked up at me.
U1,How are you he said.
U1,I broke down. Id been putting on this tough-guy
U1,"facade for nearly a week, and I just couldnt do it"
U1,anymore.
U1,"I-Im not fine, Your Honor. Im not fine."
U1,He looked confused. What
U1,"I said, Im not fine, sir. Im really suffering."
U1,Why are you telling me this
U1,Because you asked how I was.
U1,Who asked you
U1,You did. You just asked me.
U1,"I didnt say, How are you I said, Who are"
U1,you Why would I waste time asking How are you
U1,This is jail. I know everyone is suffering down there.
U1,If I asked everyone How are you wed be here all
U1,"day. I said, Who are you State your name for the"
U1,record.
U1,Trevor Noah.
U1,Okay. Now we can carry on.
U1,"The whole courtroom started laughing, so then I"
U1,"started laughing, too. But now I was even more"
U1,petrified because I didnt want the judge to think I
U1,wasnt taking him seriously because I was laughing.
U1,It turned out that I neednt have been worried.
U1,Everything that happened next took only a few
U1,minutes. My lawyer had talked to the prosecutor and
U1,everything had been arranged beforehand. He
U1,presented my case. I had no priors. I wasnt
U1,dangerous. There were no objections from the
U1,opposing side. The judge assigned my trial date and
U1,"set my bail, and I was free to go."
U1,I walked out of court and the light of day hit my
U1,"face and I said, Sweet Jesus, I am never going back"
U1,"there again. It had been only a week, in a cell that"
U1,wasnt terribly uncomfortable with food that wasnt
U1,"half bad, but a week in jail is a long, long time. A"
U1,"week without shoelaces is a long, long time. A week"
U1,"with no clocks, with no sun, can feel like an eternity."
U1,"The thought of anything worse, the thought of doing"
U1,"real time in a real prison, I couldnt even imagine."
U1,
U1,"I drove with Mlungisi to his place, took a shower,"
U1,and slept there. The next day he dropped me back at
U1,my moms house. I strolled up the driveway acting
U1,real casual. My plan was to say Id been crashing
U1,with Mlungisi for a few days. I walked into the house
U1,"like nothing had happened. Hey, Mom Whats up"
U1,"Mom didnt say anything, didnt ask me any"
U1,"questions. I was like, Okay. Cool. Were good."
U1,I stayed for most of the day. Later in the
U1,"afternoon we were sitting at the kitchen table,"
U1,"talking. I was telling all these stories, going on about"
U1,"everything Mlungisi and I had been up to that week,"
U1,"and I caught my mom giving me this look, slowly"
U1,shaking her head. It was a different look than I had
U1,"ever seen her give before. It wasnt One day, Im"
U1,going to catch you. It wasnt anger or disapproval. It
U1,was disappointment. She was hurt.
U1,What I said. What is it
U1,"She said, Boy, who do you think paid your bail"
U1,Hmm Who do you think paid your lawyer Do you
U1,think Im an idiot Did you think no one would tell
U1,me
U1,The truth came spilling out. Of course shed
U1,known: the car. It had been missing the whole time.
U1,Id been so wrapped up in dealing with jail and
U1,covering my tracks Id forgotten that the proof of my
U1,"crime was right there in the yard, the red Mazda"
U1,missing from the driveway. And of course when I
U1,called my friend and hed asked his dad for the
U1,"money for the lawyer, the dad had pressed him on"
U1,"what the money was for and, being a parent himself,"
U1,had called my mother immediately. Shed given my
U1,friend the money to pay the lawyer. Shed given my
U1,cousin the money to pay my bail. Id spent the whole
U1,week in jail thinking I was so slick. But shed known
U1,everything the whole time.
U1,I know you see me as some crazy old bitch
U1,"nagging at you, she said, but you forget the reason"
U1,I ride you so hard and give you so much shit is
U1,because I love you. Everything I have ever done Ive
U1,"done from a place of love. If I dont punish you, the"
U1,world will punish you even worse. The world doesnt
U1,"love you. If the police get you, the police dont love"
U1,"you. When I beat you, Im trying to save you. When"
U1,"they beat you, theyre trying to kill you."
U1,"My favorite thing to eat as a kid, and still my favorite"
U1,"dessert of all time, was custard and jelly, what Americans"
U1,would call Jell-O. One Saturday my mom was planning for a
U1,big family celebration and she made a huge bowl of custard
U1,"and jelly and put it in the fridge. It had every flavor: red,"
U1,"green, and yellow. I couldnt resist it. That whole day, every"
U1,time I walked past the fridge Id pop my head in with a spoon
U1,"and sneak a bite. This was a giant bowl, meant to last for a"
U1,week for the whole family. I finished it in one day by myself.
U1,That night I went to bed and I got absolutely butchered
U1,"by mosquitoes. Mosquitoes love to feast on me, and when I"
U1,was a kid it was bad. They would destroy me at night. I
U1,would wake up covered with bites and feel ill to my stomach
U1,and itchy all over. Which was exactly what happened this
U1,"particular Sunday morning. Covered with mosquito bites,"
U1,"my stomach bloated with custard and jelly, I could barely get"
U1,out of bed. I felt like I was going to vomit. Then my mom
U1,walked in.
U1,"Get dressed, she said. Were going to church."
U1,I dont feel well.
U1,Thats why were going to church. Thats where Jesus is
U1,going to heal you.
U1,"Eh, Im not sure thats how it works."
U1,My mom and I had different ideas about how Jesus
U1,worked. She believed that you pray to Jesus and then Jesus
U1,pitches up and does the thing that you need. My views on
U1,Jesus were more reality-based.
U1,"Why dont I take medicine, I said, and then pray to"
U1,Jesus to thank him for giving us the doctors who invented
U1,"medicine, because medicine is what makes you feel better,"
U1,not Jesus.
U1,You dont need medicine if you have Jesus. Jesus will
U1,heal you. Pray to Jesus.
U1,But is medicine not a blessing from Jesus And if Jesus
U1,"gives us medicine and we do not take the medicine, are we"
U1,not denying the grace that he has given us
U1,"Like all of our debates about Jesus, this conversation"
U1,went nowhere.
U1,"Trevor, she said, if you dont go to church youre"
U1,"going to get worse. Youre lucky you got sick on Sunday,"
U1,because now were going to church and you can pray to
U1,Jesus and Jesus is going to heal you.
U1,"That sounds nice, but why dont I just stay home"
U1,No. Get dressed. Were going to church.
U1,MY MOTHERS LIFE
U1,"Once I had my hair cornrowed for the matric dance,"
U1,I started getting attention from girls for the first
U1,time. I actually went on dates. At times I thought
U1,that it was because I looked better. At other times I
U1,thought it was because girls liked the fact that I was
U1,going through as much pain as they did to look good.
U1,"Either way, once I found success, I wasnt going to"
U1,mess with the formula. I kept going back to the salon
U1,"every week, spending hours at a time getting my hair"
U1,straightened and cornrowed. My mom would just
U1,roll her eyes. I could never date a man who spends
U1,"more time on his hair than I do, shed say."
U1,Monday through Saturday my mom worked in
U1,her office and puttered around her garden dressed
U1,like a homeless person. Then Sunday morning for
U1,church shed do her hair and put on a nice dress and
U1,some high heels and she looked like a million bucks.
U1,"Once she was all done up, she couldnt resist teasing"
U1,"me, throwing little verbal jabs the way wed always"
U1,do with each other.
U1,Now whos the best-looking person in the
U1,"family, eh I hope you enjoyed your week of being"
U1,"the pretty one, cause the queen is back, baby. You"
U1,spent four hours at the salon to look like that. I just
U1,took a shower.
U1,She was just having fun with me no son wants
U1,"to talk about how hot his mom is. Because, truth be"
U1,"told, she was beautiful. Beautiful on the outside,"
U1,beautiful on the inside. She had a self-confidence
U1,about her that I never possessed. Even when she was
U1,"working in the garden, dressed in overalls and"
U1,"covered in mud, you could see how attractive she"
U1,was.
U1,
U1,I can only assume that my mother broke more than a
U1,"few hearts in her day, but from the time I was born,"
U1,"there were only two men in her life, my father and"
U1,my stepfather. Right around the corner from my
U1,"fathers house in Yeoville, there was a garage called"
U1,Mighty Mechanics. Our Volkswagen was always
U1,"breaking down, and my mom would take it there to"
U1,"get it repaired. We met this really cool guy there,"
U1,"Abel, one of the auto mechanics. Id see him when"
U1,"we went to fetch the car. The car broke down a lot, so"
U1,we were there a lot. Eventually it felt like we were
U1,there even when there was nothing wrong with the
U1,"vehicle. I was six, maybe seven. I didnt understand"
U1,everything that was happening. I just knew that
U1,"suddenly this guy was around. He was tall, lanky and"
U1,lean but strong. He had these long arms and big
U1,hands. He could lift car engines and gearboxes. He
U1,"was handsome, but he wasnt good-looking. My"
U1,mom liked that about him she used to say theres a
U1,type of ugly that women find attractive. She called
U1,"him Abie. He called her Mbuyi, short for"
U1,Nombuyiselo.
U1,"I liked him, too. Abie was charming and"
U1,"hilarious and had an easy, gracious smile. He loved"
U1,"helping people, too, especially anyone in distress. If"
U1,"someones car broke down on the freeway, he pulled"
U1,over to see what he could do. If someone yelled
U1,"Stop, thief he was the guy who gave chase. The old"
U1,lady next door needed help moving boxes Hes that
U1,"guy. He liked to be liked by the world, which made"
U1,his abuse even harder to deal with. Because if you
U1,think someone is a monster and the whole world
U1,"says hes a saint, you begin to think that youre the"
U1,bad person. It must be my fault this is happening is
U1,"the only conclusion you can draw, because why are"
U1,you the only one receiving his wrath
U1,Abel was always cool with me. He wasnt trying
U1,"to be my dad, and my dad was still in my life, so I"
U1,wasnt looking for anyone to replace him. Thats
U1,moms cool friend is how I thought of him. He
U1,started coming out to stay with us in Eden Park.
U1,Some nights hed want us to crash with him at his
U1,"converted garage flat in Orange Grove, which we did."
U1,"Then I burned down the white peoples house, and"
U1,that was the end of that. From then on we lived
U1,together in Eden Park.
U1,One night my mom and I were at a prayer
U1,meeting and she took me aside.
U1,"Hey, she said. I want to tell you something."
U1,Abel and I are going to get married.
U1,"Instinctively, without even thinking, I said, I"
U1,dont think thats a good idea.
U1,I wasnt upset or anything. I just had a sense
U1,"about the guy, an intuition. Id felt it even before the"
U1,mulberry tree. That night hadnt changed my
U1,"feelings toward Abel it had only shown me, in flesh"
U1,"and blood, what he was capable of."
U1,"I understand that its hard, she said. I"
U1,understand that you dont want a new dad.
U1,"No, I said. Its not that. I like Abel. I like him"
U1,a lot. But you shouldnt marry him. I didnt know
U1,"the word sinister then, but if I had I probably"
U1,would have used it. Theres just something not right
U1,about him. I dont trust him. I dont think hes a good
U1,person.
U1,Id always been fine with my mom dating this
U1,"guy, but Id never considered the possibility of him"
U1,becoming a permanent addition to our family. I
U1,enjoyed being with Abel the same way I enjoyed
U1,playing with a tiger cub the first time I went to a
U1,"tiger sanctuary: I liked it, I had fun with it, but I"
U1,never thought about bringing it home.
U1,"If there was any doubt about Abel, the truth was"
U1,"right there in front of us all along, in his name. He"
U1,"was Abel, the good brother, the good son, a name"
U1,straight out of the Bible. And he lived up to it as well.
U1,"He was the firstborn, dutiful, took care of his"
U1,"mother, took care of his siblings. He was the pride of"
U1,his family.
U1,But Abel was his English name. His Tsonga
U1,name was Ngisaveni. It means Be afraid.
U1,
U1,"Mom and Abel got married. There was no ceremony,"
U1,no exchange of rings. They went and signed the
U1,"papers and that was it. A year or so later, my baby"
U1,"brother, Andrew, was born. I only vaguely remember"
U1,"my mom being gone for a few days, and when she"
U1,got back there was now this thing in the house that
U1,"cried and shat and got fed, but when youre nine"
U1,"years older than your sibling, their arrival doesnt"
U1,change much for you. I wasnt changing diapers I
U1,"was out playing arcade games at the shop, running"
U1,around the neighborhood.
U1,The main thing that marked Andrews birth for
U1,me was our first trip to meet Abels family during the
U1,"Christmas holidays. They lived in Tzaneen, a town in"
U1,"Gazankulu, what had been the Tsonga homeland"
U1,"under apartheid. Tzaneen has a tropical climate, hot"
U1,and humid. The white farms nearby grow some of
U1,"the most amazing fruitmangoes, lychees, the most"
U1,beautiful bananas youve ever seen in your life.
U1,Thats where all the fruit we export to Europe comes
U1,from. But on the black land twenty minutes down
U1,"the road, the soil has been decimated by years of"
U1,overfarming and overgrazing. Abels mother and his
U1,"sisters were all traditional, stay-at-home moms, and"
U1,"Abel and his younger brother, who was a policeman,"
U1,supported the family. They were all very kind and
U1,generous and accepted us as part of the family right
U1,away.
U1,"Tsonga culture, I learned, is extremely"
U1,patriarchal. Were talking about a world where
U1,women must bow when they greet a man. Men and
U1,women have limited social interactions. The men kill
U1,"the animals, and the women cook the food. Men are"
U1,not even allowed in the kitchen. As a nine-year-old
U1,"boy, I thought this was fantastic. I wasnt allowed to"
U1,do anything. At home my mom was forever making
U1,"me do choreswash the dishes, sweep the house"
U1,"but when she tried to do that in Tzaneen, the women"
U1,wouldnt allow it.
U1,"Trevor, make your bed, my mom would say."
U1,"No, no, no, no, Abels mother would protest."
U1,Trevor must go outside and play.
U1,I was made to run off and have fun while my girl
U1,step-cousins had to clean the house and help the
U1,women cook. I was in heaven.
U1,My mother loathed every moment of being
U1,"there. For Abel, a firstborn son who was bringing"
U1,"home his own firstborn son, this trip was a huge"
U1,"deal. In the homelands, the firstborn son almost"
U1,becomes the father/husband by default because the
U1,dad is off working in the city. The firstborn son is the
U1,man of the house. He raises his siblings. His mom
U1,treats him with a certain level of respect as the dads
U1,surrogate. Since this was Abels big homecoming
U1,"with Andrew, he expected my mother to play her"
U1,"traditional role, too. But she refused."
U1,The women in Tzaneen had a multitude of jobs
U1,"during the day. They prepared breakfast, prepared"
U1,"tea, prepared lunch, did the washing and the"
U1,cleaning. The men had been working all year in the
U1,"city to support the family, so this was their vacation,"
U1,"more or less. They were at leisure, waited on by the"
U1,"women. They might slaughter a goat or something,"
U1,"do whatever manly tasks needed to be done, but then"
U1,they would go to an area that was only for men and
U1,hang out and drink while the women cooked and
U1,cleaned. But my mom had been working in the city
U1,"all year, too, and Patricia Noah didnt stay in"
U1,anyones kitchen. She was a free-roaming spirit. She
U1,"insisted on walking to the village, going where the"
U1,"men hung out, talking to the men as equals."
U1,The whole tradition of women bowing to the
U1,"men, my mom found that absurd. But she didnt"
U1,refuse to do it. She overdid it. She made a mockery of
U1,it. The other women would bow before men with this
U1,polite little curtsy. My mom would go down and
U1,"cower, groveling in the dirt like she was worshipping"
U1,"a deity, and shed stay down there for a long time,"
U1,"like a really long time, long enough to make"
U1,everyone very uncomfortable. That was my mom.
U1,"Dont fight the system. Mock the system. To Abel, it"
U1,looked like his wife didnt respect him. Every other
U1,"man had some docile girl from the village, and here"
U1,"hed come with this modern woman, a Xhosa woman"
U1,"no less, a culture whose women were thought of as"
U1,particularly loudmouthed and promiscuous. The two
U1,"of them fought and bickered the whole time, and"
U1,after that first trip my mother refused to go back.
U1,Up to that point Id lived my whole life in a
U1,"world run by women, but after my mom and Abel"
U1,"were married, and especially after Andrew was born,"
U1,I watched him try to assert himself and impose his
U1,ideas of what he thought his family should be. One
U1,thing that became clear early on was that those ideas
U1,did not include me. I was a reminder that my mom
U1,had lived a life before him. I didnt even share his
U1,"color. His family was him, my mom, and the new"
U1,baby. My family was my mom and me. I actually
U1,appreciated that about him. Sometimes he was my
U1,"buddy, sometimes not, but he never pretended our"
U1,relationship was anything other than what it was.
U1,Wed joke around and laugh together. Wed watch
U1,TV together. Hed slip me pocket money now and
U1,again after my mother said Id had enough. But he
U1,never gave me a birthday present or a Christmas
U1,present. He never gave me the affection of a father. I
U1,was never his son.
U1,Abels presence in the house brought with it new
U1,rules. One of the first things he did was kick Fufi and
U1,Panther out of the house.
U1,No dogs in the house.
U1,But weve always had the dogs in the house.
U1,"Not anymore. In an African home, dogs sleep"
U1,outside. People sleep inside.
U1,Putting the dogs in the yard was Abels way of
U1,"saying, Were going to do things around here the"
U1,way theyre supposed to be done. When they were
U1,"just dating, my mother was still the free spirit, doing"
U1,"what she wanted, going where she wanted. Slowly,"
U1,those things got reined in. I could feel that he was
U1,trying to rein in our independence. He even got
U1,upset about church. You cannot be at church the
U1,"whole day, hed say. My wife is gone all day, and"
U1,what will people say Why is his wife not around
U1,Where is she Who goes to church for the whole
U1,"day No, no, no. This brings disrespect to me."
U1,He tried to stop her from spending so much
U1,"time at church, and one of the most effective tools he"
U1,used was to stop fixing my mothers car. It would
U1,"break down, and hed purposefully let it sit. My mom"
U1,"couldnt afford another car, and she couldnt get the"
U1,car fixed somewhere else. Youre married to a
U1,mechanic and youre going to get your car fixed by
U1,another mechanic Thats worse than cheating. So
U1,"Abel became our only transport, and he would refuse"
U1,"to take us places. Ever defiant, my mother would"
U1,take minibuses to get to church.
U1,Losing the car also meant losing access to my
U1,"dad. We had to ask Abel for rides into town, and he"
U1,didnt like what they were for. It was an insult to his
U1,manhood.
U1,We need to go to Yeoville.
U1,Why are you going to Yeoville
U1,To see Trevors dad.
U1,"What No, no. How can I take my wife and her"
U1,child and drop you off there Youre insulting me.
U1,What do I tell my friends What do I tell my family
U1,My wife is at another mans house The man who
U1,"made that child with her No, no, no."
U1,"I saw my father less and less. Not long after, he"
U1,moved down to Cape Town.
U1,Abel wanted a traditional marriage with a
U1,traditional wife. For a long time I wondered why he
U1,ever married a woman like my mom in the first
U1,"place, as she was the opposite of that in every way. If"
U1,"he wanted a woman to bow to him, there were plenty"
U1,of girls back in Tzaneen being raised solely for that
U1,"purpose. The way my mother always explained it, the"
U1,"traditional man wants a woman to be subservient,"
U1,but he never falls in love with subservient women.
U1,Hes attracted to independent women. Hes like an
U1,"exotic bird collector, she said. He only wants a"
U1,woman who is free because his dream is to put her in
U1,a cage.
U1,
U1,"When we first met Abel, he smoked a lot of weed. He"
U1,"drank, too, but it was mostly weed. Looking back, I"
U1,almost miss his pothead days because the weed
U1,"mellowed him out. Hed smoke, chill, watch TV, and"
U1,fall asleep. I think subconsciously it was something
U1,he knew he needed to do to take the edge off his
U1,anger. He stopped smoking after he and my mom got
U1,married. She made him stop for religious reasons
U1,the body is a temple and so on. But what none of us
U1,saw coming was that when he stopped smoking weed
U1,he just replaced it with alcohol. He started drinking
U1,more and more. He never came home from work
U1,sober. An average day was a six-pack of beer after
U1,work. Weeknights hed have a buzz on. Some Fridays
U1,and Saturdays he just didnt come home.
U1,"When Abel drank, his eyes would go red,"
U1,bloodshot. That was the clue I learned to read. I
U1,"always thought of Abel as a cobra: calm, perfectly"
U1,"still, then explosive. There was no ranting and"
U1,"raving, no clenched fists. Hed be very quiet, and"
U1,then out of nowhere the violence would come. The
U1,eyes were my only clue to stay away. His eyes were
U1,everything. They were the eyes of the Devil.
U1,Late one night we woke up to a house filled with
U1,smoke. Abel hadnt come home by the time wed
U1,"gone to bed, and Id fallen asleep in my mothers"
U1,"room with her and Andrew, who was still a baby. I"
U1,jerked awake to her shaking me and screaming.
U1,Trevor Trevor There was smoke everywhere. We
U1,thought the house was burning down.
U1,"My mom ran down the hallway to the kitchen,"
U1,where she discovered the kitchen on fire. Abel had
U1,"driven home drunk, blind drunk, drunker than wed"
U1,"ever seen him before. Hed been hungry, tried to heat"
U1,"up some food on the stove, and passed out on the"
U1,couch while it was cooking. The pot had burned itself
U1,"out and burned up the kitchen wall behind the stove,"
U1,and smoke was billowing everywhere. She turned off
U1,the stove and opened the doors and the windows to
U1,try to air the place out. Then she went over to the
U1,couch and woke him up and started berating him for
U1,nearly burning the house down. He was too drunk to
U1,care.
U1,"She came back into the bedroom, picked up the"
U1,"phone, and called my grandmother. She started"
U1,going on and on about Abel and his drinking. This
U1,"man, hes going to kill us one day. He almost burnt"
U1,the house down
U1,"Abel walked into the bedroom, very calm, very"
U1,"quiet. His eyes were blood red, his eyelids heavy. He"
U1,put his finger on the cradle and hung up the call. My
U1,mom lost it.
U1,How dare you Dont you hang up my phone
U1,call What do you think youre doing
U1,You dont tell people whats happening in this
U1,"house, he said."
U1,"Oh, please Youre worried about what the"
U1,world is thinking Worry about this world Worry
U1,about what your family is thinking
U1,Abel towered over my mother. He didnt raise
U1,"his voice, didnt get angry."
U1,"Mbuyi, he said softly, you dont respect me."
U1,Respect You almost burned down our house.
U1,"Respect Oh, please Earn your respect You want"
U1,"me to respect you as a man, then act like a man"
U1,"Drinking your money in the streets, and where are"
U1,your childs diapers Respect Earn your respect
U1,Mbuyi
U1,Youre not a man youre a child
U1,Mbuyi
U1,I cant have a child for a husband
U1,Mbuyi
U1,Ive got my own children to raise
U1,"Mbuyi, shut up"
U1,A man who comes home drunk
U1,"Mbuyi, shut up"
U1,And burns down the house with his children
U1,"Mbuyi, shut up"
U1,And you call yourself a father
U1,"Then out of nowhere, like a clap of thunder"
U1,"when there were no clouds, crack, he smacked her"
U1,across the face. She ricocheted off the wall and
U1,collapsed like a ton of bricks. Id never seen anything
U1,like it. She went down and stayed down for a good
U1,thirty seconds. Andrew started screaming. I dont
U1,"remember going to pick him up, but I clearly"
U1,remember holding him at some point. My mom
U1,pulled herself up and struggled back to her feet and
U1,launched right back into him. Shed clearly been
U1,"knocked for a loop, but she was trying to act more"
U1,with-it than she was. I could see the disbelief in her
U1,face. This had never happened to her before in her
U1,life. She got right back in his face and started
U1,shouting at him.
U1,Did you just hit me
U1,"The whole time, in my head, I kept thinking the"
U1,"same thing Abel was saying. Shut up, Mom. Shut up."
U1,"Youre going to make it worse. Because I knew, as"
U1,"the receiver of many beatings, the one thing that"
U1,doesnt help is talking back. But she wouldnt stay
U1,quiet.
U1,Did you just hit me
U1,"Mbuyi, I told you"
U1,No man has ever Dont think you can control
U1,me when you cant even control
U1,Crack He hit her again. She stumbled back but
U1,"this time didnt fall. She scrambled, grabbed me, and"
U1,grabbed Andrew.
U1,Lets go. Were leaving.
U1,We ran out of the house and up the road. It was
U1,"the dead of night, cold outside. I was wearing"
U1,nothing but a T-shirt and sweatpants. We walked to
U1,"the Eden Park police station, over a kilometer away."
U1,"My mom marched us in, and there were two cops on"
U1,duty at the front desk.
U1,"Im here to lay a charge, she said."
U1,What are you here to lay a charge about
U1,Im here to lay a charge against the man who
U1,hit me.
U1,"To this day Ill never forget the patronizing,"
U1,condescending way they spoke to her.
U1,"Calm down, lady. Calm down. Who hit you"
U1,My husband.
U1,Your husband What did you do Did you
U1,make him angry
U1,Did Iwhat No. He hit me. Im here to lay a
U1,charge against
U1,"No, no. Maam. Why do you wanna make a"
U1,"case, eh You sure you want to do this Go home and"
U1,talk to your husband. You do know once you lay
U1,charges you cant take them back Hell have a
U1,criminal record. His life will never be the same. Do
U1,you really want your husband going to jail
U1,My mom kept insisting that they take a
U1,"statement and open a case, and they actually refused"
U1,they refused to write up a charge sheet.
U1,"This is a family thing, they said. You dont"
U1,want to involve the police. Maybe you want to think
U1,it over and come back in the morning.
U1,"Mom started yelling at them, demanding to see"
U1,"the station commander, and right then Abel walked"
U1,into the station. Hed driven down. Hed sobered up
U1,"a bit, but he was still drunk, driving into a police"
U1,station. That didnt matter. He walked over to the
U1,"cops, and the station turned into a boys club. Like"
U1,they were a bunch of old pals.
U1,"Hey, guys, he said. You know how it is. You"
U1,"know how women can be. I just got a little angry,"
U1,thats all.
U1,"Its okay, man. We know. It happens. Dont"
U1,worry.
U1,I had never seen anything like it. I was nine
U1,"years old, and I still thought of the police as the good"
U1,"guys. You get in trouble, you call the police, and"
U1,those flashing red-and-blue lights are going to come
U1,and save you. But I remember standing there
U1,"watching my mom, flabbergasted, horrified that"
U1,these cops wouldnt help her. Thats when I realized
U1,the police were not who I thought they were. They
U1,"were men first, and police second."
U1,We left the station. My mother took me and
U1,"Andrew, and we went out to stay with my"
U1,grandmother in Soweto for a while. A few weeks
U1,"later, Abel drove over and apologized. Abel was"
U1,always sincere and heartfelt with his apologies: He
U1,didnt mean it. He knows he was wrong. Hell never
U1,do it again. My grandmother convinced my mom
U1,that she should give Abel a second chance. Her
U1,"argument was basically, All men do it. My"
U1,"grandfather, Temperance, had hit her. Leaving Abel"
U1,"was no guarantee it wouldnt happen again, and at"
U1,least Abel was willing to apologize. So my mom
U1,decided to give him another chance. We drove back
U1,"to Eden Park together, and for years, nothingfor"
U1,years Abel didnt lay a finger on her. Or me.
U1,Everything went back to the way it was.
U1,
U1,"Abel was an amazing mechanic, probably one of the"
U1,best around at the time. Hed been to technical
U1,"college, graduated first in his class. Hed had job"
U1,offers from BMW and Mercedes. His business
U1,thrived on referrals. People would bring their cars
U1,from all over the city for him to fix because he could
U1,work miracles on them. My mom truly believed in
U1,"him. She thought she could raise him up, help him"
U1,"make good on his potential, not merely as a"
U1,mechanic but as the owner of his own workshop.
U1,"As headstrong and independent as my mom is,"
U1,she remains the woman who gives back. She gives
U1,and gives and gives that is her nature. She refused
U1,"to be subservient to Abel at home, but she did want"
U1,him to succeed as a man. If she could make their
U1,"marriage a true marriage of equals, she was willing"
U1,"to pour herself into it completely, the same way she"
U1,"poured herself into her children. At some point,"
U1,Abels boss decided to sell Mighty Mechanics and
U1,"retire. My mom had some money saved, and she"
U1,helped Abel buy it. They moved the workshop from
U1,"Yeoville to the industrial area of Wynberg, just west"
U1,"of Alex, and Mighty Mechanics became the new"
U1,family business.
U1,When you first go into business there are so
U1,many things nobody tells you. Thats especially true
U1,"when youre two young black people, a secretary and"
U1,"a mechanic, coming out of a time when blacks had"
U1,never been allowed to own businesses at all. One of
U1,the things nobody tells you is that when you buy a
U1,business you buy its debt. After my mom and Abel
U1,opened up the books on Mighty Mechanics and came
U1,"to a full realization of what theyd bought, they saw"
U1,how much trouble the company was already in.
U1,The garage gradually took over our lives. Id get
U1,out of school and walk the five kilometers from
U1,Maryvale to the workshop. Id sit for hours and try to
U1,do my homework with the machines and repairs
U1,going on around me. Inevitably Abel would get
U1,"behind schedule on a car, and since he was our ride,"
U1,wed have to wait for him to finish before we could
U1,go home. It started out as Were running late. Go
U1,"nap in a car, and well tell you when were leaving."
U1,"Id crawl in the backseat of some sedan, theyd wake"
U1,"me up at midnight, and wed drive all the way back"
U1,out to Eden Park and crash. Then pretty soon it was
U1,"Were running late. Go sleep in a car, and well wake"
U1,you for school in the morning. We started sleeping
U1,at the garage. At first it was one or two nights a
U1,"week, then three or four. Then my mom sold the"
U1,house and put that money into the business as well.
U1,She went all in. She gave up everything for him.
U1,From that point on we lived in the garage. It was
U1,"a warehouse, basically, and not the fancy, romantic"
U1,sort of warehouse hipsters might one day turn into
U1,"lofts. No, no. It was a cold, empty space. Gray"
U1,"concrete floors stained with oil and grease, old junk"
U1,"cars and car parts everywhere. Near the front, next"
U1,"to the roller door that opened onto the street, there"
U1,was a tiny office built out of drywall for doing
U1,"paperwork and such. In the back was a kitchenette,"
U1,"just a sink, a portable hot plate, and some cabinets."
U1,"To bathe, there was only an open wash basin, like a"
U1,"janitors sink, with a showerhead rigged up above."
U1,Abel and my mom slept with Andrew in the
U1,office on a thin mattress theyd roll out on the floor. I
U1,slept in the cars. I got really good at sleeping in cars.
U1,I know all the best cars to sleep in. The worst were
U1,"the cheap ones, Volkswagens, low-end Japanese"
U1,"sedans. The seats barely reclined, no headrests,"
U1,cheap fake-leather upholstery. Id spend half the
U1,night trying not to slide off the seat. Id wake up with
U1,sore knees because I couldnt stretch out and extend
U1,"my legs. German cars were wonderful, especially"
U1,"Mercedes. Big, plush leather seats, like couches."
U1,"They were cold when you first climbed in, but they"
U1,were well insulated and warmed up nicely. All I
U1,"needed was my school blazer to curl up under, and I"
U1,"could get really cozy inside a Mercedes. But the best,"
U1,"hands-down, were American cars. I used to pray for"
U1,a customer to come in with a big Buick with bench
U1,"seats. If I saw one of those, Id be like, Yes It was"
U1,"rare for American cars to come in, but when they"
U1,"did, boy, was I in heaven."
U1,Since Mighty Mechanics was now a family
U1,"business, and I was family, I also had to work. There"
U1,was no more time for play. There wasnt even time
U1,"for homework. Id walk home, the school uniform"
U1,"would come off, the overalls would go on, and Id get"
U1,under the hood of some sedan. I got to a point where
U1,"I could do a basic service on a car by myself, and"
U1,"often I did. Abel would say, That Honda. Minor"
U1,service. And Id get under the hood. Day in and day
U1,"out. Points, plugs, condensers, oil filters, air filters."
U1,"Install new seats, change tires, swap headlights, fix"
U1,"taillights. Go to the parts shop, buy the parts, back to"
U1,"the workshop. Eleven years old, and that was my life."
U1,I was falling behind in school. I wasnt getting
U1,anything done. My teachers used to come down on
U1,me.
U1,Why arent you doing your homework
U1,"I cant do my homework. I have work, at"
U1,home.
U1,"We worked and worked and worked, but no"
U1,"matter how many hours we put in, the business kept"
U1,losing money. We lost everything. We couldnt even
U1,afford real food. There was one month Ill never
U1,"forget, the worst month of my life. We were so broke"
U1,"that for weeks we ate nothing but bowls of marogo, a"
U1,"kind of wild spinach, cooked with caterpillars."
U1,"Mopane worms, theyre called. Mopane worms are"
U1,literally the cheapest thing that only the poorest of
U1,"poor people eat. I grew up poor, but theres poor and"
U1,"then theres Wait, Im eating worms. Mopane"
U1,worms are the sort of thing where even people in
U1,"Soweto would be like, Ehno. Theyre these spiny,"
U1,brightly colored caterpillars the size of your finger.
U1,"Theyre nothing like escargot, where someone took a"
U1,snail and gave it a fancy name. Theyre fucking
U1,worms. They have black spines that prick the roof of
U1,your mouth as youre eating them. When you bite
U1,"into a mopane worm, its not uncommon for its"
U1,yellow-green excrement to squirt into your mouth.
U1,For a while I sort of enjoyed the caterpillars. It
U1,"was like a food adventure, but then over the course"
U1,"of weeks, eating them every day, day after day, I"
U1,couldnt take it anymore. Ill never forget the day I
U1,bit a mopane worm in half and that yellow-green
U1,"ooze came out and I thought, Im eating caterpillar"
U1,shit. Instantly I wanted to throw up. I snapped and
U1,ran to my mom crying. I dont want to eat
U1,caterpillars anymore That night she scraped some
U1,money together and bought us chicken. As poor as
U1,"wed been in the past, wed never been without food."
U1,That was the period of my life I hated the most
U1,"work all night, sleep in some car, wake up, wash up"
U1,"in a janitors sink, brush my teeth in a little metal"
U1,"basin, brush my hair in the rearview mirror of a"
U1,"Toyota, then try to get dressed without getting oil"
U1,and grease all over my school clothes so the kids at
U1,"school wont know I live in a garage. Oh, I hated it so"
U1,much. I hated cars. I hated sleeping in cars. I hated
U1,working on cars. I hated getting my hands dirty. I
U1,hated eating worms. I hated it all.
U1,"I didnt hate my mom, or even Abel, funnily"
U1,enough. Because I saw how hard everyone was
U1,working. At first I didnt know about the mistakes
U1,being made on the business level that were making it
U1,"hard, so it just felt like a hard situation. But"
U1,eventually I started to see why the business was
U1,hemorrhaging money. I used to go around and buy
U1,"auto parts for Abel, and I learned that he was buying"
U1,his parts on credit. The vendors were charging him a
U1,"crazy markup. The debt was crippling the company,"
U1,and instead of paying off the debt he was drinking
U1,"what little cash he made. Brilliant mechanic, horrible"
U1,businessman.
U1,"At a certain point, in order to try to save the"
U1,"garage, my mother quit her job at ICI and stepped in"
U1,to help him run the workshop. She brought her office
U1,skills to the garage full-time and started keeping the
U1,"books, making the schedule, balancing the accounts."
U1,"And it was going well, until Abel started to feel like"
U1,she was running his business. People started
U1,commenting on it as well. Clients were getting their
U1,"cars on time, vendors were getting paid on time, and"
U1,"they would say, Hey, Abie, this workshop is going so"
U1,much better now that your wife has taken over.
U1,That didnt help.
U1,"We lived in the workshop for close to a year, and"
U1,then my mom had had enough. She was willing to
U1,"help him, but not if he was going to drink all the"
U1,"profits. She had always been independent, self-"
U1,"sufficient, but shed lost that part of herself at the"
U1,mercy of someone elses failed dream. At a certain
U1,"point she said, I cant do this anymore. Im out of"
U1,this. Im done. She went out and got a job as a
U1,"secretary with a real-estate developer, and somehow,"
U1,between that and borrowing against whatever equity
U1,"was left in Abels workshop, she was able to get us"
U1,"the house in Highlands North. We moved, the"
U1,"workshop was seized by Abels creditors, and that"
U1,was the end of that.
U1,
U1,Growing up I suffered no shortage of my mothers
U1,"old school, Old Testament discipline. She spared no"
U1,"rod and spoiled no child. With Andrew, she was"
U1,"different. He got spankings at first, but they tapered"
U1,off and eventually went away. When I asked her why
U1,"I got beatings and Andrew didnt, she made a joke"
U1,about it like she does with everything. I beat you
U1,"like that because you could take it, she said. I cant"
U1,hit your little brother the same way because hes a
U1,"skinny little stick. Hell break. But you, God gave you"
U1,"that ass for whipping. Even though she was kidding,"
U1,I could tell that the reason she didnt beat Andrew
U1,was because shed had a genuine change of heart on
U1,"the matter. It was a lesson shed learned, oddly"
U1,"enough, from me."
U1,"I grew up in a world of violence, but I myself"
U1,"was never violent at all. Yes, I played pranks and set"
U1,"fires and broke windows, but I never attacked"
U1,people. I never hit anyone. I was never angry. I just
U1,didnt see myself that way. My mother had exposed
U1,me to a different world than the one she grew up in.
U1,She bought me the books she never got to read. She
U1,took me to the schools that she never got to go to. I
U1,immersed myself in those worlds and I came back
U1,looking at the world a different way. I saw that not
U1,"all families are violent. I saw the futility of violence,"
U1,"the cycle that just repeats itself, the damage thats"
U1,inflicted on people that they in turn inflict on others.
U1,"I saw, more than anything, that relationships"
U1,are not sustained by violence but by love. Love is a
U1,creative act. When you love someone you create a
U1,"new world for them. My mother did that for me, and"
U1,"with the progress I made and the things I learned, I"
U1,came back and created a new world and a new
U1,"understanding for her. After that, she never raised"
U1,"her hand to her children again. Unfortunately, by the"
U1,"time she stopped, Abel had started."
U1,In all the times I received beatings from my
U1,"mom, I was never scared of her. I didnt like it,"
U1,"certainly. When she said, I hit you out of love, I"
U1,didnt necessarily agree with her thinking. But I
U1,understood that it was discipline and it was being
U1,done for a purpose. The first time Abel hit me I felt
U1,something I had never felt before. I felt terror.
U1,"I was in grade six, my last year at Maryvale."
U1,"Wed moved to Highlands North, and Id gotten in"
U1,trouble at school for forging my moms signature on
U1,some document there was some activity I didnt
U1,"want to participate in, so Id signed the release in her"
U1,"name to get out of it. The school called my mom, and"
U1,she asked me about it when I got home that
U1,"afternoon. I was certain she was going to punish me,"
U1,but this turned out to be one of those times when she
U1,didnt care. She said I should have just asked her
U1,"she would have signed the form anyway. Then Abel,"
U1,"whod been sitting in the kitchen with us, watching"
U1,"the whole thing, said, Hey, can I talk to you for a"
U1,"second Then he took me into this tiny room, a"
U1,"walk-in pantry off the kitchen, and he closed the"
U1,door behind us.
U1,"He was standing between me and the door, but I"
U1,didnt think anything of it. It didnt occur to me to be
U1,scared. Abel had never tried to discipline me before.
U1,Hed never even given me a lecture. It was always
U1,"Mbuyi, your son did this, and then my mother"
U1,would handle it. And this was the middle of the
U1,"afternoon. He was completely sober, which made"
U1,what happened next all the more terrifying.
U1,Why did you forge your mothers signature
U1,he said.
U1,"I started making up some excuse. Oh, I, uh,"
U1,forgot to bring the form home
U1,Dont lie to me. Why did you forge your moms
U1,signature
U1,"I started stammering out more bullshit,"
U1,"oblivious to what was coming, and then out of"
U1,nowhere it came.
U1,The first blow hit me in the ribs. My mind
U1,"flashed: Its a trap Id never been in a fight before,"
U1,"had never learned how to fight, but I had this"
U1,instinct that told me to get in close. I had seen what
U1,those long arms could do. Id seen him take down my
U1,"mom, but more important, Id seen him take down"
U1,grown men. Abel never hit people with a punch I
U1,never saw him punch another person with a closed
U1,fist. But he had this ability to hit a grown man across
U1,his face with an open hand and theyd crumple. He
U1,"was that strong. I looked at his arms and I knew,"
U1,Dont be on the other end of those things. I ducked in
U1,"close and he kept hitting and hitting, but I was in too"
U1,tight for him to land any solid blows. Then he caught
U1,on and he stopped hitting and started trying to
U1,grapple and wrestle me. He did this thing where he
U1,grabbed the skin on my arms and pinched it between
U1,"his thumb and forefinger and twisted hard. Jesus,"
U1,that hurt.
U1,It was the most terrifying moment of my life. I
U1,"had never been that scared before, ever. Because"
U1,there was no purpose to itthats what made it so
U1,terrifying. It wasnt discipline. Nothing about it was
U1,coming from a place of love. It didnt feel like
U1,something that would end with me learning a lesson
U1,about forging my moms signature. It felt like
U1,"something that would end when he wanted it to end,"
U1,when his rage was spent. It felt like there was
U1,something inside him that wanted to destroy me.
U1,"Abel was much bigger and stronger than me, but"
U1,being in a confined space was to my advantage
U1,because he didnt have the room to maneuver. As he
U1,grappled and punched I somehow managed to twist
U1,and wriggle my way around him and slip out the
U1,"door. I was quick, but Abel was quick as well. He"
U1,chased me. I ran out of the house and jumped over
U1,"the gate, and I ran and I ran and I ran. The last time"
U1,"I turned around he was rounding the gate, coming"
U1,out of the yard after me. Until I turned twenty-five
U1,"years old, I had a recurring nightmare of the look on"
U1,his face as he came around that corner.
U1,The moment I saw him I put my head down and
U1,ran. I ran like the Devil was chasing me. Abel was
U1,"bigger and faster, but this was my neighborhood."
U1,You couldnt catch me in my neighborhood. I knew
U1,"every alley and every street, every wall to climb over,"
U1,every fence to slip through. I was ducking through
U1,"traffic, cutting through yards. I have no idea when he"
U1,gave up because I never looked back. I ran and ran
U1,"and ran, as far as my legs would carry me. I was in"
U1,"Bramley, three neighborhoods away, before I"
U1,stopped. I found a hiding place in some bushes and
U1,crawled inside and huddled there for what felt like
U1,hours.
U1,You dont have to teach me a lesson twice. From
U1,"that day until the day I left home, I lived like a"
U1,"mouse in that house. If Abel was in a room, I was out"
U1,"of the room. If he was in one corner, I was in the"
U1,"other corner. If he walked into a room, I would get"
U1,"up and act like I was going to the kitchen, then when"
U1,"I reentered the room, I would make sure I was close"
U1,"to the exit. He could be in the happiest, friendliest"
U1,mood. Didnt matter. Never again did I let him come
U1,between me and a door. Maybe a couple of times
U1,after that I was sloppy and hed land a punch or a
U1,"kick before I could get away, but I never trusted him"
U1,"again, not for a moment."
U1,It was different for Andrew. Andrew was Abels
U1,"son, flesh of his flesh, blood of his blood. Despite"
U1,"being nine years younger than me, Andrew was"
U1,"really the eldest son in that house, Abels firstborn,"
U1,and that accorded him a respect that I and even my
U1,mother never enjoyed. And Andrew had nothing but
U1,"love for that man, despite his shortcomings. Because"
U1,"of that love, I think, out of all of us, Andrew was the"
U1,"only one who wasnt afraid. He was the lion tamer,"
U1,only hed been raised by the lionhe couldnt love
U1,the beast any less despite knowing what it was
U1,"capable of. For me, the first glint of anger or"
U1,madness from Abel and I was gone. Andrew would
U1,stay and try to talk Abel down. Hed even get
U1,between Abel and Mom. I remember one night when
U1,Abel threw a bottle of Jack Daniels at Andrews
U1,head. It just missed him and exploded on the wall.
U1,Which is to say that Andrew stayed long enough to
U1,get the bottle thrown at him. I wouldnt have stuck
U1,around long enough for Abel to get a bead on me.
U1,
U1,"When Mighty Mechanics went under, Abel had to get"
U1,his cars out. Someone was taking over the property
U1,there were liens against his assets. It was a mess.
U1,Thats when he started running his workshop out of
U1,our yard. Its also when my mother divorced him.
U1,In African culture theres legal marriage and
U1,traditional marriage. Just because you divorce
U1,someone legally doesnt mean they are no longer
U1,your spouse. Once Abels debts and his terrible
U1,business decisions started impacting my mothers
U1,"credit and her ability to support her sons, she"
U1,"wanted out. I dont have debts, she said. I dont"
U1,have bad credit. Im not doing these things with
U1,you. We were still a family and they were still
U1,"traditionally married, but she divorced him in order"
U1,to separate their financial affairs. She also took her
U1,name back.
U1,Because Abel had started running an unlicensed
U1,"business in a residential area, one of the neighbors"
U1,filed a petition to get rid of us. My mom applied for a
U1,license to be able to operate a business on the
U1,"property. The workshop stayed, but Abel kept"
U1,"running it into the ground, drinking his money. At"
U1,"the same time, my mother started moving up at the"
U1,"real-estate company she worked for, taking on more"
U1,responsibilities and earning a better salary. His
U1,workshop became like a side hobby almost. He was
U1,supposed to pay for Andrews school fees and
U1,"groceries, but he started falling behind even on that,"
U1,and soon my mom was paying for everything. She
U1,paid the electricity. She paid the mortgage. He
U1,literally contributed nothing.
U1,That was the turning point. When my mother
U1,started making more money and getting her
U1,independence backthats when we saw the dragon
U1,emerge. The drinking got worse. He grew more and
U1,more violent. It wasnt long after coming for me in
U1,the pantry that Abel hit my mom for the second
U1,"time. I cant recall the details of it, because now its"
U1,muddled with all the other times that came after it. I
U1,do remember that the police were called. They came
U1,"out to the house this time, but again it was like a"
U1,"boys club. Hey, guys. These women, you know how"
U1,they are. No report was made. No charges were
U1,filed.
U1,"Whenever hed hit her or come after me, my"
U1,mom would find me crying afterward and take me
U1,aside. Shed give me the same talk every time.
U1,"Pray for Abel, shed say. Because he doesnt"
U1,hate us. He hates himself.
U1,"To a kid this makes no sense. Well, if he hates"
U1,"himself, Id say, why doesnt he kick himself"
U1,Abel was one of those drinkers where once he
U1,was gone youd look into his eyes and you didnt
U1,even see the same person. I remember one night he
U1,"came home fuckdrunk, stumbling through the house."
U1,"He stumbled into my room, muttering to himself,"
U1,and I woke up to see him whip out his dick and start
U1,pissing on the floor. He thought he was in the
U1,bathroom. Thats how drunk he would gethe
U1,wouldnt know which room in the house he was in.
U1,There were so many nights he would stumble into
U1,my room thinking it was his and kick me out of bed
U1,"and pass out. Id yell at him, but it was like talking to"
U1,a zombie. Id go sleep on the couch.
U1,Hed get wasted with his crew in the backyard
U1,"every evening after work, and many nights hed end"
U1,up fighting with one of them. Someone would say
U1,"something Abel didnt like, and hed beat the shit out"
U1,of him. The guy wouldnt show up for work Tuesday
U1,"or Wednesday, but then by Thursday hed be back"
U1,because he needed the job. Every few weeks it was
U1,"the same story, like clockwork."
U1,"Abel kicked the dogs, too. Fufi, mostly. Panther"
U1,"was smart enough to stay away, but dumb, lovable"
U1,Fufi was forever trying to be Abels friend. Shed
U1,"cross his path or be in his way when hed had a few,"
U1,and hed give her the boot. After that shed go and
U1,hide somewhere for a while. Fufi getting kicked was
U1,always the warning sign that shit was about to go
U1,down. The dogs and the workers in the yard often
U1,"got the first taste of his anger, and that would let the"
U1,rest of us know to lie low. Id usually go find Fufi
U1,wherever she was hiding and be with her.
U1,The strange thing was that when Fufi got kicked
U1,she never yelped or cried. When the vet diagnosed
U1,"her as deaf, he also found out she had some"
U1,condition where she didnt have a fully developed
U1,sense of touch. She didnt feel pain. Which was why
U1,she would always start over with Abel like it was a
U1,"new day. Hed kick her, shed hide, then shed be"
U1,"right back the next morning, wagging her tail. Hey."
U1,Im here. Ill give you another chance.
U1,And he always got the second chance. The Abel
U1,who was likable and charming never went away. He
U1,"had a drinking problem, but he was a nice guy. We"
U1,"had a family. Growing up in a home of abuse, you"
U1,struggle with the notion that you can love a person
U1,"you hate, or hate a person you love. Its a strange"
U1,feeling. You want to live in a world where someone is
U1,"good or bad, where you either hate them or love"
U1,"them, but thats not how people are."
U1,There was an undercurrent of terror that ran
U1,"through the house, but the actual beatings"
U1,themselves were not that frequent. I think if they had
U1,"been, the situation would have ended sooner."
U1,"Ironically, the good times in between were what"
U1,allowed it to drag out and escalate as far as it did. He
U1,"hit my mom once, then the next time was three years"
U1,"later, and it was just a little bit worse. Then it was"
U1,"two years later, and it was just a little bit worse. Then"
U1,"it was a year later, and it was just a little bit worse. It"
U1,was sporadic enough to where youd think it
U1,"wouldnt happen again, but it was frequent enough"
U1,that you never forgot it was possible. There was a
U1,"rhythm to it. I remember one time, after one terrible"
U1,"incident, nobody spoke to him for over a month. No"
U1,"words, no eye contact, no conversations, nothing."
U1,"We moved through the house as strangers, at"
U1,different times. Complete silent treatment. Then one
U1,morning youre in the kitchen and theres a nod.
U1,Hey. Hey. Then a week later its Did you see the
U1,thing on the news Yeah. Then the next week
U1,"theres a joke and a laugh. Slowly, slowly, life goes"
U1,"back to how it was. Six months, a year later, you do it"
U1,all again.
U1,
U1,One afternoon I came home from Sandringham and
U1,my mom was very upset and worked up.
U1,"This man is unbelievable, she said."
U1,What happened
U1,He bought a gun.
U1,"What A gun What do you mean, He bought a"
U1,gun
U1,A gun was such a ridiculous thing in my world.
U1,"In my mind, only cops and criminals had guns. Abel"
U1,had gone out and bought a 9mm Parabellum Smith
U1," Wesson. Sleek and black, menacing. It didnt look"
U1,cool like guns in movies. It looked like it killed
U1,things.
U1,Why did he buy a gun I asked.
U1,I dont know.
U1,"She said shed confronted him about it, and hed"
U1,gone off on some nonsense about the world needing
U1,to learn to respect him.
U1,"He thinks hes the policeman of the world, she"
U1,said. And thats the problem with the world. We
U1,"have people who cannot police themselves, so they"
U1,want to police everyone else around them.
U1,"Not long after that, I moved out. The"
U1,atmosphere had become toxic for me. Id reached the
U1,point where I was as big as Abel. Big enough to
U1,punch back. A father does not fear retribution from
U1,"his son, but I was not his son. He knew that. The"
U1,analogy my mom used was that there were now two
U1,male lions in the house. Every time he looks at you
U1,"he sees your father, shed say. Youre a constant"
U1,"reminder of another man. He hates you, and you"
U1,need to leave. You need to leave before you become
U1,like him.
U1,It was also just time for me to go. Regardless of
U1,"Abel, our plan had always been for me to move out"
U1,after school. My mother never wanted me to be like
U1,"my uncle, one of those men, unemployed and still"
U1,living at home with his mother. She helped me get
U1,"my flat, and I moved out. The flat was only ten"
U1,"minutes away from the house, so I was always"
U1,around to drop in to help with errands or have
U1,"dinner once in a while. But, most important,"
U1,"whatever was going on with Abel, I didnt have to be"
U1,involved.
U1,At some point my mom moved to a separate
U1,"bedroom in the house, and from then on they were"
U1,"married in name only, not even cohabitating but"
U1,"coexisting. That state of affairs lasted a year, maybe"
U1,"two. Andrew had turned nine, and in my world I was"
U1,"counting down until he turned eighteen, thinking"
U1,that would finally free my mom from this abusive
U1,man. Then one afternoon my mom called and asked
U1,"me to come by the house. A few hours later, I popped"
U1,by.
U1,"Trevor, she said. Im pregnant."
U1,"Sorry, what"
U1,Im pregnant.
U1,What
U1,"Good Lord, I was furious. I was so angry. She"
U1,"herself seemed resolute, as determined as ever, but"
U1,with an undertone of sadness I had never seen
U1,"before, like the news had devastated her at first but"
U1,shed since reconciled herself to the reality of it.
U1,How could you let this happen
U1,"Abel and I, we made up. I moved back into the"
U1,"bedroom. It was just one night, and thenI became"
U1,pregnant. I dont know how.
U1,She didnt know. She was forty-four years old.
U1,Shed had her tubes tied after Andrew. Even her
U1,"doctor had said, This shouldnt be possible. We"
U1,dont know how this happened.
U1,I was boiling with rage. All we had to do was
U1,"wait for Andrew to grow up, and it was going to be"
U1,"over, and now it was like shed re-upped on the"
U1,contract.
U1,So youre going to have this child with this
U1,man Youre going to stay with this man another
U1,eighteen years Are you crazy
U1,"God spoke to me, Trevor. He told me, Patricia,"
U1,I dont do anything by mistake. There is nothing I
U1,give you that you cannot handle. Im pregnant for a
U1,reason. I know what kind of kids I can make. I know
U1,what kind of sons I can raise. I can raise this child. I
U1,will raise this child.
U1,Nine months later Isaac was born. She called
U1,him Isaac because in the Bible Sarah gets pregnant
U1,when shes like a hundred years old and shes not
U1,supposed to be having children and thats what she
U1,names her son.
U1,Isaacs birth pushed me even further away. I
U1,visited less and less. Then I popped by one afternoon
U1,"and the house was in chaos, police cars out front, the"
U1,aftermath of another fight.
U1,Hed hit her with a bicycle. Abel had been
U1,"berating one of his workers in the yard, and my mom"
U1,had tried to get between them. Abel was furious that
U1,"shed contradicted him in front of an employee, so he"
U1,picked up Andrews bike and he beat her with it.
U1,"Again she called the police, and the cops who showed"
U1,up this time actually knew Abel. Hed fixed their
U1,cars. They were pals. No charges were filed. Nothing
U1,happened.
U1,That time I confronted him. I was big enough
U1,now.
U1,"You cant keep doing this, I said. This is not"
U1,right.
U1,He was apologetic. He always was. He didnt
U1,puff out his chest and get defensive or anything like
U1,that.
U1,"I know, he said. Im sorry. I dont like doing"
U1,"these things, but you know how your mom is. She"
U1,can talk a lot and she doesnt listen. I feel like your
U1,mom doesnt respect me sometimes. She came and
U1,disrespected me in front of my workers. I cant have
U1,these other men looking at me like I dont know how
U1,to control my wife.
U1,"After the bicycle, my mom hired contractors she"
U1,knew through the real-estate business to build her a
U1,"separate house in the backyard, like a little servants"
U1,"quarters, and she moved in there with Isaac."
U1,"This is the most insane thing Ive ever seen, I"
U1,told her.
U1,"This is all I can do, she said. The police wont"
U1,help me. The government wont protect me. Only my
U1,God can protect me. But what I can do is use against
U1,"him the one thing that he cherishes, and that is his"
U1,"pride. By me living outside in a shack, everyone is"
U1,"going to ask him, Why does your wife live in a shack"
U1,outside your house Hes going to have to answer
U1,"that question, and no matter what he says, everyone"
U1,will know that something is wrong with him. He
U1,loves to live for the world. Let the world see him for
U1,who he is. Hes a saint in the streets. Hes a devil in
U1,this house. Let him be seen for who he is.
U1,"When my mom had decided to keep Isaac, I was"
U1,so close to writing her off. I couldnt stand the pain
U1,"anymore. But seeing her hit with a bicycle, living like"
U1,"a prisoner in her own backyard, that was the final"
U1,straw for me. I was a broken person. I was done.
U1,This thing I told her. This dysfunctional
U1,thing I wont be a part of it. I cant live this life with
U1,you. I refuse. Youve made your decision. Good luck
U1,with your life. Im going to live mine.
U1,She understood. She didnt feel betrayed or
U1,abandoned at all.
U1,"Honey, I know what youre going through, she"
U1,"said. At one point, I had to disown my family to go"
U1,"off and live my own life, too. I understand why you"
U1,need to do the same.
U1,So I did. I walked out. I didnt call. I didnt visit.
U1,"Isaac came and I went, and for the life of me I could"
U1,not understand why she wouldnt do the same: leave.
U1,Just leave. Just fucking leave.
U1,I didnt understand what she was going through.
U1,I didnt understand domestic violence. I didnt
U1,understand how adult relationships worked Id
U1,never even had a girlfriend. I didnt understand how
U1,she could have sex with a man she hated and feared.
U1,I didnt know how easily sex and hatred and fear can
U1,intertwine.
U1,"I was angry with my mom. I hated him, but I"
U1,"blamed her. I saw Abel as a choice shed made, a"
U1,"choice she was continuing to make. My whole life,"
U1,telling me stories about growing up in the
U1,"homelands, being abandoned by her parents, she"
U1,"had always said, You cannot blame anyone else for"
U1,what you do. You cannot blame your past for who
U1,you are. You are responsible for you. You make your
U1,own choices.
U1,She never let me see us as victims. We were
U1,"victims, me and my mom, Andrew and Isaac."
U1,Victims of apartheid. Victims of abuse. But I was
U1,"never allowed to think that way, and I didnt see her"
U1,life that way. Cutting my father out of our lives to
U1,"pacify Abel, that was her choice. Supporting Abels"
U1,workshop was her choice. Isaac was her choice. She
U1,"had the money, not him. She wasnt dependent. So in"
U1,"my mind, she was the one making the decision."
U1,"It is so easy, from the outside, to put the blame"
U1,"on the woman and say, You just need to leave. Its"
U1,not like my home was the only home where there
U1,was domestic abuse. Its what I grew up around. I
U1,"saw it in the streets of Soweto, on TV, in movies."
U1,Where does a woman go in a society where that is
U1,the norm When the police wont help her When
U1,her own family wont help her Where does a woman
U1,go when she leaves one man who hits her and is just
U1,"as likely to wind up with another man who hits her,"
U1,maybe even worse than the first Where does a
U1,woman go when shes single with three kids and she
U1,lives in a society that makes her a pariah for being a
U1,manless woman Where shes seen as a whore for
U1,doing that Where does she go What does she do
U1,But I didnt comprehend any of that at the time.
U1,I was a boy with a boys understanding of things. I
U1,"distinctly remember the last time we argued about it,"
U1,"too. It was sometime after the bicycle, or when she"
U1,was moving into her shack in the backyard. I was
U1,"going off, begging her for the thousandth time."
U1,Why Why dont you just leave
U1,"She shook her head. Oh, baby. No, no, no. I"
U1,cant leave.
U1,Why not
U1,Because if I leave hell kill us.
U1,She wasnt being dramatic. She didnt raise her
U1,"voice. She said it totally calm and matter-of-fact, and"
U1,I never asked her that question again.
U1,
U1,Eventually she did leave. What prompted her to
U1,"leave, what the final breaking point was, I have no"
U1,"idea. I was gone. I was off becoming a comedian,"
U1,"touring the country, playing shows in England,"
U1,"hosting radio shows, hosting television shows. Id"
U1,moved in with my cousin Mlungisi and made my
U1,own life separate from hers. I couldnt invest myself
U1,"anymore, because it would have broken me into too"
U1,many pieces. But one day she bought another house
U1,"in Highlands North, met someone new, and moved"
U1,"on with her life. Andrew and Isaac still saw their dad,"
U1,"who, by that point, was just existing in the world,"
U1,still going through the same cycle of drinking and
U1,"fighting, still living in a house paid for by his ex-wife."
U1,Years passed. Life carried on.
U1,Then one morning I was in bed around ten a.m.
U1,and my phone rang. It was on a Sunday. I know it
U1,was on a Sunday because everyone else in the family
U1,"had gone to church and I, quite happily, had not. The"
U1,days of endlessly schlepping back and forth to
U1,"church were no longer my problem, and I was lazily"
U1,sleeping in. The irony of my life is that whenever
U1,"church is involved is when shit goes wrong, like"
U1,getting kidnapped by violent minibus drivers. Id
U1,"always teased my mom about that, too. This church"
U1,"thing of yours, all this Jesus, what good has come of"
U1,it
U1,I looked over at my phone. It was flashing my
U1,"moms number, but when I answered, it was Andrew"
U1,on the other end. He sounded perfectly calm.
U1,"Hey, Trevor, its Andrew."
U1,Hey.
U1,How are you
U1,Good. Whats up
U1,Are you busy
U1,Im sort of sleeping. Why
U1,Moms been shot.
U1,"Okay, so there were two strange things about"
U1,"the call. First, why would he ask me if I was busy"
U1,"Lets start there. When your moms been shot, the"
U1,first line out of your mouth should be Moms been
U1,shot. Not How are you Not Are you busy That
U1,confused me. The second weird thing was when he
U1,"said, Moms been shot, I didnt ask, Who shot"
U1,"her I didnt have to. He said, Moms been shot,"
U1,and my mind automatically filled in the rest: Abel
U1,shot mom.
U1,Where are you now I said.
U1,Were at Linksfield Hospital.
U1,"Okay, Im on my way."
U1,"I jumped out of bed, ran down the corridor, and"
U1,"banged on Mlungisis door. Dude, my moms been"
U1,"shot Shes in the hospital. He jumped out of bed,"
U1,"too, and we got in the car and raced to the hospital,"
U1,which luckily was only fifteen minutes away.
U1,"At that point, I was upset but not terrified."
U1,"Andrew had been so calm on the phone, no crying,"
U1,"no panic in his voice, so I was thinking, She must be"
U1,okay. It must not be that bad. I called him back from
U1,the car to find out more.
U1,"Andrew, what happened"
U1,"We were on our way home from church, he"
U1,"said, again totally calm. And Dad was waiting for us"
U1,"at the house, and he got out of his car and started"
U1,shooting.
U1,But where Where did he shoot her
U1,He shot her in her leg.
U1,"Oh, okay, I said, relieved."
U1,And then he shot her in the head.
U1,"When he said that, my body just let go. I"
U1,remember the exact traffic light I was at. For a
U1,"moment there was a complete vacuum of sound, and"
U1,then I cried tears like I had never cried before. I
U1,collapsed in heaving sobs and moans. I cried as if
U1,every other thing Id cried for in my life had been a
U1,waste of crying. I cried so hard that if my present
U1,crying self could go back in time and see my other
U1,"crying selves, it would slap them and say, That shits"
U1,not worth crying for. My cry was not a cry of
U1,sadness. It was not catharsis. It wasnt me feeling
U1,sorry for myself. It was an expression of raw pain
U1,that came from an inability of my body to express
U1,"that pain in any other way, shape, or form. She was"
U1,my mom. She was my teammate. It had always been
U1,"me and her together, me and her against the world."
U1,"When Andrew said, shot her in the head, I broke in"
U1,two.
U1,"The light changed. I couldnt even see the road,"
U1,"but I drove through the tears, thinking, Just get"
U1,"there, just get there, just get there. We pulled up to"
U1,"the hospital, and I jumped out of the car. There was"
U1,an outdoor sitting area by the entrance to the
U1,emergency room. Andrew was standing there
U1,"waiting for me, alone, his clothes smeared with"
U1,"blood. He still looked perfectly calm, completely"
U1,stoic. Then the moment he looked up and saw me he
U1,broke down and started bawling. It was like hed
U1,been holding it together the whole morning and then
U1,everything broke loose at once and he lost it. I ran to
U1,him and hugged him and he cried and cried. His cry
U1,"was different from mine, though. My cry was one of"
U1,pain and anger. His cry was one of helplessness.
U1,I turned and ran into the emergency room. My
U1,mom was there in triage on a gurney. The doctors
U1,were stabilizing her. Her whole body was soaked in
U1,"blood. There was a hole in her face, a gaping wound"
U1,"above her lip, part of her nose gone."
U1,She was as calm and serene as Id ever seen her.
U1,"She could still open one eye, and she turned and"
U1,looked up at me and saw the look of horror on my
U1,face.
U1,"Its okay, baby, she whispered, barely able to"
U1,speak with the blood in her throat.
U1,Its not okay.
U1,"No, no, Im okay, Im okay. Wheres Andrew"
U1,Wheres your brother
U1,Hes outside.
U1,Go to Andrew.
U1,But Mom
U1,"Shh. Its okay, baby. Im fine."
U1,"Youre not fine, youre"
U1,"Shhhhhh. Im fine, Im fine, Im fine. Go to your"
U1,brother. Your brother needs you.
U1,"The doctors kept working, and there was"
U1,nothing I could do to help her. I went back outside to
U1,"be with Andrew. We sat down together, and he told"
U1,me the story.
U1,"They were coming home from church, a big"
U1,"group, my mom and Andrew and Isaac, her new"
U1,husband and his children and a whole bunch of his
U1,"extended family, aunts and uncles, nieces and"
U1,nephews. They had just pulled into the driveway
U1,when Abel pulled up and got out of his car. He had
U1,his gun. He looked right at my mother.
U1,"Youve stolen my life, he said. Youve taken"
U1,everything away from me. Now Im going to kill all of
U1,you.
U1,Andrew stepped in front of his father. He
U1,stepped right in front of the gun.
U1,"Dont do this, Dad, please. Youre drunk. Just"
U1,put the gun away.
U1,Abel looked down at his son.
U1,"No, he said. Im killing everybody, and if you"
U1,dont walk away I will shoot you first.
U1,Andrew stepped aside.
U1,"His eyes were not lying, he told me. He had"
U1,the eyes of the Devil. In that moment I could tell my
U1,father was gone.
U1,"For all the pain I felt that day, in hindsight, I"
U1,have to imagine that Andrews pain was far greater
U1,than mine. My mom had been shot by a man I
U1,"despised. If anything, I felt vindicated Id been right"
U1,about Abel all along. I could direct my anger and
U1,hatred toward him with no shame or guilt
U1,whatsoever. But Andrews mother had been shot by
U1,"Andrews father, a father he loved. How does he"
U1,reconcile his love with that situation How does he
U1,carry on loving both sides Both sides of himself
U1,Isaac was only four years old. He didnt fully
U1,"comprehend what was happening, and as Andrew"
U1,"stepped aside, Isaac started crying."
U1,"Daddy, what are you doing Daddy, what are"
U1,you doing
U1,"Isaac, go to your brother, Abel said."
U1,"Isaac ran over to Andrew, and Andrew held him."
U1,Then Abel raised his gun and he started shooting.
U1,My mother jumped in front of the gun to protect
U1,"everyone, and thats when she took the first bullet,"
U1,"not in her leg but in her butt cheek. She collapsed,"
U1,and as she fell to the ground she screamed.
U1,Run
U1,Abel kept shooting and everyone ran. They
U1,scattered. My mom was struggling to get back to her
U1,feet when Abel walked up and stood over her. He
U1,"pointed the gun at her head point-blank, execution-"
U1,style. Then he pulled the trigger. Nothing. The gun
U1,"misfired. Click He pulled the trigger again, same"
U1,thing. Then again and again. Click Click Click
U1,"Click Four times he pulled the trigger, and four"
U1,times the gun misfired. Bullets were popping out of
U1,"the ejection port, falling out of the gun, falling down"
U1,on my mom and clattering to the ground.
U1,Abel stopped to see what was wrong with the
U1,gun. My mother jumped up in a panic. She shoved
U1,"him aside, ran for the car, jumped into the drivers"
U1,seat.
U1,Andrew ran behind and jumped into the
U1,passenger seat next to her. Just as she turned the
U1,"ignition, Andrew heard one last gunshot, and the"
U1,windshield went red. Abel had fired from behind the
U1,car. The bullet went into the back of her head and
U1,"exited through the front of her face, and blood"
U1,sprayed everywhere. Her body slumped over the
U1,"steering wheel. Andrew, reacting without thinking,"
U1,"pulled my mom to the passenger side, flipped over"
U1,"her, jumped into the drivers seat, slammed the car"
U1,"into gear, and raced to the hospital in Linksfield."
U1,I asked Andrew what happened to Abel. He
U1,"didnt know. I was filled with rage, but there was"
U1,"nothing I could do. I felt completely impotent, but I"
U1,still felt I had to do something. So I took out my
U1,phone and I called himI called the man whod just
U1,"shot my mom, and he actually picked up."
U1,Trevor.
U1,You killed my mom.
U1,"Yes, I did."
U1,You killed my mom
U1,"Yes. And if I could find you, I would kill you as"
U1,well.
U1,Then he hung up. It was the most chilling
U1,moment. It was terrifying. Whatever nerve Id
U1,worked up to call him I immediately lost. To this day
U1,I dont know what I was thinking. I dont know what
U1,I expected to happen. I was just enraged.
U1,"I kept asking Andrew questions, trying to get"
U1,"more details. Then, as we were talking, a nurse came"
U1,outside looking for me.
U1,Are you the family she asked.
U1,Yes.
U1,"Sir, theres a problem. Your mother was"
U1,"speaking a bit at first. Shes stopped now, but from"
U1,what weve gathered she doesnt have health
U1,insurance.
U1,"What No, no. That cant be true. I know my"
U1,mom has health insurance.
U1,"She didnt. As it turned out, a few months prior,"
U1,"shed decided, This health insurance is a scam. I"
U1,never get sick. Im going to cancel it. So now she
U1,had no health insurance.
U1,"We cant treat your mother here, the nurse"
U1,said. If she doesnt have insurance we have to send
U1,her to a state hospital.
U1,State hospital Whatno You cant. My
U1,moms been shot in the head. Youre going to put her
U1,back on a gurney Send her out in an ambulance
U1,Shell die. You need to treat her right now.
U1,"Sir, we cant. We need a form of payment."
U1,Im your form of payment. Ill pay.
U1,"Yes, people say that, but without a guarantee"
U1,I pulled out my credit card.
U1,"Here, I said. Take this. Ill pay. Ill pay for"
U1,everything.
U1,"Sir, hospital can be very expensive."
U1,I dont care.
U1,"Sir, I dont think you understand. Hospital can"
U1,be really expensive.
U1,"Lady, I have money. Ill pay anything. Just help"
U1,us.
U1,"Sir, you dont understand. We have to do so"
U1,"many tests. One test alone could cost two, three"
U1,thousand rand.
U1,"Three thousanwhat Lady, this is my"
U1,mothers life were talking about. Ill pay.
U1,"Sir, you dont understand. Your mother has"
U1,been shot. In her brain. Shell be in ICU. One night
U1,"in ICU could cost you fifteen, twenty thousand"
U1,rand.
U1,"Lady, are you not listening to me This is my"
U1,mothers life. This is her life. Take the money. Take
U1,all of it. I dont care.
U1,Sir You dont understand. Ive seen this
U1,happen. Your mother could be in the ICU for weeks.
U1,"This could cost you five hundred thousand, six"
U1,hundred thousand. Maybe even millions. Youll be in
U1,debt for the rest of your life.
U1,Im not going to lie to you: I paused. I paused
U1,"hard. In that moment, what I heard the nurse saying"
U1,"was, All of your money will be gone, and then I"
U1,"started to think, Wellwhat is she, fifty Thats"
U1,"pretty good, right Shes lived a good life."
U1,I genuinely did not know what to do. I stared at
U1,the nurse as the shock of what shed said sunk in. My
U1,mind raced through a dozen different scenarios.
U1,What if I spend that money and then she dies
U1,anyway Do I get a refund I actually imagined my
U1,"mother, as frugal as she was, waking up from a coma"
U1,"and saying, You spent how much You idiot. You"
U1,should have saved that money to look after your
U1,brothers. And what about my brothers They would
U1,be my responsibility now. I would have to raise the
U1,"family, which I couldnt do if I was millions in debt,"
U1,and it was always my mothers solemn vow that
U1,raising my brothers was the one thing I would never
U1,"have to do. Even as my career took off, shed refused"
U1,any help I offered. I dont want you paying for your
U1,"mother the same way I had to pay for mine, shed"
U1,say. I dont want you raising your brothers the same
U1,way Abel had to raise his.
U1,My mothers greatest fear was that I would end
U1,"up paying the black tax, that I would get trapped by"
U1,the cycle of poverty and violence that came before
U1,me. She had always promised me that I would be the
U1,one to break that cycle. I would be the one to move
U1,forward and not back. And as I looked at that nurse
U1,"outside the emergency room, I was petrified that the"
U1,"moment I handed her my credit card, the cycle"
U1,would just continue and Id get sucked right back in.
U1,People say all the time that theyd do anything
U1,for the people they love. But would you really
U1,Would you do anything Would you give everything
U1,I dont know that a child knows that kind of selfless
U1,"love. A mother, yes. A mother will clutch her"
U1,children and jump from a moving car to keep them
U1,from harm. She will do it without thinking. But I
U1,"dont think the child knows how to do that, not"
U1,instinctively. Its something the child has to learn.
U1,I pressed my credit card into the nurses hand.
U1,Do whatever you have to do. Just please help
U1,my mom.
U1,"We spent the rest of the day in limbo, waiting,"
U1,"not knowing, pacing around the hospital, family"
U1,"members stopping by. Several hours later, the doctor"
U1,finally came out of the emergency room to give us an
U1,update.
U1,Whats happening I asked.
U1,"Your mother is stable, he said. Shes out of"
U1,surgery.
U1,Is she going to be okay
U1,He thought for a moment about what he was
U1,going to say.
U1,"I dont like to use this word, he said, because"
U1,Im a man of science and I dont believe in it. But
U1,what happened to your mother today was a miracle.
U1,"I never say that, because I hate it when people say it,"
U1,but I dont have any other way to explain this.
U1,"The bullet that hit my mother in the butt, he"
U1,"said, was a through-and-through. It went in, came"
U1,"out, and didnt do any real damage. The other bullet"
U1,"went through the back of her head, entering below"
U1,the skull at the top of her neck. It missed the spinal
U1,"cord by a hair, missed the medulla oblongata, and"
U1,"traveled through her head just underneath the brain,"
U1,"missing every major vein, artery, and nerve. With the"
U1,"trajectory the bullet was on, it was headed straight"
U1,for her left eye socket and would have blown out her
U1,"eye, but at the last second it slowed down, hit her"
U1,"cheekbone instead, shattered her cheekbone,"
U1,"ricocheted off, and came out through her left nostril."
U1,"On the gurney in the emergency room, the blood had"
U1,made the wound look much worse than it was. The
U1,bullet took off only a tiny flap of skin on the side of
U1,"her nostril, and it came out clean, with no bullet"
U1,fragments left inside. She didnt even need surgery.
U1,"They stopped the bleeding, stitched her up in back,"
U1,"stitched her up in front, and let her heal."
U1,"There was nothing we can do, because theres"
U1,"nothing we need to do, the doctor said."
U1,My mother was out of the hospital in four days.
U1,She was back at work in seven.
U1,
U1,The doctors kept her sedated the rest of that day and
U1,night to rest. They told all of us to go home. Shes
U1,"stable, they said. Theres nothing you can do here."
U1,Go home and sleep. So we did.
U1,I went back first thing the next morning to be
U1,with my mother in her room and wait for her to wake
U1,up. When I walked in she was still asleep. The back
U1,of her head was bandaged. She had stitches in her
U1,face and gauze covering her nose and her left eye.
U1,"She looked frail and weak, tired, one of the few times"
U1,in my life Id ever seen her look that way.
U1,"I sat close by her bed, holding her hand, waiting"
U1,"and watching her breathe, a flood of thoughts going"
U1,through my mind. I was still afraid I was going to
U1,"lose her. I was angry at myself for not being there,"
U1,angry at the police for all the times they didnt arrest
U1,Abel. I told myself I should have killed him years
U1,"ago, which was ridiculous to think because Im not"
U1,"capable of killing anyone, but I thought it anyway. I"
U1,"was angry at the world, angry at God. Because all my"
U1,"mom does is pray. If theres a fan club for Jesus, my"
U1,"mom is definitely in the top 100, and this is what she"
U1,gets
U1,"After an hour or so of waiting, she opened her"
U1,"unbandaged eye. The second she did, I lost it. I"
U1,started bawling. She asked for some water and I gave
U1,"her a cup, and she leaned forward a bit to sip"
U1,through the straw. I kept bawling and bawling and
U1,bawling. I couldnt control myself.
U1,"Shh, she said. Dont cry, baby. Shhhhh. Dont"
U1,cry.
U1,"How can I not cry, Mom You almost died."
U1,"No, I wasnt going to die. I wasnt going to die."
U1,Its okay. I wasnt going to die.
U1,But I thought you were dead. I kept bawling
U1,and bawling. I thought Id lost you.
U1,"No, baby. Baby, dont cry. Trevor. Trevor,"
U1,listen. Listen to me. Listen.
U1,"What I said, tears streaming down my face."
U1,"My child, you must look on the bright side."
U1,"What What are you talking about, the bright"
U1,"side Mom, you were shot in the face. There is no"
U1,bright side.
U1,Of course there is. Now youre officially the
U1,best-looking person in the family.
U1,She broke out in a huge smile and started
U1,"laughing. Through my tears, I started laughing, too. I"
U1,was bawling my eyes out and laughing hysterically at
U1,the same time. We sat there and she squeezed my
U1,hand and we cracked each other up the way we
U1,"always did, mother and son, laughing together"
U1,through the pain in an intensive-care recovery room
U1,on a bright and sunny and beautiful day.
U1,"When my mother was shot, so much happened so quickly."
U1,We were only able to piece the whole story together after the
U1,"fact, as we collected all the different accounts from everyone"
U1,"who was there. Waiting around at the hospital that day, we"
U1,"had so many unanswered questions, like, What happened to"
U1,Isaac Where was Isaac We only found out after we found
U1,him and he told us.
U1,"When Andrew sped off with my mom, leaving the four-"
U1,"year-old alone on the front lawn, Abel walked over to his"
U1,"youngest, picked him up, put the boy in his car, and drove"
U1,"away. As they drove, Isaac turned to his dad."
U1,"Dad, why did you kill Mom he asked, at that point"
U1,"assuming, as we all did, that my mom was dead."
U1,"Because Im very unhappy, Abel replied. Because Im"
U1,very sad.
U1,"Yeah, but you shouldnt kill Mom. Where are we going"
U1,now
U1,Im going to drop you off at your uncles house.
U1,And where are you going
U1,Im going to kill myself.
U1,"But dont kill yourself, Dad."
U1,"No, Im going to kill myself."
U1,The uncle Abel was talking about was not a real uncle but
U1,a friend. He dropped Isaac off with this friend and then he
U1,"drove off. He spent that day and went to everyone, relatives"
U1,"and friends, and said his goodbyes. He even told people what"
U1,"he had done. This is what Ive done. Ive killed her, and Im"
U1,now on the way to kill myself. Goodbye. He spent the whole
U1,"day on this strange farewell tour, until finally one of his"
U1,cousins called him out.
U1,"You need to man up, the cousin said. This is the"
U1,cowards way. You need to turn yourself in. If you were man
U1,"enough to do this, you have to be man enough to face the"
U1,consequences.
U1,"Abel broke down and handed his gun over to the cousin,"
U1,"the cousin drove him to the police station, and Abel turned"
U1,himself in.
U1,"He spent a couple of weeks in jail, waiting for a bail"
U1,hearing. We filed a motion opposing bail because hed
U1,shown that he was a threat. Since Andrew and Isaac were
U1,"still minors, social workers started getting involved. We felt"
U1,"like the case was open-and-shut, but then one day, after a"
U1,"month or so, we got a call that hed made bail. The great"
U1,irony was that he got bail because he told the judge that if he
U1,"was in jail, he couldnt earn money to support his kids. But"
U1,he wasnt supporting his kidsmy mom was supporting the
U1,kids.
U1,So Abel was out. The case slowly ground its way through
U1,"the legal system, and everything went against us. Because of"
U1,"my mothers miraculous recovery, the charge was only"
U1,attempted murder. And because no domestic violence
U1,charges had ever been filed in all the times my mother had
U1,"called the police to report him, Abel had no criminal record."
U1,"He got a good lawyer, who continued to lean on the court"
U1,about the fact that he had children at home who needed him.
U1,The case never went to trial. Abel pled guilty to attempted
U1,murder. He was given three years probation. He didnt
U1,serve a single day in prison. He kept joint custody of his
U1,"sons. Hes walking around Johannesburg today, completely"
U1,free. The last I heard he still lives somewhere around
U1,"Highlands North, not too far from my mom."
U1,
U1,"The final piece of the story came from my mom, who could"
U1,only tell us her side after she woke up. She remembered
U1,Abel pulling up and pointing the gun at Andrew. She
U1,remembered falling to the ground after getting shot in the
U1,ass. Then Abel came and stood over her and pointed his gun
U1,at her head. She looked up and looked at him straight down
U1,"the barrel of the gun. Then she started to pray, and thats"
U1,when the gun misfired. Then it misfired again. Then it
U1,"misfired again, and again. She jumped up, shoved him away,"
U1,and ran for the car. Andrew leapt in beside her and she
U1,turned the ignition and then her memory went blank.
U1,"To this day, nobody can explain what happened. Even"
U1,the police didnt understand. Because it wasnt like the gun
U1,"didnt work. It fired, and then it didnt fire, and then it fired"
U1,again for the final shot. Anyone who knows anything about
U1,firearms will tell you that a 9mm handgun cannot misfire in
U1,the way that gun did. But at the crime scene the police had
U1,"drawn little chalk circles all over the driveway, all with spent"
U1,"shell casings from the shots Abel fired, and then these four"
U1,"bullets, intact, from when he was standing over my mom"
U1,nobody knows why.
U1,"My moms total hospital bill came to 50,000 rand. I paid"
U1,"it the day we left. For four days wed been in the hospital,"
U1,"family members visiting, talking and hanging out, laughing"
U1,"and crying. As we packed up her things to leave, I was going"
U1,on about how insane the whole week had been.
U1,"Youre lucky to be alive, I told her. I still cant believe"
U1,you didnt have any health insurance.
U1,"Oh but I do have insurance, she said."
U1,You do
U1,Yes. Jesus.
U1,Jesus
U1,Jesus.
U1,Jesus is your health insurance
U1,"If God is with me, who can be against me"
U1,"Okay, Mom."
U1,"Trevor, I prayed. I told you I prayed. I dont pray for"
U1,nothing.
U1,"You know, I said, for once I cannot argue with you."
U1,"The gun, the bulletsI cant explain any of it. So Ill give you"
U1,that much. Then I couldnt resist teasing her with one last
U1,little jab. But where was your Jesus to pay your hospital
U1,"bill, hmm I know for a fact that He didnt pay that."
U1,"She smiled and said, Youre right. He didnt. But He"
U1,blessed me with the son who did.
U1,For my mother. My first fan. Thank you for making
U1,me a man.
U1,For nurturing my career these past years and
U1,"steering me down the road that led to this book, I"
U1,"owe many thanks to Norm Aladjem, Derek Van Pelt,"
U1,"Sanaz Yamin, Rachel Rusch, Matt Blake, Jeff"
U1,"Endlich, and Jill Fritzo."
U1,For making this book deal happen and keeping
U1,"it on track during a very tight and hectic time, I"
U1,would like to thank Peter McGuigan and his team at
U1,"Foundry Literary  Media, including Kirsten"
U1,"Neuhaus, Sara DeNobrega, and Claire Harris. Also,"
U1,many thanks to Tanner Colby for helping me put my
U1,story on the page.
U1,For seeing the potential in this book and making
U1,"it a reality, I would like to thank everyone at Random"
U1,"House and Spiegel  Grau, including my editor Chris"
U1,"Jackson, publishers Julie Grau and Cindy Spiegel,"
U1,"Tom Perry, Greg Mollica, Susan Turner, Andrea"
U1,"DeWerd, Leigh Marchant, Barbara Fillon, Dhara"
U1,"Parikh, Rebecca Berlant, Kelly Chian, Nicole Counts,"
U1,and Gina Centrello.
U1,For bringing this book home to South Africa and
U1,"making sure it is published with the utmost care, I"
U1,would like to thank everyone at Pan Macmillan
U1,"South Africa, including Sean Fraser, Sandile"
U1,"Khumalo, Andrea Nattrass, Rhulani Netshivhera,"
U1,"Sandile Nkosi, Nkateko Traore, Katlego Tapala,"
U1,"Wesley Thompson, and Mia van Heerden."
U1,For reading this manuscript in its early stages
U1,and sharing thoughts and ideas to make it the
U1,"finished product you hold in your hands, I owe my"
U1,"deepest gratitude to Khaya Dlanga, David Kibuuka,"
U1,"Anele Mdoda, Ryan Harduth, Sizwe Dhlomo, and"
U1,Xolisa Dyeshana.
U1,"And, finally, for bringing me into this world and"
U1,"making me the man I am today, I owe the greatest"
U1,"debt, a debt I can never repay, to my mother."
