"PersonID","PostID","Timestamp","PostContent"
"@1","p3588","45604","There are fake, untrue, and probably illegal rumors and/or statements made by, perhaps, market manipulators or short sellers, that I am interested in selling shares of Truth. THOSE RUMORS OR STATEMENTS ARE FALSE. I HAVE NO INTENTION OF SELLING I hereby request that the people who have set off these fake rumors or statements, and who may have done so in the past, be immediately investigated by the appropriate authorities. Truth is an important part of our historic win, and I deeply believe in it. Thank you for your attention to this matter. MAKE AMERICA GREAT AGAIN"
"@1","p3587","45602","California - 1 More HourPolls are open until 8:00 PM local. If you are in line by the cutoff they must let you vote.GO NOW and STAY IN LINEFind your voting location at the link below https://swampthevoteusa.com/"
"@1","p3586","45602","Nevada - 1 More HourPolls are open until 7:00 PM local.If you are in line by the cutoff they must let you vote.GO NOW and STAY IN LINEFind your voting location at the link below https://swampthevoteusa.com/"
"@1","p3585","45602","Montana - 1 More HourPolls are open until 8:00 PM local.If you are in line by the cutoff they must let you vote.GO NOW and STAY IN LINEFind your voting location at the link below https://swampthevoteusa.com/"
"@1","p3584","45602","HI REPUBLICANS IF YOURE IN LINESTAY IN LINE"
"@1","p3583","45602","GET OUT AND VOTESTILL TIME LEFT"
"@1","p3582","45602","Arizona - 1 More HourPolls are open until 7:00 PM local.If you are in line by the cutoff they must let you vote.GO NOW and STAY IN LINEFind your voting location at the link below https://swampthevoteusa.com/"
"@1","p3581","45602","Michigan - 1 More HourPolls are open until 8:00 PM local.If you are in line by the cutoff they must let you vote.GO NOW and STAY IN LINEFind your voting location at the link below https://swampthevoteusa.com/"
"@1","p3580","45602","Wisconsin - 1 More HourPolls are open until 8:00 PM local.If you are in line by the cutoff they must let you vote.GO NOW and STAY IN LINEFind your voting location at the link below https://swampthevoteusa.com/"
"@1","p3579","45602","Iowa - 1 More HourPolls are open until 8:00 PM local.If you are in line by the cutoff they must let you vote.GO NOW and STAY IN LINEFind your voting location at the link below https://swampthevoteusa.com/"
"@1","p3578","45602","New York - 1 More HourPolls are open until 9:00 PM local.If you are in line by the cutoff they must let you vote.GO NOW and STAY IN LINEFind your voting location at the link below https://swampthevoteusa.com/"
"@1","p3577","45602","HI REPUBLICANS IF YOURE IN LINESTAY IN LINE"
"@1","p3576","45602","Pennsylvania - 1 More HourPolls are open until 8:00 PM local.Open until 10:00 PM in Cambria County ONLY.If you are in line by the cutoff they must let you vote.GO NOW and STAY IN LINEFind your voting location at the link belowhttps://swampthevoteusa.com/"
"@1","p3575","45602","Maine - 1 More HourPolls are open until 8:00 PM local.If you are in line by the cutoff they must let you vote.Maine has Ranked Choice Voting.Vote Trump First Choice every round GO NOW and STAY IN LINEFind your voting location at the link belowhttps://swampthevoteusa.com/"
"@1","p3574","45602","GET OUT AND VOTESTILL TIME LEFT"
"@1","p3573","45602","Philadelphia and Detroit Heavy Law Enforcement is there"
"@1","p3572","45602","A lot of talk about massive CHEATING in Philadelphia. Law Enforcement coming"
"@1","p3571","45602","STAY IN LINETOO BIG TO RIG https://protectthevote.com/"
"@1","p3570","45602","Republicans: We are doing GREAT Stay on Line. Do not let them move you. STAY ON LINE AND VOTE"
"@1","p3568","45602","I just learned of the passing of legendary entrepreneur and political genius Bernie Marcus. He was my supporter from the beginning and was always there when I needed help or advice. He strongly endorsed me for this election, as well as my other runs, and I will never forget him for that. He was an extraordinary man and I look forward to powerfully honoring him in the future. Warmest condolences to his wonderful family, and all of his many friends"
"@1","p3567","45602","Your vote will lead us to Greatness.Your vote will unleash a new GOLDEN AGEYour vote will MAKE AMERICA GREAT AGAIN GREATER THAN EVER BEFOREVOTE TRUMP"
"@1","p3565","45602","Republicans: We are doing GREAT Stay on Line. Do not let them move you. STAY ON LINE AND VOTE"
"@1","p3564","45601","It is now officially ELECTION DAY This will be the most important day in American History.Voter enthusiasm is THROUGH THE ROOF because people want to Make America Great Again. That means lines are going to be longI need you to deliver your vote no matter how long it takes. STAY IN LINE The Radical Communist Democrats want you to pack up and go home. Together, we are going to have a tremendous victory and MAKE AMERICA GREAT AGAIN"
"@1","p3563","45601","A GREAT DAY IN NORTH CAROLINA, PENNSYLVANIA, AND MICHIGANTHANK YOU ITS TIME TO GET OUT AND VOTESO TOGETHER, WE CAN MAKE AMERICA GREAT AGAIN https://swampthevoteusa.com/"
"@1","p3562","45601","Thank you Megyn Kelly, a great honor Megyn Kelly speaks at President Trumps rally in Pittsburgh, Pennsylvania:He got mocked by the Left for saying hell be a protector of women. He WILL be a protector of women  and its why Im voting for him."
"@1","p3561","45601","A great honor, from a great fighter. Thank you"
"@1","p3560","45601","Roberto Clemente, the Pride of Puerto Rico, was one of the greatest baseball players in history, and also a tremendous humanitarian. He gave his life helping others, dying in a plane crash while delivering relief supplies to earthquake victims on New Years Eve 1972. He remains a legend in Puerto Rico and in Pittsburgh. It was my pleasure to talk about his legacy with his oldest son, Roberto Jr., at our rally in Pittsburgh. Its wonderful to have his support."
"@1","p3559","45601","Tomorrow is our last chance to defeat the corrupt establishment. GET OUT AND VOTEhttps://swampthevoteusa.com/"
"@1","p3558","45601","THANK YOU, JOE"
"@1","p3557","45601","My message to Americansfrom Pittsburgh, Pennsylvania tonight is simple: We do not have to live this way. We do not have to settle for weakness, incompetence, decline, and decay"
"@1","p3556","45601","Join me live in Pittsburgh, Pennsylvania Will be on @RSBN, @OAN, @realAmericasVoice, @NewsMax, and Donald J. Trump @Rumble, among othersLIVE LINK HERE: https://rumble.com/v5lyjpq-live-president-trump-in-pittsburgh-pa.html"
"@1","p3555","45601","Tomorrow is our last chance to defeat the corrupt establishment. GET OUT AND VOTEhttps://swampthevoteusa.com/"
"@1","p3554","45601","https://justthenews.com/politics-policy/elections/voter-registration-fraud-investigations-point-arizona-group-ties-left"
"@1","p3553","45601","We are just ONE DAY AWAY from what will be the most important political event in the history of our Countrybut you have to GET OUT AND VOTE Thank you, Reading, Pennsylvania https://swampthevoteusa.com/"
"@1","p3552","45601","THANK YOUREADING, PENNSYLVANIA Four years weve all waited for this, and now its tomorrow. Tomorrow, its hard working Patriots like you who are going to Save our Country VOTE https://swampthevoteusa.com/"
"@1","p3551","45601","Thank you Don Jr., Eric, Lara, Tiffany, and Michael MAGA2024"
"@1","p3550","45601","THANK YOU, @TulsiGabbard https://swampthevoteusa.com/"
"@1","p3549","45601","Coming soon: THE GOLDEN AGE OF AMERICA"
"@1","p3548","45601","We are building the biggest and broadest coalition in American Political History. This includes record-breaking numbers of Arab and Muslim Voters in Michigan who want PEACE. They know Kamala and her warmonger Cabinet will invade the Middle East, get millions of Muslims killed, and start World War III. VOTE TRUMP, AND BRING BACK PEACE https://swampthevoteusa.com/"
"@1","p3546","45601","Join me live in Reading, Pennsylvania at 3:30pmEDT. Will be on @RSBN, @OAN, @realAmericasVoice, @NewsMax, and Donald J. Trump @Rumble, among others. Will see you soonMAGA2024 LIVE LINK HERE: https://rumble.com/v5lwh8h-live-president-trump-in-reading-pa.html"
"@1","p3545","45601","Thank youPittsburgh, Pennsylvania. Will see you tonight, after my rally in Reading"
"@1","p3544","45601","THANK YOU, NORTH CAROLINA For the past 9 years, we have been fighting against the most sinister and corrupt forces on earth. With your vote in this election, you can show them once and for all that this nation does NOT belong to THEM...It was hardworking Patriots like you who built this Countryand TOMORROW, it is hardworking Patriots like you who are going to SAVE our Country."
"@1","p3543","45600","Join me live in Raleigh, North Carolina at 10:45amEDT Will be on @RSBN, @OAN, @NewsMax, @realAmericasVoice, and Donald J. Trump @Rumble, among others. See you soonMAGA2024 https://rumble.com/v5lrfjz-live-president-trump-in-raleigh-nc.html"
"@1","p3542","45600","https://swampthevoteusa.com/"
"@1","p3541","45600","MAKE AMERICA GREAT AGAIN"
"@1","p3540","45600","AMERICA IS BEING INVADED"
"@1","p3539","45600","A great day in Pennsylvania, North Carolina, and GeorgiaTHANK YOU Everyone be sure to get out and VOTE GO TO SWAMP THE VOTE USA: https://swampthevoteusa.com/"
"@1","p3538","45600","MAKE AMERICA GREAT AGAIN THANK YOUMACON, GEORGIA https://swampthevoteusa.com/"
"@1","p3537","45600","Mimi Ramirez-Rodriguez was kidnapped and murdered by an illegal alienleaving behind a 9 year-old girl. I met her grieving mom Carmen tonight in Georgia. With your vote Tuesday, we will end Kamalas invasion and we will not allow illegals to spill one more drop of American blood."
"@1","p3536","45600","THANK YOUMACON, GEORGIA https://swampthevoteusa.com/"
"@1","p3535","45600","Unity2024 MAGA https://swampthevoteusa.com/"
"@1","p3534","45600","https://www.DonaldJTrump.com"
"@1","p3533","45600","Just landed in Georgia Join me live in Macon at 7:15pmEDT. Will be on @RSBN, @realAmericasVoice, @NewsMax, and Donald J. Trump @Rumble, among others. Will see you soonTOGETHER, we are going to MAKE AMERICA GREAT AGAIN https://rumble.com/v5lpl4t-live-president-trump-in-macon-ga.html"
"@1","p3532","45600","KAMALA BROKE IT, BUT I WILL FIX IT With your VOTE, inflation will END. The border will be SAFE  SECURE. We will have PEACE across the globe. WITH YOUR VOTE, AMERICA WILL ENTER A NEW GOLDEN AGE Vote TRUMP to MAKE AMERICA GREAT AGAIN https://swampthevoteusa.com/"
"@1","p3531","45600","MINNESOTA In-person early voting ends tomorrowWe need all of you to SwampTheVote https://vote.donaldjtrump.com/mn-top-level/"
"@1","p3530","45600","CALIFORNIA Early Voting ends tomorrow Lets make this election TooBigToRig https://vote.donaldjtrump.com/ca/"
"@1","p3529","45600","MONTANA You have until tomorrow to vote in-person and request your absentee ballot. Lets SwampTheVote vote.donaldjtrump.com/mt"
"@1","p3528","45600","NEBRASKA In-person Early Voting ends tomorrow Get out and voteTogether, well make this election TooBigToRig https://vote.donaldjtrump.com/ne-top-level/"
"@1","p3527","45600","Join me LIVE in Kinston, North Carolina at 3:30pmEDT. Will be on @NewsMax, @realAmericasVoice, @RSBN, and Donald J. Trump @Rumble, among others. See you soonMAGA2024 https://rumble.com/v5lny2z-live-president-trump-in-kinston-nc.html"
"@1","p3526","45600","Heading to Kinston, North Carolina. Big Crowd. Polls are looking GREAT. MAGA"
"@1","p3525","45600","I LOVE TRUTH SOCIAL"
"@1","p3524","45600","I havent seen the Drudge Report for years, but everyone tells me it is doing really badly. Is it remaining open, or will they close it up"
"@1","p3523","45600","THANK YOU, PENNSYLVANIA Everything we have been fighting so hard to achieve for the past 9 years all comes down to the next two days. Its NOW or NEVER. This moment will not come again. For the sake of your family, your Country, and your freedom, you have to GET OUT AND VOTE https://swampthevoteusa.com/"
"@1","p3522","45599","Join me LIVE in Lititz, Pennsylvania at 10:30amEDT. Will be on @RSBN, @OAN, @realAmericasVoice, @NewsMax, and Donald J. Trump @Rumble. See you soonMAGA2024 https://rumble.com/v5lj1uk-live-president-trump-in-lititz-pa.html"
"@1","p3521","45599","https://www.rsbnetwork.com/news/final-trump-rallies-before-election-announced/"
"@1","p3520","45599","FoxNews keeps putting on Democrat ads, as part of their news program. Their soundbites are almost all of Harris and her Democrat friends, all of whom are on the shows. FOX NEWS IS NOT OUR FRIEND. Its crazy"
"@1","p3519","45599","No President has done more for FARMERS, and the Great State of Iowa, than Donald J. Trump. In fact, its not even close All polls, except for one heavily skewed toward the Democrats by a Trump hater who called it totally wrong the last time, have me up, BY A LOT. I LOVE THE FARMERS, AND THEY LOVE ME. THE JUST OUT EMERSON POLL HAS ME UP 10 POINTS IN IOWA. THANK YOU"
"@1","p3518","45599","https://www.breitbart.com/clips/2024/11/01/pelosi-i-dont-know-why-anybody-would-vote-for-unpatriotic-trump/"
"@1","p3517","45599","As we rescue our economy, I will also restore our borders. Over the past 4 years, Kamala has orchestrated the most egregious betrayal that any leader in American history has ever inflicted on our people. She has violated her oath, eradicated our sovereign border, and unleashed an army of gangs and criminal migrants from prisons and jails, insane asylums and mental institutions around the world, from Venezuela to the Congostealing countless American lives."
"@1","p3516","45599","If Kamala wins, you are 3 days away from the start of a 1929-style economic depression. If I win, you are 3 days away from the best jobs, the biggest paychecks, and the brightest economic future the world has ever seen.Kamalas inflation nightmare has cost the typical American family 30,000 dollars in higher pricesand now, she wants to impose the largest tax hike in American history, and raise your taxes by 3,000 dollars a year. I will massively cut taxes for workers and small businessesand we will have NO TAX ON TIPS, NO TAX ON OVERTIME, and NO TAX ON SOCIAL SECURITY benefits"
"@1","p3515","45599","https://www.breitbart.com/the-media/2024/11/02/exclusive-rasmussen-head-pollster-predicts-trump-landslide-likens-to-1980-reagan-carter-election-major-political-realignment/"
"@1","p3514","45599","https://www.breitbart.com/clips/2009/10/05/pistachios-ad-featuring-bristol-palins-ex-levi-johnston-cracks-protection-joke/"
"@1","p3513","45599","11/2/24  SALEM, VIRGINIA"
"@1","p3512","45599","THANK YOU, GREENSBORO, NORTH CAROLINAMAGA2024 Join me LIVE in Greensboro, North Carolina for a MAGA RALLY at 9:15pmEDT. Will be on @NewsMax, @realAmericasVoice, @RSBN, and Donald J. Trump @Rumble, among others. See you soonMAGA2024 https://rumble.com/v5lhn0e-live-president-trump-in-greensboro-nc.html"
"@1","p3511","45599","Three beautiful MAGA RALLIES today in Gastonia, North Carolina, followed by Salem, Virginiaand this evening in Greensboro, North Carolina Every problem facing us can be solvedbut now, the fate of our nation is in your hands. On Tuesday, you have to stand up, and you have to tell Kamala that youve had enough, you cant take anymore, Kamala Harris, Youre Fired GET OUT AND VOTE TRUMP EVERYONE, SO TOGETHER WE CAN MAKE AMERICA GREAT AGAIN"
"@1","p3510","45599","Join me LIVE in Greensboro, North Carolina for a MAGA RALLY at 9:15pmEDT. Will be on @NewsMax, @realAmericasVoice, @RSBN, and Donald J. Trump @Rumble, among others. See you soonMAGA2024 https://rumble.com/v5lhn0e-live-president-trump-in-greensboro-nc.html"
"@1","p3509","45599","THANK YOUSALEM, VIRGINIA https://swampthevoteusa.com/"
"@1","p3508","45599","IF YOU HAVENT VOTED YET, PLEASE CLICK THE LINK BELOW TO MAKE YOUR PLAN. We cant afford to take ANY chancesYOU MUST VOTE Stand with me with your vote and with your voice. Together, WE WILL MAKE AMERICA GREAT AGAIN https://swampthevoteusa.com/"
"@1","p3507","45599","OHIO You have until tomorrow to vote early in-person We need to make this election TooBigToRig https://vote.donaldjtrump.com/oh/"
"@1","p3506","45599","NEW YORK In-person early voting ends tomorrow Lets SwampTheVote and make this election TooBigToRig https://vote.donaldjtrump.com/ny/"
"@1","p3505","45599","11/2/24  SALEM, VIRGINIA"
"@1","p3504","45599","THANK YOUSALEM, VIRGINIA https://swampthevoteusa.com/"
"@1","p3503","45599","Join me LIVE in Salem, Virginia at 5:15pmEDT. Will be on @RSBN, @NewsMax, @realAmericasVoice, and Donald J. Trump @Rumble, among others. See you soonMAGA2024 https://rumble.com/v5lfuhw-live-president-trump-in-salem-va.html"
"@1","p3502","45599","WHEN WE GET KNOCKED DOWN, WE DONT STAY DOWNWE GET UP AGAIN.WE FIGHTWE FIGHTWE FIGHThttps://swampthevoteusa.com/"
"@1","p3501","45599","Despite all the damage she has caused, Kamala has spent the final week of her campaign comparing her political opponents to the most evil mass murderers in history. Then, Joe Biden called our supporters GARBAGE. My response to Joe and Kamala is simple: you cant LEAD America if you dont LOVE Americans. And you cant be president if you hate the American People. https://swampthevoteusa.com/"
"@1","p3500","45599","The United States is now an OCCUPIED COUNTRY, but it will soon be an occupied country no longer. November 5th, 2024 will be LIBERATION DAY in America https://swampthevoteusa.com/"
"@1","p3499","45599","THANK YOU, NORTH CAROLINA https://swampthevoteusa.com/"
"@1","p3498","45599","MY PROMISES TO AMERICA"
"@1","p3497","45598","Landing in North Carolina now Join me live in Gastonia at 12:15pmEDT. Will be on @RSBN, @realAmericasVoice, @OAN, @NewsMax, and Donald J. Trump @Rumble, among others. MAGA2024 https://rumble.com/v5lbb0h-live-president-trump-in-gastonia-nc.html"
"@1","p3496","45598","On my way to North Carolina to speak to a crowd so large that it goes beyond the beautiful horizon, and this, after a huge Rally in Milwaukee, in the Great State of Wisconsin, last night, in front of over 30,000 American Patriots Low Energy Democrat Candidate Lyin Kamala Harris, was also in Milwaukee yesterday, spending millions of Taxpayer Dollars on the trip, all to speak in front of only 900 people, and most of them were my supporters. They witnessed a person who is totally confused and tired. She is a Low IQ individual, not equipped to be President, and thats why she cant draw a crowd. We have people lining up for days, all over our soon to be magnificent Nation. Kamala is slumping to the finish line, yawning, shrieking, and cackling, while I am working 24/7 to win this Election, so we can save our Country and, Make America Great Again"
"@1","p3495","45598","OCTOBER JOBS REPORTTHE HARRIS-BIDEN ADMINISTRATION HAS FAILED THE AMERICAN PEOPLE"
"@1","p3494","45598","A GREAT DAY IN MICHIGAN  WISCONSIN, THANK YOUMAGA2024 https://swampthevoteusa.com/"
"@1","p3493","45598","KAMALA BROKE ITI WILL FIX IT"
"@1","p3492","45598","THANK YOUMILWAUKEE, WISCONSIN https://swampthevoteusa.com/"
"@1","p3491","45598","BIG RALLY IN MILWAUKEE PACKED HOUSE, A GREAT SCENE DJT"
"@1","p3490","45598","JOIN ME LIVE IN MILWAUKEE, WISCONSIN AT 10pmEDT. Will be on @RSBN, @realAmericasVoice, @OAN, @NewsMax, and Donald J. Trump @Rumble, among others https://rumble.com/v5l9amk-live-president-trump-in-milwaukee-wi.html"
"@1","p3489","45598","TOGETHERWE WILL FIGHT, FIGHT, FIGHTand we will WIN, WIN, WIN https://swampthevoteusa.com/"
"@1","p3488","45598","DREAM BIG, MICHIGAN https://swampthevoteusa.com/"
"@1","p3487","45598","On Tuesday, November 5thYOU have to tell Kamala youve had enough"
"@1","p3486","45598","Everything we have been fighting for these past four years comes down to the next four days. Weve been setting records in the early voting, but we cant let upin-person early voting in Michigan ends on SUNDAY. Its NOW or NEVER. Get everyone you know, and VOTE, VOTE, VOTE. With your help, we are going to defeat Kamala Harris, and we are going to MAKE AMERICA GREAT AGAIN https://swampthevoteusa.com/11/1/24  WARREN, MICHIGAN"
"@1","p3485","45598","Patrick Morrisey, of West Virginia, has been a wonderful Attorney General, and will now be an incredible Governor He will fight tirelessly to Grow the Economy, Stop Inflation, Secure our Border, Restore American Energy DOMINANCE, Strengthen our Military/Vets, and Protect our always under siege Second Amendment. Patrick will work closely with me to enact our America First Agenda, and is a FANTASTIC person to replace my friend and future U.S. Senator, Jim Justice. Patrick Morrisey is my friend, and has my Complete and Total Endorsement - HE WILL NOT LET YOU DOWN"
"@1","p3484","45598","Wishing everyone a joyous Diwali filled with warmth, light, and prosperity. May this festival bring happiness to your heart, and illuminate your wonderful path forward."
"@1","p3483","45598","TOGETHERWE WILL FIGHT, FIGHT, FIGHTand we will WIN, WIN, WIN https://swampthevoteusa.com/"
"@1","p3482","45598","Everything we have been fighting for these past four years comes down to the next four days. Weve been setting records in the early voting, but we cant let upin-person early voting in Michigan ends on SUNDAY. Its NOW or NEVER. Get everyone you know, and VOTE, VOTE, VOTE. With your help, we are going to defeat Kamala Harris, and we are going to MAKE AMERICA GREAT AGAIN https://swampthevoteusa.com/11/1/24  WARREN, MICHIGAN"
"@1","p3481","45598","Kamalas closing message to America is that she hates youMy closing message is that I love America I am asking for your vote, but I want you to know that whether you vote for me or not, when I win, I will fight for you with every breath in my body https://swampthevoteusa.com/"
"@1","p3480","45598","KAMALA BROKE ITI WILL FIX IT https://swampthevoteusa.com/"
"@1","p3479","45598","America will be bigger, better, bolder, richer, safer, and stronger than ever before I am asking you to be excited about the FUTURE of your COUNTRY. We are down to 4 days I am asking you to DREAM BIG AGAIN"
"@1","p3478","45598","MICHIGANWhen we win, you are 4 days away from the best jobs, the biggest paychecks, and the brightest economic future the world has ever seen. GET OUT AND VOTE https://swampthevoteusa.com/"
"@1","p3477","45598","I will and Kamalas insane ELECTRIC VEHICLE MANDATESaving the MICHIGAN Auto Industry https://swampthevoteusa.com/"
"@1","p3476","45598","Were in a depressionVOTE TRUMP, because Im going to get you out of it"
"@1","p3475","45598","Robert Kennedy Jr: When you go into that voting booth, youre going to see my name on the ballot. I DO NOT want you to VOTE for meIf you wanna see me go to Washington, you better VOTE for Donald Trump"
"@1","p3474","45598","THANK YOU, ROBERT F. KENNEDY JR https://swampthevoteusa.com/"
"@1","p3473","45598","DREAM BIG, MICHIGAN https://swampthevoteusa.com/"
"@1","p3472","45598","On Tuesday, November 5thYOU have to tell Kamala youve had enough"
"@1","p3471","45598","Join me LIVE in Warren, Michigan at 4:30pmEDT. Will be on @RSBN, @OAN, @realAmericasVoice, @NewsMax, and Donald J. Trump @Rumble. See you soonMAGA2024 https://rumble.com/v5l7iiq-live-president-trump-in-warren-mi.html"
"@1","p3470","45598","Todays jobs report is a great embarrassment for our Nation. Kamala has lied for years about their pathetic job growth, which has never been real. Kamala killed 46,000 manufacturing jobs, while 773,000 Americans have lost employment in just the last yearall while their jobs have been taken by foreign-born workers. America is a Nation in Decline because Sleepy Joe, and Lyin Kamala, didnt do their job. TRUMP WILL FIX IT MAKE AMERICA GREAT AGAIN GO VOTE"
"@1","p3469","45598","All Im saying about Liz Cheney is that she is a War Hawk, and a dumb one at that, but she wouldnt have the guts to fight herself. Its easy for her to talk, sitting far from where the death scenes take place, but put a gun in her hand, and let her go fight, and shell say, No thanks Her father decimated the Middle East, and other places, and got rich by doing so. Hes caused plenty of DEATH, and probably never even gave it a thought. Thats not what we want running our Country"
"@1","p3468","45598","Mark Cuban, a total loser, is being decimated by women all over the Country, especially since they know and admire the many GREAT women that work for, and with, me. They are very INTELLIGENT and, likewise, very STRONG. Cuban has been hit so hard that he was forced to issue an apology, but his apology is worthless. Ive known him a long time. Hes a bad guy, with major character flaws. Hes also very weak and insecure, and will do and say anything for publicity. He was a staunch supporter of Crooked Hillary Clinton during her failed Campaign for President, and is now a supporter of Lyin Kamala Harris, but thats only because I dont take his many phone calls anymore - Just dont have the time or inclination to do so. He can never recover from the horrible statement he made yesterday about a womans strength and intelligence, but he is going to have to try, because what he said was totally unacceptable"
"@1","p3467","45598","Wishing everyone a Blessed and Happy All Saints Day"
"@1","p3466","45598","https://nypost.com/2024/11/01/us-news/election-guru-nate-silver-accuses-pollsters-of-putting-finger-on-the-scale-lying-to-keep-presidential-race-close/"
"@1","p3465","45597","MELANIA, the new book just out by our great former First Lady, is again The New York Times NUMBER ONE BEST SELLER. WOW, what a great achievement The book is fantastic. We are all very proud of my beautiful Melania"
"@1","p3464","45597","The Trump Economic Miracle, a new book by the brilliant Steve Moore, tells you in great detail what we have done, and where we are going. If you are interested in MAKING AMERICA GREAT AGAIN, this great new book is a MUST READ. Enjoy Donald J. Trump"
"@1","p3463","45597","A GREAT DAY IN NEW MEXICO, NEVADA, AND ARIZONATHANK YOU With your VOTE this November, we are going to Fire Kamala, and we are going to SAVE AMERICA https://www.DonaldJTrump.com"
"@1","p3462","45597","It was hardworking Patriots like you who built this Country, and 5 days from now, it is hardworking Patriots like you who are going to SAVE our Country THANK YOU, NEVADA https://vote.donaldjtrump.com/nv/"
"@1","p3461","45597","GET OUT AND VOTE, NEVADANEVADA VOTING INFORMATION HERE: https://vote.donaldjtrump.com/nv/"
"@1","p3460","45597","Just days ago, a young USMC veteran named Nicholas Quets from Arizona was driving through Mexico for a beach weekend with his friends when he was viciously gunned down on the highway and murdered by members of a Mexican Cartel. His family joined me this evening in Henderson, Nevada"
"@1","p3459","45597","Kamala has spent the final week of her failing campaign comparing her political opponents to the most evil mass murderers in history. Two days ago, Joe Biden called our supporters garbageYou cant LEAD America if you dont LOVE Americans https://swampthevoteusa.com/"
"@1","p3458","45597","Join me LIVE in Henderson, Nevada at 6:30pmEDT Will be on @RSBN, @OAN, @realAmericasVoice, @NewsMax, and Donald J. Trump, among others. See you soonMAGA2024 https://rumble.com/v5kz6tk-live-president-trump-in-henderson-nv.html"
"@1","p3457","45597","THANK YOUALBUQUERQUE, NEW MEXICO https://swampthevoteusa.com/"
"@1","p3456","45597","Join me live in Albuquerque, New Mexico at 12pmMDT/2pmEDT. Will be on @RSBN, @realAmericasVoice, @NewsMax, @OAN, and Donald J. Trump @Rumble, among others. See you soonMAGA2024 https://rumble.com/v5kw64z-live-president-trump-in-albuquerque-nm.html"
"@1","p3455","45597","Bill Clinton just said, The Economy was better under TRUMP. Actually, it was MUCH better. In fact, it was the Best Economy in the History of the United States of America I am about GROWTH, Kamala is about Inflation, Failure, and Death at the Border."
"@1","p3454","45597","MICHIGAN Tomorrow is the last day to request your absentee ballot. Lets make it TooBigToRig https://vote.donaldjtrump.com/mi/"
"@1","p3453","45597","NEVADA Make a plan to vote early in-person Tomorrow is the deadline TooBigToRig https://vote.donaldjtrump.com/nv/"
"@1","p3452","45597","TEXAS Make a plan to vote early in-person Tomorrow is the last day to do so Lets make this TooBigToRig https://vote.donaldjtrump.com/tx/"
"@1","p3451","45597","GEORGIA Vote early in person Tomorrow is the deadline. SwampTheVote https://vote.donaldjtrump.com/ga/"
"@1","p3450","45597","ARIZONA Tomorrow is the last day to vote early in person. Make sure your voice is heard SwampTheVote https://vote.donaldjtrump.com/arizona/"
"@1","p3449","45597","Congressman Marc Molinaro is a Tremendous Champion for the Great People of New Yorks 19th Congressional District Marc is working hard to Secure the Border, Stop Illegal Immigration and Migrant Crime, Cut Taxes, Fight Inflation, Support our Great Military, Veterans, and Law Enforcement, Safeguard our Communities, and Protect our always under siege Second Amendment.Marc is one of the strongest Congressmen in the Country on Border Security, whereas his Opponent, Josh Riley, is a Radical Open Border Extremist, who will put our Country, and Safety, LAST. Marc, on the other hand, will ALWAYS put New York, and America, FIRST.Marc Molinaro has my Complete and Total Endorsement. NEW YORK: Early Voting ends November 3rd, and Election Day is November 5th. GET OUT AND VOTE FOR MARC  HE WILL NOT LET YOU DOWN"
"@1","p3448","45597","I would like to wish our great Bitcoiners a Happy 16th Anniversary of Satoshis White Paper. We will end Kamalas war on crypto,  Bitcoin will be MADE IN THE USA VOTE TRUMP Bitcoin FreeRossDayOne"
"@1","p3447","45597","Just watched Kamalas Fake News Conference - ALL LIES She is desperate but, more importantly, she looks totally EXHAUSTED She should rest now, and leave the Campaigning to me"
"@1","p3446","45596","Lyin Kamala is giving a News Conference now, saying that I want to end the Affordable Care Act. I never mentioned doing that, never even thought about such a thing. She also said I want to end Social Security. Likewise, never mentioned it, or thought of it. She is the one that wants to end Social Security and, she will do it, by putting the millions of Migrants coming into our Country into it. Kamala is a LIAR Everything that comes out of her mouth is a LIE. Its MADE UP FICTION, and shes doing it because shes losing, and losing BIG"
"@1","p3445","45596","We caught them CHEATING BIG in Pennsylvania. Must announce and PROSECUTE, NOW This is a CRIMINAL VIOLATION OF THE LAW. STOP VOTER FRAUD CHECK OUT KAMALAS NEW SLEAZEBAG LAWYER. WE ARE ON THEM ALL THIS TIME Who would have ever thought that our Country is so CORRUPT"
"@1","p3444","45596","Scott Baugh is a terrific America First Candidate running to represent the Great People of Californias 47th Congressional DistrictScott has a tremendous Record of Success, and strong support from his Community. In Congress, Scott will be an INCREDIBLE Fighter who will work tirelessly to Stop Inflation, Grow our Economy, Secure our Border, Champion our Military/Vets, Restore American Energy DOMINANCE, and Protect our always under siege Second Amendment.Scott Baugh has my Complete and Total Endorsement - HE WILL NOT LET YOU DOWN"
"@1","p3443","45596","Randy Niemeyer is a fantastic America First Candidate running to represent the Wonderful People of Indianas 1st Congressional DistrictRandy is a Highly Successful Trucker and Businessman who knows how to Fight Inflation, Grow our Economy, and Create GREAT Jobs. In Congress, Randy will fight tirelessly to Stop Migrant Crime, Secure our Border, Champion our Military/Vets, Restore American Energy DOMINANCE, and Defend our always under siege Second Amendment.Randy Niemeyer has my Complete and Total Endorsement - HE WILL NOT LET YOU DOWN"
"@1","p3442","45596","Kevin Coughlin is a terrific America First Candidate running to represent the Incredible People of Ohios 13th Congressional DistrictAs a very successful Small Businessman, Kevin knows how to Fight Inflation, Grow the Economy, Lower Taxes, Cut Regulations, and Eliminate Government Waste. In Congress, Kevin will work tirelessly to Secure our Border, Stop Migrant Crime, Strengthen our Incredible Military/Vets, Restore American Energy DOMINANCE, and Defend our always under siege Second Amendment.Kevin Coughlin has my Complete and Total Endorsement - HE WILL NOT LET YOU DOWN"
"@1","p3441","45596","5 Days Left  Then, We Will, MAKE AMERICA GREAT AGAIN  DJT"
"@1","p3440","45596","MAKE AMERICA GREAT AGAIN https://www.DonaldJTrump.com"
"@1","p3439","45596","10/30/24  GREEN BAY, WISCONSINUSAUSAUSAhttps://swampthevoteusa.com/"
"@1","p3438","45596","I will protect our WORKERS. I will protect our JOBS. I will protect our BORDERS. I will protect our FAMILIESand I will protect the BIRTHRIGHT of our CHILDREN to live in the RICHEST and most POWERFUL NATION on the face of the EARTH https://swampthevoteusa.com/"
"@1","p3437","45596","For the past 9 years, Kamala and her party have called us racists, bigots, fascists, deplorable, irredeemables, and they call me Hitler...Theyve taken your money, theyve thrown open our borders to criminals...Theyve sent our blood and treasure to fight in stupid foreign warsThis Tuesday is your chance to stand up and declare you are not going to take it anymoreVOTE https://swampthevoteusa.com/"
"@1","p3436","45596","YOU CANT LEAD AMERICA IF YOU DONT LOVE AMERICANSAND YOU CANT BE PRESIDENT IF YOU HATE THE AMERICAN PEOPLE https://swampthevoteusa.com/"
"@1","p3435","45596","KAMALA HARRIS WILL BAN ALL FRACKING DONT LET HERVOTE https://swampthevoteusa.com/"
"@1","p3434","45596","Brett Favre: I want to address the comment that Joe Biden made yesterday that said the supporters of Donald Trump are garbageHow dare he say that. Looking out I see police officers, teachers, nurses, grandparents, studentseveryday Americans that make this Country great"
"@1","p3433","45596","I will protect our WORKERS. I will protect our JOBS. I will protect our BORDERS. I will protect our FAMILIESand I will protect the BIRTHRIGHT of our CHILDREN to live in the RICHEST and most POWERFUL NATION on the face of the EARTH https://swampthevoteusa.com/"
"@1","p3432","45596","On issue after issue, Kamala BROKE IT and I will FIX IT. On top of it all, Kamala says she would not do one thing differently from Joe Biden, which is DISQUALIFYING https://swampthevoteusa.com/"
"@1","p3431","45596","This Tuesday, you have to stand up, and you have to tell Kamala that youve had enoughyou cant take anymore"
"@1","p3430","45596","For the past 9 years, Kamala and her party have called us racists, bigots, fascists, deplorable, irredeemables, and they call me Hitler...Theyve taken your money, theyve thrown open our borders to criminals...Theyve sent our blood and treasure to fight in stupid foreign warsThis Tuesday is your chance to stand up and declare you are not going to take it anymoreVOTE https://swampthevoteusa.com/"
"@1","p3429","45596","Kamala and Joe call us all garbage. I call you the HEART and SOUL of AMERICA"
"@1","p3428","45596","Join me LIVE in Greenbay, Wisconsin at 7:15pmEDT. Will be on @RSBN, @NewsMax, @RealAmericasVoice, @OAN, and Donald J. Trump, among others. Big crowdSee you soon https://rumble.com/v5krott-live-president-trump-in-green-bay-wi.html"
"@1","p3427","45596","Just landed in Wisconsin"
"@1","p3426","45596","ATTENTION PENNSYLVANIAhttps://vote.donaldjtrump.com/pennsylvania-get-out-the-vote/"
"@1","p3425","45596","You cant LEAD America if you dont LOVE Americans https://swampthevoteusa.com/"
"@1","p3424","45596","MAINE The last day for voter registration and early in-person voting is tomorrow Get out and SwampTheVote https://vote.donaldjtrump.com/me-top-level/"
"@1","p3423","45596","WISCONSIN Tomorrow is the last day to request an absentee mail-in ballot Lets make this election TooBigToRig https://vote.donaldjtrump.com/wi/"
"@1","p3422","45596","I was thrilled to be back in North Carolina this afternoon, with thousands of proud, hardworking American Patriots With your vote in this election, I WILL END INFLATION, I WILL STOP THE INVASION, and I WILL BRING BACK THE AMERICAN DREAM Our Country will be bigger, better, bolder, richer, safer and stronger than ever before. This election is a choice between whether we will have four more years of incompetence and failureor whether we will begin the four greatest years in the history of our Country VOTE https://vote.donaldjtrump.com/nc/"
"@1","p3421","45596","Weve set an all-time record in the early votingthe deadline for in-person early voting here in North Carolina is this Saturday. So if you havent voted already, get out and vote. If you have a ballot, send it inget everyone you know to VOTE, VOTE, VOTE With your help, 6 days from now, we are going to defeat Kamala Harris, and we are going to win back that beautiful White House https://vote.donaldjtrump.com/nc/"
"@1","p3420","45596","WARS ARE RAGINGTHE WORLD IS SPINNING OUT OF CONTROL WITH KAMALA IN CHARGE"
"@1","p3419","45596","KAMALA BROKE IT  TRUMP WILL FIX IT"
"@1","p3418","45596","Join me LIVE in Rocky Mount, North Carolina for a MAGA Rally at 1:15pmEDT. Will be on @RSBN, @NewsMax, @OAN, @realAmericasVoice, and Donald J. Trump @Rumble, among others. See you soonMAGA2024 https://rumble.com/v5kqr39-live-president-trump-in-rocky-mount-nc.html"
"@1","p3417","45596","https://thefederalist.com/videos/its-a-very-curious-closing-campaign-strategy/"
"@1","p3416","45595","During my Administration, we had peace in the Middle East, and we will have peace again very soonI will fix the problems caused by Kamala Harris and Joe Biden and stop the suffering and destruction in Lebanon. I want to see the Middle East return to real peace, a lasting peace, and we will get it done properly so it doesnt repeat itself every 5 or 10 years I will preserve the equal partnership among all Lebanese communities. Your friends and family in Lebanon deserve to live in peace, prosperity, and harmony with their neighbors, and that can only happen with peace and stability in the Middle East.I look forward to working with the Lebanese community living in the United States of America to ensure the safety and security of the great people of Lebanon. Vote Trump for Peace"
"@1","p3415","45595","From Border Patrol Union National Vice President, Art Del Cueto"
"@1","p3414","45595","From Border Patrol Union National President, Paul Perez"
"@1","p3413","45595","https://www.DonaldJTrump.com"
"@1","p3412","45595","Congresswoman Carol Miller is a Fantastic Advocate for the Wonderful People of West Virginias 1st Congressional DistrictCarol is working tirelessly to Grow our Economy, Stop Inflation, Lower Taxes, Strongly Support our Incredible Coal Miners, Secure our Border, Stand with our Brave Military, Vets and Law Enforcement, and Protect our always under siege Second Amendment.Carol Miller has my Complete and Total Endorsement - SHE WILL NOT LET YOU DOWN"
"@1","p3411","45595","Derek Merrin is a fantastic America First Candidate running to represent the Incredible People of Ohios 9th Congressional DistrictDerek has a Strong Record of Success, and support from his Community. In Congress, Derek will be an INCREDIBLE Fighter who will work tirelessly to Stop Inflation, Grow our Economy, Secure our Border, Champion our Military/Vets, Restore American Energy DOMINANCE, and Defend our always under siege Second Amendment.Derek Merrin has my Complete and Total Endorsement - HE WILL NEVER LET YOU DOWN"
"@1","p3410","45595","Orlando Sonza is a terrific America First Candidate running to represent the Great People of Ohios 1st Congressional DistrictA West Point Graduate, U.S. Army Veteran, and Former Criminal Prosecutor, Orlando knows how to Strengthen our Military, Care for our Veterans, Stop Crime, Stand with our Brave Law Enforcement, Secure our Border, and Defend our always under siege Second Amendment. As a very successful Small Businessman, Orlando will fight hard to Stop Inflation, Grow the Economy, Lower Taxes, Unleash American Energy, and Eliminate Government Waste.Orlando Sonza has my Complete and Total Endorsement - HE WILL NEVER LET YOU DOWN"
"@1","p3409","45595","Derrick Anderson is running to represent the wonderful people of Virginias 7th Congressional District. He bravely fought for our Great Country as a Green Beret, and was deployed to Afghanistan, Bahrain, Jordan, Israel, and Lebanon. Unlike the current administration, he never left anyone behindDerrick is America First all the way, and he is running against a weak and pathetic Democrat named Yevgeny Eugene Vindman who, along with Adam Shifty Schiff and others, lied to push the Ukraine Impeachment Hoax, a continuation of the greatest and most dangerous Political WITCH HUNT in the History of our CountryDerrick Anderson has my Complete and Total Endorsement - HE WILL NOT LET YOU DOWN"
"@1","p3408","45595","Kelly Cooper is a fantastic America First Candidate running to represent the Great People of Arizonas 4th Congressional DistrictKelly will be an INCREDIBLE Fighter in Congress. A U.S. Marine Corps Veteran, Kelly knows how to Strengthen our Military, Care for our Veterans, Secure our Border, Stand with our Brave Law Enforcement, and Support our always under siege Second Amendment. As a very successful Small Businessman, Kelly will work hard to Stop Inflation, Grow the Economy, Lower Taxes, and Eliminate Government Waste.Kelly Cooper has my Complete and Total Endorsement - HE WILL NEVER LET YOU DOWN"
"@1","p3407","45595","KAMALA BACKED BIDEN ON EVERYTHING"
"@1","p3406","45595","Pennsylvania is cheating, and getting caught, at large scale levels rarely seen before. REPORT CHEATING TO AUTHORITIES. Law Enforcement must act, NOW"
"@1","p3405","45595","Kamalas speech was terrible, full of lies and nothing new. Where are the jobs There are none"
"@1","p3404","45595","While I am running a campaign of positive solutions to save America, Kamala Harris is running a campaign of hate. She has spent all week comparing her political opponents to the most evil mass murderers in history. Now, on top of everything, Joe Biden calls our supporters garbage. You cant lead America if you dont love the American People. Kamala Harris and Joe Biden have shown they are both unfit to be President of the United States. I am proud to lead the biggest, broadest, and most important political coalition in American history. We are welcoming historic numbers of Latinos, African Americans, Asian Americans, and citizens of every race, religion, color, and creed. It is my desire to be the President of all the people."
"@1","p3403","45595","PETERSON: Ignore The Democrat And Media Outrage. Trump Has Done More For Puerto Rico Than Any Other President https://dailycaller.com/2024/10/29/peterson-democrat-media-donald-trump-puerto-rico/"
"@1","p3402","45595","I was in Allentown, Pennsylvania tonight with a message of hope for all AmericansWith your vote in this election, I WILL END INFLATION, I WILL STOP THE INVASION, and I WILL BRING BACK THE AMERICAN DREAM. Our Country will be bigger, better, bolder, richer, safer and stronger than ever before.This election is a choice between whether we will have four more years of incompetence and failureor whether we will begin the four greatest years in the History of our Country. I am asking you to be excited about the future again. I am asking you to Dream Big Again. This will be Americas new Golden Age https://swampthevoteusa.com/"
"@1","p3401","45595","THANK YOUALLENTOWN, PENNSYLVANIA MAGA2024 https://swampthevoteusa.com/"
"@1","p3400","45595","This election is a choice between whether we will have four more years of incompetence and failureor whether we will begin the four greatest years in the history of our Country"
"@1","p3399","45595","I was in Pennsylvania this evening with a message of HOPE for all Americans: with your vote in this election, I will END inflation, I will STOP the invasion, and I will BRING BACK the American Dream https://swampthevoteusa.com/"
"@1","p3398","45595","Starting on Day One of my new administration, I will END Kamalas war on Pennsylvania EnergyWe will FRACK, FRACK, FRACKWe will DRILL, BABY, DRILL"
"@1","p3397","45595","Join me LIVE in Allentown, Pennsylvania, tonight at 8:00pmEDT Will be on @RSBN, @NewsMax, @realAmericasVoice, @OAN, and Donald J. Trump, among others. See you soonMAGA2024 https://rumble.com/v5knam5-live-president-trump-in-allentown-pa.html"
"@1","p3396","45595","Believers For Trump https://believers.donaldjtrump.com/"
"@1","p3395","45595","Pennsylvania, today, October 29th, is the last day to vote in-person by mail I need you to VOTE, VOTE, VOTE Dont let anyone stop you from voting. Stay in line, dont let anyone turn you away and silence your voice. We need to make it TOO BIG TO RIG If youre in Pennsylvania, dont wait. VOTE TODAY https://swampthevoteusa.com/"
"@1","p3394","45595"," Kamala is now running billboards near the Border advertising FREE Legal Services for Illegal Alien Criminals. When I win, the billboards are coming down, and the Migrant Gangs are going home"
"@1","p3393","45595","Join me live in Drexel Hill, Pennsylvania at 4:00pmEDT Will be on @NewsMax, @OAN, @RSBN, @realAmericasVoice, and Donald J. Trump @Rumble, among others. See you soonMAGA2024 https://rumble.com/v5km17p-live-president-trump-in-drexel-hill-pa.html"
"@1","p3392","45595","I will be doing a Major Interview on The Sean Hannity Show tonight at 9 PM EST. ENJOY"
"@1","p3391","45595","Comrade Kamala is spending the waning days of her horrible campaign using the same old tropes to attack the most beautiful movement in American history, MAGA Yet, its not working, and even her own Super PAC has screamed, STOP She is incapable of talking about real issues. Instead, many Democrats are pulling the rip-cord on Kamala, and they are instead running ads praising TRUMP Stay focused, everyone, and GO VOTE https://swampthevoteusa.com/"
"@1","p3390","45595","To the Coptic Christian community living throughout the United States, I deeply admire your Steadfast Faith in God, Perseverance through Centuries of Persecution and Love for this Great Country. I am Counting on your support and vote to help uphold our shared Social and Family Values and continue to Make America Great Again"
"@1","p3389","45595","Kamala is now running billboards near the Border advertising FREE Legal Services for Illegal Alien Criminals. When I win, the billboards are coming down, and the Migrant Gangs are going home"
"@1","p3388","45595","https://rumble.com/v5kl71m-live-president-trump-in-palm-beach-fl.html"
"@1","p3387","45595","https://www.DonaldJTrump.com"
"@1","p3386","45595","Why Donald Trump Keeps Fighting For America https://youtu.be/nwQil7tcImI"
"@1","p3385","45595","https://swampthevoteusa.com/"
"@1","p3384","45595","Law Enforcement is all over the GREAT Commonwealth of Pennsylvania looking at, and for, VOTER FRAUD"
"@1","p3383","45594","NORTH CAROLINA Today is the last day to request your absentee ballot SwampTheVote https://vote.donaldjtrump.com/nc/"
"@1","p3382","45594","OHIO Today is the deadline to request your absentee ballot. Lets make this TooBigToRig https://vote.donaldjtrump.com/oh/"
"@1","p3381","45594","PENNSYLVANIA Early Voting ends TODAY. Make sure to get out and make your voice heardLets make it TooBigToRig https://vote.donaldjtrump.com/pennsylvania-get-out-the-vote/"
"@1","p3380","45594","PENNSYLVANIA Early Voting ends TODAY. Make sure to get out and make your voice heardLets make it TooBigToRig https://vote.donaldjtrump.com/pennsylvania-get-out-the-vote/"
"@1","p3379","45594","OHIO Today is the deadline to request your absentee ballot. Lets make this TooBigToRig https://vote.donaldjtrump.com/oh/"
"@1","p3378","45594","NORTH CAROLINA Today is the last day to request your absentee ballot SwampTheVote https://vote.donaldjtrump.com/nc/"
"@1","p3377","45594","Get a copy of my newest book, SAVE AMERICA today https://45books.com/"
"@1","p3376","45594","Jerrod Sessler is a fantastic Candidate and will be a GREAT Congressman for Washington States 4th Congressional District. A Navy Veteran, Entrepreneur, Loving Father and Husband, Jerrod will fight hard every day to Secure the Border, Stand for the Rule of Law, Strengthen our Military, Take Care of our Vets, Defend our Nation, and Protect our always under siege Second Amendment. He is running against a Weak and Pathetic RINO named Newhouse, who voted to, for no reason, Impeach me. Newhouse has to go He wished he didnt do what he did, but its too late, and besides that, he didnt represent the people nearly as well as Jerrod will. Jerrod will do an incredible job - He is MAGA all the way, and has my Complete and Total Endorsement. JERROD SESSLER WILL NEVER LET YOU DOWN"
"@1","p3375","45594","Melania will be on Fox  Friends. Her book, MELANIA, is NUMBER ONE. Get it and ENJOY"
"@1","p3374","45594","Wow York County, Pennsylvania, received THOUSANDS of potentially FRAUDULENT Voter Registration Forms and Mail-In Ballot Applications from a third party group. This is on top of Lancaster County being caught with 2600 Fake Ballots and Forms, all written by the same person. Really bad stuff. WHAT IS GOING ON IN PENNSYLVANIA Law Enforcement must do their job, immediately WOW"
"@1","p3373","45594","With your support on November 5th, we will achieve success that no one can imaginewe will have the strongest economy, the most secure borders, the safest cities...we will dominate the frontiers of science, medicine, business, technology, and space"
"@1","p3372","45594","https://rumble.com/v5kgjzf-live-president-trump-holds-a-rally-in-atlanta-ga-102824.html"
"@1","p3371","45594","FoxNews spends far too much time promoting the Democrats, their surrogates, and their agenda. Today I watched, over and over again, an angry and totally out of control Michelle Obama trying to save the dying Campaign of Comrade Kamala Harris. Im leading in Michigan, by a lot, because of great support from Autoworkers, Arab Americans, Jewish Americans, and all other Patriots - But Fox refuses to put up those Polls. Fox also plays more negative commercials and ads promoting the other side than is even imaginable - Our ads on FoxNews are always a big deal to negotiate They want us to change and weaken our content, but we put them up on CNN and MSDNC with no problems or changes. Its hard to believe Im leading by so much"
"@1","p3370","45594","The Democrats have not only greatly demeaned and embarrassed Crooked Joe Biden, but now theyre demanding that he be nowhere near Lyin Kamalas Campaign. Its not good enough that they took the Presidency away from him, just like you take candy away from a baby, but now they have to further embarrass him by telling him to, GET LOST. They are a Threat to Democracy"
"@1","p3369","45593","NEW HAMPSHIRE Early Voting is underway Lets SwampTheVote https://vote.donaldjtrump.com/newhampshire/"
"@1","p3368","45593","MINNESOTA Early Voting has started Get out and vote to make this election TooBigToRig https://vote.donaldjtrump.com/mn-top-level/"
"@1","p3367","45593","CALIFORNIA Early Voting is happening now Together, we can make this election TooBigToRig https://vote.donaldjtrump.com/ca/"
"@1","p3366","45593","https://rumble.com/v5k1hod-live-trump-holds-a-rally-at-the-iconic-madison-square-garden-in-new-york-10.html"
"@1","p3365","45592","MAKE AMERICA GREAT AGAIN"
"@1","p3364","45592","Kamala Backed Biden on Everything"
"@1","p3363","45592","Congresswoman Michelle Steel is a Tremendous Champion for the Great People of Californias 45th Congressional DistrictAn America First Patriot whose family bravely fled Communism, Michelle brings that same fighting spirit to Congress, and will never back down against the Communists, Marxists, and Socialists on the Radical Left. Michelle is working hard to Restore the American Dream, Grow our Economy, Secure our Border, Support our Great Military/Vets, and Protect our always under siege Second Amendment. During my Administration, Michelle worked with us to achieve the lowest ever unemployment for Vietnamese Americans, and ALL Americans.Michelle is one of the strongest Congresswomen in the Country, whereas her WEAK opponent, Derek Tran, is a Radical Left Puppet of Communist China, who will put our Country, and Safety, LAST. Michelle, on the other hand, will ALWAYS put California, and America, FIRST.Michelle Steel has my Complete and Total Endorsement - SHE WILL NOT LET YOU DOWN"
"@1","p3362","45592","THANK YOUSTATE COLLEGE, PENNSYLVANIA. TOGETHER, WE ARE GOING TO MAKE AMERICA GREAT AGAIN https://swampthevoteusa.com/"
"@1","p3361","45592","Join me LIVE in State College, Pennsylvania for a MAGA RALLY Will be on @RSBN, @NewsMax, @OAN, @realAmericasVoice, and Donald J. Trump @Rumble, among otherBIG CROWD, SEE YOU SOON MAGA2024 https://rumble.com/v5k8gz5-live-president-trump-in-state-college-pa.html"
"@1","p3360","45592","WHEN IM PRESIDENT THE MCDONALDS ICE CREAM MACHINES WILL WORK GREAT AGAIN"
"@1","p3359","45592","NEW YORK Nows your time to shine. Its the first day of in-person early voting Lets get out there and SWAMP THE VOTE vote.donaldjtrump.com/ny"
"@1","p3358","45592","We are one people, one family, and one glorious nation under God. We will never give in, we will never give up, we will never back down, and we will never, ever surrender. Together, we will FIGHT, FIGHT, FIGHT, and VOTE, VOTE, VOTE. November 5th will be the most important day in the history of our Country https://swampthevoteusa.com/"
"@1","p3357","45592","MICHIGAN The time to vote in-person is now Get out and SWAMP THE VOTE. Lets make this election TOO BIG TO RIG. https://vote.donaldjtrump.com/mi/"
"@1","p3356","45592","JOIN ME LIVE IN NOVI, MICHIGAN https://rumble.com/v5k7koh-live-president-trump-in-novi-mi.html"
"@1","p3355","45591","https://swampthevoteusa.com/"
"@1","p3354","45591","Kamala is destroying your Social Security. She is a total disaster"
"@1","p3353","45591","Abortion has dropped way down as an issue. States are already giving it to the PEOPLE to Vote, which is what everyone wanted. Like Ronald Reagan, I believe in the EXCEPTIONS for Rape, Incest, and the Life of the Mother. Many States are already done, others are moving to a vote now. A 52 year contentious issue will finally be coming to a close. The focus now is on the broken Border, Inflation and the Economy"
"@1","p3352","45591","DEMS NEED A THERAPY SESSION"
"@1","p3351","45591","https://www.rsbnetwork.com/news/trump-vows-to-totally-complete-the-rebuilding-of-western-north-carolina/"
"@1","p3350","45591","https://thepostmillennial.com/trump-makes-surprise-visit-to-north-carolina-announces-gofundme-has-raised-8-million-for-hurricane-helene-victims"
"@1","p3349","45591","https://writerevolutionnews.com/2024/10/21/president-trump-rallies-in-north-carolina-and-promises-to-give-the-support-they-need-to-rebuild/"
"@1","p3348","45591","https://writerevolutionnews.com/2024/10/19/are-you-better-off-now-than-you-were-four-years-ago-trump-offers-solutions-to-harris-regime-failures/"
"@1","p3347","45591"," The plane is maxed out speed wise, will be landing in Traverse City, Michigan shortly Join me LIVE on @RSBN, @OAN, @NewsMax, @realAmericasVoice, and Donald J. Trump @Rumble, among others. See you soonMAGA2024 https://rumble.com/v5k4525-live-president-trump-in-traverse-city-mi.html"
"@1","p3346","45591","The plane is maxed out speed wise, will be landing in Traverse City, Michigan shortly Join me LIVE on @RSBN, @OAN, @NewsMax, @realAmericasVoice, and Donald J. Trump @Rumble, among others. See you soonMAGA2024 https://rumble.com/v5k4525-live-president-trump-in-traverse-city-mi.html"
"@1","p3345","45591","John Kellys tarnished reputation keeps getting worse He is a STONE COLD LOSER, always has been, and Im glad I didnt have him involved with the ISIS Caliphate, which I won in record setting time. If he was involved, we would have lost"
"@1","p3344","45591","Hello Traverse City, MichiganI am going to be there in a little while"
"@1","p3343","45591","https://nypost.com/2024/10/25/us-news/mother-of-jocelyn-nungaray-slams-kamala-harris-for-not-reaching-out/"
"@1","p3342","45591","KAMALA HARRIS is JOE BIDEN"
"@1","p3341","45591","ATTENTION PENNSYLVANIA https://swampthevoteusa.com/pa/"
"@1","p3340","45591","10/24/24  LAS VEGAS, NEVADA"
"@1","p3339","45591","AMERICA IS A NATION IN DECLINE"
"@1","p3338","45591","ATTENTION VIRGINIATodays the last day to request your mail-in ballot Vote early and lets make it TooBigToRig http://vote.donaldjtrump.com/va-top-level"
"@1","p3337","45591","JOIN ME NOWLIVE IN AUSTIN, TEXAS https://rumble.com/v5k3ezh-live-president-trump-in-austin-tx.html"
"@1","p3336","45591","CEASE  DESIST: I, together with many Attorneys and Legal Scholars, am watching the Sanctity of the 2024 Presidential Election very closely because I know, better than most, the rampant Cheating and Skullduggery that has taken place by the Democrats in the 2020 Presidential Election. It was a Disgrace to our Nation Therefore, the 2024 Election, where Votes have just started being cast, will be under the closest professional scrutiny and, WHEN I WIN, those people that CHEATED will be prosecuted to the fullest extent of the Law, which will include long term prison sentences so that this Depravity of Justice does not happen again. We cannot let our Country further devolve into a Third World Nation, AND WE WONT Please beware that this legal exposure extends to Lawyers, Political Operatives, Donors, Illegal Voters,  Corrupt Election Officials. Those involved in unscrupulous behavior will be sought out, caught, and prosecuted at levels, unfortunately, never seen before in our Country."
"@1","p3335","45591","Sleepy Joe Biden and Comrade Kamala Harris ridiculously accuse me of wanting to weaponize the Justice Department, when they have done all of the weaponizing. Now, their truly Weaponized Department of Injustice, and a Judge appointed by Joe, have ORDERED the Great Commonwealth of Virginia to PUT NON-CITIZEN VOTERS BACK ON THE ROLLS. This is a totally unacceptable travesty, and Governor Youngkin is absolutely right to appeal this ILLEGAL ORDER, and the U.S. Supreme Court will hopefully fix it Only U.S. Citizens should be allowed to vote. Keep fighting, Glenn - AND REPUBLICANS IN VIRGINIA, KEEP VOTING EARLY I will be calling in to Glenns Rally with Lara Trump tomorrow morning to talk about this crazy Ruling, and announce my final stop in Virginia before Election Day. TUNE IN"
"@1","p3334","45591","I was saddened to hear of the passing of the late, great, Fernando Valenzuela, one of baseballs most beloved pitchers. A true baseball legend, he was a hero not only to the Latino community, but sports fans everywhere. His skill and charisma made him a joy to watch. I was a big fan. He was an incredible talent with an inspiring life story. After his playing career ended, Fernando had a very successful second act as a broadcaster. Admired by millions, the great Fernando Valenzuela will be dearly missed."
"@1","p3333","45590","Kamala Harris has finally lost the Catholic vote. Her and the Democrats persecution of the Catholic Church is unprecedented Her poll numbers have dropped like a rock, both with Catholics, and otherwise. What took so long RFK JR. has been pushing hard for Catholics to VOTE FOR TRUMP. Kamala again made a fool of herself last night at a Radical Left fundraiser, and this after putting on a very Low IQ display at a FAKE NEWS CNN Town Hall. She was almost incoherent, and even host Allison Cooper, who couldnt get her to make any sense, became agitated. Kamala is DEMANDING LATE TERM ABORTION, in months 7, 8, and 9, and even execution after birth, and people arent buying it - and they never will. She is a Radical Left Lunatic"
"@1","p3332","45590","OCCUPIED AMERICA"
"@1","p3331","45590","I LOVE THE NEW YORK POST. GREAT ELECTION COVERAGE. THANKS FOR THE WONDERFUL ENDORSEMENT DONALD J. TRUMP"
"@1","p3330","45590","We are one people, one family, and one glorious nation under God. We will never give in, we will never give up, we will never back down, and we will never, ever surrender. Together, we will FIGHT, FIGHT, FIGHT, and WIN, WIN, WINNovember 5th will be the most important day in the history of our Country VOTE"
"@1","p3329","45590","After all we have been through together, we stand on the verge of the 4 greatest years in the history of our Country. With your help from now until Election Day, we will redeem Americas promise, we will put America First, and we will take back the nation that we love"
"@1","p3328","45590","THANK YOU LAS VEGAS, NEVADA The polls are open for early voting in Nevada every day from now to November 1st. So get everyone you know, and GO VOTE Republican up and down the ballot. With your help, 12 days from now, we are going to WIN Nevada, we are going to defeat Kamala Harris, and we are going to Make America Great Again"
"@1","p3327","45590","Just landed in Las Vegas, Nevada Join me LIVE, tonight at 7pmPDT/10pmEDT on @RSBN, @realAmericasVoice, @OAN, @NewsMax, and Donald J. Trump, among others. See you soonMAGA2024 https://rumble.com/v5k002l-live-president-trump-in-las-vegas-nv.html"
"@1","p3326","45590","Early voting is underway here in ArizonaIf you want to vote by mail, tomorrow is your last day to request a ballot, but you can cast your early vote in-person all the way through November 1st. GO VOTEARIZONA VOTING INFORMATION: https://vote.donaldjtrump.com/arizona/"
"@1","p3325","45590","The United States is now an OCCUPIED COUNTRY, but it will soon be an occupied Country no longer. November 5th, 2024 will be called LIBERATION DAY in America. https://swampthevoteusa.com/"
"@1","p3324","45590","NO TAX ON TIPSNO TAX ON OVERTIMENO TAX ON SOCIAL SECURITYhttps://swampthevoteusa.com/"
"@1","p3323","45590","Tulsi Gabbard: Independent thinkers like me have no home in the Democrat Party of censorship and total conformity and war. Under President Trumps leadership, the Republican Party welcomes people like us."
"@1","p3322","45590","THERES SOMETHING VERY EXCITING GOING ON IN THIS COUNTRY TODAY"
"@1","p3321","45590","https://www.tmz.com/2024/10/24/mel-gibson-kamala-harris-low-iq-fence-post/"
"@1","p3320","45590","See you tonight, LAS VEGAS, NEVADA Join me at the UNLV Thomas  Mack Arena at 7:00pmPDTSee you soon Get your tickets at: https://event.donaldjtrump.com/events/turning-point-pac-and-turning-point-action-to-host-united-for-change-rally-in-las-vegas-featuring-special-guest-president-donald-j-trump"
"@1","p3319","45590","https://www.SwampTheVoteUSA.com"
"@1","p3318","45590","GEORGIAEarly Voting is UNDERWAY. Get out and VOTE TRUMP https://vote.donaldjtrump.com/ga/"
"@1","p3317","45590","An undocumented immigrant is not a criminal. Kamala Harris"
"@1","p3316","45590","Landing in ARIZONA now for a big rally in TEMPE. Join me live at 5:00pmMST/8:00pmEDT. Will be on @RSBN, @NewsMax, @realAmericasVoice, @OAN, and Donald J. Trump @Rumble, among others. See you soonMAGA2024 https://rumble.com/v5jy1ij-live-president-trump-in-tempe-az.html"
"@1","p3315","45590","Lara Trump, our incredibly smart and talented Republican National Committee Co-Chair who did a fantastic job this week on the Breakfast Club program, will be joining Governor Glenn Youngkin at a rally in the Commonwealth of Virginia this Saturday to encourage everyone to VOTE EARLY. Glenn has given the people of Virginia great confidence their vote will be SECURE and ONLY ALL LEGAL VOTES WILL BE COUNTED. In fact, Virginia early vote is looking tremendous enough for the GOP that perhaps Lara is not the only TRUMP you will see in the Commonwealth before Election Day. Stay tuned https://swampthevoteusa.com/"
"@1","p3314","45590","I am NOT proposing a National Sales Tax, as the Democrats say in their Advertisements against me. Dems know what they are saying is a blatant lie. I am proposing tariffs on other countries that take advantage of us, hardly a NST. These tariffs are paid for by the abusing country, NOT THE AMERICAN CONSUMER. They do not cause inflation, and will MAKE AMERICA RICH AGAIN"
"@1","p3313","45589","Thank you for your support against a total degenerate named John Kelly, who made up a story out of pure Trump Derangement Syndrome Hatred This guy had two qualities, which dont work well together. He was tough and dumb. The problem is his toughness morphed into weakness, because he became JELLO with time The story about the Soldiers was A LIE, as are numerous other stories he told. Even though I shouldnt be wasting my time with him, I always feel its necessary to hit back in pursuit of THE TRUTH. John Kelly is a LOWLIFE, and a bad General, whose advice in the White House I no longer sought, and told him to MOVE ON His wife once told me, at Camp David, John admires you tremendously, and when he leaves the Military, he will only speak well of you. I said, Thank you"
"@1","p3312","45590","https://tomklingenstein.com/tim-walz-says-he-wants-to-destroy-america/"
"@1","p3311","45590","https://www.americanbanker.com/news/quarterly-earnings-call-gets-political-when-banker-endorses-trump"
"@1","p3310","45590","Lawrence Jones: She ran for president back in 2019, is the current Vice President of the United States...That when faced with issues of the country, says shes still thinking about those...youre asking us to hire you and you dont know the answers to the questions."
"@1","p3309","45590","THIS SAYS IT ALL"
"@1","p3308","45590","Even Justin Trudeau wants to close Canadas Borders. We are the only stupid ones that allow people, including hundreds of thousands of criminals, to freely come into the United States through our ridiculous Open Borders Policy. The damage has already been done, but it must be corrected IMMEDIATELY"
"@1","p3307","45590","https://nypost.com/2024/10/23/opinion/despite-the-media-caterwauling-voters-arent-buying-that-trump-is-a-threat-to-democracy/"
"@1","p3306","45589","A Great Hero, THANK YOU. SUCH AN HONOR"
"@1","p3305","45589","THANK YOU, GEORGIAMAGA2024 https://vote.donaldjtrump.com/ga/"
"@1","p3304","45589","https://swampthevoteusa.com/"
"@1","p3303","45589","WE CANT AFFORD FOUR MORE YEARS OF KAMALA"
"@1","p3302","45589","https://www.washingtonexaminer.com/news/campaigns/presidential/3199603/tulsi-gabbard-joins-republican-party-trump-rally-north-carolina/"
"@1","p3301","45589","https://www.dailymail.co.uk/news/article-13990183/tulsi-gabbard-donald-trump-north-carolina-rally.html"
"@1","p3300","45589","https://www.foxnews.com/politics/trump-meets-latino-leaders-after-new-poll-shows-him-11-points-ahead-harris-key-voting-bloc"
"@1","p3299","45589","https://www.independent.co.uk/news/world/americas/us-politics/trump-latino-voters-miami-prayer-b2633720.html"
"@1","p3298","45589","https://justthenews.com/politics-policy/trump-slams-harris-over-campaign-down-time-im-not-taking-day"
"@1","p3297","45589","Comrade Kamala Harris sees that she is losing, and losing badly, especially after stealing the Race from Crooked Joe Biden, so now she is increasingly raising her rhetoric, going so far as to call me Adolf Hitler, and anything else that comes to her warped mind. She is a Threat to Democracy, and not fit to be President of the United States  And her Polling so indicates"
"@1","p3296","45589","The polls are open for early voting in Georgia every day from now to November 1st...With your help, 13 days from now, we are going to WIN Georgia, we are going to defeat Kamala Harris, and we are going to Make America Great AgainGEORGIA VOTING INFORMATION: https://vote.donaldjtrump.com/ga/"
"@1","p3295","45589","THANK YOU, JASON ALDEAN"
"@1","p3294","45589","After all the catastrophes she has caused, Kamala Harris cant say one thing shed do differently. I am asking you to be excited about the future of our Country again. This will be Americas new Golden Age"
"@1","p3293","45589","Immediately upon taking the oath of office, I will launch the largest deportation program in American history  I will rescue every town across America that has been invaded and conquered and we will put these vicious and bloodthirsty criminals in jail or kick them the hell OUT OF OUR COUNTRY"
"@1","p3292","45589","We are running against the most radical, most incompetent, most unfit Vice President in history. No one respects her. No one trusts her. No one takes her seriously  But we are not running against Kamala. She means nothing. She is purely a vessel  We are running against something far bigger and far more powerful than them, which is a massive, vicious, crooked, radical left machine that runs todays Democrat Party"
"@1","p3291","45589","On my way to Duluth, Georgia now Join me LIVE at 7:15PM EDT. Will be on @RSBN, @NewsMax, @OAN, @realAmericasVoice, and Donald J. Trump @Rumble, among others. BIG CROWD, SEE YOU SOONMAGA2024 https://rumble.com/v5juqwq-live-president-trump-in-duluth-ga.html"
"@1","p3290","45589","Kamala Harris did NOTHING as 120,000 Armenian Christians were horrifically persecuted and forcibly displaced in Artsakh. Christians around the World will not be safe if Kamala Harris is President of the United States. When I am President, I will protect persecuted Christians, I will work to stop the violence and ethnic cleansing, and we will restore PEACE between Armenia and Azerbaijan."
"@1","p3289","45589","Thank you for your support against a total degenerate named John Kelly, who made up a story out of pure Trump Derangement Syndrome Hatred This guy had two qualities, which dont work well together. He was tough and dumb. The problem is his toughness morphed into weakness, because he became JELLO with time The story about the Soldiers was A LIE, as are numerous other stories he told. Even though I shouldnt be wasting my time with him, I always feel its necessary to hit back in pursuit of THE TRUTH. John Kelly is a LOWLIFE, and a bad General, whose advice in the White House I no longer sought, and told him to MOVE ON His wife once told me, at Camp David, John admires you tremendously, and when he leaves the Military, he will only speak well of you. I said, Thank you"
"@1","p3288","45589","Just landed in the GREAT STATE OF GEORGIA"
"@1","p3287","45589","Why would Muslims support Lyin Kamala Harris when she embraces Muslim hating Liz Cheney, a total loser, whose father brought years of war, and death, to the Middle East"
"@1","p3286","45589","On my way to Zebulon, Georgia for a Believers and Ballots Faith Town Hall. Join me live at 3:00PM EDTWill be on @RSBN, @NewsMax, @OAN, and @realAmericasVoice, among others. See you soonMAGA2024 https://rumble.com/v5jr5wl-live-trump-holds-a-believers-and-ballots-faith-town-hall-in-zebulon-ga-1023.html"
"@1","p3285","45589","Kamala Harris sinking Campaign has become so TOXIC, that Democrat Senators in four different States are using me in their advertisements, and stating that they are with President Trump on Tariffs, and numerous other things. While it is a great compliment, it is not fair to those Republican Senate Candidates, Bernie Moreno, Dave McCormick, Eric Hovde, and Sam Brown, who are with me all the time. These Democrats have voted with Crooked Joe Biden almost 100 of the time. They only pretend to be on my side when Elections roll around. OHIO, PENNSYLVANIA, WISCONSIN, NEVADA: VOTE FOR BERNIE MORENO, DAVE MCCORMICK, ERIC HOVDE, AND SAM BROWN - THEY ARE THE ONES WHO ARE WITH US"
"@1","p3284","45589","I JUST ASK ONE SIMPLE QUESTIONWHY DIDNT SHE DO IT WHY HASNT SHE DONE IT SHES BEEN THERE FOR THREE AND A HALF YEARS"
"@1","p3283","45588","KAMALA HARRIS AND DEMOCRATS ARE ALL-IN ON DEFUNDING AND DEMORALIZING POLICE"
"@1","p3282","45588","Kamala Harris: Theres NO QUESTION Im in favor of BANNING FRACKING."
"@1","p3281","45588","ATTENTION GEORGIAGo to: https://vote.donaldjtrump.com/ga/"
"@1","p3280","45588","ATTENTION FLORIDAGo to: https://vote.donaldjtrump.com/fl/"
"@1","p3279","45588","ATTENTION MICHIGANGo to: https://vote.donaldjtrump.com/mi/"
"@1","p3278","45588","ATTENTION WISCONSIN Go to: https://vote.donaldjtrump.com/wi/"
"@1","p3277","45588","ATTENTION MAINEGo to: https://vote.donaldjtrump.com/me-top-level/"
"@1","p3276","45589","FLORIDA Tomorrow is the last day to request a mail-in ballot Dont wait until the deadline to request yours https://swampthevoteusa.com/"
"@1","p3275","45589","On my way to Zebulon, Georgia for a Believers and Ballots Faith Town Hall. Join me live at 3:00PM EDTWill be on @RSBN, @NewsMax, @OAN, and @realAmericasVoice, among others. See you soonMAGA2024 https://rumble.com/v5jr5wl-live-trump-holds-a-believers-and-ballots-faith-town-hall-in-zebulon-ga-1023.html"
"@1","p3274","45589","Hulk Hogans New Beer. He is a great guy, GIVE IT A SHOT"
"@1","p3273","45589","I JUST ASK ONE SIMPLE QUESTIONWHY DIDNT SHE DO IT WHY HASNT SHE DONE IT SHES BEEN THERE FOR THREE AND A HALF YEARS"
"@1","p3272","45588","KAMALA HARRIS AND DEMOCRATS ARE ALL-IN ON DEFUNDING AND DEMORALIZING POLICE"
"@1","p3271","45588","Kamala Harris: Theres NO QUESTION Im in favor of BANNING FRACKING."
"@1","p3270","45588","THANK YOU, NORTH CAROLINAGet your VOTING information here:https://vote.donaldjtrump.com/nc/"
"@1","p3269","45588","WELCOME, TULSI GABBARDMAGA"
"@1","p3268","45588","Year after year, globalist after globalist, radical-left politician after radical left politician Kamala Harris and her party sold you out  Under the Trump administration, we are going to take back what is ours https://swampthevoteusa.com/"
"@1","p3267","45588","Yesterday I was here outside Asheville, where I witnessed the terrible devastation of Hurricane Helene. To every family who has lost a loved one or a home, our hearts are with you, and we are praying for you.If youre displaced due to the storm, you do NOT have to return to your home county to voteyou can request a ballot to your temporary housing location. Find information for Voters Affected by Helene: https://vote.donaldjtrump.com/nc/"
"@1","p3266","45588","With your help, 14 days from now, we are going to WIN North Carolina, we are going to defeat Kamala Harris, and we are going to Make America Great Again https://swampthevoteusa.com/"
"@1","p3265","45588","Hello NORTH CAROLINA I am here today with a message of hope for all Americans: with your vote this election, I WILL END INFLATION, I WILL STOP THE INVASIONand I WILL BRING BACK, AS YOUR PRESIDENT, THE AMERICAN DREAM https://swampthevoteusa.com/"
"@1","p3264","45588","Just landed in North Carolina Join me live at 7:00PM EDT in Greensboro for a MAGA RALLY. Will be on @RSBN, @NewsMax, @OAN, @realAmericasVoice, and Donald J. Trump @Rumble, among others. See you soonMAGA2024 https://rumble.com/v5joyhp-live-president-trump-in-greensboro-nc.html"
"@1","p3263","45588","ATTENTION GEORGIAGo to: https://vote.donaldjtrump.com/ga/"
"@1","p3262","45588","ATTENTION FLORIDAGo to: https://vote.donaldjtrump.com/fl/"
"@1","p3261","45588","ATTENTION MICHIGANGo to: https://vote.donaldjtrump.com/mi/"
"@1","p3260","45588","ATTENTION WISCONSIN Go to: https://vote.donaldjtrump.com/wi/"
"@1","p3259","45588","ATTENTION MAINEGo to: https://vote.donaldjtrump.com/me-top-level/"
"@1","p3258","45588","3 1/2 YEARS IN OFFICE, AND"
"@1","p3257","45588","Just landed in North Carolina Join me live at 7:00PM EDT in Greensboro for a MAGA RALLY. Will be on @RSBN, @NewsMax, @OAN, @realAmericasVoice, and Donald J. Trump @Rumble, among others. See you soonMAGA2024 https://rumble.com/v5joyhp-live-president-trump-in-greensboro-nc.html"
"@1","p3256","45588","While Kamala said that people who believe in Jesus dont belong to her rallies, in our MovementWe love Christians, we welcome believers, and we embrace followers of Jesus"
"@1","p3255","45587","Thank you to the incredible Danica Patrick for such a wonderful and heartfelt Endorsement. I have always been a fan, such courage and talent. MAGA LOVES YOU"
"@1","p3254","45587","U.S. leaked highly confidential Documents from Israel. May have come from Defense Department. Israel has been seriously damaged and compromised by this. Wartime strategy and data. Probably came from Defense Department. MUST FIND THE LEAKER Israel no longer wants to share documents with U.S., and who can blame them"
"@1","p3253","45587","U.S. Oil and Gas Association calls out Harris on Flip Flopping. She WILL BAN FRACKING, PENNSYLVANIA Fox  Friends"
"@1","p3252","45587","Mayor Francis Suarez, Miami: Hispanics feel disassociated from the Democratic Party. I cant wait to Vote for President Trump today. CNN"
"@1","p3251","45587","PRESIDENT TRUMP WARNED US"
"@1","p3250","45587","Lyin Kamala has stooped so low as to pick a woman to campaign with her who lost her Congressional Race by the largest margin, 40, in history. The record holder is Crazed Warhawk Liz Cheney, whose father, Dick, convinced Bush to go into the Middle East and KILL. Now Kamala wants Arabs to vote for her I dont think so"
"@1","p3249","45587","https://youtu.be/iLZ2bN7h1SU"
"@1","p3248","45587","https://nypost.com/2024/10/21/us-news/ufc-fighters-tell-michigan-arabs-to-vote-for-donald-trump-as-a-peacemaker/"
"@1","p3247","45587","WE ARE LIVING HISTORY, and there is no better way to envision the future than to remember what has brought us to this moment. My newest Book, SAVE AMERICA, illustrates this incredible journey, from our first term in the White House, to our Historic Third Campaign taking place right now. Get your copy of SAVE AMERICA, today, at https://45books.com/."
"@1","p3246","45587","https://youtu.be/nwQil7tcImI"
"@1","p3245","45587","PRESIDENT TRUMP WARNED US"
"@1","p3244","45587","https://www.foxnews.com/media/trump-sends-letter-cbs-demanding-unedited-60-minutes-harris-transcript-teases-potential-lawsuit"
"@1","p3243","45587","https://www.foxnews.com/media/trump-sends-letter-cbs-demanding-unedited-60-minutes-harris-transcript-teases-potential-lawsuit"
"@1","p3242","45587","I am here tonight to deliver a simple message to Christians across America: It is time to stand up and SAVE YOUR COUNTRY. On November 5th, Christian voters need to turn out in the largest numbers ever https://swampthevoteusa.com/"
"@1","p3241","45587","Kamala will mandate that every public school in America must promote the idea that children can change their genders, allow men into girls locker rooms, and also allow men to play in womens sportsYOUR RELIGIOUS LIBERTY WILL BE GONE https://rumble.com/v5jl40t-live-president-trump-in-concord-nc.html"
"@1","p3240","45587","If you want to know what is at stake for Christians in this race, just listen to what Kamala Harris had to say last weekWhen two college students at her campaign event said, Jesus is Lord, Kamala ridiculed them and told them they were at the wrong rally"
"@1","p3239","45587","My faith took on new meaning on July 13th in Butler, Pennsylvania"
"@1","p3238","45587","Rev. Franklin Graham in North Carolina:Theyve tried to put him in prison, theyve tried to assassinate him twice, hes attacked every day in the media, and the only hope for Donald J. Trump and our nation is GOD"
"@1","p3237","45587","@ERICTRUMP: WELL LADIES AND GENTLEMEN, YOURE ARE AT THE RIGHT RALLY https://rumble.com/v5jl40t-live-president-trump-in-concord-nc.html Join me LIVE in Concord, North Carolina at 7:00PM EDT. Will be on @RSBN, @realAmericasVoice, and Donald J. Trump @Rumble, among others. See you soon LIVE LINK: https://rumble.com/v5jl40t-live-president-trump-in-concord-nc.html"
"@1","p3236","45587"," Join me LIVE in Concord, North Carolina at 7:00PM EDT. Will be on @RSBN, @realAmericasVoice, and Donald J. Trump @Rumble, among others. See you soon LIVE LINK: https://rumble.com/v5jl40t-live-president-trump-in-concord-nc.html"
"@1","p3235","45587","Join me LIVE in Concord, North Carolina at 7:00PM EDT. Will be on @RSBN, @realAmericasVoice, and Donald J. Trump @Rumble, among others. See you soon LIVE LINK: https://rumble.com/v5jl40t-live-president-trump-in-concord-nc.html"
"@1","p3234","45587","MAKE AMERICA GREAT AGAIN"
"@1","p3233","45575","A giant Fake News Scam by CBS  60 Minutes. Her REAL ANSWER WAS CRAZY, OR DUMB, so they actually REPLACED it with another answer in order to save her or, at least, make her look better. A FAKE NEWS SCAM, which is totally illegal. TAKE AWAY THE CBS LICENSE. Election Interference. She is a Moron, and the Fake News Media wants to hide that fact. An UNPRECEDENTED SCANDAL The Dems got them to do this and should be forced to concede the Election WOW"
"@1","p3232","45587","THANK YOU GREENVILLE, NORTH CAROLINAMAGA2024 https://rumble.com/v5jgt3x-live-president-trump-in-greenville-nc.html"
"@1","p3231","45587","Join me LIVE in Greenville, North Carolina at 3:15PM EDTWill be on @RSBN, @OAN, @Newsmax, @realAmericasVoice, and Donald J. Trump @Rumble, among others. See you soonMAGA2024 https://rumble.com/v5jgt3x-live-president-trump-in-greenville-nc.html"
"@1","p3230","45587","THANK YOU, PENNSYLVANIA https://SwampTheVoteUSA.com"
"@1","p3229","45586","MICHIGAN Today is the last day of voter registration, go to: https://vote.donaldjtrump.com/mi/"
"@1","p3228","45586","When will CBS release their Transcript of the fraudulent Interview with Comrade Kamala Harris They changed her answer in order to make Kamala look intelligent, rather than dumb as a rock. This may be the Biggest Scandal in Broadcast History CBS MUST GET THE TRANSCRIPT OUT NOW  Litigation has already started. Harris wasnt able to put two sentences together, so they completely removed her answer, and put in another one. The Public has a right to know what was changed to save this TOTALLY UNFIT Presidential Candidate from our Countrys Voters. SHE IS A THREAT TO DEMOCRACY"
"@1","p3227","45586","Gun owners must register to Vote, TODAY, if you want to save your guns. Our Second Amendment is under Siege by the Democrats. They want to confiscate your guns. BE SMART. VOTE"
"@1","p3226","45586","Christians must register to VOTE now. This is the last day to do so. Our Country is at stake God Bless You All  DONALD J. TRUMP"
"@1","p3225","45586","https://www.SwampTheVoteUSA.com"
"@1","p3224","45586","Congressman Chuck Edwards is doing an incredible job representing the Wonderful People of North Carolinas 11th Congressional District.Chuck is a Tireless Fighter in Congress, where he is working hard to Grow the Economy, Lower Inflation, Defend our Great Military and Police, Secure our Border, Uphold the Rule of Law, and Protect our always under siege Second Amendment.Chuck Edwards has my Complete and Total Endorsement - HE WILL NOT LET YOU DOWN"
"@1","p3223","45586","Congressman David Rouzer is a fierce Advocate for the Great People of North Carolinas 7th Congressional DistrictA Conservative Warrior, David is fighting hard to Support our Incredible Farmers, Grow our Economy, Stop Inflation, Secure our Border, Champion our Brave Veterans, and Defend our always under siege Second Amendment.David Rouzer has my Complete and Total Endorsement - HE WILL NOT LET YOU DOWN"
"@1","p3222","45586","Congressman Greg Murphy, M.D., is a tremendous Champion for the Fantastic People of North Carolinas 3rd Congressional DistrictA Highly Respected Surgeon, Greg is fighting hard to Deliver Quality Care to our Brave Veterans, Strengthen our Military, Grow the Economy, Lower Inflation, Restore American Energy Independence, Secure our Border, and Protect our always under siege Second Amendment.Dr. Greg Murphy has my Complete and Total Endorsement - HE WILL NOT LET YOU DOWN"
"@1","p3221","45586","Arab Voters are very upset that Comrade Kamala Harris, the Worst Vice President in the History of the United States and a Low IQ individual, is campaigning with dumb as a rock War Hawk, Liz Cheney, who, like her father, the man that pushed Bush to ridiculously go to War in the Middle East, also wants to go to War with every Muslim Country known to mankind. Remember, Liz Cheney lost her Congressional Seat by the LARGEST margin, 40, in History for a sitting Congressperson. If Kamala gets four more years, the Middle East will spend the next four decades going up in flames, and your kids will be going off to War, maybe even a Third World War, something that will never happen with President Donald J. Trump in charge. For our Countrys sake, and for your kids, Vote Trump for PEACE"
"@1","p3220","45586","PENNSYLVANIATHE VOTER REGISTRATION DEADLINE IS TODAY GO TO: https://vote.donaldjtrump.com/pennsylvania-get-out-the-vote/"
"@1","p3219","45586","https://rumble.com/v5jfahf-full-president-trumps-interview-with-mediabuzz.html"
"@1","p3218","45586","Good morning Pennsylvania. Today is the last day for Pennsylvanians to register to vote If you want to End Inflation, Stop the Invasion, and Save the Nation we love, then register now and VOTE EARLY https://swampthevoteusa.com/"
"@1","p3217","45586","TRUMP WILL END THE TAX ON SOCIAL SECURITY"
"@1","p3216","45586","Lyin Kamala Harris is now A CONFIRMED LIAR IN THAT SHE NEVER WORKED AT McDonalds, as she said she had FOR YEARS. SHE NEVER WORKED AT McDONALDS. SHE IS A LIAR, NOT A PRESIDENT"
"@1","p3215","45586","THANK YOU PITTSBURGH, PENNSYLVANIAMAGA2024 https://swampthevoteusa.com/"
"@1","p3214","45586","Thank you, PennsylvaniaMAGA2024"
"@1","p3213","45586","MAKE AMERICA GREAT AGAIN"
"@1","p3212","45586","Gun owners must register to Vote, TODAY, if you want to save your guns. Our Second Amendment is under Siege by the Democrats. They want to confiscate your guns. BE SMART. VOTE"
"@1","p3211","45586","Christians must register to VOTE now. This is the last day to do so. Our Country is at stake God Bless You All  DONALD J. TRUMP"
"@1","p3210","45586","Christians are under attack from this Administration, but many are still not registered Tomorrow is the last day to register in Pennsylvania. Register now and vote early https://swampthevoteusa.com/"
"@1","p3209","45586","I hated seeing what the NFL did with the kickoff return. Saw it tonight at the Steelers/Jets game. When you have something that works, dont tinker with it, you may end up with nothing"
"@1","p3208","45586","Thank you to the Steelers fans for the great reception tonight. November 5th will be the most important day in the history of our Country MAGA2024"
"@1","p3207","45586","THANK YOU LANCASTER, PENNSYLVANIAMAGA2024 https://rumble.com/v5jg3ot-live-president-trump-in-lancaster-pa.html"
"@1","p3206","45586","MAKE AMERICA GREAT AGAIN"
"@1","p3205","45586","Join me LIVE in Lancaster, Pennsylvania Live link: https://rumble.com/v5jg3ot-live-president-trump-in-lancaster-pa.html"
"@1","p3204","45586","https://nypost.com/2024/10/20/us-news/donald-trump-works-at-pa-mcdonalds-to-needle-kamala-harris/"
"@1","p3203","45586","My friend Governor Big Jim Justice is campaigning all over Western Pennsylvania with his beloved Baby Dog. He will soon be hitting Virginia, as well. What a guy Thank you, Jim"
"@1","p3202","45586","Kamala, Happy 60th Birthday"
"@1","p3201","45586"," Heading to McDonalds now. If I stay for 20 minutes, it will be 20 minutes longer than Lyin Kamala Harris has worked there. She said what a tough job it was, only to find out, much to everyones chagrin, that she never worked there"
"@1","p3200","45586","We have checked with McDonalds, and they say, definitively, that there is no record of Lyin Kamala Harris ever having worked there. In other words, she never worked there, and has lied about this job for years. Additionally, Kamala Harris and Joe Biden are killing franchises, want to end all franchises, which will destroy values and jobs. Also, remember, from me, No Tax On Tips"
"@1","p3199","45586","Heading to McDonalds now. If I stay for 20 minutes, it will be 20 minutes longer than Lyin Kamala Harris has worked there. She said what a tough job it was, only to find out, much to everyones chagrin, that she never worked there"
"@1","p3198","45586","https://rumble.com/v5jfahf-full-president-trumps-interview-with-mediabuzz.html"
"@1","p3197","45586","See you this evening at 5:00PM EDTLancaster, Pennsylvania. Thank you https://event.donaldjtrump.com/events/president-donald-j-trump-to-host-a-town-hall-in-lancaster-pennsylvania"
"@1","p3196","45585","KAMALA WONT CHANGE A THING"
"@1","p3195","45585","KAMALAS AGENDA IS THEY/THEMNOT YOU"
"@1","p3194","45585","https://www.foxnews.com/politics/trump-asks-pennsylvania-crowd-are-you-better-off-now-than-you-were-four-years-ago"
"@1","p3193","45585","After years of building up foreign countries, we are finally going to build up our Country, defend our borders, and protect our cities.We will not be invaded. We will not be occupied. We will not be conquered. We will be a free and proud nation once again"
"@1","p3192","45585","LIVE IN LATROBE, PENNSYLVANIA: https://rumble.com/v5j8h8t-live-president-trump-in-latrobe-pa.html Wow, thank you See you this eveningLatrobe, Pennsylvania Join me live at 6:00PM EDT: https://rumble.com/v5j8h8t-live-president-trump-in-latrobe-pa.html"
"@1","p3191","45585","LIVE IN LATROBE, PENNSYLVANIA: https://rumble.com/v5j8h8t-live-president-trump-in-latrobe-pa.html"
"@1","p3190","45585","LIVE IN LATROBE, PENNSYLVANIA: https://rumble.com/v5j8h8t-live-president-trump-in-latrobe-pa.html Wow, thank you See you this eveningLatrobe, Pennsylvania Join me live at 6:00PM EDT: https://rumble.com/v5j8h8t-live-president-trump-in-latrobe-pa.html"
"@1","p3189","45585","MYSTERY DRONES SWARMED A U.S. MILITARY BASE FOR 17 DAYS. THE PENTAGON IS STUMPED"
"@1","p3188","45585","Melania // 1 New York Times Best Seller Congratulations to my beautiful wife who created a wonderful book filled with new stories and photos about her life, our family, and the time she spent as your First Lady. https://MelaniaTrump.com/"
"@1","p3187","45585","https://www.donaldjtrump.com/"
"@1","p3186","45585","Wow, thank you See you this eveningLatrobe, Pennsylvania Join me live at 6:00PM EDT: https://rumble.com/v5j8h8t-live-president-trump-in-latrobe-pa.html"
"@1","p3185","45585","Vote against the machine -Elon Musk"
"@1","p3184","45585","Mark Cuban is a Loser. Wouldnt take his phone calls anymore while at the White House, and he went rogue. A weak and pathetic bully, hes got nothing going. Really low clubhead speed, a total non-athlete"
"@1","p3183","45585","https://www.foxnews.com/sports/mark-cuban-polls-followers-preferring-kids-like-trump-harris-trump-won-landslide"
"@1","p3182","45585","https://paulingrassia.substack.com/p/president-trump-has-the-wind-at-his"
"@1","p3181","45585","https://www.foxnews.com/opinion/david-marcus-why-teamsters-think-trump-not-harris-real-friend-working-man"
"@1","p3180","45585","https://www.dailymail.co.uk/news/article-13899047/small-business-owners-support-donald-trump-kamala-harris.html"
"@1","p3179","45585","50 Cent says he sees Black men identifying with Trump in upcoming election https://thehill.com/blogs/in-the-know/4708945-50-cent-black-men-donald-trump-2024-election/"
"@1","p3178","45585","https://www.thegatewaypundit.com/2024/09/alabama-crowd-roars-as-trump-is-pictured-big/"
"@1","p3177","45585","https://nypost.com/2024/09/28/us-news/trump-savages-kamala-harris-in-fiery-wisconsin-speech/"
"@1","p3176","45585","https://www.newsmax.com/newsfront/trump-harris-border/2024/09/28/id/1182125/"
"@1","p3175","45585","https://dailycaller.com/2024/09/16/exclusive-shoplifting-and-vehicle-thefts-soared-as-haitian-migrants-poured-into-ohio-town-police-data-shows/"
"@1","p3174","45585","https://www.breitbart.com/politics/2024/09/28/trump-slams-kamala-harris-visit-to-border-after-four-straight-years-of-obliterating-it/"
"@1","p3173","45585","https://www.thegatewaypundit.com/2024/09/president-trump-speaks-illegal-immigration-crime-wisconsin-border/"
"@1","p3172","45585","https://nypost.com/2024/09/21/us-news/iranians-for-trump-emerge-as-biden-kamala-harris-appease-tehran/"
"@1","p3171","45585","The scared majority could deliver a landslide victory for Trump https://thehill.com/opinion/campaign/4891015-the-scared-majority-could-deliver-a-landslide-victory-for-trump/"
"@1","p3170","45585","https://www.foxnews.com/politics/trump-makes-play-womens-vote-vows-ensure-powerful-exceptions-abortion-place"
"@1","p3169","45585","https://nypost.com/2024/09/28/us-news/president-trump-arrives-at-bryant-denny-stadium-in-tuscaloosa-for-alabama-vs-georgia-football-game/"
"@1","p3168","45585","https://www.breitbart.com/2024-election/2024/09/21/donald-trump-says-women-worse-under-harris-biden-i-will-fix-all-that/"
"@1","p3167","45585","https://justthenews.com/politics-policy/all-things-trump/trump-says-women-are-more-poor-and-less-optimistic-they-were-4"
"@1","p3166","45585","https://rumble.com/v5j4rm2-live-with-president-donald-trump-ep.-2353-101824.html"
"@1","p3165","45585","MICHIGAN https://swampthevoteusa.com/"
"@1","p3164","45584","The 4 reasons Harris is losing https://thehill.com/opinion/campaign/4929051-the-4-reasons-harris-is-losing/"
"@1","p3163","45584","10/17/24  AL SMITH DINNER"
"@1","p3162","45584","Kamala wants men playing in womens sports, open borders with criminals pouring into our Country, and transgender operations. She is a LOSER President Donald Trump calls out Vice President Kamala Harris when told that she said hes cancelling events due to being tired.OAN Campaign Rally 2024Election Republican Democrat"
"@1","p3161","45584","FAKE NEWS NEW - The percentage of Americans who say they have a great deal or a fair amount of trust in the mass media has fallen to a record low, according to a new Gallup survey."
"@1","p3160","45584","She has more of a cognitive issue than he has. They stole his presidency Kamala simply WILL NOT ANSWER when asked whether she saw a cognitive decline in Joe Biden.She knew, and she helped hide it."
"@1","p3159","45583","https://swampthevoteusa.com/"
"@1","p3158","45583","https://www.foxnews.com/media/cbs-accused-significant-intentional-news-distortion-fcc-complaint-over-60-minutes-edit"
"@1","p3157","45583","Just found out that Lyin Kamala is doing a video message tonight instead of being at the Al Smith Dinner. She shouldnt be allowed to do a video message. Kamala should be there like almost every other Presidential Candidate in their History, except Walter Mondale, who lost 49-1. They didnt give me the option of a video message, nor would I have done it. This is very disrespectful to everyone involved. She should be here, or lose the Catholic Vote"
"@1","p3156","45583","My manager, Lili, at Trump National Golf Club, Los Angeles, and Great Chicago Bears Football All Star, Brian Urlacher, having a picture taken. Lili is an excellent athlete, however, men playing in womens sports is a DISASTER"
"@1","p3155","45583","60 MINUTES SHOULD BE IMMEDIATELY TAKEN OFF THE AIR - ELECTION INTERFERENCE. CBS SHOULD LOSE ITS LICENSE. THIS IS THE BIGGEST SCANDAL IN BROADCAST HISTORY. Kamala should be investigated and forced off the Campaign, and Joe Biden allowed to take back his rightful place He got 14 Million Primary Votes, she got none. THIS WHOLE SORDID AND FRAUDULENT EVENT IS A THREAT TO DEMOCRACY https://www.foxnews.com/media/cbs-accused-significant-intentional-news-distortion-fcc-complaint-over-60-minutes-edit"
"@1","p3154","45583","Why wont 60 Minutes release the fraudulent tapes of Lyin Kamalas Interview with them Could it be because it was a COMPLETE AND TOTAL DISASTER, or that they CREATED many additional new answers for her, not just the one where she was so embarrassingly CAUGHT. In normal times, what happened on 60 Minutes, deceptively doctoring her answers, would be THE END OF ANYONES CAMPAIGN Kamala is slow, incoherent, and is in no way qualified to be President of the United States. RELEASE THE TAPES FOR THE GOOD OF AMERICA. We can do it the nice way, or the hard way"
"@1","p3153","45583","https://www.foxnews.com/media/cbs-accused-significant-intentional-news-distortion-fcc-complaint-over-60-minutes-edit"
"@1","p3152","45583","Why does Suzanne Scott of FoxNews keep putting on third rate talking heads like Jessica Tarlov, Richard Fowler, Patrick Murphy, something Wolf, Keisha Lance Bottoms, and other Radical Left Lunatics that lie, and make up statements, with Fox, rarely having any counter to their storytelling It is so bad for winning the Most Important Election in the History of our Country. Likewise, not a moment goes by when Im not looking at negative, false Ads that the other camp stuffs the Fox airwaves with. If I win and, I hope for the Countrys sake that I do, and this Radical Left Moron, Kamala, doesnt get a chance to run the Country, it is DESPITE Fox, not because of them"
"@1","p3151","45582","Great job by Bret Baier in his Interview with Lyin Kamala Harris. She has a massive and irredeemable case of TRUMP DERANGEMENT SYNDROME - So bad, in fact, that she is barely able to talk about any subject other than the man who had the best economy ever, the strongest border in history, and who just got the UNANIMOUS ENDORSEMENT OF THE U.S. Border Patrol, ME Their Endorsement was a TREMENDOUS HONOR They said that Comrade Kamala did a terrible job, the absolute worst in memory, and cant be allowed to do it again. She is also the WORST Vice President in history, but hopefully will soon be GONE. Again, congratulations to Bret Baier on a tough but very fair interview, one that clearly showed how totally incompetent Kamala is. For the good of our Nation, her inferior Cognitive ability must be tested at once"
"@1","p3150","45582","This is so great. There is NO WAY THEY CAN EXPLAIN AWAY THIS FRAUD https://justthenews.com/accountability/media/watchdog-files-fcc-complaint-against-cbs-over-60-minutes-edit"
"@1","p3149","45582","Great job by Bret Baier in his Interview with Lyin Kamala Harris. She has a massive and irredeemable case of TRUMP DERANGEMENT SYNDROME - So bad, in fact, that she is barely able to talk about any subject other than the man who had the best economy ever, the strongest border in history, and who just got the UNANIMOUS ENDORSEMENT OF THE U.S. Border Patrol, ME Their Endorsement was a TREMENDOUS HONOR They said that Comrade Kamala did a terrible job, the absolute worst in memory, and cant be allowed to do it again. She is also the WORST Vice President in history, but hopefully will soon be GONE. Again, congratulations to Bret Baier on a tough but very fair interview, one that clearly showed how totally incompetent Kamala is. For the good of our Nation, her inferior Cognitive ability must be tested at once"
"@1","p3148","45582","KAMALA WOULDNT CHANGE A THING"
"@1","p3147","45582","MAKE AMERICA GREAT AGAIN"
"@1","p3146","45582","I hope everyone listened yesterday as Bloomberg interviewed me. For over a year, Ive said China is building giant plants in Mexico. Since they heard about the Tariffs, all work has STOPPED on those plants. I saved Michigan autoworkers. Detroit will thrive if Im elected"
"@1","p3145","45582","Kamalas support is collapsing with Black voters. Inflation is hell. Worse, their cities are being used as illegal alien dumping grounds. If Kamala gets 4 more years, the Black Community loses its political power forever because their neighborhoods will all be majority migrant."
"@1","p3144","45581","https://www.rsbnetwork.com/news/trump-urges-georgians-to-vote-immediately-as-state-breaks-first-day-early-voting-record/"
"@1","p3143","45581","This Saturday, October 19, 2024, is the 40th Anniversary of the Martyrdom of Father Jerzy Popieuszko, a truly great Catholic priest, who was the source of tremendous spiritual strength for the Polish Solidarity Movement and, indeed, the entire nation of Poland, in the 1980s. Yesterday, in Chicago, I was honored to sign a Commemoration about this solemn anniversary and present it to Father Jerzys nephew, Marek Popieuszko, as well as receive from him a book of Father Jerzys sermons and other beautiful mementos to remember the life of this extraordinary man of heroic virtue."
"@1","p3142","45581","Congresswoman Monica De La Cruz is doing a fantastic job representing the people of Texas 15th Congressional District A successful Small Businesswoman who puts America First, Monica is fighting to Secure our Border, Grow our Economy, Uphold the Rule of Law, Strengthen our Military, Support our Veterans, and Protect our Senior Citizens Benefits. Congresswoman Monica De La Cruz has my Complete and Total Endorsement"
"@1","p3141","45581","https://rumble.com/v5itlt9-live-president-trump-in-atlanta-ga.html"
"@1","p3140","45581","JUST ARRIVED IN THE GREAT STATE OF GEORGIA, THANK YOUMAGA2024 DO YOUR PART, GEORGIA: MAKE OUR VICTORY TOO BIG TO RIG: https://vote.donaldjtrump.com/ga/"
"@1","p3139","45581","Todays the day WorldLibertyFi token sale is live. Get your WLFI tokens now. Purchase WLFI here: https://www.worldlibertyfinancial.com/"
"@1","p3138","45581","Does Ian Sams, Lyin Kamalas Special Advisor, own FoxNews He is on all the time, as are so many other of her supporters. So ridiculous that Fox allows this to happen right before the Election. We will WIN without Fox. MAGA2024"
"@1","p3137","45581","GEORGIA: in-person Early Voting opened TODAY, October 15thif you have a ballot, return it immediately, and if not, GO VOTE at the polls RIGHT NOW, and get everyone you know to cast their ballots for Trump and Republicans at every levelWith your help, 21 days from now, we are going to WIN Georgia, we are going to defeat Kamala Harris, and we are going to MAKE AMERICA GREAT AGAIN https://vote.donaldjtrump.com/ga/"
"@1","p3136","45580","https://vote.donaldjtrump.com/ga/"
"@1","p3135","45580","BORDER PATROL ENDORSES TRUMP"
"@1","p3134","45580","Kamalas Medical Report is really bad. With all of the problems that she has, there is a real question as to whether or not she should be running for President MY REPORT IS PERFECT - NO PROBLEMS"
"@1","p3133","45580","I had a Town Hall in Pennsylvania last night. It was amazing The Q and A was almost finished when people began fainting from the excitement and heat. We started playing music while we waited, and just kept it going. So different, but it ended up being a GREAT EVENING"
"@1","p3132","45580","North Korea just blew up the railway going to South Korea. Here we go, this is BAD NEWS Only Trump can solve it."
"@1","p3131","45580","Ive done 60 Minutes many times, even back in the good ol days when Journalism was respected and legit, but I have never seen a very poor answer being REPLACED by another, totally unrelated answer, in order to save the person great personal and professional embarrassment. What 60 Minutes did in doing this was Election Interference and Fraud. It is the worst and most blatant scandal in Broadcast History, and will not be soon forgotten. Just watch"
"@1","p3130","45580","I LOVE TRUTH, THE REAL VOICE OF AMERICA"
"@1","p3129","45580","Lyin Kamala, after having turned down the FoxNews Debate on September 4th, which I accepted, is now saying she wants to Debate, despite the fact that the Votes are already being cast. The reason she wants it now is simple, she is losing in the Polls, and is desperate - Will do anything The problem is that Kamala cant even do a simple Interview, and needs the Fake News Broadcasters, like CBS, to completely withdraw her answer on 60 Minutes, which was INCOHERENT, and illegally insert a completely different one in order to make her look modestly intelligent. IT DIDNT HELP, AND 60 MINUTES WILL BE PAYING A HEAVY PRICE FOR A LONG TIME TO COME"
"@1","p3128","45580","As to her completely desperate request for my Medical Statements, she is dying to see my Cholesterol which is 180, I have already provided them, many times, including quite recently, and they were flawless. However, I have just seen Kamalas Report, and it is not good. According to her Doctors Report, she suffers from urticaria, defined as a rash of round, red welts on the skin that itch intensely, sometimes with dangerous swelling. She also has allergic rhinitis and allergic conjunctivitis, a very messy and dangerous situation. These are deeply serious conditions that clearly impact her functioning. Maybe that is why she cant answer even the simplest of questions asked by 60 Minutes, and others. What is this all about I dont have these problems"
"@1","p3127","45580","Ive put out more Medical Exams than any other President in History, and aced two Cognitive Exams the Doctor stated that my cognitive exams were exceptional. I am far healthier than Clinton, Bush, Obama, Biden, but especially, Kamala. Also, I am far too busy campaigning to take time, from the 22 days left, as I am using every hour, of every day, campaigning, because we have to take back our Country from the Radical Left people that are destroying it. MAGA2024"
"@1","p3126","45580","While I have Endorsed Ted, on numerous occasions, verbally, because of the Importance of the Race, and Teds Importance to the future of our Country, I thought the Endorsement should be memorialized in writing.Senator Ted Cruz is doing a tremendous job representing the Great People of Texas, a State I love and WON BIG in 2016 and 2020, and, based on the Polls, will win even bigger in November. To the people of Texas, I greatly appreciate your support, and, as you know, I HAVE NEVER LET YOU DOWN"
"@1","p3125","45580","During my First Term, Ted worked with me to Deliver Historic Tax Cuts, Relief from Burdensome Regulations, and Unprecedented Economic Success. As the Ranking Member of the Senate Commerce Committee, Ted is leading the way to Stop Inflation, Grow the Economy, Lower Taxes, and Eliminate Government Waste. A tireless Fighter, Ted is working hard to Secure the Border, Stop Migrant Crime, Support our Great Military/Vets, Promote American Energy DOMINANCE, and Defend our always under siege Second Amendment.Ted is one of the strongest Senators in the Country on Border Security, whereas his Opponent, Colin Allred, is a Radical Open Border Extremist, who will put our Country, and Safety, LAST. Ted, on the other hand, will ALWAYS put Texas, and America, FIRST.Ted Cruz has my Complete and Total Endorsement - HE WILL NOT LET YOU DOWN"
"@1","p3124","45580","https://swampthevoteusa.com/"
"@1","p3123","45580","A beautiful evening in the Great Commonwealth of Pennsylvania, THANK YOUMAGA2024 https://rumble.com/v5ikybx-live-president-trump-in-oaks-pa.html"
"@1","p3122","45580","PENNSYLVANIA TOWN HALL: https://rumble.com/v5ikybx-live-president-trump-in-oaks-pa.html"
"@1","p3121","45580","We are running against a very powerful and a very corrupt machine"
"@1","p3120","45580","Let me give you the bottom lineWE win Pennsylvania, WE win this Great Commonwealth, WE are going to win the whole ball game"
"@1","p3119","45580","PENNSYLVANIA TOWN HALL: https://rumble.com/v5ikybx-live-president-trump-in-oaks-pa.html"
"@1","p3118","45580","PENNSYLVANIA TOWN HALL: https://rumble.com/v5ikybx-live-president-trump-in-oaks-pa.html"
"@1","p3117","45580","Just landed in Philadelphia, Pennsylvania. Join me live for a Town Hall in OAKS, PA at 7:00PM EDT LIVE LINK: https://rumble.com/v5ikybx-live-president-trump-in-oaks-pa.html"
"@1","p3116","45580","Our great Black population has had enough of the Fake Democrats. Theyll be voting for TRUMP, AND NEVER GO BACK TO TREACHERY  DECEIT"
"@1","p3115","45580","Neil Cavuto has one of the worst shows on Televisionand the worst rated on FoxNews. The people on Fake News CNN are better"
"@1","p3114","45580","https://www.youtube.com/watchvS7BTdUaNQM8"
"@1","p3113","45580","Lyin Kamala Harris has wisely chosen Bret Baier, of FoxNews, to do a much needed interview, because he is considered to be Fair  Balanced, though often very soft to those on the cocktail circuit Left. I would have preferred seeing a more hard hitting journalist, but Fox has grown so weak and soft on the Democrats, constantly polluting the airwaves with unopposed Kamala Representatives, that it all doesnt matter anymore. Hopefully, the people will understand on November 5th, and Early Voting. MAKE AMERICA GREAT AGAIN"
"@1","p3112","45580","How much time does Ian Sams, Senior Advisor to Lyin Kamala Harris, spend on FoxNews Hes now on Cavuto, Foxs Lowest Rated Show, by far, and spent much of the weekend hitting TRUMP, totally unopposed, before two real beauties, Eric Shawn and Arthel Neville  Not exactly the next Walter Cronkite of the Broadcasting World Sams is just a below average guy, with memorized FAKE NEWS soundbites, almost all of which are WRONG, but coupled with all of the other Harris Radical Left Democrat mouthpieces that Fox puts on Richard Fowler, Patrick Murphy, something Wolf, Jessica Tarloff, it has a very negative effect on the Election. Think of it, I spend an hour with the wonderful Maria Bartiromo, do a beautiful job, and then am followed up all day long by one-sided, negative Democrats, including Ian Sams, who virtually owns the Network. Its not worthwhile doing Interviews on Fox, because it all just averages out into NOTHING. FoxNews has totally lost its way"
"@1","p3111","45580","COMING TO A TV NEAR YOU"
"@1","p3110","45580","https://event.donaldjtrump.com/events/president-donald-j-trump-to-hold-a-rally-in-new-york-new-york"
"@1","p3109","45579","THANK YOU, ARIZONA Early voting by mail and in-person opened in Arizona earlier this weekso if you have a ballot, return it immediately, and if not, GO VOTE the minute the polls open tomorrow, and get everyone you know to cast their ballots for Trump and Republicans at every level With your help, 23 days from now, we are going to WIN Arizona, we are going to defeat Kamala Harris, and we are going to usher in a new Golden Age of American Success for citizens of every race, religion, color, and creed https://swampthevoteusa.com/"
"@1","p3108","45579","A GREAT HONOR, THANK YOU"
"@1","p3107","45579","Las Vegas Review-Journal endorses Donald Trump for president https://www.reviewjournal.com/opinion/rj-endorses/las-vegas-review-journal-endorses-donald-trump-for-president-3188637/"
"@1","p3106","45579","I believe it is very important that Kamala Harris pass a test on Cognitive Stamina and Agility. Her actions have led many to believe that there could be something very wrong with her. Even 60 Minutes and CBS, in order to protect Lyin Kamala, illegally and unscrupulously replaced an answer she had given, which was totally bonkers, with another answer that had nothing to do with the question asked. Also, she is slow and lethargic in answering even the easiest of questions. We just went through almost four years of that, we shouldnt have to do it again"
"@1","p3105","45579","A GREAT HONOR, THANK YOU"
"@1","p3104","45579","A FAKE and CLASSLESS Movie written about me, called, The Apprentice Do they even have the right to use that name without approval, will hopefully bomb. Its a cheap, defamatory, and politically disgusting hatchet job, put out right before the 2024 Presidential Election, to try and hurt the Greatest Political Movement in the History of our Country, MAKE AMERICA GREAT AGAIN My former wife, Ivana, was a kind and wonderful person, and I had a great relationship with her until the day she died. The writer of this pile of garbage, Gabe Sherman, a lowlife and talentless hack, who has long been widely discredited, knew that, but chose to ignore it. So sad that HUMAN SCUM, like the people involved in this hopefully unsuccessful enterprise, are allowed to say and do whatever they want in order to hurt a Political Movement, which is far bigger than any of us. MAGA2024"
"@1","p3103","45579","One of the Greatest Examples of DOJ Weaponization is the fact that they are suing Virginia to put ALL of the Illegal Voters, which were fully exposed and removed by the important work of Governor Glenn Youngkin, back on the Voter Rolls. Obviously, this was done so that they can CHEAT on the Election. So sad What has happened to our once Great Country"
"@1","p3102","45579","My message to the American People is very simple. No person who has inflicted the violence and terror that Border Czar Harris has unleashed on our Country can EVER be allowed to become the President of the United States. Anyone who would import criminal gangs to OCCUPY America cannot ask to be President. Anyone who orchestrated an invasion of America cannot lead America. Kamalas reign of terror ends the day I take the oath of office https://swampthevoteusa.com/"
"@1","p3101","45579","THANK YOU, ARIZONA Early voting by mail and in-person opened in Arizona earlier this weekso if you have a ballot, return it immediately, and if not, GO VOTE the minute the polls open tomorrow, and get everyone you know to cast their ballots for Trump and Republicans at every level With your help, 23 days from now, we are going to WIN Arizona, we are going to defeat Kamala Harris, and we are going to usher in a new Golden Age of American Success for citizens of every race, religion, color, and creed https://swampthevoteusa.com/"
"@1","p3100","45579","A GREAT HONORTHANK YOU"
"@1","p3099","45579","Thank you to the 16,000 Border Patrol Officers for your COMPLETE ENDORSEMENT and SUPPORT"
"@1","p3098","45579","NO TAX ON TIPSNO TAX ON OVERTIMENO TAX ON SOCIAL SECURITYhttps://www.DonaldJTrump.com"
"@1","p3097","45579","MAKE AMERICA AFFORDABLE AGAIN"
"@1","p3096","45579","AMERICA FIRSThttps://www.DonaldJTrump.com"
"@1","p3095","45579","TO BIG TOO RIG https://swampthevoteusa.com/"
"@1","p3094","45579","Join me LIVE in Prescott, Arizona. Going out in 2 MINUTES Will be on @RSBN, @NewsMax, @OAN, @realAmericasVoice, and Donald J. Trump @Rumble video, among othersMAGA2024 https://rumble.com/v5ihbs9-live-president-trump-in-prescott-valley-az.html"
"@1","p3093","45579","https://youtu.be/PtYBQncxBsI"
"@1","p3092","45579","https://youtu.be/9DauQjmpqZM"
"@1","p3091","45579","Under the Trump Administration, we will put American CITIZENS first, American CHILDREN first, American PATIENTS first, American TAXPAYERS first, American WORKERS first, and American COMMUNITIES first. We will put Communists, Marxists, and Fascists lastWe will defend our territory. We will defend our families. We will defend our communities. We will defend our Civilization. We will not be conquered. We will not be occupied. We will not be invaded. We will reclaim our sovereignty. We will reclaim our nationand I will give you back your freedom and your life.Everyone will prosper. Every family will thriveand every day will be filled with opportunity and hope. But for that to happen, we must defeat Kamala Harrisand stop her radical-left agenda once and for all. We want a landslide that is TOO BIG TO RIG Get everyone you know, and VOTE https://swampthevoteusa.com/"
"@1","p3090","45579","After all we have been through together, we stand on the verge of the 4 GREATEST years in the HISTORY of our COUNTRY. With your help from now until Election Day, we will redeem Americas Promise, and we will take back the NATION that we LOVE. November 5th will be the most important day in the history of our Country https://swampthevoteusa.com/"
"@1","p3089","45579","FoxNews spends so much time interviewing the other side that we must win, DESPITE them. So crazy People like Fowler, Wolf, Murphy, Tarloff, and others, with little or no competent pushback. They want to be Fair and Balanced, just like CNN  MSDNC Conservatives want a real voice. The two new readers, A.N.  E.S., on NOW, are TERRIBLE"
"@1","p3088","45579","https://youtu.be/oOtCT3xzHjM"
"@1","p3087","45578","I WILL BE INTERVIEWED SUNDAY MORNING FUTURES THIS MORNING BY THE GREAT MARIA BARTIROMO ON FOXNEWS. ENJOY"
"@1","p3086","45578","Will be on Sunday Morning Futures with Maria Bartiromo at 10:00AM EasternEnjoy"
"@1","p3085","45578","100,000 plus in Coachella. What a night. Thank you"
"@1","p3084","45578","Wow KAMALA STUMBLES THROUGH MEDIA BLITZ"
"@1","p3083","45578","Thank you Art. Very Special Words  DONALD J. TRUMP"
"@1","p3082","45578","THANK YOUCOACHELLA, CALIFORNIA https://www.DonaldJTrump.com"
"@1","p3081","45578","WE WILL NOT HAVE A WOKE MILITARY"
"@1","p3080","45578","https://www.rsbnetwork.com/news/president-trump-calls-for-death-penalty-for-illegal-immigrants-who-kill-americans/"
"@1","p3079","45578","https://rumble.com/v5idiat-live-president-trump-in-coachella-ca.html"
"@1","p3078","45578","On my way to Coachella, California Join me live at 8:00PM EDT: https://rumble.com/v5idiat-live-president-trump-in-coachella-ca.html"
"@1","p3077","45578","Congressman Darrell Issa is an incredible Fighter for the Wonderful People of Californias 48th Congressional DistrictA highly successful Businessman, Darrell knows how to Stop Inflation, Lower Gas Prices, and Grow our Economy, and Bring Back the American Dream. In Congress, he is working hard to Secure our Border, Promote Energy DOMINANCE, Defend our always under siege Second Amendment and, as a U.S. Army Veteran, Darrell is fighting to ensure our Brave Veterans receive the care and support they deserve.Darrell Issa has my Complete and Total Endorsement - HE WILL NEVER LET YOU DOWN"
"@1","p3076","45578","Congressman Ken Calvert is doing a phenomenal job representing the Great People of Californias 41st Congressional DistrictAs a very successful Small Businessman, Ken knows how to Fight Inflation, Grow the Economy, Lower Taxes, and Eliminate Government Waste. As a Senior Member of the POWERFUL Appropriations Committee, Ken is working hard to Secure the Border, Stop Migrant Crime, Strengthen our Military/Vets, Deliver Sustainable Water Solutions, and Protect our always under siege Second Amendment.Ken Calvert has my Complete and Total Endorsement - HE WILL NOT LET YOU DOWN"
"@1","p3075","45578","https://rumble.com/v5idiat-live-president-trump-in-coachella-ca.html"
"@1","p3074","45578","https://rumble.com/v5idiat-live-president-trump-in-coachella-ca.html"
"@1","p3073","45578","https://rumble.com/v5idllv-live-president-trump-participates-in-a-hispanic-roundtable-in-las-vegas-101.html"
"@1","p3072","45578","NEW CPI DATA"
"@1","p3071","45578","MAKE AMERICA GREAT AGAIN"
"@1","p3070","45578","WorldLibertyFi Token Sale goes live on Tuesday morning, October 15th This is YOUR chance to help shape the future of financeJoin the whitelist today, and be ready for Tuesday https://www.worldlibertyfinancial.com/"
"@1","p3069","45578","https://www.foxnews.com/politics/we-believe-donald-trump-more-than-dozen-medal-honor-recipients-endorse-former-president"
"@1","p3068","45578","https://www.telegraph.co.uk/us/politics/2024/10/03/donald-trump-putin-boris-johnson-memoir/"
"@1","p3067","45578","https://www.bloomberg.com/news/articles/2024-10-11/trump-adviser-bessent-slams-fed-over-september-half-point-cut"
"@1","p3066","45577","Coachella will be unbelievable tonight"
"@1","p3065","45577","Coachella will be unbelievable tonight"
"@1","p3064","45577","https://www.foxnews.com/opinion/my-friend-melania-trump-finally-telling-her-story-lets-take-moment-hear-her-out"
"@1","p3063","45577","Michael Harris Harry O is working hard to support and build on what my administration did for Black Americans in the first term. Good luck to Michael and the Community First team. Working together, we will Make America Great Again for everyone"
"@1","p3062","45577","Happy Birthday to my wonderful father, FRED C. TRUMP, now in Heaven. What a guy - There was nobody like him"
"@1","p3061","45577","From the very beginning of this journey, I have been on a mission to rescue our nation from a failed and corrupt political establishment. I will NEVER QUIT, I will NEVER BEND, I will NEVER BREAK, and I will NEVER YIELD, not even in the face of death itself"
"@1","p3060","45577","TOO BIG TO RIG https://swampthevoteusa.com/"
"@1","p3059","45577","Kamala Harris vowed to Abolish ICE.She wants to BAN FRACKING.She imposed a Natural Gas Export Ban.Energy prices are already up 50 in Nevada under Kamala.She LOST more than 325,000 migrant children.SHE DOES NOT DESERVE FOUR MORE YEARS"
"@1","p3058","45577","We are now known, all throughout the world, as an OCCUPIED COUNTRY. We are not going to stand for it. We are an occupied state that refuses to let our great law enforcement professionals do the job they so dearly want to do"
"@1","p3057","45577","After everything weve been through together, we stand on the verge of the 4 GREATEST years in the history of our Country. With your help from now until Election Day, we will redeem Americas Promise, we will put America Firstand take back the NATION that we LOVE https://swampthevoteusa.com/"
"@1","p3056","45577","From the very beginning of this journey, I have been on a mission to rescue our nation from a failed and corrupt political establishmentI will never quit, I will never bend, I will never break, and I will never yield, not even in the face of death itself https://www.DonaldJTrump.com"
"@1","p3055","45577","25 days from now, we are going to WIN Nevada, we are going to defeat Kamala Harris, and we are going to MAKE AMERICA GREAT AGAIN"
"@1","p3054","45577","HELLORENO, NEVADA https://www.DonaldJTrump.com"
"@1","p3053","45577","Thank you, @WesleyHuntTX"
"@1","p3052","45577","THE FAULKNER FOCUS TRUMP TOWN HALLWEDNESDAY, OCTOBER 16TH AT 11:00AM EDT"
"@1","p3051","45577","DESPERATE KAMALA TURNS TO OBAMA TO SAVE HER"
"@1","p3050","45577","Trump vows to protect Americas electric grid during Keystone State BLITZ https://writerevolutionnews.com/2024/10/09/trump-vows-to-protect-americas-electric-grid-during-keystone-state-blitz/"
"@1","p3049","45577","Congressman Adrian Smith is a tremendous Champion for the Incredible People of Nebraskas 3rd Congressional District.During my first term, Adrian worked with us to pass Historic Tax Cuts, and is fighting hard to Secure our Border, Stop Inflation, Grow our Economy, Promote American Agriculture, Support our Incredible Military/Vets, and Protect our always under siege Second Amendment.Adrian Smith has my Complete and Total Endorsement  HE WILL NOT LET YOU DOWN"
"@1","p3048","45577","Congressman Mike Flood is an incredible Advocate for the Wonderful People of Nebraskas 1st Congressional DistrictMike is doing an outstanding job in Congress, where he is fighting hard to Secure our Border, Stop Inflation, Champion our Great Farmers and American Agriculture, Support our Brave Military/Veterans, Promote Energy DOMINANCE, and Defend our always under siege Second Amendment.Mike Flood has my Complete and Total Endorsement  HE WILL NOT LET YOU DOWN"
"@1","p3047","45577","https://nypost.com/2024/10/11/us-news/trump-plans-to-use-1798-law-to-dismantle-illegal-immigrant-gang-tren-de-aragua-and-kick-criminals-out-of-the-us/"
"@1","p3046","45577","Senator Pete Ricketts is a Strong Advocate for the Great People of Nebraska, a State I love and won by large margins in 2016 and 2020Pete is doing an outstanding job in the U.S. Senate, where he is fighting tirelessly to stop the disastrous Policies of Lyin Kamala Harris and Crooked Joe Biden. Pete is a True Patriot, who is working hard to Create Jobs, Lower Inflation, Champion American Energy DOMINANCE, Uphold the Rule of Law, Secure our Border, Support our Amazing Farmers and Ranchers, and Defend our always under siege Second Amendment.Pete Ricketts has my Complete and Total Endorsement  HE WILL NOT LET YOU DOWN"
"@1","p3045","45577","Kamala Harris and the Department of Justice have once again launched an unconstitutional and illegal attack on Americas Democracy. This time, Kamala Harris, who is losing in the Polls, is trying to flood our Elections with NON-CITIZENS - These votes are ILLEGAL Governor Glenn Youngkin, who is doing an incredible job, was correct in removing non-citizens from the voter rolls, a Law that was actually passed by then Democrat Governor Tim Kaine. Now Kamala, because we are doing so well in Virginia, wants to put those non-citizens back on the voter rolls, even though they arent allowed to vote. The only reason for this is CHEATING. This is unAmerican and, with less than 30 days until the Election, its clear-cut ELECTION INTERFERENCE. Kamala Harris cant win fair-and-square, so she is doing everything she can to undermine Honest and Fair Elections. We must protect American Voters, and protect Americas Democracy"
"@1","p3044","45577","Departing Aurora, Colorado now, on my way to Reno, Nevada. Join me LIVE at 8:30PM EDT Will be on @RSBN, @NewsMax, @OAN, @realAmericasVoice, and Donald J. Trump @Rumble, among others. See you soonMAGA2024 https://rumble.com/v5ick11-live-president-trump-in-reno-nv.html"
"@1","p3043","45577","We will send elite squads of ICE, border patrol, and federal law enforcement officers to hunt down, arrest, and deport every last illegal alien gang member, until there is not a single one left. If they come back, its an automatic ten years in jail with no possibility of paroleand I am hereby calling for the death penalty for any migrant that kills an American citizen or a law enforcement officer.  We will close the border. We will stop the invasion of illegals into our Country. We will defend our territory. We will not be conquered. We will reclaim our sovereigntyand Colorado will vote for Trump as a protest and signal to the world that we are not going to take it anymore. I will liberate Colorado. I will give you back your freedom and your life"
"@1","p3042","45577","Under the Trump Administration, we will put American CITIZENS first, American CHILDREN first, American PATIENTS first, American TAXPAYERS first, American WORKERS first, and American COMMUNITIES firstand we will put Communists, Marxist, and Fascists last"
"@1","p3041","45577","We are now known, all throughout the world, as OCCUPIED AMERICA...But to everyone here in Colorado and all across our nation, I make you this vow: November 5th, 2024 will be LIBERATION DAY in America. I will rescue Aurora and every town that has been invaded and conqueredand we will put these vicious and bloodthirsty criminals in jail or kick them the hell OUT OF OUR COUNTRY.In honor of Jocelyn Nungaray, Laken Riley, Rachel Morin, and all of the others that are dead and mortally wounded at the hands of migrants who should never have been allowed into our Country, I am announcing today that upon taking office, we will have an OPERATION AURORA at the Federal Level. To expedite removals of this savage gang, I will invoke the Alien Enemies Act of 1798 to target and dismantle every migrant criminal network operating on American Soil. No person who has inflicted the violence and terror that Kamala Harris has inflicted on this community can EVER be allowed to become POTUS"
"@1","p3040","45577","Just arrived in Aurora, Colorado. Join me live on @RSBN, @NewsMax, @OAN, @realAmericasVoice, and Donald J. Trump @Rumble, among others. Big crowdMAGA2024Venezuelan gangs overrunning Colorado apartment buildings part of organized criminal effort: Aurora mayor https://nypost.com/2024/08/29/us-news/aurora-mayor-mike-coffman-says-venezuelan-gangs-have-taken-over-apartment-building/"
"@1","p3039","45577","AMERICA IS BEING INVADEDEND THE OCCUPATION, LIBERATE AMERICA https://www.DonaldJTrump.com"
"@1","p3038","45577","@RSBN is doing a phenomenal job covering todays rally in Aurora, Colorado Tune in now at: https://rumble.com/v5i6xxw-live-president-trump-holds-a-rally-in-aurora-co-101124.html"
"@1","p3037","45577","North Carolina, Georgia, Florida, Alabama, South Carolina, Tennessee and, always, Louisiana, Texas, and other States: Due to the unusual activity of Storms, Hurricanes, and Tornadoes, and other Natural Disasters, especially in well-reported parts of our Country, when I win the Presidential Election of 2024, on November 5th, the Most Important Day in the History of our Country, we are going to allow you, retroactive to September 1st, 2024, to purchase a Generator for your Home, which will, in so doing, entitle you to fully deduct the TOTAL cost of said Generator for Income Tax Purposes. With what our Country is going through, and with the poor response youre getting from the White House and the Federal Government, including Lyin Kamala Harris and Crooked Joe Biden, this is something you fully deserve. This Tax Deduction is available until August 31st, 2025."
"@1","p3036","45577","https://www.DonaldJTrump.com"
"@1","p3035","45577","https://www.DonaldJTrump.com"
"@1","p3034","45577","https://event.donaldjtrump.com/events/president-donald-j-trump-and-turning-point-action-to-hold-a-rally-in-duluth-georgia"
"@1","p3033","45577","https://event.donaldjtrump.com/events/president-donald-j-trump-to-hold-a-rally-in-prescott-arizona"
"@1","p3032","45577","https://event.donaldjtrump.com/events/president-donald-j-trump-to-hold-a-rally-in-coachella-california"
"@1","p3031","45577","It has just come out that Democrats in Washington and the Democrat Governors Office of North Carolina Roy Cooper were blocking people and money from coming into North Carolina to help people in desperate need. Biden knew about it, and so did Kamala Its all over the place  A HORRIBLE SITUATION. I will make it up to everyone when we take Office on January 20th. HOLD ON, IM COMING"
"@1","p3030","45577","On my way to Aurora, Colorado now Join me live at 3:00PM EDT on @RSBN, @NewsMax, @OAN, @realAmericasVoice, and Donald J. Trump @Rumble, among others. Big crowd, see you soon https://rumble.com/v5i7z0t-live-president-trump-in-aurora-co.html"
"@1","p3029","45576","https://www.breitbart.com/politics/2024/10/10/exclusive-liar-liar-super-pac-launches-massive-billboard-campaign-across-swing-state-pennsylvania-reminding-voters-biden-harris-failures/"
"@1","p3028","45576","NEW CPI DATA SINCE KAMALA TOOK OFFICE"
"@1","p3027","45576","https://dailycaller.com/2024/10/10/migrant-students-overwhelming-pa-schools/"
"@1","p3026","45576","Thank you, Colorado Will see you in a few hoursMAGA2024 Live link: https://rumble.com/v5i7z0t-live-president-trump-in-aurora-co.html"
"@1","p3025","45576","Great job by Eric Trump on FOX"
"@1","p3024","45576","Kamalas Border Invasion is killing the jobs of our Black and Hispanic populations. BAD NUMBERS, will only get worse"
"@1","p3023","45576","Obama admits a total lack of enthusiasm for Kamala, especially with Black Men. I think Obama will be voting for me because he doesnt like the fact that Kamala is an extremely Low IQ Person"
"@1","p3022","45576","KAMALA STUMBLES THROUGH MEDIA BLITZ"
"@1","p3021","45576","NO HOPE, NO CHANGE"
"@1","p3020","45576","Jesse Watters: Just weeks after CBS News moderators muted JD Vances mic at the debate, the network was caught airing a deceptively dirty edit of Kamala Harris interview on 60 Minutes. In the clip they promoted, she couldnt articulate her Middle East policy, but in the final cut her answer was coherent. The Trump campaign is demanding CBS release the raw interview."
"@1","p3019","45576","HARRIS WILL BAN ALL FRACKING"
"@1","p3018","45576","INFLATION UNDER KAMALA"
"@1","p3017","45576","KAMALA HARRIS IS GOING TO SIGNIFICANTLY RAISE TAXES"
"@1","p3016","45576","INFLATION BY ADMINISTRATION https://www.DonaldJTrump.com"
"@1","p3015","45576","Sheriff Keith Pearson, who I just met, and the wonderful people of St. Lucie County, are being hit incredibly hard by Hurricane Milton. The life-threatening winds, torrential rain, and destructive tornados are some of the worst our State has ever seen. Many homes and businesses have already been destroyed, including the Sheriffs Office itself. We are with you, and will help St. Lucie County, and all Communities, rebuild  STRONGER AND BETTER THAN EVER BEFORE. GOD BLESS YOU ALL"
"@1","p3014","45576","Larry Kudlow: The Kamala BUZZ is long OVER"
"@1","p3013","45576","CBS and 60 Minutes, working with the Democrats, probably did the same thing with the Crooked Joe Biden interviews as they did for Kamala - Changed his answers so that he looked intelligent, which he is not. With me they probably edit my answers to make me look as bad as possible. I have always felt that, but now, with the Kamala Scandal, the worst and most blatant in the history of broadcasting, we have the PROOF that 60 Minutes, and CBS, play DIRTY. Real Creeps"
"@1","p3012","45576","I will keep your TAXES LOW and your JOB NUMBERS HIGH. The theft of our companies, factories, jobs, and wealth by foreign countries is over. We are not going to allow it to happen anymoreand many of those who left will be coming back, and theyre going to be coming back fast https://www.DonaldJTrump.com"
"@1","p3011","45576","Today, I am also announcing that as part of our TAX CUTS, we will make interest on car loans FULLY DEDUCTIBLE"
"@1","p3010","45576","As president, my policy will be MAXIMUM Energy Production to achieve low prices and make the United States into a manufacturing powerhouse. I will cut the price of Energy and Electricity in HALF within 12 months. We will seriously expedite our environmental approvals, and quickly double our electricity capacity. This will drive down inflation, and make America and Michigan the best place on earth to build a factory"
"@1","p3009","45576","Today, I am announcing a detailed plan to save the American Auto-Industry, and bring millions of jobs back to our shores. If you vote for Trump, you will see a mass exodus of manufacturing jobs from Mexico to Michigan, from Shanghai to Sterling Heights, and from Beijing to right here in beautiful Detroit"
"@1","p3008","45576","Instead of American workers worrying about losing their jobs to foreign nationsI want foreign nations to be worried about losing their jobs to America"
"@1","p3007","45576","Under Kamala, we are now in a manufacturing recession, with manufacturing contracting in 22 out of the last 23 months. We have lost nearly 50,000 manufacturing jobs this year alone, car sales are down 38 since I left, the share of domestically produced cars sold has dropped significantlyand the U.S. trade deficit in automobiles has exploded by over 50 billion to an all-time high"
"@1","p3006","45576","NEW CPI DATASINCE KAMALA TOOK OFFICE https://www.DonaldJTrump.com"
"@1","p3005","45576","For generations, this city and state were the World Capital of Automotive Production. American Automakers rolled one iconic model off the line after the nextthe Mustang, the Corvette, the Pontiac GTO. Right here in Detroit, Americans invented the muscle car, the minivan, and the family SUVand along the road, you made the American Automobile an inseparable part of the American Dream"
"@1","p3004","45576","By the time I came into office after our victory in 2016, the Michigan auto industry was on its kneesI moved quickly and decisively to rescue the American Automobile from extinctionWithdrew from the job-killing Trans-Pacific Partnership.Ended the disaster known as NAFTA, the worst trade deal ever made.Replaced it with the brand-new USMCA, the best trade deal ever made.Created massive incentives to make cars in the United Stateshttps://www.DonaldJTrump.com"
"@1","p3003","45576","The other big news is the fraud committed by 60 Minutes and CBS, together with the Democrat Party, working with them. This will go down as the single biggest scandal in broadcast history"
"@1","p3002","45576","WHEN I LEFT OFFICE WE HAD VIRTUALLY NO INFLATIONFOR THE ENTIRE FOUR YEARS"
"@1","p3001","45576","It was just announced that inflation came in substantially hotter than expected last month"
"@1","p3000","45576","Just landed in Detroit, Michigan. Will be delivering remarks to the Detroit Economic Club at 1:00PM EDT. Join me live on @RSBN, @NewsMax, @realAmericasVoice, and Donald J. Trump @Rumble, among others. See you soonMAGA2024 https://rumble.com/v5i6rh9-live-president-trump-in-detroit-mi.html"
"@1","p2999","45576","The Trump-endorsed Senate Candidate in Arizona, @KariLake, crushed her Liberal Democrat Opponent last night, Radical Ruben Gallego. Kari will help me Secure our Border, Stop Inflation, and MAKE AMERICA GREAT AGAIN In-person and absentee voting has now started in Arizona, so get out and VOTE today"
"@1","p2998","45575","TO THE GREAT PEOPLE OF FLORIDA"
"@1","p2997","45575","https://swampthevoteusa.com/"
"@1","p2996","45575","With me, 60 Minutes does the exact opposite They take everything I say, realize how totally BRILLIANT it is, and take it out. So, with Kamala they add, with TRUMP, they delete. Like the Democrat Party, THEY ARE A THREAT TO DEMOCRACY"
"@1","p2995","45575","60 Minutes is a major part of the News Organization of CBS, which has just created the Greatest Fraud in Broadcast History. CBS should lose its license, and it should be bid out to the Highest Bidder, as should all other Broadcast Licenses, because they are just as corrupt as CBS  and maybe even WORSE"
"@1","p2994","45575","Kamala Harris appears distracted during Hurricane Milton briefing, hides her mouth to tell someone Its a live broadcast https://nypost.com/2024/10/09/us-news/harris-covers-mouth-says-its-a-live-broadcast-after-stumbling-through-hurricane-milton-speech/"
"@1","p2993","45575","The fraud committed by 60 Minutes and CBS, together with the Democrat Party, is the single Biggest Scandal in Broadcast History"
"@1","p2992","45575","A giant Fake News Scam by CBS  60 Minutes. Her REAL ANSWER WAS CRAZY, OR DUMB, so they actually REPLACED it with another answer in order to save her or, at least, make her look better. A FAKE NEWS SCAM, which is totally illegal. TAKE AWAY THE CBS LICENSE. Election Interference. She is a Moron, and the Fake News Media wants to hide that fact. An UNPRECEDENTED SCANDAL The Dems got them to do this and should be forced to concede the Election WOW"
"@1","p2991","45575","THANK YOU TO ALL OF THE GREAT MEN AND WOMEN OF PENNSYLVANIA LAW ENFORCEMENT"
"@1","p2990","45575","WE WILL NEVER GIVE UP https://www.DonaldJTrump.com"
"@1","p2989","45575","10/9/24  READING, PENNSYLVANIAUSAUSAUSA"
"@1","p2988","45575","Kamala just said that she cant think of ONE THING shed do differently than Crooked Joe BidenSo how about"
"@1","p2987","45575","I will LIBERATE Pennsylvania and our entire nation from this mass Migrant Invasion of murderers, child predators, gang members, terrorists, drug dealers, and thugs"
"@1","p2986","45575","To bring jobs, factories, and wealth racing back to Pennsylvania, we will have a 15 Made in America Corporate Tax Rate, cutting the tax from 21 to 15  But ONLY for those who make their product in America  For those who DONT make their product in America, they will be forced to pay a rather stiff tariff for the privilege of competing with our cherished companies, and stealing our jobs, our treasure, and our wealth"
"@1","p2985","45575","Before we begin, I want to send our prayers to the people in Florida getting hit right now with a violent Hurricaneas well as to all the people still recovering from Hurricane Heleene. We are praying for themand ask God to keep them safe."
"@1","p2984","45575","I WON THE LAST TWO DEBATES, ONE WITH CROOKED JOE, THE OTHER WITH LYIN KAMALA. I ACCEPTED THE FOX-NEWS INVITATION TO DEBATE KAMALA ON SEPTEMBER 4TH, BUT SHE TURNED IT DOWN. JD VANCE EASILY WON HIS DEBATE WITH TAMPON TIM WALZ, WHO CALLED HIMSELF A KNUCKLEHEAD I AM ALSO LEADING IN THE POLLS, WITH THE LEAD GETTING BIGGER BY THE DAY - AND LEADING IN ALL SWING STATES. THE FIRST THING A PRIZEFIGHTER DOES WHEN HE LOSES A FIGHT IS SAY THAT HE DEMANDS A REMATCH. IT IS VERY LATE IN THE PROCESS, VOTING HAS ALREADY BEGUN - THERE WILL BE NO REMATCH BESIDES, KAMALA STATED CLEARLY, YESTERDAY, THAT SHE WOULD NOT DO ANYTHING DIFFERENT THAN JOE BIDEN, SO THERE IS NOTHING TO DEBATE. THANK YOU FOR YOUR ATTENTION TO THIS MATTER       DONALD J. TRUMP"
"@1","p2983","45575","https://www.breitbart.com/2024-election/2024/10/08/team-trump-demands-60-minutes-release-harris-unedited-full-interview-transcript/"
"@1","p2982","45575","On my way to Reading, Pennsylvania now. Will be on @RSBN, @NewsMax, @realAmericasVoice, and Donald J. Trump @Rumble, among others. Will see you soonMAGA2024 Live link: https://rumble.com/v5i3ltx-live-president-trump-in-reading-pa.html THANK YOU SCRANTON, PENNSYLVANIA TOGETHER, WE ARE GOING TO MAKE AMERICA GREAT AGAIN https://rumble.com/v5i22s4-live-president-trump-in-scranton-pa.html"
"@1","p2981","45575","THANK YOU SCRANTON, PENNSYLVANIA TOGETHER, WE ARE GOING TO MAKE AMERICA GREAT AGAIN https://rumble.com/v5i22s4-live-president-trump-in-scranton-pa.html"
"@1","p2980","45575","After the surrender of our energy independence, the Afghanistan catastrophe, the border invasion, the 13,099 illegal alien convicted murderers roaming free..."
"@1","p2979","45575","When I am President of the United States...on Day One, I will tell Pennsylvania energy workers to FRACK, FRACK, FRACK, and DRILL, DRILL, DRILL We will have Energy INDEPENDENCE and Energy DOMINANCE, as we did just 4 short years agoBut if Kamala is reelected, your costs will go UP and your lights will go OUT"
"@1","p2978","45575","If Kamala Harris gets 4 more years, she will annihilate the Pennsylvania energy industry, plunging communities across this Commonwealth into darkness and despair. Your jobs will be down and your salaries will follow"
"@1","p2977","45575","PENNSYLVANIAEARLY VOTING IS UNDERWAY"
"@1","p2976","45575","Just 27 days from now, we are going to WIN Pennsylvania, we are going to defeat Kamala Harris...and were going to MAKE AMERICA GREAT AGAIN https://www.DonaldJTrump.com"
"@1","p2975","45575","Just landed in Pennsylvania Join me live at 3:00PM EDTWill be on @RSBN, @NewsMax, @realAmericasVoice, and Donald J. Trump @Rumble, among others. See you soonMAGA2024 Live link: https://rumble.com/v5i22s4-live-president-trump-in-scranton-pa.html On my way to Scranton, Pennsylvania Join me LIVE at 3:00PM EDTWill be on @RSBN, @NewsMax, @realAmericasVoice, and Donald J. Trump @Rumble, among others. See you soonMAGA2024 https://rumble.com/v5i22s4-live-president-trump-in-scranton-pa.html"
"@1","p2974","45575","Charles Payne of Fox Business is a great and talented guy. He has launched a Website, https://www.unbreakableinvestor.com/. You should use it  A lot to be learned from Charles Get his Best Selling Book, and also Training on how to put that knowledge to work for you. Have fun"
"@1","p2973","45575","Just imagine, 60 Minutes actually took Lyin Kamalas answers, and CHANGED THEM. Its unthinkable. They are in big trouble"
"@1","p2972","45575","BETA MALE Howard Stern made a fool of himself on his low rated radio show when he interviewed Lyin Kamala Harris, and hit her with so many SOFTBALL questions that even she was embarrassed. He looked like a real fool, working so hard to make a totally incompetent and ill-equipped person look as good as possible, which wasnt very good. I dropped Howard a long time ago, like most others, and have since been credited with very good judgment MAGA2024"
"@1","p2971","45575","I want to thank Pastor Corey Brooks of the New Beginnings Church of Chicago, Pastor Robert Jeffers, a wonderful and respected friend who has given me such great and consistent Christian support, Father Gerald Murray of St. Josephs Church, NYC, and Jillian Anderson King, a powerful Christian Influencer, for their strong and unequivocal support on Harris Faulkners Show on FoxNews. Wonderful people ALL"
"@1","p2970","45575","On my way to Scranton, Pennsylvania Join me LIVE at 3:00PM EDTWill be on @RSBN, @NewsMax, @realAmericasVoice, and Donald J. Trump @Rumble, among others. See you soonMAGA2024 https://rumble.com/v5i22s4-live-president-trump-in-scranton-pa.html"
"@1","p2969","45574","https://MelaniaTrump.com/"
"@1","p2968","45574","BUTLER, Pennsylvania  OVER 100,000 people"
"@1","p2967","45574","https://golfdigestme.com/trumps-greatest-36-holes-of-golf-on-earth-to-open-next-summer/"
"@1","p2966","45574","Western North Carolina, and the whole state, for that matter, has been totally and incompetently mismanaged by Harris/Biden. They cant get anything done properly, but I will make up for lost time, and do it right, when I get there. Hold on, and vote these horrible public servants out of office. They are incapable of doing the job, and Kamala is even, WORSE THAN BIDEN. MAGA2024"
"@1","p2965","45574","Ive never seen this before, but the producers of 60 Minutes sliced and diced cut and pasted Lyin Kamalas answers to questions, which were virtually incoherent, over and over again, some by as many as four times in a single sentence or thought, all in an effort, possibly illegal as part of the News Division, which must be licensed, to make her look more Presidential, or a least, better. It may also be a major Campaign Finance Violation. This is a stain on the reputation of 60 Minutes that is not recoverable - It will always remain with this once storied brand. I have never heard of such a thing being done in News. It is the very definition of FAKE NEWS The public is owed a MAJOR AND IMMEDIATE APOLOGY This is an open and shut case, and must be investigated, starting today"
"@1","p2964","45574","HARRIS AVOIDS REPEATED QUESTIONS ON BORDERTEXAS GOVERNOR ABBOTT ON THE BORDER CRISIS"
"@1","p2963","45574","BIG DAY IN PENNSYLVANIA TOMORROW"
"@1","p2962","45574","KAMALA MIGHT SINK WITH BIDENS SHIP"
"@1","p2961","45574","TOM HOMAN ON THE SPECIAL IMMIGRANT VISASWATCH"
"@1","p2960","45574","KAMALA: AN UNSERIOUS WOMAN"
"@1","p2959","45574","KAMALA EXPOSED AS A FAILURE"
"@1","p2958","45574","I was the one who got the 35 Insulin, not Lyin Kamala. Ive never seen a group that lies so much, like making up, out of thin air, that the U.S. produced 818,000 New Jobs, when it was a total fraud that they had to recant or that she worked so hard at McDonalds, BUT SHE NEVER WORKED THERE. They even said that they knew nothing about Deranged Jack Smith going after their political opponent, ME - And that was the biggest lie of them all. But fear not, we will WIN and, MAKE AMERICA GREAT AGAIN"
"@1","p2957","45574","https://nypost.com/2024/10/08/us-news/democrats-f-ked-us-teamsters-boss-says-after-members-backed-trump/"
"@1","p2956","45574","https://justthenews.com/accountability/russia-and-ukraine-scandals/ex-national-necurity-adviser-says-trump-only-one-who-can"
"@1","p2955","45574","THE TRUMP ECONOMIC MIRACLE, by highly respected Steve Moore, is a Wonderful and Accurate reflection of what gave the U.S. the greatest Economy in History. Already Number One on Amazon. Get it Now"
"@1","p2954","45574","THE WORST RESPONSE TO A STORM OR HURRICANE DISASTER IN U.S. HISTORY  WITH ANOTHER ONE COMING. OUR COUNTRY CANNOT WITHSTAND FOUR MORE YEARS OF THESE INCOMPETENT FOOLS. THE WHOLE WORLD IS LAUGHING AT US"
"@1","p2953","45574","ANYBODY THAT CHEATS ON THE ELECTION IS GOING TO JAIL"
"@1","p2952","45574","Lyin Kamala, who is being exposed as a dummy every time she does a show, just stated to the degenerates on The View that she would have done nothing different than Crooked Joe Biden, the WORST PRESIDENT IN THE HISTORY OF THE UNITED STATES. The Lamestream Media doesnt want to pick up the story, the dumb women on the show wish they never asked her the question that led to that Election Defying answer, but the Internet is going WILD. For starters, THE BORDER DISASTER, WITH MURDERERS AND EVERYONE ELSE BEING ALLOWED TO INVADE OUR COUNTRY, WORST INFLATION IN HISTORY, THE UKRAINE DISASTER, OCTOBER 7TH WITH ISRAEL, LOSS OF ENERGY INDEPENDENCE, THE AFGHANISTAN DEBACLE, LOSS OF RESPECT ALL OVER THE GLOBE, AND MUCH MORE Her dumbest answer so far"
"@1","p2951","45574","The problem with FoxNews is that every time they put on someone who is positive and touting all of the good things I have done for the Country, they always feel it necessary to follow up with a really negative voice, often people who are storytellers and willing to outright lie. The daytime anchors are no match for these lunatics, and they get away with absolute murder. The net result is NOTHINGNESS, so whats the purpose in watching"
"@1","p2950","45574","Very proud of Melania Her book is out Nationally, and for sale EVERYWHERE. It is really great She was a fantastic First Lady, and shares that experience, and much more. Shes also a really good writer, as she showed at the Republican National Convention with her letter, that turned out to be a sensational highlight. Perfect for Christmas. Get it NOW, and ENJOY"
"@1","p2949","45573","THE RUSSIA, RUSSIA, RUSSIA HOAX"
"@1","p2948","45573","The Interview on 60 Minutes with Comrade Kamala Harris is considered by many of those who reviewed it, the WORST Interview they have ever seen. She literally had no idea what she was talking about, and it was an embarrassment to our Country that a Major Party Candidate would be so completely inept. In addition, her Incompetence on helping people through the devastation of Hurricane Helene is being reviewed as, by far, the Worst in American History, even worse than Katrina - If that is possible I cant imagine anybody living in North Carolina, South Carolina, Georgia, Alabama, Florida, or Tennessee, voting for her. Pollsters are saying that the anti, or negative, Vote in those places, and even places not affected but with people watching what took place, will be heavily against her. This is good news because November 5th is the Most Important Day in the History of our Country, and we cannot bear four more years of Incompetence. MAKE AMERICA GREAT AGAIN"
"@1","p2947","45573","Deranged Jack Smith is fighting for Lyin Kamala. LOST BIG IN FLORIDA Justice Department is a political weapon. Never happened in USA before MAGA2024 https://x.com/GuntherEagleman/status/1843351487025463654BREAKING:A CNN legal analyst just DESTROYED Jack Smith and Judge Chutkan for what appears to be political motivation in releasing the 165-page brief.A legal analyst, who has handled thousands of cases, stated that he has NEVER witnessed such an occurrence before. He also pointed out that this action might go against the spirit, and possibly the letter, of DOJ policy. Historically, the DOJ avoids involvement in activities that could influence an election, with the notable exception of the Hunter Biden laptop story in 2020.Moreover, this action was taken within 45 days of one of the most significant elections in American history, which flips the usual procedure.You know when CNN provides a platform for someone challenging the views of party elites like Hillary Clinton, that means theyre panicking"
"@1","p2946","45573","Lyin Kamala has left the people of North Carolina STRANDED. Hope they remember at the Ballot Box"
"@1","p2945","45573","Elon: Make sure everyone you know has registered to vote Only 2 days left to do so in Georgia  Arizona."
"@1","p2944","45573","Thank you New York company unveils 100-foot Vote for Trump sign, gets sued by Democratic mayor https://www.foxnews.com/politics/new-york-company-unveils-100-foot-vote-trump-sign-sued-democratic-mayor"
"@1","p2943","45573","THE RESPONSE TO THE HURRICANE BY LYIN KAMALA HARRIS IS NOW RATED THE WORST STORM RESPONSE IN HISTORY. NORTH CAROLINA, GEORGIA, FLORIDA, SOUTH CAROLINA, TENNESSEE, ALABAMA, and others, will respond by VOTING FOR TRUMP. We will, MAKE AMERICA GREAT AGAIN"
"@1","p2942","45573","https://www.foxnews.com/video/6362943333112"
"@1","p2941","45572","https://www.washingtonexaminer.com/opinion/3178774/exclusive-elon-musk-says-destiny-of-america-is-on-the-line/"
"@1","p2940","45572","The GREAT people of North Carolina are being stood up by Harris and Biden, who are giving almost all of the FEMA money to Illegal Migrants in what is now considered to be the WORST rescue operation in the history of the U.S. On top of that, Billions of Dollars is going to foreign countries NORTH CAROLINA HAS BEEN VIRTUALLY ABANDONED BY KAMALA DROP HER LIKE SHE DROPPED YOU - VOTE FOR PRESIDENT DONALD J. TRUMP. MAGA2024"
"@1","p2939","45572","https://swampthevoteusa.com/"
"@1","p2938","45572","Lee Smith is a Great American Patriot who has understood, from the very beginning, that the Radical Left is the true THREAT TO DEMOCRACY. In his powerful new Book, Disappearing the President: TRUMP, TRUTH SOCIAL, AND THE FIGHT FOR THE REPUBLIC, Lee uncovers the Witch Hunts and Hoaxes that have been weaponized against our Movement to try and silence Free Speech, subvert our Elections, and destroy the Country we love. The Deep State has staged a Coup, but on November 5th, we will take away their power, and return it to THE PEOPLE. MAGAPreorder your copy today: https://www.amazon.com/Disappearing-President-Trump-Social-Republic/dp/1641774576dplnkId0d78c21c-8235-49a1-9cfe-224dbaef3036nodl1"
"@1","p2937","45572","Congressman Mike Waltz has written a powerful new Book, HARD TRUTHS: THINK AND LEAD LIKE A GREEN BERET. Our Country is seriously lacking in Wisdom and Courage at the Highest Levels, but Great American Patriots like Mike are the kind of WARRIORS who, through True Grit, Strength of Character, and COMMON SENSE will, MAKE AMERICA GREAT AGAINGet your copy today: https://www.amazon.com/Hard-Truths-Think-Green-Beret/dp/1250286182/refsr11dibeyJ2IjoiMSJ9.QeSTY4feD-eCnESgTmJO4RhompGW5ZmU9zWS-YHcsI.UyjcyYAbE374pesVWr-ZZAKTCoj03-f76KtNmTZ8dibtagsekeywordshardtruthswaltzqid1728184978sr8-1dplnkIdcc4dd50a-ab83-4633-9de7-a541f0d58054nodl1"
"@1","p2936","45572","Art Laffer and Stephen Moore have written a GREAT new Book, THE TRUMP ECONOMIC MIRACLE: AND THE PLAN TO UNLEASH PROSPERITY AGAIN. In my first term, we cut Taxes and Regulations at record levels, had virtually No Inflation, Record Job Numbers, the Lowest Unemployment Rates for ALL, and the Greatest Period of Economic Growth that our Country has ever seen. During this Harris-Biden interlude, we have experienced the true danger of Radical Left Policies that are driving up prices, and hurting families across our Nation but, never fear. Together, we will MAKE AMERICA GREAT AGAIN - THE BEST IS YET TO COME https://www.amazon.com/Trump-Economic-Miracle-Unleash-Prosperity/dp/B0DHWHBXSJdplnkId5079b737-f438-4324-9701-3c6dd2cbba94nodl1"
"@1","p2935","45572","Who is running the Country right now In his new book, American Leviathan: The Birth of the Administrative State and Progressive Authoritarianism, Brilliant Ned Ryun reveals the History of the Deep State, which has seized unConstitutional control over our Nation, and unleashed Death and Destruction on the World. This is not what our Founders intended. On November 5th, we will return power to THE PEOPLEOrder today: https://www.amazon.com/American-Leviathan-Administrative-Progressive-Authoritarianism/dp/1641774371dplnkId059bd1ca-f4f1-45ed-992b-30114efde4e8nodl1"
"@1","p2934","45572","THANK YOU, WISCONSINMAGA2024"
"@1","p2933","45572","https://rumble.com/v5hmk3h-live-president-trump-in-juneau-wi.html"
"@1","p2932","45572","A GREAT HONORTHANK YOU"
"@1","p2931","45572","https://rumble.com/v5hmk3h-live-president-trump-in-juneau-wi.html"
"@1","p2930","45572","https://worldgolfawards.com/award/ireland-best-golf-hotel/2024"
"@1","p2929","45572","https://worldgolfawards.com/award/world-best-golf-course/2024"
"@1","p2928","45572","Lawyers at RNC  STOP THIS FRAUD, NOW"
"@1","p2927","45572","Remember this What a dope His wife and agent begged him not to do it, and just before BEST PICTURE AWARD, yet. He suffers from TRUMP DERANGEMENT SYNDROME. All of this on top of really bad ratings for Jimmy, just like failing Bill Maher and the two clowns on CBS and NBC NO TALENT EQUALS BAD RATINGS"
"@1","p2926","45572","THANK YOU, WISCONSINMAGA2024"
"@1","p2925","45572","A GREAT HONORTHANK YOU"
"@1","p2924","45572","https://nypost.com/2024/09/21/us-news/trump-vows-to-end-all-sanctuary-cities-in-america-boost-law-enforcement-in-regions-that-dont-cooperate-with-ice/"
"@1","p2923","45571","10/5/24  BUTLER, PENNSYLVANIA"
"@1","p2922","45571","Happy Pulaski Day"
"@1","p2921","45571","On my way to the GREAT STATE OF WISCONSIN now Join me live at 3:00PM EDT. Will be on @RSBN, @NewsMax, @realAmericasVoice, and Donald J. Trump @Rumble, among others. See you soonMAGA2024 https://rumble.com/v5hmk3h-live-president-trump-in-juneau-wi.html"
"@1","p2920","45571","MAKE AMERICA GREAT AGAIN"
"@1","p2919","45571","10/5/24  BUTLER, PENNSYLVANIA"
"@1","p2918","45571","https://rumble.com/v5hi1n1-live-president-trump-in-butler-pa.html"
"@1","p2917","45571","THANK YOUBUTLER, PENNSYLVANIA TOGETHER, WE ARE GOING TO MAKE AMERICA GREAT AGAIN https://www.DonaldJTrump.com"
"@1","p2916","45571","https://rumble.com/v5hi1n1-live-president-trump-in-butler-pa.html"
"@1","p2915","45571","https://www.rsbnetwork.com/video/live-president-trump-returns-for-a-historic-rally-in-butler-pennsylvania-10-5-24/"
"@1","p2914","45571","10/5  BUTLER, PENNSYLVANIALIVE, 5PM EDT https://rumble.com/v5hi1n1-live-president-trump-in-butler-pa.html"
"@1","p2913","45571","10/5  BUTLER, PENNSYLVANIA"
"@1","p2912","45571","Is this what we want as our President I dont think so"
"@1","p2911","45570","The worst Federal Hurricane response in the history of our Country https://www.instagram.com/reel/DAvk1z5I1hs/igshMWg4M3Z2MzhqeDhrZg"
"@1","p2910","45570","https://www.breitbart.com/politics/2024/10/03/pathological-serial-liar-kamala-harris-caught-in-lie-about-moment-biden-told-her-he-wasnt-running/"
"@1","p2909","45570","https://rumble.com/v5hh7n1-live-president-trump-in-fayetteville-nc.html"
"@1","p2908","45570","Leaving North Carolina now. It was really hit hard. People are rightfully disgusted with the White House response. Worst since Katrina. Incredible people"
"@1","p2907","45570","Loved being in Georgia today. Great people, incredible spirit, Governor Kemp is doing a really good job. Will be back soon"
"@1","p2906","45570","Reporters ask no questions to Kamala about her poor performance on Hurricane Im in North Carolina right now, and the people are angry at Kamala for doing nothing"
"@1","p2905","45570","Watch Liz MacDonalds Show, The Evening Edit, on Fox Business, NOW  Doing a Story on Deranged Jack Smith, one of the Top 10 Sickest and Most Demented Prosecutors in American History."
"@1","p2904","45570","Has Liz Cheney, one of the dumber people in politics, ever looked at the horrible statements shes made about Lyin Kamala Harris Every view and policy is the exact opposite of what Cheney and her equally ridiculous father, who got us into the never ending Wars in the Middle East, have stated over the years. Theyre being posted all over the internet, and Cheney looks even dumber than I thought she was - But I still say Kamala is worse"
"@1","p2903","45570","Two Losers never make a Winner - A MUST WATCH"
"@1","p2902","45569","KAMALA HARRIS: AND FINALLY PUTTING AN END TO FRACKING ONCE AND FOR ALL"
"@1","p2901","45569","https://rumble.com/v5h2l3p-lara-trump-libby-emmons-erin-elmore.html"
"@1","p2900","45569","No other Book takes you behind the scenes like my newest Book, SAVE AMERICA. Join me on an incredible journey, from our time in the White House, to our Historic Campaign. Get your copy of SAVE AMERICA, today, at https://45books.com/."
"@1","p2899","45569","https://www.gofundme.com/f/support-hurricane-helene-victims-with-president-trump"
"@1","p2898","45569","Lyin Kamal Harris, who refuses to do interviews or press conferences because she has no idea how to answer the questions, and is now losing in the polls, continues to make a thing called Project 2025 the central theme of her campaign, advertising and all. Lyin Kamala has been informed, legally, that I have, and had, nothing to do with it, NEVER READ IT, NEVER SAW IT, but her ads continue, full blast. When you see them talking about Project 2025, remember, Kamala is lying, just like she lied about working at McDonalds she didnt, or added 818,000 new jobs that didnt exist a fraud, and sooo many other lies. Just like San Francisco and California, itself, she would, if given the chance, COMPLETELY DESTROY OUR COUNTRY"
"@1","p2897","45569","Jesse Watters: Over 200 Americans are dead after Hurricane Helene and the thousands of victims impacted have been disgracefully left behind. The Biden administration has blocked ongoing rescue operations and North Carolina is living in the dark ages because Joe Biden and Kamala Harris hate Elon Musk. FEMA is now out of money, because Joe Biden and Kamala spent over a billion dollars of FEMA cash on migrants. Illegals got luxury hotel rooms, but Kamalas just tossing Helene victims 750 and heading back on the campaign trail. This must not meet her standard for giving extra resources- she only wants to do that based on equity."
"@1","p2896","45569","Liz Cheney lost her Congressional Seat by the largest margin in the history of Congress for a sitting Representative. The people of Wyoming are really smart She is a low IQ War Hawk that, as a member of the J6 Unselect Committee of Political Hacks and Thugs, ILLEGALLY DESTROYED  DELETED all documents, information, and evidence. Her father, Dick, was a leader of our ridiculous journey into the Middle East, where Trillions of Dollars were spent, millions of people were killed - and for what NOTHING Well, today, these two fools, because the Republican Party no longer wants them, endorsed the most Liberal Senator in the U.S. Senate, further Left than even Pocahontas or Crazy Bernie Sanders - Lyin Kamala Harris. What a pathetic couple that is, both suffering gravely from Trump Derangement Syndrome. Good Luck to them both"
"@1","p2895","45569","KAMALA HARRIS: AND FINALLY PUTTING AN END TO FRACKING ONCE AND FOR ALL"
"@1","p2894","45569","NO TAX ON TIPS NO TAX ON OVERTIME NO TAX ON SOCIAL SECURITY FOR OUR GREAT SENIORS"
"@1","p2893","45569","Hurricane Helene Victim Speaks Out Against Kamala Harris Admin"
"@1","p2892","45569","When we heard that Biden was just going to be flying around. As our president, where is that guidance. Youre supposed to be here helping us with this. Its almost a sense of abandonment."
"@1","p2891","45569","https://www.pavoterservices.pa.gov/Pages/VoterRegistrationApplication.aspx"
"@1","p2890","45569","https://servicearizona.com/VoterRegistration/selectLanguage"
"@1","p2889","45569","Big story. Normally, this would end her runit should"
"@1","p2888","45569","BUTLER ON SATURDAYHISTORIC https://event.donaldjtrump.com/events/president-donald-j-trump-to-return-to-butler-pa"
"@1","p2887","45569","SHAMEFUL The Radical Democrats, led by Comrade Kamala Harris and Deranged Jack Smith, are lying to the American People, and trying to hide the fact that I specifically said, PEACEFULLY AND PATRIOTICALLY to the huge crowd of Patriots gathered in Washington, D.C. on January 6th. The Lunatic Liberals are also trying to illegally hide, just like the Social Media companies did for years, my Rose Garden Statement from that day, when I again urged Peace, Calm, and Support for our Men and Women of Law Enforcement."
"@1","p2886","45569",".Our powerful papers filed today lay out these key facts in irrefutable detail, as well as so much more that ENDS this Scam Crazy Nancy Pelosi admitted to her beloved filmmaker genius daughter, that she alone was responsible for the events of January 6th. Chairman Barry Loudermilk exposed that the Deep State DISRESPECTFULLY DISREGARDED my authorization of at least 10,000 National Guard troops to keep D.C. safe and secure on that day. Vitally, the Supreme Courts Historic Fischer and Immunity Decisions, and the DOJs Ironclad 60 day No Election Interference Rule, require that the D.C. J6 Witch Hunt be IMMEDIATELY DISMISSED, just like the Documents Hoax was dismissed in Florida"
"@1","p2885","45569","Horrible https://www.foxnews.com/politics/over-1-7-million-migrants-who-could-pose-national-security-risk-arrived-us-biden-admin-report"
"@1","p2884","45569","Judge Jeanine Pirro: Theres no question that the Department of Justice has had regulations over the years that say - Whenever there is an Election on a State or National level, you do not release, Number One, an investigation, an Indictment, anything that may impact the ElectionThis is definitely Election InterferenceTheres nothing new in this. Its the same old stuff, over and over again. Where Hunter Biden got the benefit of every doubt in every calendar, and every schedule, and every statute of limitations, theyre doing whatever they can to hurt Donald Trump."
"@1","p2883","45569","Andrew McCarthy: The point of this was to try to get this information, which has been hashed out again and again before the American people. None of this is new, but the idea was to get the evidence out in a spectacular way as possible. The point of releasing this now can only be to affect the Election. Theres no legal need for it."
"@1","p2882","45569","Jonathan Turley: The Supreme Court handed down a major ruling on Presidential Immunity.Thats the real question here of why Judge Chutkan, who has said that she will not consider the Election in her decisions, but why she still saw this as the right time to release thisFor many, this is sort of a gratuitous act. You dont have to release this before the Election."
"@1","p2881","45569","Elie Honig, Chief Legal Analyst, CNN: First, this is backward. The way motions work  under the federal rules, and consistent with common sense  is that the prosecutor files an indictment the defense makes motions to dismiss charges, to suppress evidence, or what have you and then the prosecution responds to those motions. Makes sense, right Its worked for hundreds of years in our courts. Not here. Not when theres an election right around the corner and dwindling opportunity to make a dent. So Smith turned the well-established, thoroughly uncontroversial rules of criminal procedure on their head and asked Judge Chutkan for permission to file first  even with no actual defense motion pending. Trumps team objected, and the judgeacknowledgedthat Smiths request to file first was procedurally irregular  moments before she ruled in Smiths favor, as shes done at virtually every consequential turn."
"@1","p2880","45569",".Which brings us to the second point: Smiths proactive filing is prejudicial to Trump, legally and politically. Its ironic. Smith has complained throughout the case that Trumps words might taint the jury pool. Accordingly, the special counsel requested a gag order that was so preposterously broad that even Judge Chutkanslimmed it downconsiderably and the Court of Appealsnarrowed it furtherafter that. Yet Smith now uses grand-jury testimony which ordinarily remains secret at this stage and drafts up a tidy 165-page document that contains all manner of damaging statements about a criminal defendant, made outside of a trial setting and without being subjected to the rules of evidence or cross-examination, and files it publicly, generating national headlines."
"@1","p2879","45569","Elie Honig, Chief Legal Analyst, CNN: Smiths conduct here violates core DOJ principle and policy. The Justice Manual  DOJs internal bible, essentially  contains asectiontitled Actions That May Have an Impact on the Election. Now: Does Smiths filing qualifyMayit have an impact on the election Of course. So what does the rule tell us Federal prosecutors  may never select the timing of any action, including investigative steps, criminal charges, or statements, for the purpose of affecting any election. Remember, Smith begged the judge to flip the rules on their head so he could file this document first, and quickly  any action, by any reasonable definition  with the election right around the corner."
"@1","p2878","45569",".Im going to hand this one over to one of DOJs most esteemed alums, whoexplained itthis way to the Justice Departments internal watchdog: To me if it an election were 90 days off, and you think it has a significant chance of impacting an election, unless theres a reason you need to take that action now, you dont do it. Those words were spoken by Sally Yates  former deputy attorney general, venerated career prosecutor, no fan of Trump who unceremoniously fired herin 2017, and liberal folk hero. As usual, Yates is spot on. And her explanation conveys this indelible truth: If prosecutors bend their principles depending on the identity of their prey, then theyve got no principles at all."
"@1","p2877","45569","Gregg Jarrett: Releasing this motion, this court filing, it sure looks like blatant Election InterferenceTheres no good reason to make it public. Its premature. There isnt even a trial date. So, I think this was done knowing full well Media and Democrats would seize on provocative details, publicize it, to affect votersAt times it reads like bad detective fiction. A lot of it is irrelevant and inadmissible conversations that other people have that are not connected to Trump directly. So, it seems like deliberate Election InterferenceThe problem for Smith is a lot of his evidence and testimony comes from Public Officials, and their conversations with Trump, including the Vice President. Under the Supreme Court Decision that may well be protected information, and thus inadmissible."
"@1","p2876","45569","Jonathan Turley: Smith was clearly eager to get this out before the public despite Justice Department policies that encourage prosecutors to avoid acts that would be viewed as trying to influence an election. He is trying to thread the needle in this filing to get around the Supreme Court immunity decisionThe new case is to indictments what shrinkflation is to products -- same package just less content. Smith knows that he has a motivated and supportive judge and wants to simply prove the same basic claims on less evidence."
"@1","p2875","45569","Thank you to the GREAT SHERIFFS OF MISSISSIPPI DONALD J. TRUMP"
"@1","p2874","45569","Lyin Kamala has allowed Illegal Migrants to FLOOD THE ARIZONA BORDER LIKE NEVER BEFORE. I WILL STOP IT ON DAY ONE DJT"
"@1","p2873","45569","KAMALA HARRIS ON THE TRUMP MIDDLE-CLASS TAX CUTS"
"@1","p2872","45569"," On my way to the Great State of Michigan Join me live at 3:00PM EDT. Will be on @RSBN, @NewsMax, @realamericasvoice, and Donald J. Trump @Rumble, among others. See you soonMAGA2024 https://rumble.com/v5h8kn9-live-president-trump-in-saginaw-mi.html"
"@1","p2871","45569","https://www.breitbart.com/2024-election/2024/10/03/dhs-fema-does-not-have-funds-make-through-hurricane-season-640-million-allotted-illegal-immigrants/"
"@1","p2870","45569","https://www.breitbart.com/the-media/2024/10/03/nolte-media-bury-credible-woman-battering-allegation-with-doug-emhoff-puff-pieces/"
"@1","p2869","45569"," On my way to the Great State of Michigan Join me live at 3:00PM EDT. Will be on @RSBN, @NewsMax, @realamericasvoice, and Donald J. Trump @Rumble, among others. See you soonMAGA2024 https://rumble.com/v5h8kn9-live-president-trump-in-saginaw-mi.html"
"@1","p2868","45569","Heading to Michigan  Well be going to North Carolina next week. Date to be determined, because I dont want to do anything thats going to interrupt their Rescue efforts."
"@1","p2867","45569","Great job Ivanka, thank you"
"@1","p2866","45569","FOR 60 DAYS PRIOR TO AN ELECTION, THE DEPARTMENT OF INJUSTICE IS SUPPOSED TO DO ABSOLUTELY NOTHING THAT WOULD TAINT OR INTERFERE WITH SAID ELECTION. THEY DISOBEYED THEIR OWN RULE IN FAVOR OF COMPLETE AND TOTAL ELECTION INTERFERENCE. I DID NOTHING WRONG, THEY DID THE CASE IS A SCAM, JUST LIKE ALL OF THE OTHERS, INCLUDING THE DOCUMENTS CASE, WHICH WAS DISMISSED"
"@1","p2865","45568","On my way to the Great State of Michigan Join me live at 3:00PM EDT. Will be on @RSBN, @NewsMax, @realamericasvoice, and Donald J. Trump @Rumble, among others. See you soonMAGA2024 https://rumble.com/v5h8kn9-live-president-trump-in-saginaw-mi.html"
"@1","p2864","45568","PRICES ARE TOO HIGH THE CONSUMER IS ANGRY AT THIS INCOMPETENT ADMINISTRATION. KAMALA HAS NO IDEA HOW TO BRING PRICES DOWN. SHE IS AFRAID TO EVEN DISCUSS IT WITH THE FAKE NEWS MEDIA. EVEN WORSE THAN HER V.P. CANDIDATE, SHE DOESNT EVEN HAVE A CLUE.BUT I DO, AND IT WILL HAPPEN FAST"
"@1","p2863","45568","Kamala and Sleepy Joe are universally being given POOR GRADES for the way that they are handling the Hurricane, especially in North Carolina. It is going down as the WORST  MOST INCOMPETENTLY MANAGED STORM, AT THE FEDERAL LEVEL, EVER SEEN BEFORE - BUT THEIR MANAGEMENT OF THE BORDER IS WORSE MAGA2024"
"@1","p2862","45568","This is a case of Election interference by Jack Smith. Old information that should not have been released prior to the Election. There was no reason to release it. Gregg Jarrett, FoxNews"
"@1","p2861","45568","I didnt rig the 2020 Election, they did"
"@1","p2860","45568","I WILL SAVE ROSS ULBRICHT"
"@1","p2859","45568","ELECTION INTERFERENCE"
"@1","p2858","45568","Democrats are Weaponizing the Justice Department against me because they know I am WINNING, and they are desperate to prop up their failing Candidate, Kamala Harris. The DOJ pushed out this latest hit job today because JD Vance humiliated Tim Walz last night in the Debate. The DOJ has become nothing more than an extension of Joes, and now Kamalas, Campaign. This is egregious PROSECUTORIAL MISCONDUCT, and should not have been released right before the Election. The Democrat Party is turning America into a Third World Country that tries to censor, harass, and intimidate their Political Opponents. What they have done to our Justice System is one of the Great, All Time, Tragedies."
"@1","p2857","45568",".The Democrat Party is guilty of the Worst Election Interference in American History. They are trying to DESTROY OUR DEMOCRACY, allowing millions of people to enter our Country illegally. They are determined to stop us from winning back the White House, sealing the Border, and MAKING AMERICA GREAT AGAIN. BUT THEY WILL FAIL, AND WE WILL SAVE OUR NATION"
"@1","p2856","45568","The release of this falsehood-ridden, Unconstitutional, J6 brief immediately following Tim Walzs disastrous Debate performance, and 33 days before the Most Important Election in the History of our Country, is another obvious attempt by the Harris-Biden regime to undermine and Weaponize American Democracy, and INTERFERE IN THE 2024 PRESIDENTIAL ELECTION. Deranged Jack Smith, the hand picked Prosecutor of the Harris-Biden DOJ, and Washington, D.C. based Radical Left Democrats, are HELL BENT on continuing to Weaponize the Justice Department in an attempt to cling to power. TRUMP is dominating the Election cycle, leading in the Polls, and the Radical Democrats throughout the Deep State are totally freaking out. This entire case is a Partisan, Unconstitutional, Witch Hunt, that should be dismissed, entirely, just like the Florida case was dismissed WHETHER NOW THE FULLY DEBUNKED RUSSIA, RUSSIA, RUSSIA, IRAN, IRAN, IRAN, UKRAINE, UKRAINE, UKRAINE, 51 INTELLIGENCE AGENTS, SPYING ON MY CAMPAIGN, IMPEACHMENT HOAX NUMBER ONE, IMPEACHMENT HOAX NUMBER TWO, OR ANY OF THE OTHER SCAMS, THIS ILLEGAL ACTION TAKEN BY THE JUSTICE DEPARTMENT, INCLUDING THEIR RAID ON MAR-A-LAGO FOR A CASE THAT WAS DISMISSED, WILL END JUST LIKE ALL OF THE OTHERS - WITH COMPLETE VICTORY FOR PRESIDENT DONALD J. TRUMP. MAKE AMERICA GREAT AGAIN"
"@1","p2855","45568","WHETHER NOW THE FULLY DEBUNKED RUSSIA, RUSSIA, RUSSIA, IRAN, IRAN, IRAN, UKRAINE, UKRAINE, UKRAINE, 51 INTELLIGENCE AGENTS, SPYING ON MY CAMPAIGN, IMPEACHMENT HOAX NUMBER ONE, IMPEACHMENT HOAX NUMBER TWO, OR ANY OF THE OTHER SCAMS, THIS ILLEGAL ACTION TAKEN BY THE JUSTICE DEPARTMENT, INCLUDING THEIR RAID ON MAR-A-LAGO FOR A CASE THAT WAS DISMISSED, WILL END JUST LIKE ALL OF THE OTHERS - WITH COMPLETE VICTORY FOR PRESIDENT DONALD J. TRUMP. MAKE AMERICA GREAT AGAIN"
"@1","p2854","45568","BIG NEWS: Nancy Pelosi has been EXPOSED on tape, during her daughters documentary, saying she, and she alone, is responsible for the events of January 6th, 2021. Can you imagine how that poor and loving daughter has suffered for allowing the TRUTH to get released https://justthenews.com/government/congress/pelosi-uncovered-doc-footage-reveals-plenty"
"@1","p2853","45568","These MAJOR revelations and the fact, as recently confirmed by the Great John Solomon and the STRONG work of Congressman Barry Loudermilk and Republicans on the House Oversight Committee, that the Deep State chose to DISREGARD my direct authorization of at least 10,000 National Guard Troops to ensure that Washington, D.C., was safe and secure on January 6th, automatically END the Sham J6 Civil Hoaxes and the lawless D.C. Case brought by Deranged Jack Smith, which has already been DEMOLISHED by the United States Supreme Courts Historic Immunity and Fischer Decisions. I called for everyone to act PEACEFULLY and PATRIOTICALLY, and demanded that D.C. be PROTECTED. We have to END the Witch Hunts and restore our broken Justice System https://justthenews.com/accountability/watchdogs/bombshell-transcripts-trump-urged-use-troops-protect-capitol-jan-6-was"
"@1","p2852","45567","A great honor to have you on our side. We will, MAKE AMERICA GREAT AGAIN, something Tim would not be able to do LMAO one of Tim Walzs family members is at a @JDVance watch party tonight cheering for JD and @teamTrump"
"@1","p2851","45567","KAMALA HARRIS: TAXES ARE GONNA HAVE TO GO UP."
"@1","p2850","45567","Great news. So badly needed in North Carolina, where there is virtually no communication. Starlink was the perfect answer, and Elon Musk, as usual, came through. Thank you Elon DJT"
"@1","p2849","45567","Text TRUMP to 88022"
"@1","p2848","45567","PRESIDENT TRUMPS 20 PROMISES TO AMERICA"
"@1","p2847","45567","Lyin Kamala just put out a request for another Debate because they lost so badly tonight - Again, its like the fighter who lost, gets up and says, I WANT A REMATCH. I beat Biden, I then beat her, and Im not looking to do it again, too far down the line. Votes are already cast - And Im leading BIG in the Polls. Ill MAKE AMERICA GREAT AGAIN, shes incapable of it"
"@1","p2846","45567","Thank you Frank"
"@1","p2845","45567","Why arent the after shows talking about the fact that Walz said, Im friends with school shooters"
"@1","p2844","45567","GREAT JOB JD  We will MAKE AMERICA GREAT AGAIN"
"@1","p2843","45567","JD crushed it Walz was a Low IQ Disaster - Very much like Kamala. Our Country would never be able to recover from an Administration of these two. Can you imagine them representing us with sharp, fierce Foreign Leaders I cant"
"@1","p2842","45567","https://www.DonaldJTrump.com"
"@1","p2841","45567"," EVERYONE KNOWS I WOULD NOT SUPPORT A FEDERAL ABORTION BAN, UNDER ANY CIRCUMSTANCES, AND WOULD, IN FACT, VETO IT, BECAUSE IT IS UP TO THE STATES TO DECIDE BASED ON THE WILL OF THEIR VOTERS THE WILL OF THE PEOPLE. LIKE RONALD REAGAN BEFORE ME, I FULLY SUPPORT THE THREE EXCEPTIONS FOR RAPE, INCEST, AND THE LIFE OF THE MOTHER. I DO NOT SUPPORT THE DEMOCRATS RADICAL POSITION OF LATE TERM ABORTION LIKE, AS AN EXAMPLE, IN THE 7TH, 8TH, OR 9TH MONTH OR, IN CASE THERE IS ANY QUESTION, THE POSSIBILITY OF EXECUTION OF THE BABY AFTER BIRTH. THANK YOU FOR YOUR ATTENTION TO THIS MATTER"
"@1","p2840","45567","CBS is LYING AGAIN about the 2020 Election. Where is my apology from Leslie Stahl She claimed that the Hunter Biden LAPTOP FROM HELL was not real, and that my Campaign wasnt spied on. CBS IS FAKE NEWS"
"@1","p2839","45567","Norah just made a statement about the Election, not a question. Shes having a bad night"
"@1","p2838","45567","Walz made a very big mistake on Gun Shooters. Does anyone think he knows what he said Will he have a News Conference after the Debate to apologize to the parents and others who were so horribly hurt"
"@1","p2837","45567","Trump Force 47 is the official army of volunteer neighborhood organizers working together to defeat Kamala Harris and the far-left liberal democrats. Your small time commitment will have a big impact on the outcome of Novembers electionsjoin today https://trumpforce47.com/"
"@1","p2836","45567","He said it twice  It is a DISQUALIFIER"
"@1","p2835","45567"," Did Tampon Tim just say he has become friends with school shooters He isnt even qualified to be Governor, let alone Vice President. Walz and Kamala DO NOT HAVE WHAT IT TAKES"
"@1","p2834","45567","I thought Norah was fired from CBS for Low Ratings. Why is she still on"
"@1","p2833","45567","Second time he has said, Ive been friends with school shooters. What does he mean by this Is he insane"
"@1","p2832","45567","Did Tampon Tim just say he has become friends with school shooters He isnt even qualified to be Governor, let alone Vice President. Walz and Kamala DO NOT HAVE WHAT IT TAKES"
"@1","p2831","45567","Border Czar Kamala has let in millions of illegal guns into our Country. She is a DANGER to our Kids, and our Schools"
"@1","p2830","45567","Tim Walz is not doing well. He is not qualified to be Vice President - Very much like Kamala, he is a TOTAL JOKE"
"@1","p2829","45567","Democrats are NOT Pro WOMEN, they are letting MEN play in WOMENs Sports. Walz cant even define what a Woman is"
"@1","p2828","45567","EVERYONE KNOWS I WOULD NOT SUPPORT A FEDERAL ABORTION BAN, UNDER ANY CIRCUMSTANCES, AND WOULD, IN FACT, VETO IT, BECAUSE IT IS UP TO THE STATES TO DECIDE BASED ON THE WILL OF THEIR VOTERS THE WILL OF THE PEOPLE. LIKE RONALD REAGAN BEFORE ME, I FULLY SUPPORT THE THREE EXCEPTIONS FOR RAPE, INCEST, AND THE LIFE OF THE MOTHER. I DO NOT SUPPORT THE DEMOCRATS RADICAL POSITION OF LATE TERM ABORTION LIKE, AS AN EXAMPLE, IN THE 7TH, 8TH, OR 9TH MONTH OR, IN CASE THERE IS ANY QUESTION, THE POSSIBILITY OF EXECUTION OF THE BABY AFTER BIRTH. THANK YOU FOR YOUR ATTENTION TO THIS MATTER"
"@1","p2827","45567","Walz should take less notes and focus on telling the TRUTH more."
"@1","p2826","45567","Why isnt Walz answering the question about his LIES He does talk a lot, but its all TOTAL BS"
"@1","p2825","45567","JD Vance just CRUSHED Tampon Tim with the FACTS. America was GREAT when I was President, and we will Make America Great Again after we win on November 5th"
"@1","p2824","45567","I SAVED our Country from the China Virus, Tampon Tim let Minneapolis burn in 2020, and then begged me to save him. He is talking so fast because hes nervous as hell, and LYING"
"@1","p2823","45567","Folks - Tampon Tim stealing Crooked Joes signature catchphrase. Sad"
"@1","p2822","45567","Comrade Kamala Harris and Crooked Joe Biden are letting in THOUSANDS and THOUSANDS of Violent Murderers and Rapists into our Country. I secured the Southern Border - They have DESTROYED it. Tampon Tim is babbling and not making any sense"
"@1","p2821","45567","JD VANCE: I said that Kamala enabled the Mexican drug cartels to operate freely in this countryWALZ: Nods head in agreement"
"@1","p2820","45567","Margaret Brennan just lied again about the ILLEGAL MIGRANTS let into our Country by Lyin Kamala Harris, and then she cut off JDs mic to stop him from correcting her"
"@1","p2819","45567","More notes Why cant Walz just remember what he has to say Low IQ"
"@1","p2818","45567","Margaret Brennan just fact checked JD, incorrectly, on Climate Change. When is she going to fact check Tampon Tim on all of his false statements Another repeat with the Fake News being unfair to the Republican Candidate, and trying to get the pathetic Democrat across the finish line. But it doesnt matter, the Public sees it for what it is - FAKE NEWS"
"@1","p2817","45567","JD is steady and strong, Tampon Tim is sweating bullets, he is nervous and weird."
"@1","p2816","45567","JD is doing GREAT - A different level of Intelligence from Tampon Tim"
"@1","p2815","45567","The Administration admitted that the Inflation Reduction Act that Walz just brought up was a HOAX with a phony name that had nothing to do with Inflation Reduction. Its been totally debunked by the Administration itself. It actually helped increase Inflation to the Highest in the History of our Country, devastating our Citizens"
"@1","p2814","45567","Walz is taking so many notes - Never seen a Candidate take more He needs the notes to keep his brain intact."
"@1","p2813","45567","A great defense of me and the Administration of fake charges made by an obviously not very bright Governor."
"@1","p2812","45567","Hes been indoctrinated with LIES, thinking he can override his own INCOMPETENCE. Hes as nervous as you can get"
"@1","p2811","45567","Both young ladies have been extremely biased Anchors"
"@1","p2810","45567","OK, lets go - Were getting ready to go"
"@1","p2809","45567","Join me live at 5:15PM EDT for a press conference in beautiful Milwaukee, Wisconsin https://rumble.com/v5h2qct-live-president-trump-in-milwaukee-wi.html"
"@1","p2808","45567","Just landed in beautiful Wisconsin Join me live from Waunakee at 1:30PM CDT / 2:30PM EDT on @RSBN, @NewsMax, @realAmericasVoice, and Donald J. Trump @Rumble, among others. See you soon Live link: https://rumble.com/v5gzbn0-live-president-trump-in-waunakee-wi.html"
"@1","p2807","45567","THIS WAR WAS TOTALLY PREVENTABLE. IT SHOULD HAVE NEVER HAPPENED. IF I WERE PRESIDENT, IT WOULD NOT HAVE HAPPENED"
"@1","p2806","45567","Look at the World today  Look at the missiles flying right now in the Middle East, look at whats happening with Russia/Ukraine, look at Inflation destroying the World. NONE OF THIS HAPPENED WHILE I WAS PRESIDENT"
"@1","p2805","45567","https://gofund.me/6a032627"
"@1","p2804","45567","OIL IS UP, THE WORLD IS CRASHING - WE NEED TRUMP"
"@1","p2803","45567","https://www.rsbnetwork.com/news/trump-asks-elon-musk-to-provide-starlink-internet-for-north-carolina-storm-victims/"
"@1","p2802","45567","https://www.gofundme.com/f/support-hurricane-helene-victims-with-president-trump"
"@1","p2801","45566","WE ARE CRIME FIGHTERS, THEY KAMALA AND JOE ARE CRIME CREATORS"
"@1","p2800","45566","https://www.DonaldJTrump.com"
"@1","p2799","45566","I spoke to Elon Musk about his brilliant communication system for North Carolina and Georgia. So many of their lines are down. He is on it"
"@1","p2798","45566","A REALLY BAD RESPONSE TO HURRICANE FROM KAMALA AND JOE"
"@1","p2797","45566","The GREAT Pete Rose just died. He was one of the most magnificent baseball players ever to play the game. He paid the price Major League Baseball should have allowed him into the Hall of Fame many years ago. Do it now, before his funeral DJT"
"@1","p2796","45566","Thank you. I Love Our Great Farmers DJT"
"@1","p2795","45566","https://www.gofundme.com/f/support-hurricane-helene-victims-with-president-trump"
"@1","p2794","45566","Elon Musk: Voting for Trump only way to save democracy https://thehill.com/policy/technology/4906822-elon-musk-donald-trump-democracy/"
"@1","p2793","45566","9/30/24  VALDOSTA, GEORGIA"
"@1","p2792","45566","This Witch Hunt, by Letitia James, is SO BAD for New York City and State. Companies are refusing to come in and invest as long as it is outstanding, and others are leaving because of it --- and nothing can stop them. The negative impact on New York State, and JOBS, is like no other case that has been prosecuted in many years - A TOTAL DISASTER Letitia James knows this, but doesnt care - To her, its just a Political Campaign. So sad for our Country. Jonathan Turley: Letitia James May be Winning the Lawfare but Losing the War https://jonathanturley.org/2024/09/30/letitia-james-may-be-winning-lawfare-but-losing-the-war/"
"@1","p2791","45566","To every family that has been displaced here in Georgia, in North Carolina, and throughout the region, our hearts are with you in this hour of need. You are in our prayers today, and throughout all the long weeks that lay ahead. We love youwe are with youand we will be back again and againhttps://rumble.com/v5gx2g3-live-president-trump-in-valdosta-ga.html"
"@1","p2790","45566","Jonathan Turley: Letitia James May be Winning the Lawfare but Losing the War https://jonathanturley.org/2024/09/30/letitia-james-may-be-winning-lawfare-but-losing-the-war/"
"@1","p2789","45566","Another FAKE and STAGED photo from someone who has no clue what she is doing. You have to plug the cord into the phone for it to work Biden and Harris abandoned Americans in Afghanistan. They sacrificed Americans to an Open Border, and now, they have left Americans to drown in North Carolina, Georgia, Tennessee, Alabama, and elsewhere in the South. Under this Administration, Americans always come last, because we have leaders who have no idea how to lead"
"@1","p2788","45566","I will be doing a personal PLAY BY PLAY of the Debate tomorrow between the Brilliant J.D. Vance and the Highly Inarticulate Tampon Tim Walz. I hope that Cognitively Challenged, Lyin Kamala Harris, will be listening so that she can again show the World how she will make up false facts and stories in order to change around an administrative FAILURE In any event, I will be commenting on what is going on. Watch TRUTH SOCIAL tomorrow night"
"@1","p2787","45565","The Democrats are interfering with my Campaign by not giving us the proper number of people within Secret Service that are necessary for Security. Theyre using them for themselves, even though they dont need them - they draw flies - because they have no crowds, and for people like the President of Iran, who is doing everything possible to kill me. We need more Secret Service, and we need them NOW. It is ELECTION INTERFERENCE that we have to turn away thousands of people from arenas and venues because it is not being provided to us. Congress just authorized Hundreds of Millions of Dollars in money and help, and with the weak crowd participation that the Democrats get, there should be plenty left over for the Republican Party. Hopefully the people of Wisconsin, and other areas where thousands are turned away, will realize that this is just another Democrat ploy"
"@1","p2786","45565","We are now heading to Valdosta, Georgia, in order to pay my respects and bring lots of relief material, including fuel, equipment, water, and other things, to the State. Many politicians and Law Enforcement will be there. Well be saying hello to Franklin Graham, Burt Jones, Tyler Harper, Mike Collins, Austin Scott, Russ Goodman, Sam Watson, and the Mayor of Valdosta Scott James. They are working very hard. I was also going to stop into North Carolina, which has really been hit hard. I have a lot of supplies ready for them, but access and communication is now restricted, and we want to make sure that Local Emergency Management is able to focus on helping the people most affected, and not being concerned with me. Ill be there shortly, but dont like the reports that Im getting about the Federal Government, and the Democrat Governor of the State, going out of their way to not help people in Republican areas. MAGA"
"@1","p2785","45565","I promised to Make America Great Again, this time with crypto. WorldLibertyFi is planning to help make America the crypto capital of the world The whitelist for eligible persons is officially open  this is your chance to be part of this historic moment. Join: https://www.worldlibertyfinancial.com/"
"@1","p2784","45565","Kamala and Sleepy Joe are going out of their way to make it difficult for me to Campaign. We had one of the biggest crowds Ive ever seen on Saturday, in Prairie du Chien, Wisconsin, where a terrible migrant crime was recently committed, and we ended up having to use a 750 seat theater, having to send away more than 50,000 people. They were unable to give us Secret Service protection commensurate with the crowd, because they had to protect the President of Iran, who is doing everything possible to kill me, at the United Nations event. We complained like hell, but there was nothing we could do."
"@1","p2783","45565",".I only hope all of those people that were turned away will blame the Creeps from the Harris-Biden Administration, namely, the Opposing Party, that did this to them. IT WAS A DISGRACE The 750 people had a great time, but Im going to make it back up to those in Wisconsin that were forced by Harris to waste their time. We will get back up to Wisconsin very soon, and well get to a venue that can handle all of them, probably an outside area. If it werent for politics, they would have had no problem supplying us with Secret Service Security."
"@1","p2782","45540","SO TERRIBLE"
"@1","p2781","45555","KAMALA SUPPORTS TAXPAYER FUNDED SEX CHANGES FOR PRISONERS"
"@1","p2780","45565","https://www.breitbart.com/politics/2024/09/27/trump-says-time-ukraine-war-end-thanks-zelensky-defending-him-during-ukraine-impeachment-hoax/"
"@1","p2779","45565","Charlie Spiering has written an incredible Book, Amateur Hour: Kamala Harris in the White House. From San Francisco to Washington, D.C., Kamala Harris has left a path of Death and Destruction, and Citizens across our Great Country are suffering the results. Our Nation has become a Complete and Total JOKE. The U.S.A. cannot survive four more years of IncompetenceGet your copy today: https://www.simonandschuster.com/books/Amateur-Hour/Charlie-Spiering/9781668046074"
"@1","p2778","45565","Joe Concha has written a GREAT Book, Progressively Worse: Why Todays Democrats Aint Your Daddys Donkeys. The Democrat Party has truly become RADICALIZED, with their platform of Open Borders, Endless Wars, and the Green New Scam, which is driving Inflation and the annihilation of the American Dream. We cannot allow this Horror to continueGet your copy today: https://www.amazon.com/Progressively-Worse-Todays-Democrats-Donkeys/dp/0063334801"
"@1","p2777","45565","Dont miss tonights Fox News Special, MELANIAHosted by Ainsley Earhardt at 10:00PM ET https://MelaniaTrump.com/"
"@1","p2776","45565","What Comrade Kamala Harris has done to our Country at the Border by allowing 13,099 murderers to roam openly, and be free to kill, is The Crime of the Century. They have already killed many people, and this is just the beginning. She should be IMPEACHED, PROSECUTED, or BOTH But the incredible thing is that the Fake News Media does everything possible not to pick this story up. 13,099 MURDERERS are on the loose in our Country because of Kamala Harris, and they just dont want to report it The Fake News is helping Kamala to destroy our Country. They are TOTALLY CORRUPT - You just cant find worse, or less patriotic people. We need an honest Media to guard our Country."
"@1","p2775","45565","I seldom watch Low Rated Bill Maher but, when I do, I marvel at the fake laughter on the Show. It sounds like a bad Laugh Machine, its so obnoxious and disgusting, just like him, always laughing no matter what is said. Real Republicans hate it when Fox puts Crazy Bill on, far too often, to show that the Left agrees with us. Fox ought to GET SMART, and not use LOSERS like this Also, they shouldnt allow negative Ads."
"@1","p2774","45565","CNN will not put on a Republican Conservative, nor will MSDNC. But Fox is constantly putting on Liberal Democrats to counter previous guests from the Right, thereby nullifying any message they may happen to give - The Fake News is already unfair enough to Republicans, we dont need it from Fox, also."
"@1","p2773","45565","Theres something wrong with Kamala, I just dont know what it is  But there is something missing, and everybody knows it"
"@1","p2772","45565","To all Rapists, Drug Dealers, Human Traffickers, and Murderers, WELCOME TO AMERICA It is important that you send a THANK YOU note to Lyin Kamala Harris, because without her, you would not be here. We dont want you, and were going to get you out"
"@1","p2771","45565","Saint Michael the Archangel, defend us in battle. Be our defense against the wickedness and snares of the Devil. May God rebuke him, we humbly pray, and do thou, O Prince of the heavenly hosts, by the power of God, cast into hell Satan, and all the evil spirits, who prowl about the world seeking the ruin of souls. Amen."
"@1","p2770","45565","Why is Lyin Kamala Harris in San Francisco, a City that she has totally destroyed, at fundraising events, when big parts of our Country are devastated and under water - with many people dead She is openly acknowledged to be the Worst Vice President in History and, as President, she would be even WORSE"
"@1","p2769","45564","Congratulations to our incredible former First Lady on the success of her new book, MELANIA 1 in the USA Buy your copy today at https://MelaniaTrump.com/. Dont miss tonights Fox News Special, MELANIAat 10PM ET, hosted by Ainsley Earhardt."
"@1","p2768","45564","SEE YOU SOONERIE, PENNSYLVANIA JOIN ME LIVE AT 2:00PM EDT: https://rumble.com/v5gpnn8-live-president-trump-in-erie-pa.html On my way to Erie, Pennsylvania Join me LIVE at 2:00PM EDTWill be on @RSBN, @NewsMax, @realAmericasVoice, and Donald J. Trump @Rumble, among others. See you soonMAGA2024 https://rumble.com/v5gpnn8-live-president-trump-in-erie-pa.html"
"@1","p2767","45564","On my way to Erie, Pennsylvania Join me LIVE at 2:00PM EDTWill be on @RSBN, @NewsMax, @realAmericasVoice, and Donald J. Trump @Rumble, among others. See you soonMAGA2024 https://rumble.com/v5gpnn8-live-president-trump-in-erie-pa.html"
"@1","p2766","45564","https://nypost.com/2024/09/28/us-news/president-trump-arrives-at-bryant-denny-stadium-in-tuscaloosa-for-alabama-vs-georgia-football-game/"
"@1","p2765","45564","https://www.breitbart.com/politics/2024/09/28/trump-receives-loud-welcome-at-alabama-georgia-football-game/"
"@1","p2764","45564","https://www.si.com/college/alabama/football/trump-attends-third-crimson-tide-football-game-01j8xhrjb02n"
"@1","p2763","45564","Kamalas Illegal Migrants. Its the biggest crime story of our time. She should resign or be IMPEACHED"
"@1","p2762","45564","Left Wisconsin, where illegal migrants are causing havoc. Ill take care of that situation, and fast Just arrived in Alabama for big game with Georgia. Will be GREAT"
"@1","p2761","45564","Michigan Welcomes Tim Walz"
"@1","p2760","45564","Today, I stand before you to make this promise: I will LIBERATE WISCONSIN from this mass Migrant Invasion of murderers, rapists, hoodlums, drug dealers, thugs, and vicious gang members. I will liberate our NATIONour NATION will be FREE again if we win this election"
"@1","p2759","45564","What Kamala Harris has done to our border is a betrayal of every citizen, it is a betrayal of her oath, and it is a betrayal of the American Nation"
"@1","p2758","45564","In less than 4 years, Kamala has relocated almost 5 of the entire population of Haiti to the United States, and 6 of the populations of Honduras and Nicaragua. These countries are so dangerous that the U.S. State Department has Travel Advisories warning Americans not to go thereyet Kamala is resettling them HERE"
"@1","p2757","45564","If Kamala is reelected, your town and every town like it across Wisconsin and across the heartland will be transformed into a third-world hellhole"
"@1","p2756","45564","Border Czar Harris went to the border to lie in the most shameless and horrible way possible  at the very site where she released so much suffering, misery, and death"
"@1","p2755","45564","Under Kamala Harris more than 13,099 convicted murderers crossed our bordersand were set free into the United States of America so they are free to kill again"
"@1","p2754","45564","Kamala wouldnt allow for protection to take care of this crowd. So rather than having 50,000 in a field, were using a small arenabut she is not going to stop us, and everyone knows, she doesnt have what it takes Join me live: https://rumble.com/v5gmq7x-live-president-trump-in-prairie-du-chien-wi.html"
"@1","p2753","45564","Join me live at 2:45PM CDT/3:45PM EDT in Prairie du Chien, Wisconsin. Will be on @RSBN, @NewsMax, @realAmericasVoice, and Donald J. Trump @Rumble, among others. See you soonMAGA2024 Live link: https://rumble.com/v5gmq7x-live-president-trump-in-prairie-du-chien-wi.html"
"@1","p2752","45564","https://rumble.com/v5gocaz-president-trump-delivers-remarks-in-prairie-du-chien-wi.html"
"@1","p2751","45564","https://www.rsbnetwork.com/video/live-president-trump-delivers-remarks-in-prairie-du-chien-wi-9-28-24/"
"@1","p2750","45564","SEE YOU SOONTHANK YOU https://rumble.com/v5gmq7x-live-president-trump-in-prairie-du-chien-wi.html"
"@1","p2749","45564","Can you imagine that Kamala got up yesterday and tried to pretend she did a good job at the BORDER, when she never even went there, and made it impossible for the great men and women of Border Patrol to properly do their jobs. She let in 14,000 STONE COLD KILLERS. I WILL GET THEM OUT, AND FAST"
"@1","p2748","45563","Even the LameStream Media is mocking Comrade Kamala Harris for her pathetic attempt yesterday to justify her HORRIBLE performance at the Border. 14,000 CONVICTED thugs and slimeballs who have committed MURDER have been allowed to enter our Country, totally unvetted and unchecked, and roam free to KILL AGAINAnd they will kill again, over and over, and wreak havoc like never seen before. We dont know anything about them. Kamala is a FOOL to have let this happen to our beautiful USA. It is totally unjustifiable, there can be nothing worse She should be IMPEACHED for what she as done to our Country"
"@1","p2747","45563","It is a totally false story that I am going to sue lightweight anchor David Muir of ABC FAKE NEWS, perhaps the worst and most dishonorable network in broadcasting Despite an unfair and unethical 3 on 1, I easily won the recent Debate. My sole focus is to, MAKE AMERICA GREAT AGAIN"
"@1","p2746","45563","https://nypost.com/2024/09/27/us-news/shocking-data-shows-15k-illegal-immigrants-accused-of-murder-as-kamala-harris-visits-border/"
"@1","p2745","45563","Join TRUMP FORCE 47 today https://trumpforce47.com/"
"@1","p2744","45563"," Comrade Kamala Harris, who allowed almost 14,000 MURDERERS to freely and openly roam our Country, is now making a Speech in Douglas, Arizona, trying to say she did an OK job with the Border. She didnt She is the Worst Vice President in History, and the Worst Border Czar in History, and people are dying every day because of her. SHE HAS GOT BLOOD ON HER HANDS"
"@1","p2743","45563","https://www.breitbart.com/politics/2024/09/25/rep-tom-tiffany-reveals-duplicate-absentee-ballots-have-no-barcode/"
"@1","p2742","45563","KAMALAS AMERICA: MURDERERS  RAPISTS RUN WILD"
"@1","p2741","45563","Great being with everybody in Warren, Michigan"
"@1","p2740","45563","Why does Fox put this FRAUDULENT LIAR on Television Why dont they put the people on that are going to MAKE AMERICA GREAT AGAIN Fox is just as bad as she is"
"@1","p2739","45563","Can you imagine - She lets our Border go for four years, TOTALLY OPEN AND UNPROTECTED, and then she says shes going to fix it Shes incompetent, and not capable of ever fixing it. It will only get WORSE"
"@1","p2738","45563","Why didnt Kamala make this speech four years ago Its too late She has damaged our Country beyond recognition. There is no excuse for what she has done. She is guilty of CRIMES Now she is begging for forgiveness, but our Country will never forgive her for this GROSS INCOMPETENCE at the Border. ONLY I CAN FIX IT. MAKE AMERICA GREAT AGAIN"
"@1","p2737","45563","Comrade Kamala Harris, who allowed almost 14,000 MURDERERS to freely and openly roam our Country, is now making a Speech in Douglas, Arizona, trying to say she did an OK job with the Border. She didnt She is the Worst Vice President in History, and the Worst Border Czar in History, and people are dying every day because of her. SHE HAS GOT BLOOD ON HER HANDS"
"@1","p2736","45563","https://www.breitbart.com/politics/2024/09/27/donald-trump-takes-commanding-lead-arizona/"
"@1","p2735","45563","Fake News sources at Mediaite, whatever that is, report that it is my intention to sue Lightweight Anchor David Muir of ABC for his constant and unagreed to interruptions during the Debate with Comrade Kamala Harris, a Debate which I won, as indicated by the Polls. The report in Mediaite is FAKE NEWS, reposting someone named Tara Palmeri, who I dont know, but I understand is very close to, and writes for, a competitor. I am not suing David Muir I should sue him, but there is not enough time - Im too busy winning the Election, which should not be hard to do when it was just announced that Kamala has let almost 14,000 locked up for life MURDERERS into our Country through the Southern Border"
"@1","p2734","45563","Kamala has allowed more than 13,000 convicted killers into our Country. She is not fit to be President"
"@1","p2733","45563","Kamalas Border Drop-In Comes Much Too Little, Much Too FAKE https://www.donaldjtrump.com/news/1c72eb7e-3107-4c54-8d93-36f08e45dbbf"
"@1","p2732","45563","https://rumble.com/v5gha4z-live-president-trump-in-walker-mi.html"
"@1","p2731","45563","BREAKING NEWSA MUST WATCH JUST OUT: 13,000 people convicted of murder have crossed into our Country through Kamala Harris Open Border - NON DETAINED, NON CITIZEN, CONVICTED CRIMINALS Ive been saying this from the beginning of the Harris-Biden Administration, as soon as I learned they opened the Borders. Nobody who has allowed this to happen to our Country is fit to be President of the United States Bad timing for her to show up to the Border today, after not going for four years. Why didnt she release these numbers earlier"
"@1","p2730","45563","13,000 CROSSED THE BORDER WITH MURDER CONVICTIONS Kamala should immediately cancel her News Conference because it was just revealed that 13,000 convicted murderers entered our Country during her three and a half year period as Border Czar - Also currently in our Country because of her are 15,811 migrants convicted of rape and sexual assault. We handed this Administration the Most Secure Border of our Lifetime Tom Homan, Former Ice Director."
"@1","p2729","45563","Kamala should immediately cancel her News Conference because it was just revealed that 13,000 convicted murderers entered our Country during her three and a half year period as Border Czar - Also currently in our Country because of her are 15,811 migrants convicted of rape and sexual assault. We handed this Administration the Most Secure Border of our Lifetime Tom Homan, Former Ice Director."
"@1","p2728","45563","JUST OUT: 13,000 people convicted of murder have crossed into our Country through Kamala Harris Open Border - NON DETAINED, NON CITIZEN, CONVICTED CRIMINALS Ive been saying this from the beginning of the Harris-Biden Administration, as soon as I learned they opened the Borders. Nobody who has allowed this to happen to our Country is fit to be President of the United States Bad timing for her to show up to the Border today, after not going for four years. Why didnt she release these numbers earlier"
"@1","p2727","45563","Former ICE Director Tom Homan: President Trump was the Greatest President in my lifetime. This Country was never better off. He was unprecedented in his success on the Border, and it saved lives. He was an out-of-the-box thinker. He got it done. Hes proven you can secure the Border - The Most Secure Border in my lifetime. Who the hell wants more illegal immigration, more sex trafficking, more drugs, more known suspected terrorists Its disgusting what this Administration has done. Thats why we need President Trump back"
"@1","p2726","45563","Former ICE Director Tom Homan: Ive worked with six PresidentsI know what policies work. I know what policies dont. President Trump was a game-changer, and we saved thousands of lives by securing that Southern Border. Biden and Harris took the Most Secure Border in my lifetime, and UNSECURED IT ON PURPOSE."
"@1","p2725","45563","It has been determined that Google has illegally used a system of only revealing and displaying bad stories about Donald J. Trump, some made up for this purpose while, at the same time, only revealing good stories about Comrade Kamala Harris. This is an ILLEGAL ACTIVITY, and hopefully the Justice Department will criminally prosecute them for this blatant Interference of Elections. If not, and subject to the Laws of our Country, I will request their prosecution, at the maximum levels, when I win the Election, and become President of the United States"
"@1","p2724","45563","Just had a great meeting with President Zelenskyy of Ukraine. If Im elected President, the war with Russia and Ukraine will end quickly. If not, that war will never end, and will phase into WORLD WAR III. Comrade Harris will NEVER BE ABLE TO END THE WAR, and hasnt. Nothing will change except THE DEATH AND DESTRUCTION WILL ONLY GET WORSE  MAGA2024"
"@1","p2723","45563","https://thenationalpulse.com/analysis-post/trumps-first-term-border-achievements-were-frankly-extraordinary/"
"@1","p2722","45562","THANK YOU WISCONSINMAGA2024"
"@1","p2721","45562","CONGRATULATIONS to our incredible former First Ladyas her new book MELANIA hit 1 in the USA Buy your copy today at https://MelaniaTrump.com. If you love our former First Lady as much as me, and are ready for the Truth, buy her new book nowMELANIA provides an insightful perspective of her tenure as First Lady of the United States, highlighting our shared experiences, her entrepreneurial achievements, plus the challenges and triumphs she experienced since her childhood in Europe.Pre-Order Now:https://www.amazon.com/dp/1510782699refcmswrcpuddpRQ9BXVVYWCBYFADC3N0HrefcmswrcpuddpRQ9BXVVYWCBYFADC3N0HsocialsharecmswrcpuddpRQ9BXVVYWCBYFADC3N0HskipTwisterOG1dplnkId70f87fab-ca93-416a-b42d-b386dd7ff4f2nodl1"
"@1","p2720","45562","Kamala Shows Us Again Why She Never Does Interviews https://www.donaldjtrump.com/news/8760cee3-7340-4dcc-9fc5-3457aa5953bd"
"@1","p2719","45562","FIVE ALARM FIRE: Kamalas Softball Interview Scorched By The New York Times, Others https://www.donaldjtrump.com/news/c090a521-c31c-4c13-9ee4-40dd03280d24"
"@1","p2718","45561","SHOCKING BREAKING NEWS: As exposed by the Great John Solomon, a REAL Journalist who cares about the TRUTH, and the GREAT work of Congressman Barry Loudermilk and Republicans on the House Oversight Committee, the Deep State chose to disregard my direct authorization of at least 10,000 National Guard Troops to ensure that Washington, D.C., was safe and secure on January 6, 2021. These Deep State subversives disobeyed the Presidents directives, which would have prevented any unrest that day - January 6th, as it is known, would never have taken place."
"@1","p2717","45561",".These revelations END the Sham J6 Civil Hoaxes and the lawless D.C. Case brought by Deranged Jack Smith, which has already been demolished by the United States Supreme Courts Historic Immunity and Fischer Decisions. I called for everyone to act PEACEFULLY and PATRIOTICALLY, and demanded that D.C. be PROTECTED. The Deep State, and Crazy Nancy Pelosi, who admitted to her daughter on videotape that she was responsible, have to be held to account, including for the damages, wasted resources, and time spent defending the Witch Hunts and Hoaxes. We have to SAVE our broken Justice System"
"@1","p2716","45561","TRUMP HAS A PLAN FOR THE ECONOMYKAMALA DOESNT"
"@1","p2715","45561","The Official Trump Watch Collection is here, and these Watches are truly special  Youre going to love them. Would make a great Christmas Gift. Dont wait, they will go fast. GET YOUR TRUMP WATCH RIGHT NOW Go to https://gettrumpwatches.com/."
"@1","p2714","45561","Comrade Kamala Harris just put up an Ad saying that I.V.F. was banned in certain areas because of me. That is another LIE, just like her working at McDonalds was a LIE I have been totally supportive of I.V.F., right from the beginning, and so has the Republican Party"
"@1","p2713","45561","https://www.DonaldJTrump.com"
"@1","p2712","45561","SHOCKING BREAKING NEWS: As exposed by the Great John Solomon, a REAL Journalist who cares about the TRUTH, and the GREAT work of Congressman Barry Loudermilk and Republicans on the House Oversight Committee, the Deep State chose to disregard my direct authorization of at least 10,000 National Guard Troops to ensure that Washington, D.C., was safe and secure on January 6, 2021. These Deep State subversives disobeyed the Presidents directives, which would have prevented any unrest that day - January 6th, as it is known, would never have taken place."
"@1","p2711","45561",".These revelations END the Sham J6 Civil Hoaxes and the lawless D.C. Case brought by Deranged Jack Smith, which has already been demolished by the United States Supreme Courts Historic Immunity and Fischer Decisions. I called for everyone to act PEACEFULLY and PATRIOTICALLY, and demanded that D.C. be PROTECTED. The Deep State, and Crazy Nancy Pelosi, who admitted to her daughter on videotape that she was responsible, have to be held to account, including for the damages, wasted resources, and time spent defending the Witch Hunts and Hoaxes. We have to SAVE our broken Justice System"
"@1","p2710","45540","Crazy Kamala wants to DEFUND THE POLICENot under my watch"
"@1","p2709","45540","THERE WAS NO INFLATION UNDER TRUMP WE HAD NO PROBLEMSTHE WORLD WAS SAFE"
"@1","p2708","45561","Jesse Watters: She Kamala says she wants to build all these homes. Im going to go with the guy Trump who builds things for a living."
"@1","p2707","45561","THANK YOU, BRIANMAGA2024"
"@1","p2706","45561","INFLATION IS A DISASTER"
"@1","p2705","45561","Very sad. https://www.dailymail.co.uk/news/article-13886411/Arrested-Kamala-Harris-truancy-Cheree-Peoples-disabled-daughter-California.html"
"@1","p2704","45561","https://event.donaldjtrump.com/events/president-donald-j-trump-to-return-to-butler-pa"
"@1","p2703","45561","I couldnt agree more VoteTrumpVance2024"
"@1","p2702","45561","INFLATION IS A DISASTER"
"@1","p2701","45561","THANK YOU, BRIANMAGA2024"
"@1","p2700","45561","FORMER KAMALA HARRIS COMMUNICATIONS DIRECTOR: I felt like there was absolutely nothing novel about what happened today"
"@1","p2699","45561","For those of us who have been waiting for more specifics of what does that childcare policy look like What is it that shes calling for Were not getting that at this point in the campaign."
"@1","p2698","45561","Philip Wegmann: As she Kamala is putting forward a new way forward, she is CURRENTLY in office. She currently has access to the levers of power."
"@1","p2697","45561","Jesse Watters: She Kamala says she wants to build all these homes. Im going to go with the guy Trump who builds things for a living."
"@1","p2696","45561","EXCLUSIVE: DONALD TRUMP OPENS UP BIG 10 POINT LEAD IN OUR ELECTION MODEL https://www.dailymail.co.uk/news/article-13890931/Donald-Trump-opens-big-lead-election-model-Kamala-Harris-best-weeks-27-000-voters-decide-wins.html"
"@1","p2695","45561","THANK YOU, NORTH CAROLINA TOGETHER, WE ARE GOING TO MAKE AMERICA GREAT AGAINSWAMP THE VOTE USA: https://swampthevoteusa.com/"
"@1","p2694","45561","9/25/24  MINT HILL, NORTH CAROLINA"
"@1","p2693","45561","Just landed in the Great State of North Carolina Join me live at 1:00PM Eastern from Mint HillWill be on @RSBN, @NewsMax, @realAmericasVoice, and Donald J. Trump, among others. See you soonTOGETHER, WE are going to MAKE AMERICA GREAT AGAIN LIVE LINK: https://rumble.com/v5g744l-live-president-trump-in-mint-hill-nc.html"
"@1","p2692","45560","Trump Force 47 is the official army of volunteer neighborhood organizers working together to defeat Comrade Kamala Harris and the far-left liberal democrats. Your small time commitment will have a big impact on the outcome of Novembers elections, JOIN TODAY at: https://trumpforce47.com/."
"@1","p2691","45560","Vindicating Trump: The Number-One Political Virtue Needed Right Now Is Courage and Trump Has That in Spades https://www.breitbart.com/politics/2024/09/25/dinesh-dsouzas-vindicating-trump-the-number-one-political-virtue-needed-right-now-is-courage-and-trump-has-that-in-spades/"
"@1","p2690","45560","THANK YOU, GEORGIAMAGA2024JOIN TRUMP FORCE 47: https://trumpforce47.com/"
"@1","p2689","45560","ECONOMY REMAINS TOP ISSUE FOR VOTERS https://www.DonaldJTrump.com"
"@1","p2688","45560","The first time since they started keeping track that there are more Republicans than Democratsand its solely because of President Donald J. Trump"
"@1","p2687","45560","THANK YOU, GEORGIAMAGA2024JOIN TRUMP FORCE 47: https://trumpforce47.com/"
"@1","p2686","45560","Internal polling in Louisiana has me winning the state by the largest margin Ive ever hadMAGA2024"
"@1","p2685","45560","Big threats on my life by Iran. The entire U.S. Military is watching and waiting. Moves were already made by Iran that didnt work out, but they will try again. Not a good situation for anyone. I am surrounded by more men, guns, and weapons than I have ever seen before. Thank you to Congress for unanimously approving far more money to Secret Service - Zero NO Votes, strictly bipartisan. Nice to see Republicans and Democrats get together on something. An attack on a former President is a Death Wish for the attacker"
"@1","p2684","45560","A great day in Louisiana"
"@1","p2683","45560","CONSUMER CONFIDENCE FELL TO THE LOWEST LEVEL IN MORE THAN 3 YEARS. MAKE AMERICA GREAT AGAIN"
"@1","p2682","45560","I briefly watched an interview of Stephen Colbert on highly government subsidized PBS, and found it fascinating for only one reason  Why would they be wasting time and the publics money on this complete and total loser He is not funny, which he gets paid far too much to be, he is not wise, he is VERY BORING, and his show is dying from a complete lack of viewers Gutfeld, on cable, is killing him CBS should terminate his contract and pick almost anyone, right off the street, who would do better, and for FAR LESS MONEY  Or I could recommend someone, much more talented, and smarter, who would do it for FREE The good news for Stephen is that the two DOPES on NBC  ABC are not much better than him"
"@1","p2681","45560","https://www.DonaldJTrump.com"
"@1","p2680","45560","Congratulations to Senator Joe Manchin for not endorsing Radical Kamala Harris because of her DEATH WISH for the Filibuster and the Rule of Law. Joe knows that only the 45th President of the United States, Donald J. Trump, can protect our Country, our People, and Make America Great Again"
"@1","p2679","45560","THANK YOU, WISCONSINTOGETHER WE WILL MAKE AMERICA GREAT AGAIN JOIN TRUMP FORCE 47 AT: https://trumpforce47.com/"
"@1","p2678","45560","https://swampthevoteusa.com/"
"@1","p2677","45560","WERE GOING TO BRING THOUSANDS, AND THOUSANDS OF BUSINESSES, AND TRILLIONS OF DOLLARS IN WEALTHBACK TO THE UNITED STATES OF AMERICA https://www.DonaldJTrump.com"
"@1","p2676","45560","Under Kamala, there will be no car industry, no steel industry, no significant manufacturing of any kindand we will be at risk of military defeat...and I am not going to allow Japan to buy U.S. Steel, 70 years ago the greatest company on earth"
"@1","p2675","45560","VOTE TRUMP, and you will see a mass exodus of manufacturing from China to Pennsylvania, from Korea to North Carolinaand from Germany to right here in Georgia https://www.DonaldJTrump.com"
"@1","p2674","45560","Under my plan, American Workers will no longer be worried about losing YOUR jobs to foreign nationsinstead, foreign nations will be worried about losing THEIR jobs to America"
"@1","p2673","45560","This New American Industrialism will create millions of jobs, massively raise wages for American workers, and make the United States into a manufacturing powerhouse. We will be able to build ships again. We will be able to build airplanes again. We will become the world leader in Robotics, and the U.S. auto industry will once again be the envy of the planet"
"@1","p2672","45560","Here is the deal that I will be offering to every major company and manufacturer on earth...I will give you the lowest taxes, the lowest energy costs, the lowest regulatory burden, and free access to the best and biggest market on the planetbut ONLY if you make your product here in America and hire American workers for the job If you DONT make your product here, then you will have to pay a very substantial tariff when you send your product into the United States of America"
"@1","p2671","45560","I will bring auto manufacturing back to the highest level in the history of our Country, and people around the globe will be buying products proudly stamped MADE IN THE USA, MADE IN GEORGIA, and EXPORTED through the Port of Savannah"
"@1","p2670","45560","The centerpiece of my plan for a manufacturing renaissance will be a 15 Made in America Tax Rate, cutting the business tax from 21 to 15, but ONLY for those who make their product in the USAMAKE AMERICA GREAT AGAIN"
"@1","p2669","45560","Under Comrade Kamala Harris, companies that ship American jobs overseas will be given a massive tax breakUnder a Trump Administration, companies that ship American jobs overseas will have to pay a massive tariff"
"@1","p2668","45560","Trumps Rescue Mission: Saving America is the film Kamala Harris and her allies in the biased media dont want you to see. With an incredible cast, it dares to tell the truth about Kamalas radical left-wing agenda. Thank you to my friend, @DaveBossieThis is a must see, go to: https://citizensunitedmovies.com/pages/trumpsavesamericamovie"
"@1","p2667","45560","After almost four years, Border Czar Kamala Harris has decided, for political reasons, that its time for her to go to our broken Southern Border. What a disgrace that she waited so long, allowing millions of people to enter our Country from prisons, mental institutions, and criminal cells all over the World, not just South America, many of those coming are terrorists, and at a level never seen before Shes trying to con the public like she did a good job at the Border when, in fact, she has destroyed the very fabric of our Nation allowing 21 Million people in from places unknown."
"@1","p2666","45560",".When Kamala is seen at the Border on Friday, she will pass Hundreds of Miles of Wall that was built by TRUMP, and it is Wall that WORKS When she speaks, be advised that this woman has allowed more than 21 million people into our Country, totally unvetted, and from places unknown. They are now creating criminal havoc all throughout the Country. Every State is a Border State When she speaks, I hope everybody remembers that she has caused our cities, towns, and Country itself, tremendous damage, and only I can fix it"
"@1","p2665","45560","Just landed in the Great State of Georgia Join me LIVE at 1:00PM Eastern in SavannahWill be on @RSBN, @NewsMax, @realamericasvoice, and Donald J. Trump @Rumble, among others. MadeInAmerica LIVE LINK: https://rumble.com/v5g460z-live-president-trump-in-savannah-ga.html"
"@1","p2664","45559","The Great Miranda Devine understood the harsh reality of the LAPTOP FROM HELL before the Fake News Media would even acknowledge its existence. Now, Miranda has written another blockbuster book, The Big Guy: How a President and His Son Sold Out America. The corrupt practice of betraying our Country for personal gain ENDS November 5th. MAKE AMERICA GREAT AGAINOrder this powerful new Book today: https://www.amazon.com/Big-Guy-Inside-Scandal-Machine/dp/0063374811/reftmmhrdswatch0encodingUTF8dibtagsedibeyJ2IjoiMSJ9.yHxdASJFkZvnHFuWFXF1zhKltnFhW7c3sMduXgfVzbGjHj071QN20LucGBJIEps.MDqJEJUUtccRqLCFgK-sywq0mifTARmr4U2lxbX0wqid1727191745sr8-1"
"@1","p2663","45559","Kat Timpf has just written an amazing book, I Used to Like You Until...: How Binary Thinking Divides Us. With her great wit, Kat exposes the Radical Lefts War on Free Speech, and inspires us all to HAVE FUN. The Democrats are a sorry bunch. Ive said it before, THEY HAVE NO SENSE OF HUMORGet your copy today: https://www.amazon.com/Used-Like-You-Until-Thinking/dp/1668067277/refsr11dibeyJ2IjoiMSJ9.wwoGMWAqCzwsU44tYg7EC9Z34smGHjij7H76x3lFic6hzakKADdea3Ck-cGp8mdNbqJzS7xnRAEXm1BS-HjDAswZPgCF8TmNmfcoXMR3W9ZGXLqurgtJeyxCRm3KguoHYl8N8YmkRpPHC5DdwDif3qrnkA-xGStxgv0AIadIHkxlPX24NY0SMV5cHqRklDw7x73MWyymSkJHd3jENuLxeVctcyhgZ0XskAZeVjuM.yySW5wbMYyxu0mNBWvogYzEsNqtYcscgvbLBwzSjjbIdibtagsehvadid693887721265hvdevchvexpln67hvlocphy200511hvnetwghvocijid10715724051173259913--hvqmtehvrand10715724051173259913hvtargidkwd-1961249035339hydadcr2253713493358keywordskattimpfnewbookqid1727191618sr8-1"
"@1","p2662","45559","https://www.DonaldJTrump.com"
"@1","p2661","45559","It takes centuries to build the unique character of each state. But reckless migration policy can change it quickly and permanently. Just like weve seen in London, and Paris, and Minneapolis. If Kamala Harris wins this election, she will flood Pennsylvania cities and towns with illegal migrants from all over the worldand Pennsylvania will not be Pennsylvania any longer.When I am president, all migrant flights to Pennsylvania will STOP the moment I take the oath of office. Those who do not belong, will be sent back home. We will end the invasion of small-town Pennsylvaniaand we will END the destruction of America. https://trumpforce47.com/"
"@1","p2660","45559","YOU MUST GET OUT AND VOTE https://trumpforce47.com/"
"@1","p2659","45559","https://justthenews.com/politics-policy/all-things-trump/trump-doj-fbi-mishandling-and-downplaying-second-assassination"
"@1","p2658","45559","https://writerevolutionnews.com/2024/09/23/trump-speaks-to-the-heart-of-the-usa-i-am-the-candidate-of-the-american-worker-and-i-always-will-be/"
"@1","p2657","45559","https://www.washingtonexaminer.com/opinion/3154361/newly-registered-pennsylvania-voter-motivated-economic-circumstance/"
"@1","p2656","45559","https://nypost.com/2024/09/23/us-news/trump-says-hed-demand-chinas-xi-jinping-follow-through-on-50b-farming-deal-if-re-elected/"
"@1","p2655","45559","https://www.cnbc.com/2024/09/23/trump-john-deere-mexico-tariff-election.html"
"@1","p2654","45559","https://www.dailymail.co.uk/news/article-13883893/donald-trump-pennsylvania-rally-mom-grocery-store.html"
"@1","p2653","45559","https://www.newsmax.com/newsmax-tv/donald-trump-pennsylvania-rally/2024/09/23/id/1181467/"
"@1","p2652","45559","It takes centuries to build the unique character of each state. But reckless migration policy can change it quickly and permanently. Just like weve seen in London, and Paris, and Minneapolis. If Kamala Harris wins this election, she will flood Pennsylvania cities and towns with illegal migrants from all over the worldand Pennsylvania will not be Pennsylvania any longer.When I am president, all migrant flights to Pennsylvania will STOP the moment I take the oath of office. Those who do not belong, will be sent back home. We will end the invasion of small-town Pennsylvaniaand we will END the destruction of America. https://trumpforce47.com/"
"@1","p2651","45559","YOU MUST GET OUT AND VOTE https://trumpforce47.com/"
"@1","p2650","45559","9/23/24  PENNSYLVANIA https://www.DonaldJTrump.com"
"@1","p2649","45559","Join me live in Indiana, Pennsylvania at 7:15PM EasternWill be on @RSBN, @NewsMax, @realAmericasVoice, and Donald J. Trump @Rumble, among others. See you soonMAGA2024 https://rumble.com/v5fxcqc-live-president-trump-in-indiana-pa.html"
"@1","p2648","45559","I would like to thank Governor Jim Pillen of Nebraska for trying to help the Republican Party simplify the complexity of the States Electoral Map. It would have been better, and far less expensive, for everyone Unfortunately, a Democrat turned Republican State Senator named Mike McDonnell decided, for no reason whatsoever, to get in the way of a great Republican, common sense, victory. Just another Grandstander Who knows, perhaps one of the others two Republicans that were a NO Vote will change their minds. In the meantime, thank you to Governor Pillen and Omaha Mayor Jean Stothert I always preferred a winner take all allocation of Nebraskas Electoral Votes for their hard work and effort. I LOVE OMAHA, and won it in 2016. Looks like Ill have to do it again"
"@1","p2647","45559","TRUMP PERFORMANCE AMONG LATINO VOTERS"
"@1","p2646","45559","Kamala should take down and disavow all of her Statements that she worked for McDonalds. These Statements go back a long way, and were also used openly throughout the Campaign  UNTIL SHE GOT CAUGHT. She must apologize to the American people for lying"
"@1","p2645","45559","It will be an honor to attend the SOLD OUT 79th ANNUAL AL SMITH DINNER on October 17th in New York. It will be great to see so many wonderful people there, including Cardinal Timothy M. Dolan. We know the Spirit of Al Smith, the first Catholic Nominee of a Major Party, and John F. Kennedy, the FIRST Catholic President, will be in the room with us that night. It was a virtual event in 2020, and I was delighted to speak to our Catholic friends that day and, of course, it was a HIGHLY SUCCESSFUL evening in 2016 when we were there in person with Crooked Hillary Clinton. The reviews of my remarks were TREMENDOUS. Its sad, but not surprising, that Kamala has decided not to attend. I dont know what she has against our Catholic friends, but it must be a lot, because she certainly hasnt been very nice to them, in fact, Catholics are literally being persecuted by this Administration. Any Catholic that votes for Comrade Kamala Harris should have their head examined."
"@1","p2644","45559",".In addition to the Democrats Cruel War on The Little Sisters of the Poor, Kamala led the way on the UNCONSCIONABLE and UNCONSTITUTIONAL ATTACKS on The Knights of Columbus that amounted to a RELIGIOUS TEST Very anti-Catholic for Justices on the Supreme Court. Also, who can forget the flagrant, in-your-face TRANSGENDER DAY OF VISIBILITY Kamala and Biden hosted at the White House on Easter Sunday of all days. Regardless, I will see everyone on October 17th, and we will have a GREAT night for Catholic Charities. Its sad that Kamala doesnt care about these good works, but with her History of anti-Catholic actions, she would have a hard time anyway"
"@1","p2643","45559","It was just announced that Pennsylvania has the Highest Grocery Inflation Rate in the entire Nation. So, not only have they got you on No Fracking, High Taxes, Inflation, Horrible Border Policy, and everything else, Pennsylvania is Number One in the Grocery Price Increase - Not a distinction any State wants to have"
"@1","p2642","45559","The Democrats are talking about how theyre working so hard to get millions of votes from Americans living overseas. Actually, they are getting ready to CHEAT They are going to use UOCAVA to get ballots, a program that emails ballots overseas without any citizenship check or verification of identity, whatsoever. Foreign interference Remember they say, we have the most secure elections in history, and anyone can get a ballot emailed to them They want to dilute the TRUE vote of our beautiful military and their families, who Comrade Kamala has totally disrespected and abandoned. Republicans must act to stop them from stealing our military votes. WATCH Remember, IF YOU VOTE ILLEGALLY, YOURE GOING TO JAIL."
"@1","p2641","45558","Comrade Kamala just LOST Pennsylvania https://www.foxnews.com/politics/unearthed-video-reiterates-harris-previous-support-fracking-ban"
"@1","p2640","45558","Kamala and Sleepy Joe are currently representing our Country. She is our Border Czar, the worst in history, and has been for over 3 years. VOTE TRUMP AND, MAKE AMERICA GREAT AGAIN 2024"
"@1","p2639","45556","WOMEN ARE POORER THAN THEY WERE FOUR YEARS AGO, ARE LESS HEALTHY THAN THEY WERE FOUR YEARS AGO, ARE LESS SAFE ON THE STREETS THAN THEY WERE FOUR YEARS AGO, ARE MORE DEPRESSED AND UNHAPPY THAN THEY WERE FOUR YEARS AGO, AND ARE LESS OPTIMISTIC AND CONFIDENT IN THE FUTURE THAN THEY WERE FOUR YEARS AGO I WILL FIX ALL OF THAT, AND FAST, AND AT LONG LAST THIS NATIONAL NIGHTMARE WILL BE OVER. WOMEN WILL BE HAPPY, HEALTHY, CONFIDENT AND FREE YOU WILL NO LONGER BE THINKING ABOUT ABORTION, BECAUSE IT IS NOW WHERE IT ALWAYS HAD TO BE, WITH THE STATES, AND A VOTE OF THE PEOPLE - AND WITH POWERFUL EXCEPTIONS, LIKE THOSE THAT RONALD REAGAN INSISTED ON, FOR RAPE, INCEST, AND THE LIFE OF THE MOTHER - BUT NOT ALLOWING FOR DEMOCRAT DEMANDED LATE TERM ABORTION IN THE 7TH, 8TH, OR 9TH MONTH, OR EVEN EXECUTION OF A BABY AFTER BIRTH. I WILL PROTECT WOMEN AT A LEVEL NEVER SEEN BEFORE. THEY WILL FINALLY BE HEALTHY, HOPEFUL, SAFE, AND SECURE. THEIR LIVES WILL BE HAPPY, BEAUTIFUL, AND GREAT AGAIN"
"@1","p2638","45558","Things on the campaign against the Communist Left are going very well, but the World is now a very dangerous place. Kamala and Joe is unable to answer even the simplest of questions. Its CRAZY If she cant do that, how can she represent us on stopping World War lll The answer is simple, she cant MAGA2024"
"@1","p2637","45557","It was great seeing my friends His Highness Sheikh Tamim bin Hamad Al Thani, Amir of Qatar and His Excellency Sheikh Mohammed bin Abdulrahman bin Jassim Al Thani, Prime Minister of Qatar at Mar-a-Lago in Palm Beach, Florida.The Amir has proven to be a great and powerful leader of his country, advancing on all levels at record speed. He is someone also who strongly wants peace in the Middle East, and all over the world. We had a great relationship during my years in the White House, and it will be even stronger this time around"
"@1","p2636","45557","This is a wonderful day for our amazing Polish-American community. My great friend, Polish President Andrzej Duda, is at the National Shrine of Our Lady of Czstochowa, in Doylestown, Pennsylvania, to honor and remember the brave heroes who fought for Polands independence after World War II. It was the incredible example of Polish heroes throughout history that inspired the closing words of my speech to the courageous Polish People on July 6, 2017: So, together, let us all fight like the Poles  for family, for freedom, for country, and for God."
"@1","p2635","45557","THANK YOU, NORTH CAROLINAMAGA2024"
"@1","p2634","45557","Wow Just announced that ABC television ratings plummeted after David Muirs disastrous debate performance. As accurately stated in the New York Post, ABC debate disaster already punishing ratings, because America is sick of Journalists lies."
"@1","p2633","45557","A long time ago, Oprah Winfrey asked me to do her last Network Television Show. The final week of her show was a big deal, and it was my honor, with my family, to do it. When I watched her interview yesterday with a woman who is destroying, through her complete and total incompetence, America, I couldnt help but think this isnt the real Oprah, this isnt a person that wants millions of people, from prisons and mental institutions, and terrorists, drug dealers, and human traffickers, from all over the World, pouring into our Country. Kamala looked really foolish, couldnt answer the simplest of questions on Inflation, the Cost of Goods, or our very porous and dangerous Border - No leader there, and Oprah just wanted to crawl under a table Comrade Kamala Harris is mentally unfit to be President. She knows it, and so does everyone else"
"@1","p2632","45557","Will be interviewed tonight by Brian Kilmeade on Fox News One Nation at 9PM Eastern."
"@1","p2631","45557","https://justthenews.com/nation/states/center-square/trump-3-3-north-carolinas-post-debate-polls"
"@1","p2630","45557","https://justthenews.com/politics-policy/majority-back-mass-deportations-illegal-aliens-poll"
"@1","p2629","45557","https://thenationalpulse.com/2024/09/18/kamala-allies-admit-shes-lying-about-securing-the-border-to-win-election-it-wont-come-up-when-shes-in-office/"
"@1","p2628","45557","https://thenationalpulse.com/2024/09/18/watch-springfield-city-manager-admits-he-has-heard-reports-of-horrid-things-occurring-to-domesticated-animals/"
"@1","p2627","45557","https://thenationalpulse.com/2024/09/18/data-majority-of-americans-independents-support-mass-deportations/"
"@1","p2626","45557","https://thenationalpulse.com/2024/09/18/billionaire-investor-vows-to-pull-out-of-u-s-market-if-kamala-wins-citing-dangerous-tax-policy/"
"@1","p2625","45557","https://thenationalpulse.com/2024/09/18/breaking-teamsters-refuse-to-endorse-a-prez-candidate-for-1st-time-in-28-years-members-overwhelmingly-back-trump/"
"@1","p2624","45557","https://thenationalpulse.com/2024/09/18/kamala-refuses-to-discount-executive-action-on-reparations/"
"@1","p2623","45557","https://www.americanthinker.com/articles/2024/09/slayingleviathan.html"
"@1","p2622","45557","https://justthenews.com/accountability/congress-asks-five-state-attorneys-general-investigate-possible-money-laundering-act"
"@1","p2621","45557","https://justthenews.com/politics-policy/all-things-trump/trump-uses-bitcoin-buy-hamburgers-new-york"
"@1","p2620","45557","https://justthenews.com/politics-policy/all-things-trump/trump-pledges-make-ground-zero-national-monument"
"@1","p2619","45557","https://justthenews.com/politics-policy/trump-visit-springfield-aurora-cities-struggle-under-migrant-influx"
"@1","p2618","45557","https://justthenews.com/politics-policy/elections/trump-claims-he-would-impose-200-tariffs-mexican-automakers-trying-import"
"@1","p2617","45557","https://justthenews.com/nation/economy/billionaire-vows-pull-investments-stock-market-over-harris-economic-policies-if-she"
"@1","p2616","45557","https://justthenews.com/politics-policy/vance-roasts-nyt-response-reporter-wouldnt-say-its-respectable-paper"
"@1","p2615","45557","Mark Levin: Iran all in for Harris. https://www.politico.com/news/2024/09/18/fbi-says-iran-sent-hacked-trump-info-to-biden-campaign-00179951"
"@1","p2614","45557","https://thenationalpulse.com/2024/09/18/breaking-iran-sent-hacked-trump-documents-to-biden-harris/"
"@1","p2613","45557","https://justthenews.com/politics-policy/trump-vows-bright-new-day-jewish-americans-fighting-antisemitism-event"
"@1","p2612","45557","Trump Credits Success of His NFTs for Change of Heart on Bitcoin and Crypto https://decrypt.co/249755/trump-credits-nfts-change-of-heart-bitcoin-crypto"
"@1","p2611","45557","Will be interviewed tonight by Brian Kilmeade on Fox News One Nation at 9PM Eastern."
"@1","p2610","45557","Ohio Democrats and left-wing special interest groups are spending more than 26 million to rig Elections through the Issue 1 redistricting scam.Issue 1 would guarantee that unqualified redistricting commissioners are not accountable to Ohio voters, and would be impossible to remove them if they abuse their power - Issue 1 will cost Ohio taxpayers millions of dollars, and would force the State to pay redistricting commission lawyers unlimited legal expenses, with no accountability.Ohio voters need to stop this Democrat takeover of legislative redistricting. Vote No on Issue 1. Stop the Steal"
"@1","p2609","45557","MINNESOTA, Early Voting HAS STARTED We have to Save our Country from the Radical Left Communists who are driving our horrific Decline, and that starts with YOU. GET OUT AND VOTE NOW to Secure the Border, Stop Migrant Crime, Grow our Economy, Lower Taxes, Bring Back American Energy DOMINANCE, Support our Great Military/Veterans, and Protect our always under siege Second Amendment. We will WIN - TOO BIG TO RIG. MAGAFind your Early Vote location here: https://www.sos.state.mn.us/elections-voting/other-ways-to-vote/voting-locations-before-election-day/"
"@1","p2608","45557","VIRGINIA: Early Voting HAS BEGUN We need ALL VIRGINIA PATRIOTS TO GET OUT AND VOTE, so that our WIN is TOO BIG TO RIG. In order to take our Country back from the Radical Left Thugs and Lunatics that are destroying it, including our Border, the Migrant Invasion, Economy, Inflation, Rising Gas Prices, Cost of Goods, and Crime, we must vote in numbers that they have never seen before. VOTE EARLY, VOTE NOW and, MAKE AMERICA GREAT AGAINFind your Early Vote location here: https://www.elections.virginia.gov/casting-a-ballot/early-voting-office-locations/"
"@1","p2607","45557","https://www.washingtonpost.com/opinions/2024/09/19/trump-project-2025-harris-2019-agenda/"
"@1","p2606","45557","https://nypost.com/2024/09/18/us-news/fed-chair-jerome-powell-blames-influx-of-illegal-migrants-for-rising-unemployment-rate/"
"@1","p2605","45556","Join me LIVE for a MAGA RALLY today in Wilmington, North Carolina at 2:00PM Eastern. Will be on @RSBN, @NewsMax, @realamericasvoice, and Donald J. Trump @rumble, among others. Big crowd, see you soonMAGA2024 https://rumble.com/v5fo925-live-president-trump-in-wilmington-nc.html"
"@1","p2604","45556","Good morning everyoneI have something incredible to share today, as we are introducing the launch of our Official Trump Coins The ONLY OFFICIAL coin designed by meand proudly minted here in the U.S.A. The President Donald J. Trump First Edition Silver Medallion will be available starting Wednesday, 9/25/24, EXCLUSIVELY athttps://realtrumpcoins.com/. Sign up today @realtrumpcoins"
"@1","p2603","45556","MAKE AMERICA GREAT AGAIN"
"@1","p2602","45556","The ratings challenged Bill Maher, on his increasingly boring show on HBO, is really having a hard time coping with TRUMP DERANGEMENT SYNDROME. He is a befuddled mess, sloppy and tired, and every conversation, with B and C list guests, seems to start with, or revert back to, ME This week he had dumb as a rock bimbo Stephanie Ruhle, from MSDNC, on the show, along with a Trump hating loser, Bret Stephens, who seemed totally confused and unsure of himself, very much like Maher himself. Stevens should find himself another line of work because I am driving the FAILING New York Times absolutely crazy, and it is very hard, perhaps impossible, for a writer to write well of me without suffering the wrath of the degenerate editors who, with a push from the top, have gone insane. They apologized to their readers in 2016 for their complete and total MISS, and theyll do it again in November. The FAILING New York Times is a badly run newspaper that has totally lost its way. Put it to sleep"
"@1","p2601","45556","THE KAMALA WORD OF THE DAY IS CLEARLYSTORY"
"@1","p2600","45556","https://babylonbee.com/news/oprah-releases-moving-1-hour-special-on-dangers-of-alcohol-abuse"
"@1","p2599","45555","This is now the Number One song, across all charts, about me. Such an unexpected honor"
"@1","p2598","45556","WOMEN ARE POORER THAN THEY WERE FOUR YEARS AGO, ARE LESS HEALTHY THAN THEY WERE FOUR YEARS AGO, ARE LESS SAFE ON THE STREETS THAN THEY WERE FOUR YEARS AGO, ARE MORE DEPRESSED AND UNHAPPY THAN THEY WERE FOUR YEARS AGO, AND ARE LESS OPTIMISTIC AND CONFIDENT IN THE FUTURE THAN THEY WERE FOUR YEARS AGO I WILL FIX ALL OF THAT, AND FAST, AND AT LONG LAST THIS NATIONAL NIGHTMARE WILL BE OVER. WOMEN WILL BE HAPPY, HEALTHY, CONFIDENT AND FREE YOU WILL NO LONGER BE THINKING ABOUT ABORTION, BECAUSE IT IS NOW WHERE IT ALWAYS HAD TO BE, WITH THE STATES, AND A VOTE OF THE PEOPLE - AND WITH POWERFUL EXCEPTIONS, LIKE THOSE THAT RONALD REAGAN INSISTED ON, FOR RAPE, INCEST, AND THE LIFE OF THE MOTHER - BUT NOT ALLOWING FOR DEMOCRAT DEMANDED LATE TERM ABORTION IN THE 7TH, 8TH, OR 9TH MONTH, OR EVEN EXECUTION OF A BABY AFTER BIRTH. I WILL PROTECT WOMEN AT A LEVEL NEVER SEEN BEFORE. THEY WILL FINALLY BE HEALTHY, HOPEFUL, SAFE, AND SECURE. THEIR LIVES WILL BE HAPPY, BEAUTIFUL, AND GREAT AGAIN"
"@1","p2597","45556","Rasmussen, one of the best, and most accurate, POLLS"
"@1","p2596","45556","MAN ACCUSED IN DEADLY DUI CRASH DEPORTED"
"@1","p2595","45556","How bad is it when a Candidate running for Office makes a major part of her Campaign that she works at McDonalds, and it turns out not to be true, but the worst part is the Media refuses to talk about it"
"@1","p2594","45556","I saved Flavored Vaping in 2019, and it greatly helped people get off smoking. I raised the age to 21, keeping it away from the kids. Kamala and Joe want everything banned, killing small businesses all over the Country. Ill save Vaping again"
"@1","p2593","45556","GUTFELD NOTCHES LARGEST AUDIENCE IN PROGRAM HISTORY WITH NEARLY FIVE MILLION VIEWERS DURING INTERVIEW WITH FORMER PRESIDENT DONALD TRUMP https://press.foxnews.com/2024/09/fox-news-channels-gutfeld-notches-largest-audience-in-program-history-with-nearly-five-million-viewers-during-interview-with-former-president-donald-trump-on-wednesday-september-18th"
"@1","p2592","45555","This is now the Number One song, across all charts, about me. Such an unexpected honor"
"@1","p2591","45555","IF YOU VOTE ILLEGALLY, YOURE GOING TO JAIL."
"@1","p2590","45555","COMRADE KAMALA HARRIS EXPOSED"
"@1","p2589","45555","KAMALA SUPPORTS TAXPAYER FUNDED SEX CHANGES FOR PRISONERS"
"@1","p2588","45554","WOW, JUST OUT THE FBI CAUGHT IRAN SPYING ON MY CAMPAIGN, AND GIVING ALL OF THE INFORMATION TO THE KAMALA HARRIS CAMPAIGN. THEREFORE SHE AND HER CAMPAIGN WERE ILLEGALLY SPYING ON ME. TO BE KNOWN AS THE IRAN, IRAN, IRAN CASE WILL KAMALA RESIGN IN DISGRACE FROM POLITICS WILL THE COMMUNIST LEFT PICK A NEW CANDIDATE TO REPLACE HER"
"@1","p2587","45554","MAKE NEW YORK GREAT AGAIN 9/18/2024  NEW YORK https://www.DonaldJTrump.com"
"@1","p2586","45555","New Rasmussen Poll has us leading by 8 points, 52-44. Smart people want a Great Economy, No Inflation, Energy Independence, a Strong Military  Border, NO CRIME, a Powerful Second Amendment, Honest Elections, and much more. MAGA TRUMP2024"
"@1","p2585","45555","So cool TRUTH"
"@1","p2584","45555","https://www.breitbart.com/entertainment/2024/09/19/1-kahns-trump-tribute-fighter-tops-itunes-charts-across-all-genres/"
"@1","p2583","45555","You are an amazing guy. My father would be proud of you. Thanks for the memories Donald J. Trump"
"@1","p2582","45555","https://www.DonaldJTrump.com"
"@1","p2581","45555","https://www.DonaldJTrump.com"
"@1","p2580","45555","47 DAYS https://trumpforce47.com"
"@1","p2579","45555","Will be interviewed by @CarlHigbie on @NewsMax tonight at 8:00PM Eastern."
"@1","p2578","45555","Join me live in Washington, D.C. at 6:30PM Eastern for a Fighting Anti-Semitism in America Event with Dr. Miriam Adelson. https://rumble.com/v5fl7pw-live-president-trump-in-washington-d.c..html"
"@1","p2577","45555","https://rumble.com/v5fk01d-must-watch-president-donald-j.-trump-on-gutfeld.html"
"@1","p2576","45555","Will be interviewed by @CarlHigbie on @NewsMax tonight at 8:00PM Eastern."
"@1","p2575","45555","DESANTIS SPEAKS OUT ON TRUMP ASSASSINATION ATTEMPT"
"@1","p2574","45555","Team Trumps Reclaim America Tour featuring Robert F. Kennedy Jr. and Former U.S. Representative Tulsi Gabbard HI-02 in Las Vegas, Nevada on Saturday, September 21stGET YOUR TICKETS HERE: https://event.donaldjtrump.com/events/team-trumps-reclaim-america-tour-featuring-robert-f-kennedy-jr-and-former-us-representative-tulsi-gabbard-hi-02-in-las-vegas-nevada"
"@1","p2573","45555","COMRADE KAMALA HARRIS EXPOSED"
"@1","p2572","45555","TRUMP BLAMES DEM RHETORIC FOR ASSASSINATION ATTEMPTS"
"@1","p2571","45555","REP. BYRON DONALDS: KAMALA HARRIS, IN THE DEBATE LAST WEEKLIED"
"@1","p2570","45555","WE COULD ONLY FIND ONE HARRIS SUPPORTER"
"@1","p2569","45555","https://www.DonaldJTrump.com"
"@1","p2568","45555","VOTE TRUMP 2024NO TAX ON TIPSNO TAX ON OVERTIME NO TAX ON SOCIAL SECURITY FOR SENIORS https://www.DonaldJTrump.vom"
"@1","p2567","45555","Michigan Voter: Im going to vote for Donald Trump this year. I am typically a Democrat...Three and a half years ago, I made more money, I paid less taxes, gas prices were cheaper. Now, everything has tripled, including grocery prices."
"@1","p2566","45555","https://www.DonaldJTrump.com"
"@1","p2565","45555","I just learned that my newest book, SAVE AMERICA, is a New York Times BEST SELLER No other book takes you behind the scenes like this coffee table book. I picked each photo, and I can tell you it is FANTASTIC. Get your copy today at https://45books.com/."
"@1","p2564","45555","New Rasmussen Poll has us leading by 8 points, 52-44. Smart people want a Great Economy, No Inflation, Energy Independence, a Strong Military  Border, NO CRIME, a Powerful Second Amendment, Honest Elections, and much more. MAGA TRUMP2024"
"@1","p2563","45554","Will be heading to D.C. later for two big events. See you then"
"@1","p2562","45554","WHEN DOES KAMALA AND HER CAMPAIGN GO BEFORE A GRAND JURY ON IRAN, IRAN, IRAN MY CAMPAIGN WHEN THROUGH HELL ON THE RUSSIA, RUSSIA, RUSSIA HOAX. THE BIG DIFFERENCE IS THAT THE IRAN/KAMALA CAMPAIGN CORRUPTION CASE IS REAL"
"@1","p2561","45554","She allowed 21 million people to invade our Country. Many are terrorists and criminals"
"@1","p2560","45554","THANK YOU"
"@1","p2559","45554","https://www.washingtonexaminer.com/opinion/3052958/what-is-left-behind-when-a-coal-fired-power-plant-shutters/"
"@1","p2558","45554","Thank you to GREAT FIGHTER CONOR M"
"@1","p2557","45552","Early Voting in Pennsylvania. GO VOTE. MAKE AMERICA GREAT AGAIN  DJT"
"@1","p2556","45554","9/18/2024  NEW YORK https://www.DonaldJTrump.com"
"@1","p2555","45554","MAKE NEW YORK GREAT AGAIN 9/18/2024  NEW YORK https://www.DonaldJTrump.com"
"@1","p2554","45554","9/18/2024  NEW YORK https://www.DonaldJTrump.com"
"@1","p2553","45554","BREAKING: Comrade Kamala Harris getting illegal campaign help from Iran, according to the FBI. https://www.politico.com/news/2024/09/18/fbi-says-iran-sent-hacked-trump-info-to-biden-campaign-00179951"
"@1","p2552","45554","SEE YOU TONIGHT ON GUTFELD AT 10:00PM EASTERNMAGA2024"
"@1","p2551","45554","WOW, JUST OUT THE FBI CAUGHT IRAN SPYING ON MY CAMPAIGN, AND GIVING ALL OF THE INFORMATION TO THE KAMALA HARRIS CAMPAIGN. THEREFORE SHE AND HER CAMPAIGN WERE ILLEGALLY SPYING ON ME. TO BE KNOWN AS THE IRAN, IRAN, IRAN CASE WILL KAMALA RESIGN IN DISGRACE FROM POLITICS WILL THE COMMUNIST LEFT PICK A NEW CANDIDATE TO REPLACE HER"
"@1","p2550","45554","Join me live tonight in Uniondale Nassau County, New York at 7:00PM Eastern. Will be on Laura @IngrahamAngle @FoxNews,@RSBN, @NewsMax, @realAmericasVoice, and Donald J. Trump @Rumble, among others. Big crowd, see you soonMAGA2024 https://rumble.com/v5fcgh1-live-president-trump-in-uniondale-ny.html"
"@1","p2549","45554","I LOVE NEW YORKWERE GOING TO MAKE NEW YORK GREAT AGAIN https://www.DonaldJTrump.com"
"@1","p2548","45554","President Trump just became the first President to send a transaction using Bitcoin."
"@1","p2547","45554","SEE YOU TONIGHT ON GUTFELD AT 10:00PM EASTERNMAGA2024"
"@1","p2546","45554","https://rumble.com/v5fcgh1-live-president-trump-in-uniondale-ny.html"
"@1","p2545","45554","WOWTHANK YOU, LONG ISLAND, NEW YORK. SEE YOU SOON https://rumble.com/v5fcgh1-live-president-trump-in-uniondale-ny.html"
"@1","p2544","45554","If Republicans dont get the SAVE Act, and every ounce of it, they should not agree to a Continuing Resolution in any way, shape, or form. Democrats are registering Illegal Voters by the TENS OF THOUSANDS, as we speak - They will be voting in the 2024 Presidential Election, and they shouldnt be allowed to. Only American Citizens should be voting in our Most Important Election in History, or any Election A Vote must happen BEFORE the Election, not AFTER the Election when it is too late. BE SMART, REPUBLICANS, YOUVE BEEN PUSHED AROUND LONG ENOUGH BY THE DEMOCRATS. DONT LET IT HAPPEN AGAIN. Remember, this is Biden/Harris fault, not yours"
"@1","p2543","45554","https://rumble.com/v5fcgh1-live-president-trump-in-uniondale-ny.html"
"@1","p2542","45554","https://rumble.com/v5fcgh1-live-president-trump-in-uniondale-ny.html"
"@1","p2541","45553","THANK YOUFLINT, MICHIGAN https://www.DonaldJTrump.com"
"@1","p2540","45553","Howard Lutnick: Donald Trump is here to protect the American Worker"
"@1","p2539","45553","A Great and Talented Artist and Entertainer, Vanessa Horabuena"
"@1","p2538","45553","I called this four years ago, and its only going to get worse - unless Im elected, in which case this Migrant problem will go away, FASTA Venezuelan Gang Is Expanding Its Deadly Reach to the U.S. https://www.wsj.com/world/americas/venezuela-gang-tren-de-aragua-us-0b40e380"
"@1","p2537","45553","THANK YOUFLINT, MICHIGAN https://www.DonaldJTrump.com"
"@1","p2536","45553","Finally everyone is agreeing that I won the Debate with Kamala. It was like a delayed reaction but, as one Political Pundit said, Trump is still the G.O.A.T."
"@1","p2535","45553","THANK YOUFLINT, MICHIGAN https://www.DonaldJTrump.com"
"@1","p2534","45553","Riley Moore is a tremendous American First Candidate running to represent the Wonderful People of West Virginias 2nd Congressional DistrictRiley is a Conservative Warrior who has incredible support from his Community. In Congress, Riley will work tirelessly to Grow the Economy, Lower Inflation, Uphold the Rule of Law, Secure our Border, Support our Incredible Military/Vets, and Defend our always under siege Second Amendment.Riley Moore has my Complete and Total Endorsement  HE WILL NEVER LET YOU DOWN"
"@1","p2533","45553","David Taylor is a fantastic American First Candidate running to represent the Incredible People of Ohios 2nd Congressional DistrictAs a very successful businessman, David knows how to Fight Inflation, Grow the Economy, Lower Taxes, and Eliminate Government Waste. In Congress, David will fight tirelessly to Secure our Border, Stop Migrant Crime, Advance Election Integrity, Strengthen our Incredible Military/Vets, and Defend our always under siege Second Amendment.David Taylor has my Complete and Total Endorsement - HE WILL NEVER LET YOU DOWN"
"@1","p2532","45553","Jeff Crank is running to represent the Fantastic People of Colorados 5th Congressional DistrictJeff is a Conservative Warrior who has incredible support from his Community. In Congress, he will Grow the Economy, Secure our Borders, Stop Migrant Crime, Support our Incredible Military/Vets, Champion American Energy Independence, and Defend our always under siege Second Amendment. He is also endorsed by my friends, Congressmen Jim Banks and Ronny Jackson, and many other Highly Respected America First Patriots.Jeff Crank has my Complete and Total Endorsement - HE WILL NOT LET YOU DOWN"
"@1","p2531","45553","America First Patriot Nick Begich won a primary against a Strong and Respected Candidate in Alaska, a State I love and won by large margins in 2016 and 2020. That Candidate has now withdrawn in favor of Nick, so this time, for the first time in years, we will have a REPUBLICAN against a Democrat - The Republican, Nick Begich, is outstanding, and he will winNick will be an INCREDIBLE Fighter in Congress, and will work closely with me to enact MAGA policies. As a very successful Small Businessman, Nick knows how to Fight Inflation, Grow the Economy, Lower Taxes, and Eliminate Government Waste. In Congress, Nick will fight tirelessly to Secure our Border, Stop Migrant Crime, Champion American Energy Independence, Strengthen our Incredible Military/Vets, and Defend our always under siege Second Amendment.Nick Begich has my Complete and Total Endorsement  HE WILL NOT LET YOU DOWN"
"@1","p2530","45553","Congressman Don Bacon is a tremendous advocate for the Great People of Nebraskas 2nd Congressional District. He is doing an incredible jobA Retired General in the U.S. Air Force, Don bravely served our Country in combat, and he is doing the same thing in Congress. He is working hard to Grow the Economy, Secure the Border, Strengthen our Military, Care for our Veterans, Protect our always under siege Second Amendment, and Ensure NO TAX ON TIPS for the Working Men and Women of NebraskaDon Bacon has my Complete and Total Endorsement  HE WILL NOT LET YOU DOWN"
"@1","p2529","45553","Congresswoman Ashley Hinson is doing an incredible job representing the Great People of Iowas 2nd Congressional DistrictA Loving Wife and Proud Mother of two sons, Ashley is a champion for the American family. In Congress, she is fighting hard to Secure our Border, Cut Taxes, Reduce Burdensome Regulations, Promote American Agriculture, and Defend our always under siege Second Amendment.Ashley Hinson has my Complete and Total Endorsement"
"@1","p2528","45553","Michael Barnett of Florida, a Highly Respected person, is doing an incredible job as Palm Beach County Commissioner. He is working hard to Grow the Economy, Cut Taxes, Reduce Regulations, Secure the Border, Stop Migrant Crime, Support our Great Law Enforcement, Protect our always under siege Second Amendment, and Safeguard our Community. Michael Barnett has my Complete and Total Endorsement - He is tough, smart, and will not let you down"
"@1","p2527","45553","BIG LEAD IN THE JUST RELEASED RASMUSSEN POLL, ONE OF THE FEW THAT GOT IT RIGHT"
"@1","p2526","45553","https://rumble.com/v5f57m5-live-president-trump-in-flint-mi.html"
"@1","p2525","45553","https://justthenews.com/government/security/trump-assassination-suspect-flagged-border-protection-agents-homeland-security"
"@1","p2524","45553","GOP HIGHLIGHTS HARRIS AMBIGUITY ON ISSUES"
"@1","p2523","45553","THINK KAMALA HARRIS IS BAD"
"@1","p2522","45553","https://www.foxnews.com/politics/lindsey-graham-demands-fbis-christopher-wray-recant-testimony-says-its-clear-trump-hit-bullet"
"@1","p2521","45553","https://www.breitbart.com/clips/2024/09/04/trump-predicts-1929-style-depression-if-kamala-wins/"
"@1","p2520","45553","https://justthenews.com/politics-policy/polling/83-favor-trump-plan-end-social-security-taxation-wsj-poll"
"@1","p2519","45553","https://www.breitbart.com/clips/2024/08/26/afghanistan-gold-star-father-biden-failed-on-every-level-prioritized-looking-good-leaving-on-september-11/"
"@1","p2518","45553","https://www.breitbart.com/clips/2024/08/27/afghanistan-gold-star-mother-to-harris-you-hold-the-same-accountability-as-president-biden/"
"@1","p2517","45553","https://www.washingtonexaminer.com/news/campaigns/presidential/3134084/trump-biden-abbey-gate-afghanistan-withdrawal-anniversary-arlington/"
"@1","p2516","45553","https://dailycaller.com/2024/08/26/exclusive-gop-veterans-failures-deadly-afghanistan-withdrawal-trump-ad/"
"@1","p2515","45553","https://www.washingtonexaminer.com/news/campaigns/presidential/3134250/trump-didnt-like-muted-mics-debate-should-be-same/"
"@1","p2514","45553","https://www.washingtontimes.com/news/2024/aug/15/trumps-movement-proves-love-of-country-supersedes-/"
"@1","p2513","45553","https://americanmind.org/salvo/trumps-virtues/"
"@1","p2512","45553","Great news  My new book, SAVE AMERICA, is a hot item I just heard that Barnes  Noble, which sold out, has it back in stock, Nationwide. Have you gotten your copy yet Get it at your local BN store or, on https://45books.com/ today. Enjoy"
"@1","p2511","45553","Trying to Rig the Election DJT https://justthenews.com/politics-policy/elections/adrian-fontes-nearly-100000-az-voters-incorrectly-listed-providing-proof"
"@1","p2510","45553","Your Automobile Insurance is up 73 - VOTE FOR TRUMP, ILL CUT THAT NUMBER IN HALF"
"@1","p2509","45553","Nassau Coliseum, on Long Island, will be a really big deal tomorrow. It will be PACKED with Patriots We have a real chance of winning, for the first time in many decades, New York. Hundreds of thousands of Migrants, Crime at record levels, Terrorists pouring in, Inflation eating your hearts out - WHAT THE HELL DO YOU HAVE TO LOSE VOTE FOR TRUMP I will turn it around, get SALT back, lower your Taxes, and so much more. Ill work with the Democrat Governor and Mayor, and make sure the funding is there to bring New York State back to levels it hasnt seen for 50 years. People are fleeing,maybe well get them to flee back See you at Nassau Veterans Memorial Coliseum on Wednesday at 7 P.M. EST https://event.donaldjtrump.com/events/president-donald-j-trump-to-hold-a-rally-in-uniondale-new-york"
"@1","p2508","45552","CEASE  DESIST: I, together with many Attorneys and Legal Scholars, am watching the Sanctity of the 2024 Presidential Election very closely because I know, better than most, the rampant Cheating and Skullduggery that has taken place by the Democrats in the 2020 Presidential Election. It was a Disgrace to our Nation Therefore, the 2024 Election, where Votes have just started being cast, will be under the closest professional scrutiny and, WHEN I WIN, those people that CHEATED will be prosecuted to the fullest extent of the Law, which will include long term prison sentences so that this Depravity of Justice does not happen again. We cannot let our Country further devolve into a Third World Nation, AND WE WONT Please beware that this legal exposure extends to Lawyers, Political Operatives, Donors, Illegal Voters,  Corrupt Election Officials. Those involved in unscrupulous behavior will be sought out, caught, and prosecuted at levels, unfortunately, never seen before in our Country."
"@1","p2507","45552","NO TAX ON TIPS, NO TAX ON OVERTIME PAY, NO TAX ON SOCIAL SECURITY BENEFITS FOR SENIORS. KAMALA WILL GIVE NONE OF THIS, STUDENT LOAN DEBT DEAL IS DEAD, AND WANTS TO RAISE YOU TAXES BY A RECORD NUMBER. VOTE TRUMP AND MAKE AMERICA GREAT AGAIN DJT"
"@1","p2506","45552","Early Voting in Pennsylvania. GO VOTE. MAKE AMERICA GREAT AGAIN  DJT"
"@1","p2505","45552","TO ALL SENIOR CITIZENS: I AM GOING TO ELIMINATE THE TAX ON SOCIAL SECURITY. KAMALA IS GOING TO INCREASE YOUR TAXES, SUBSTANTIALLY VOTE TRUMP"
"@1","p2504","45552","Illegal Migrants who are POURING INTO OUR COUNTRY, in record numbers, are taking the JOBS away from Black and Hispanic people who have held them for years. It is devastating for the Black and Hispanic patriots of our Nation. These jobs are not replaceable, and never will be because, under Comrade Kamala Harris, the Border will be WIDE OPEN and there will always be more people coming in, many of them terrorists and criminals, than jobs available. KAMALA IS KILLING BLACK AND HISPANIC HERITAGE, SHE IS KILLING THEIR LEGACY AND THEIR RIGHTS. REGISTER AND VOTE FOR YOUR ALL TIME FAVORITE PRESIDENT, ME. NOVEMBER 5TH WILL BE THE MOST IMPORTANT DAY IN THE HISTORY OF OUR COUNTRY. MAKE AMERICA GREAT AGAIN"
"@1","p2503","45552","The Rhetoric, Lies, as exemplified by the false statements made by Comrade Kamala Harris during the rigged and highly partisan ABC Debate, and all of the ridiculous lawsuits specifically designed to inflict damage on Joes, then Kamalas, Political Opponent, ME, has taken politics in our Country to a whole new level of Hatred, Abuse, and Distrust. Because of this Communist Left Rhetoric, the bullets are flying, and it will only get worse Allowing millions of people, from places unknown, to INVADE and take over our Country, is an unpardonable sin. OUR BORDERS MUST BE CLOSED, AND THE TERRORISTS, CRIMINALS, AND MENTALLY INSANE, IMMEDIATELY REMOVED FROM AMERICAN CITIES AND TOWNS, DEPORTED BACK TO THEIR COUNTIES OF ORIGIN. WE WANT PEOPLE TO COME INTO OUR COUNTRY, BUT THEY MUST LOVE OUR NATION, AND COME IN LEGALLY AND THROUGH A SYSTEM OF MERIT. THE WORLD IS LAUGHING AT US AS FOOLS, THEY ARE STEALING OUR JOBS AND OUR WEALTH. WE CANNOT LET THEM LAUGH ANY LONGER. MAKE AMERICA GREAT AGAIN"
"@1","p2502","45551","FIGHT, FIGHT, FIGHThttps://www.DonaldJTrump.com"
"@1","p2501","45551","I would like to thank everyone for your concern and well wishes - It was certainly an interesting day Most importantly, I want to thank the U.S. Secret Service, Sheriff Ric Bradshaw and his Office of brave and dedicated Patriots, and, all of Law Enforcement, for the incredible job done today at Trump International in keeping me, as the 45th President of the United States, and the Republican Nominee in the upcoming Presidential Election, SAFE. THE JOB DONE WAS ABSOLUTELY OUTSTANDING. I AM VERY PROUD TO BE AN AMERICAN"
"@1","p2500","45550","THE FAILING NEW YORK TIMES IS A TRUE THREAT TO DEMOCRACY"
"@1","p2499","45550","I HATE TAYLOR SWIFT"
"@1","p2498","45550","All rich, job creating people, that support Comrade Kamala Harris, you are STUPID. She is seeking an UNREALIZED TAX ON CAPITAL GAINS. If this tax actually gets enacted, it guarantees that we will have a 1929 style Depression. Perhaps even the thought of it would lead to calamity - But at least appraisers and accountants would do well"
"@1","p2497","45550","Kamalas new motto is, A NEW WAY FORWARD. Theyve run the place for almost four years. She is worse than Biden"
"@1","p2496","45550","The Democrats are DESTROYING OUR COUNTRY REVERSE DEPORTATION IMMEDIATELY Same thing is happening in Sylacauga, Daleville, and Prattville Alabama. Why isnt that ever mentioned Its not just Springfield OH"
"@1","p2495","45550","MAKE AMERICA GREAT AGAIN"
"@1","p2494","45550","The United States Postal Service is not prepared for this massive influx of Ballots. CNN"
"@1","p2493","45550","The United States Postal Service has admitted that it is a poorly run mess that is experiencing mail loss and delays at a level never seen before. With this being the FACT, how can we possibly be expected to allow or trust the U.S. Postal Service to run the 2024 Presidential Election It is not possible for them to do so. HELP"
"@1","p2492","45550","https://justthenews.com/politics-policy/elections/trump-campaign-fact-checks-abc-crime-statistics-presidential-debate"
"@1","p2491","45549","https://hannity.com/media-room/no-taxes-on-overtime-trump-intros-new-tax-policy-at-arizona-rally-watch/"
"@1","p2490","45550","https://nypost.com/2024/09/13/opinion/im-a-democrat-but-i-joined-the-gop-and-back-trump/"
"@1","p2489","45550","https://www.breitbart.com/politics/2024/09/12/trump-pledges-to-end-taxes-on-overtime-hardest-working-citizens-in-our-country/"
"@1","p2488","45550","https://nypost.com/2024/09/12/us-news/trump-pledges-to-eliminate-taxes-on-overtime-pay/"
"@1","p2487","45550","https://thenationalpulse.com/2024/09/13/hunter-bidens-business-buddy-jumps-ship-joins-maga/"
"@1","p2486","45550","https://www.realclearpolitics.com/video/2024/09/13/trumpunderthisadministration325000migrantchildrenaremissingmanyofthemaresexslaves.html"
"@1","p2485","45550","The Mexican Government is shipping Migrants from Countries like Haiti, Venezuela, and all over the World from its Southern Border right to our Border. https://www.foxnews.com/politics/mexican-government-buses-migrants-us-border-illegal-immigration-becomes-top-election-issue"
"@1","p2484","45550","https://www.foxnews.com/politics/trump-california-rips-harris-giving-one-dumbest-answers-presidential-debate"
"@1","p2483","45550","https://nypost.com/2024/09/14/us-news/trump-pledges-to-launch-federal-task-force-to-liberate-aurora-from-foreign-gangs/"
"@1","p2482","45550","https://mynbc15.com/news/nation-world/donald-trump-hosts-first-campaign-rally-in-las-vegas-post-debate-nevada-politics-election-presidential-race-gop-republican-jd-vance-kamala-harris-tim-walz-democrat"
"@1","p2481","45550","https://www.newsmax.com/newsmax-tv/donald-trump-newsmax-kamala-harris/2024/09/13/id/1180317/"
"@1","p2480","45550","https://www.washingtontimes.com/news/2024/sep/12/donald-trump-adds-to-economic-plan-with-vow-to-end/"
"@1","p2479","45550","As President I will immediately end the migrant invasion of America. We will stop all migrant flights, end all illegal entries, terminate the Kamala phone app for smuggling illegals CBP One App, revoke deportation immunity, suspend refugee resettlement, and return Kamalas illegal migrants to their home countries also known as remigration. I will save our cities and towns in Minnesota, Wisconsin, Michigan, Pennsylvania, North Carolina, and all across America. MAGA2024"
"@1","p2478","45550","https://www.DonaldJTrump.com"
"@1","p2477","45550","MAKE AMERICA GREAT AGAIN"
"@1","p2476","45550","Biden-Harris initiative could be giving well over 1 billion in federal benefits to Haitian migrants https://www.dailymail.co.uk/news/article-13849447/Biden-Harris-border-crisis-migrants-billions-benefits.html"
"@1","p2475","45550","NEW: Kamala Harris has completely changed her position on the 2nd Amendment in less than 72 hours.During the debate on Tuesday, Kamala Harris blasted Trump after he said she wanted to take peoples firearms away.Harris told Trump to stop lying and said she wasnt going to take anybodys firearms away.Less than 72 hours later during an interview with ABC News, Harris revealed she does support taking peoples firearms away, announcing her plan for an assault weapon ban.Harris has also voiced her support for mandatory buybacks in the past. Via Collin Rugg"
"@1","p2474","45550","Russia has today threatened to use Nuclear Weapons, and we have Low IQ individuals, the same that messed up Afghanistan who dont have a clue, in charge of this deadly situation. NO GOOD  NOT ACCEPTABLE  MAGA2024"
"@1","p2473","45550","With the long sought termination 52 years, by everyone, including Republicans, Democrats, Conservatives, Liberals, and virtually all legal scholars and experts, and with the help of six very wise and brave Supreme Court Justices, I was successful in terminating Roe v. Wade - Something which few thought was possible to do Everyone wanted it to go back to the States, and a VOTE OF THE PEOPLE, and not be in the Federal Government, where it never belonged. I GOT IT DONE, and now people are voting all over the USA. Some of the votes are more Liberal than would have been thought, but the Vote is the Vote Like Ronald Reagan before me, and 90 of the Republican Party, I BELIEVE IN EXCEPTIONS FOR RAPE, INCEST, AND THE LIFE OF THE MOTHER - On that you must follow your heart But remember, however, Republicans have to WIN ELECTIONS, AND LEAD OUR COUNTRY BACK TO GREATNESS Russia is today talking WAR with the USA, we are closer than ever before, and only I can solve this dangerous situation"
"@1","p2472","45549","Join Trump Force 47 at: https://trumpforce47.com/"
"@1","p2471","45549","https://hannity.com/media-room/spot-the-difference-trump-harris-biden-get-drastically-different-receptions-at-pa-fire-station-watch/"
"@1","p2470","45549","https://hannity.com/media-room/uh-yeah-she-said-that-time-magazine-forced-to-issue-correction-after-claiming-kamala-never-supported-funding-sex-changes-for-migrants/"
"@1","p2469","45549","ABC FAKE NEWS has been completely discredited, and is now under investigation. Did they give Comrade Kamala the questions It was 3 on 1, but they were mentally challenged people, against one person of extraordinary genius. It wasnt even close, as is now reflected in the polls. I WON THE DEBATE"
"@1","p2468","45549","Up 6 points in the Rasmussen Poll. I WON THE DEBATE A nice lead over the Marxist Candidate, Comrade Kamala Harris, who had a very hard time yesterday answering the simplest of questions in Pennsylvania, where she will end Fracking. It was A WORD SALAD, A REAL MESS"
"@1","p2467","45549","ABC NEWS SPENT DEBATE ATTEMPTING TO DISCREDIT TRUMP  THEY FAILED"
"@1","p2466","45549","TRUMP WONKAMALA LOST"
"@1","p2465","45549","American Hindu Coalition Georgia Chapter: The Make America Great Again movement has always been characterized by the principles of strength through unity and by welcoming Americans from all walks of life, regardless of their ethnic, cultural, or religious backgroundsThere is no place for hate or division in our pursuit of Making America Great Again. We will continue to move forward together, standing united in our goal to build a strong, secure, and prosperous America for all of our citizens  and we will never be deterred by those who seek to sow discord among us or divide from within."
"@1","p2464","45549","Comrade Kamala Harris NEVER WORKED AT McDONALDS - A TOTAL LIE. LAMESTREAM MEDEA REFUSES TO REPORT THIS FACT. ABC FAKE NEWS IS A LOSER"
"@1","p2463","45549","https://www.pennlive.com/news/2024/09/pa-mail-in-ballots-with-flawed-dates-on-envelopes-can-be-tossed-court-rules.html"
"@1","p2462","45549","Landing in Las Vegas. Will be at The Expo at World Market Center soon. Big Rally Join me live in Las Vegas, Nevada at 10:00PM Eastern. Will be on @RSBN, @NewsMax, @realAmericasVoice, and Donald J. Trump @Rumble, among others. See you soonMAGA2024 https://rumble.com/v5etvxh-live-president-trump-in-las-vegas-nv.html"
"@1","p2461","45549","Join me live in Las Vegas, Nevada at 10:00PM Eastern. Will be on @RSBN, @NewsMax, @realAmericasVoice, and Donald J. Trump @Rumble, among others. See you soonMAGA2024 https://rumble.com/v5etvxh-live-president-trump-in-las-vegas-nv.html"
"@1","p2460","45549","https://hannity.com/media-room/spot-the-difference-trump-harris-biden-get-drastically-different-receptions-at-pa-fire-station-watch/"
"@1","p2459","45549","https://hannity.com/media-room/no-taxes-on-overtime-trump-intros-new-tax-policy-at-arizona-rally-watch/"
"@1","p2458","45549","https://hannity.com/media-room/trump-was-right-again-doj-data-backs-claim-of-violent-crime-spike-under-biden-harris-report/"
"@1","p2457","45549","A VOTE FOR COMRADE KAMALA HARRIS IS A VOTE TO OBLITERATE ISRAEL, AND FAST"
"@1","p2456","45549","Why is NASDAQ halting the sale of DJT What right do they have to do this They have done it twice today. Whats going on Are they taking orders from the SEC, which, for political reasons, delayed us for an inordinate amount of time, therefore hurting the stock very badly I am going to hold NASDAQ, and maybe the SEC, liable for doing what they are doing. If they do it again, we will move the stock to the New York Stock Exchange. It is my intention to own this stock for a long period of time. In my opinion, it is THE REAL VOICE OF AMERICA, but it is definitely MY VOICE, and it will be for a long time to come"
"@1","p2455","45549","Laura Loomer doesnt work for the Campaign. Shes a private citizen and longtime supporter. I disagree with the statements she made but, like the many millions of people who support me, she is tired of watching the Radical Left Marxists and Fascists violently attack and smear me, even to the point of doing anything to stop their Political Opponent, ME I am now in California, which Democrats like Comrade Kamala Harris and Governor Gavin Newscum have completely DESTROYED. I will turn it all around and, MAKE AMERICA GREAT AGAIN -DJT"
"@1","p2454","45549","A VOTE FOR COMRADE KAMALA HARRIS IS A VOTE FOR WAR WITH RUSSIA IT IS ALSO A VOTE FOR, BRING BACK THE DRAFT. A VOTE FOR PRESIDENT DONALD J. TRUMP IS A VOTE FOR PROSPERITY  PEACE"
"@1","p2453","45549","https://rumble.com/v5estlw-live-president-trump-in-los-angeles-ca.html"
"@1","p2452","45549","ABC NEWS SPENT DEBATE ATTEMPTING TO DISCREDIT TRUMP  THEY FAILED"
"@1","p2451","45549","ABC NEWS FACT-CHECKED TRUMP WITH FAKE TALKING POINTS"
"@1","p2450","45549","TRUMP WONKAMALA LOST"
"@1","p2449","45549","THERE WERE DOZENS OF KAMALA LIES DURING THIS"
"@1","p2448","45548","COMRADE KAMALA DOES NOT HAVE A PLANSHE COPIED BIDENS PLAN"
"@1","p2447","45548","FACT-CHECKING HARRIS ON DEBATE CLAIMS"
"@1","p2446","45548","BATTLEGROUND STATE INFLATION"
"@1","p2445","45548"," When a prizefighter loses a fight, the first words out of his mouth are, I WANT A REMATCH. Polls clearly show that I won the Debate against Comrade Kamala Harris, the Democrats Radical Left Candidate, on Tuesday night, and she immediately called for a Second Debate. She and Crooked Joe have destroyed our Country, with millions of criminals and mentally deranged people pouring into the USA, totally unchecked and unvetted, and with Inflation bankrupting our Middle Class. Everyone knows this, and all of the other problems caused by Kamala and Joe - It was discussed in great detail during the First Debate with Joe, and the Second Debate with Comrade Harris. She was a no-show at the Fox Debate, and refused to do NBC  CBS. KAMALA SHOULD FOCUS ON WHAT SHE SHOULD HAVE DONE DURING THE LAST ALMOST FOUR YEAR PERIOD. THERE WILL BE NO THIRD DEBATE"
"@1","p2444","45548","BATTLEGROUND STATE INFLATION"
"@1","p2443","45548","FACT-CHECKING HARRIS ON DEBATE CLAIMS"
"@1","p2442","45548","MASSIVE NEWS The Department of Justice just released brand new Crime Data showing I was absolutely and completely right at the Debate. In fact, the Data is even worse than we could have ever imagined. Compared to 2020, Violent Crime is up nearly 40 percent, Rape is up 42 percent, Aggravated Assaults are up 55 percent, Violent Crime with a weapon is up 56 percent, Violent Attacks on strangers are up 61 percent, Car Theft is up 42 percent, and the most serious forms of Violent Crime are up 55 percent. Our Cities are UNDER SIEGE. And this does not include the Migrant Crime and Migrant Rape spree that has overtaken our Cities in recent months. Kamala Crime is destroying America, and gangs are taking over"
"@1","p2441","45548","People are saying that Comrade Kamala Harris had the questions from Fake News ABC. I would say it is very likely. The two so-called Anchors were a disgrace to Modern Day Journalism. David Muir should be ashamed of himself, as should Linsey Davis, who I never heard of, but both were nasty and rude when they were making statements that they knew were false. As an example, the FBI said they didnt give all the information when coming up with Crime stats, making me RIGHT. Despite having to debate three people, Polls firmly state that I won, and EASILY. I felt that also, but no Politician should ever do a Debate with ABC News. They have proven NOT WORTHY, and hopefully an investigation will be done as to whether or not they gave the Debate questions to Comrade Kamala, whose best friend is a top ABC Executive. If she did give the questions to Kamala, ABCs license should be TERMINATED. Remember, Donna Brazile works for ABC, and she gave the questions to Hillary Clinton https://justthenews.com/politics-policy/elections/mark-penn-calls-abc-news-launch-internal-probe-moderators-fact-checking"
"@1","p2440","45548","https://justthenews.com/politics-policy/elections/mark-penn-calls-abc-news-launch-internal-probe-moderators-fact-checking"
"@1","p2439","45548"," When a prizefighter loses a fight, the first words out of his mouth are, I WANT A REMATCH. Polls clearly show that I won the Debate against Comrade Kamala Harris, the Democrats Radical Left Candidate, on Tuesday night, and she immediately called for a Second Debate. She and Crooked Joe have destroyed our Country, with millions of criminals and mentally deranged people pouring into the USA, totally unchecked and unvetted, and with Inflation bankrupting our Middle Class. Everyone knows this, and all of the other problems caused by Kamala and Joe - It was discussed in great detail during the First Debate with Joe, and the Second Debate with Comrade Harris. She was a no-show at the Fox Debate, and refused to do NBC  CBS. KAMALA SHOULD FOCUS ON WHAT SHE SHOULD HAVE DONE DURING THE LAST ALMOST FOUR YEAR PERIOD. THERE WILL BE NO THIRD DEBATE"
"@1","p2438","45548","https://justthenews.com/politics-policy/all-things-trump/trump-pledges-eliminate-taxes-overtime-work"
"@1","p2437","45548","https://rumble.com/v5ejx23-live-president-trump-in-tucson-az.html"
"@1","p2436","45548","A Poll has just been released by Highly Respected Pollster, Tony Fabrizio, showing that I am up THREE POINTS after the Debate. These are largely Independent Voters, who are tired of watching our Country go down, and want to, MAKE AMERICA GREAT AGAIN"
"@1","p2435","45548","Job opportunities are available to help GET OUT THE VOTE FOR TRUMP in North Carolina Visit https://www.turnoutfortrump.com/ to apply. We must SWAMP THE VOTE"
"@1","p2434","45548","When a prizefighter loses a fight, the first words out of his mouth are, I WANT A REMATCH. Polls clearly show that I won the Debate against Comrade Kamala Harris, the Democrats Radical Left Candidate, on Tuesday night, and she immediately called for a Second Debate. She and Crooked Joe have destroyed our Country, with millions of criminals and mentally deranged people pouring into the USA, totally unchecked and unvetted, and with Inflation bankrupting our Middle Class. Everyone knows this, and all of the other problems caused by Kamala and Joe - It was discussed in great detail during the First Debate with Joe, and the Second Debate with Comrade Harris. She was a no-show at the Fox Debate, and refused to do NBC  CBS. KAMALA SHOULD FOCUS ON WHAT SHE SHOULD HAVE DONE DURING THE LAST ALMOST FOUR YEAR PERIOD. THERE WILL BE NO THIRD DEBATE"
"@1","p2433","45548","Bernie Moreno has a very good chance of winning Ohio against a Radical Left Democrat, Sherrod Brown, with what is happening in Springfield, and other parts of the State. Ohio is being inundated with Illegal Migrants, mostly from Haiti, who are taking over Towns and Villages at a level and rate never seen before. Likewise in Arizona, Kari Lake would be one of the strongest in the Country on Border Security, whereas her Opponent, Ruben Gallego, is in favor of Open Borders, allowing people to pour into and destroy Arizona"
"@1","p2432","45548","Kari Lake and Bernie Moreno should be running almost exclusively on the Safety and Security of their States, not allowing Illegal Aliens to get anywhere near Arizona or Ohio, and getting the ones that are already in - OUT Comrade Kamala Harris and her now Missing in Action Boss, Crooked Joe Biden, have allowed more than 21 Million people into our Country, including prisoners, terrorists, seriously deranged people like Jack Smith, rapists, drug dealers, and others too bad to even mention. Ohio  Arizona - GO MAGA"
"@1","p2431","45548","https://rumble.com/v5ejx23-live-president-trump-in-tucson-az.html"
"@1","p2430","45548","https://mattkaneusa.substack.com/p/trump-is-winning"
"@1","p2429","45548","https://www.breitbart.com/tech/2024/09/07/lawfare-brought-me-off-the-sidelines-silicon-valley-titan-naval-ravikant-endorses-donald-trump/"
"@1","p2428","45548","https://dailycaller.com/2024/09/09/donald-trump-campaign-glenn-youngkin-virginia/"
"@1","p2427","45548","https://americanmind.org/salvo/disgorgement-and-despotism/"
"@1","p2426","45548","https://dailycaller.com/2024/04/07/gavin-wax-and-edward-paltzik-there-is-no-place-in-our-justice-system-for-communist-style-wealth-confiscation/"
"@1","p2425","45548","https://www.nysun.com/article/trump-in-an-optimistic-pro-growth-aspirational-speech-at-new-york-calls-for-what-amounts-to-an-american-renewal"
"@1","p2424","45548","https://www.wsj.com/opinion/trump-can-make-america-healthy-again-rfk-jr-reforms-chronic-disease-crisis-a9b4b8c0"
"@1","p2423","45548","https://www.foxnews.com/politics/michigan-becomes-top-gop-senate-target-mike-rogers-ties-dem-opponent-among-older-voters"
"@1","p2422","45548","https://americanmind.org/salvo/trumps-virtues/"
"@1","p2421","45548","https://gingrich360.com/2024/09/11/abc-lost-the-debate/"
"@1","p2420","45548","https://www.washingtonexaminer.com/opinion/3141578/trump-vows-hold-harris-accountable-take-country-better-place/"
"@1","p2419","45548","https://nypost.com/2024/09/01/opinion/why-this-democrat-decided-donald-trump-is-the-best-choice-for-president/"
"@1","p2418","45548","https://www.newsmax.com/politics/mandatory-minimum-sentences/2024/08/29/id/1178396/"
"@1","p2417","45548","https://loomered.com/2024/08/29/axios-fabricates-story-about-kamala-harriss-social-media-dominance-over-trump/"
"@1","p2416","45548","https://www.independent.co.uk/news/world/americas/us-politics/jeff-walz-tim-brother-trump-harris-b2605252.html"
"@1","p2415","45548","https://spectator.org/rfk-jr-grants-liberals-their-death-wish/"
"@1","p2414","45548","https://www.coindesk.com/policy/2024/08/30/crypto-holders-disproportionately-favor-trump-for-us-president-new-academic-poll-shows/"
"@1","p2413","45548","https://www.washingtonexaminer.com/news/campaigns/presidential/3143416/trump-playing-offense-democrats-on-defense-whatley/"
"@1","p2412","45548","https://thenationalpulse.com/analysis-post/trump-is-everywhere-man/"
"@1","p2411","45548","https://www.bloomberg.com/news/articles/2024-09-05/trump-vows-15-corporate-tax-and-taps-musk-for-federal-audit"
"@1","p2410","45548","https://www.thegatewaypundit.com/2024/09/president-trump-receives-very-warm-welcome-wisconsin-rally/"
"@1","p2409","45548","https://www.newsmax.com/newsmax-tv/trump-wisconsin-rally/2024/09/07/id/1179471/"
"@1","p2408","45548","https://www.thegatewaypundit.com/2024/08/wayne-root-why-any-jew-who-votes-kamala/"
"@1","p2407","45548","https://thenationalpulse.com/2024/08/30/eu-chief-admits-trump-was-right-europe-must-spend-more-on-defense/"
"@1","p2406","45548","https://thenationalpulse.com/2024/08/29/city-of-london-balks-at-kamala-presidency-with-many-preferring-trump/"
"@1","p2405","45548","https://freebeacon.com/elections/trump-israel-will-not-exist-two-years-from-now-under-harris/"
"@1","p2404","45548","https://justthenews.com/politics-policy/trump-campaign-declares-victory-presidential-debate"
"@1","p2403","45548","https://paulingrassia.substack.com/p/trump-can-knock-out-kamala-tonight"
"@1","p2402","45548","https://nypost.com/2024/09/08/us-news/melania-trump-addresses-efforts-to-silence-donald-in-new-book-promo/"
"@1","p2401","45548","https://www.foxnews.com/media/polling-guru-nate-silver-predicts-trump-has-64-chance-winning-electoral-college-latest-forecast"
"@1","p2400","45548","https://rumble.com/v5ejx23-live-president-trump-in-tucson-az.html"
"@1","p2399","45548","I won the Debate, but was criticized by the Radical Left Lunatics because I looked angry and forceful. But think, why wouldnt I be angry I love the U.S.A., and it is being destroyed by grossly incompetent leadership. Inflation, A Terrible Economy, Horrible Military Decisions, No Respect from around the World, and more than 20 Million people, many from prisons and mental institutions, are pouring into our Country, and creating Havoc, Crime, and Destruction, like never seen before. Am I supposed to be smiling, like Comrade Kamala Harris, with her FAKE one-and-a-half hour smile and long practiced facial expressions, despite all of the problems that she and Crooked Joe have caused. No, theres nothing to smile about, but there will be in the not too distant future, when America makes the biggest Comeback in History. November 5th - MAKE AMERICA GREAT AGAIN"
"@1","p2398","45547","Neil Cavuto, Foxs Lowest Rated Anchor, is one of the WORST on Television. I actually prefer the losers at CNN and MSDNC"
"@1","p2397","45547","CHARLIE HURT: THIS IS WHY SHE LOST THE DEBATE"
"@1","p2396","45547","She lost the debate last night She lost it because the onus is completely on her. Shes the one that one third of the American Population said they dont know where she stands on things, they dont know enough about her to support her, or make a decision about her, so the onus is entirely on her to make the case as to why people should trust her, and she failed to do it last night Charlie Hurt, Fox News Contributor."
"@1","p2395","45547","SEEN AND UNSEEN on last nights debate in PhiladelphiaWatch"
"@1","p2394","45547","People are just starting to give me credit for having a GREAT DEBATE. The Voters and Voter Polls showed it, but the Fake News Media wasnt giving the credit that was due. Now they are seeing the results with independent Voters, Evangelicals, and more - and saying, WOW Remember, I wasnt debating one person, I was debating three. They should fire everybody at ABC Fake News, whose two lightweight anchors have brought disgrace onto the company"
"@1","p2393","45547","MEDIA CIRCLING WAGONS FOR HARRIS"
"@1","p2392","45547","https://hannity.com/media-room/kamalies-25-lies-kamala-harris-told-during-the-debate-read-now/"
"@1","p2391","45547","https://youtu.be/EZ84d-tzYeE"
"@1","p2390","45547","The Great Judge Jeanine on last nights debate in Philadelphia, Pennsylvania"
"@1","p2389","45547","https://thefederalist.com/2024/09/11/25-lies-kamala-harris-told-in-her-debate-against-trump/"
"@1","p2388","45547","https://www.washingtonexaminer.com/restoring-america/courage-strength-optimism/3149160/september-11-refusal-to-enforce-border-security-undermining-safety/"
"@1","p2387","45547","https://www.newsmax.com/fred-fleitz/muir-netanyahu-taliban/2024/09/11/id/1179936/"
"@1","p2386","45547","https://thenationalpulse.com/analysis-post/abc-news-refused-to-fact-check-kamala-so-we-did/"
"@1","p2385","45547","https://thenationalpulse.com/analysis-post/debate-analysis-trump-showed-righteous-indignation-kamala-peddled-smug-scripted-platitudes/"
"@1","p2384","45547","https://www.foxnews.com/politics/trump-spars-harris-moderators-during-heated-presidential-debate-doesnt-have-plan"
"@1","p2383","45547","https://paulingrassia.substack.com/p/donald-trump-in-vintage-form-emerged"
"@1","p2382","45547","https://www.breitbart.com/politics/2024/09/10/donald-trump-blasts-kamala-harris-as-worst-vice-president-in-final-statement-during-debate/"
"@1","p2381","45547","https://justthenews.com/politics-policy/elections/trump-attacks-harris-policy-proposals-why-hasnt-she-done-it"
"@1","p2380","45547","https://redstate.com/nick-arama/2024/09/10/trump-has-the-laugh-of-the-night-when-he-dunks-on-kamala-harris-with-her-own-line-n2179165"
"@1","p2379","45547","https://dailycaller.com/2024/09/10/trump-kamala-harris-policy-debate-maga-hat/"
"@1","p2378","45547","https://freebeacon.com/elections/run-spot-run-trump-eviscerates-harris-biden-economic-plan/"
"@1","p2377","45547","https://www.breitbart.com/2024-election/2024/09/10/trump-russia-ukraine-war-dying-settled-want-save-lives/"
"@1","p2376","45547","https://www.rsbnetwork.com/news/trump-trounces-kamala-in-pivotal-debate-performance/"
"@1","p2375","45547","Neil Cavuto, Foxs Lowest Rated Anchor, is one of the WORST on Television. I actually prefer the losers at CNN and MSDNC"
"@1","p2374","45547","Shanksville, Pennsylvania"
"@1","p2373","45547","https://townhall.com/columnists/garrettventry/2024/09/11/trump-won-the-debate-n2644605"
"@1","p2372","45547","WE WILL NEVER FORGET"
"@1","p2371","45547","In the World of Boxing or UFC, when a Fighter gets beaten or knocked out, they get up and scream, I DEMAND A REMATCH, I DEMAND A REMATCH Well, its no different with a Debate. She was beaten badly last night. Every Poll has us WINNING, in one case, 92-8, so why would I do a Rematch"
"@1","p2370","45546","https://www.rsbnetwork.com/news/never-forget-trump-pays-respects-to-the-victims-of-9-11/"
"@1","p2369","45546","Thank You"
"@1","p2368","45546","https://thefederalist.com/2024/09/10/exclusive-police-audio-report-confirm-haitian-goose-hunting-in-ohio-they-all-had-geese-in-their-hands/"
"@1","p2367","45546","Steve Hilton: What she showed us is that shes not fit to be President. Why Because of all these points weve been making - She doesnt actually stand for anything. In Office, someone like that is a terrible danger, because they get blown around by events, whereas Trump showed us clearly where he stands. No one could mistake what his positions are on any issue, or that he holds those positions seriously and sincerely."
"@1","p2366","45546","Comrade Kamala Harris is going around wanting another Debate because she lost so badly - Just look at the Polls Its true with prizefighters, when they lose a fight, they immediately want another. MAGA2024"
"@1","p2365","45546","Thank you to Jesse Watters for the nice words on my Debate performance. It was a GREAT evening"
"@1","p2364","45546","Thank you to Jesse Watters for the nice words on my Debate performance. It was a GREAT evening"
"@1","p2363","45546","I thought that was my best Debate, EVER, especially since it was THREE ON ONE"
"@1","p2362","45546","People are saying BIG WIN tonight"
"@1","p2361","45546","Rep. ByronDonalds: Inflation when Donald Trump left office was 1.4 year-over-year...When Joe Biden and Kamala Harris came into office, many states were already back to work...and when they wanted to his American Rescue Plan, which she co-signed, we told them on Capitol Hill, youre going to create a labor shortage, which is going to create inflation."
"@1","p2360","45546","KAMALAIN HER OWN WORDS: The Most Radical Soundbites They Dont Want You to Hear https://hannity.com/media-room/the-kamala-files-the-most-radical-soundbites-they-dont-want-you-to-hear-listen-now/"
"@1","p2359","45546","NEWS FLASH, KAMALA Your Day One Was Three and a Half Years Ago https://hannity.com/media-room/news-flash-kamala-your-day-one-was-three-and-a-half-years-ago-watch/"
"@1","p2358","45546","Thank you @LaraTrump MAKE AMERICA GREAT AGAIN https://www.DonaldJTrump.com"
"@1","p2357","45546","@EricTrump: 6 weeks ago, they were laughing at Harris. They were laughing at Kamala. Then all of the sudden, the convention happens and she may as well be the modern day Margaret Thatcher. Thats what the media does. Im not surprised that shes failing"
"@1","p2356","45546","Biden-Harris admin loses track of 320,000 migrant childrenwith untold numbers at risk of sex trafficking and forced labor https://nypost.com/2024/08/21/us-news/biden-harris-admin-loses-track-of-320000-migrant-children/"
"@1","p2355","45546","Former Pennsylvania Steel Worker: I would believe Donald Trump. I dont believe Harris. Shes been there three and a half years and hasnt done nothing."
"@1","p2354","45546","If Republicans in the House, and Senate, dont get absolute assurances on Election Security, THEY SHOULD, IN NO WAY, SHAPE, OR FORM, GO FORWARD WITH A CONTINUING RESOLUTION ON THE BUDGET. THE DEMOCRATS ARE TRYING TO STUFF VOTER REGISTRATIONS WITH ILLEGAL ALIENS. DONT LET IT HAPPEN - CLOSE IT DOWN"
"@1","p2353","45546","Paul Perez, National Border Patrol Council: Donald Trump did it beforehe knows how to SECURE the BORDERhe knows how to provide for the SECURITY of the AMERICAN publicIts not a surprise that Americans feel more comfortable being protected by Donald Trump"
"@1","p2352","45546","Governor Doug Burgum: Weve never had a candidate like Harris, 56 days before the election, whos gone under so little scrutiny. We have one interview, no debates. This has never happened in modern politics...even when she finally puts policies on her website this week, its already been revealed...that most of that was cut and pasted from the Biden website"
"@1","p2351","45546","https://www.DonaldJTrump.com"
"@1","p2350","45546","Thank you to Paul Perez, of the National Border Patrol Council, for the wonderful statements he made about the great job I did on our BORDER. Likewise, VERY NEGATIVE on Border Czar Kamala - THE WORST IN THE HISTORY OF THE USA MAGA2024"
"@1","p2349","45546","Why does FoxNews keep putting on, for endless periods of time, Michael Tyler, Kamalas publicist, who spews nothing but lies - like Project 2025, etc. Fox tries to be so politically correct, when the other side plays for keeps. RIDICULOUS"
"@1","p2348","45545","MAKE AMERICA GREAT AGAIN"
"@1","p2347","45545","INFLATION IS A DISASTER UNDER COMRADE KAMALA HARRIS"
"@1","p2346","45546","https://secure.winred.com/rogers/pollingalertfrommike-helpmeprotectamerica-ad-x/utmsourceOtherutmmediumADutmcampaign20240730a000026-mrpollingalertfrommike-helpmeprotectamericaOtherrecurringtrueamtposition2amount"
"@1","p2345","45545","https://www.donaldjtrump.com/platform"
"@1","p2344","45545","FLASHBACKCOMRADE KAMALA"
"@1","p2343","45545","Jesse Watters: Three years ago, Kamala Harris looked you in the eye and lied about border patrol whipping Haitian migrants. Fast-forward three years, and more than three-hundred-thousand Haitians are living here legally thanks to Harris-Biden. How has it been going Look no further than Springfield, Ohio  the epicenter of the migrant crisis in middle America"
"@1","p2342","45545","INFLATION IS A DISASTER UNDER COMRADE KAMALA HARRIS"
"@1","p2341","45545","MAKE AMERICA GREAT AGAIN"
"@1","p2340","45545","Senator Deb Fischer is doing a fantastic job in the United States Senate. Her Radical Left Opponent, Dan Osborn, would be absolutely TERRIBLE for the Great People of Nebraska.Dan is a Bernie Sanders Democrat who does not stand for Nebraska Values, and never will. He even supports Federal Benefits like Social Security for Illegal Aliens This is a slap in the face to Nebraska Seniors. Deb Fischer, on the other hand, will always put NEBRASKA and AMERICA FIRST.As a key Member of the Senate Armed Services Committee, Deb is fighting to Protect our Country against the Marxists, Communists, and Lunatics on the Radical Left. Deb is working hard to Grow the Economy, Secure the Border, Stop Migrant Crime, Support our Great Military/Vets, Champion our Incredible Farmers and Ranchers, and Defend our always under siege Second Amendment.Deb Fischer has my Complete and Total Endorsement  SHE WILL NOT LET YOU DOWN"
"@1","p2339","45545","100 ABC Debate Moderator David Muir Hosts Most Pro-Harris, Left-Wing Newscast https://newsbusters.org/blogs/nb/rich-noyes/2024/09/09/100-abc-debate-moderator-david-muir-hosts-most-pro-harris-left-wing"
"@1","p2338","45544","Charlie Hurt: Donald Trump is probably the greatest political debater weve ever had in American History"
"@1","p2337","45545","Judge Patrick William OGRADY is an outstanding candidate for the Michigan Supreme Court  he has my full support He has served America in the US Army Reserve, as a Michigan State Police Trooper, as a Prosecutor, and currently as a Circuit Court Judge. His experience is prefect, having handled thousands of cases over the years with every type of criminal matter. He is a strong Rule of Law Judge who has proven record shows he will never make it up from the Bench  he will make decisions according to how the law is written Michigan needs to unite behind him now. Vote Judge Patrick William OGRADY for Michigan Supreme Court at the end of the ballot in the Non-Partisan section"
"@1","p2336","45545","To help seniors on fixed incomes who are suffering the ravages of Comrade Kamala Harris inflation nightmareIm promising NO TAX on SOCIAL SECURITY BENEFITS https://www.DonaldJTrump.com"
"@1","p2335","45545","https://www.DonaldJTrump.com"
"@1","p2334","45545","https://www.DonaldJTrump.com"
"@1","p2333","45545","https://www.DonaldJTrump.com"
"@1","p2332","45545","https://www.DonaldJTrump.com"
"@1","p2331","45545","https://paulingrassia.substack.com/p/september-is-president-trumps-month"
"@1","p2330","45545","https://www.the-express.com/news/politics/147691/donald-trump-leads-battleground-states-poll"
"@1","p2329","45545","https://www.toddstarnes.com/values/trump-crushing-kamala-in-cookie-war/"
"@1","p2328","45545","https://spectator.org/the-trump-revolution-4/"
"@1","p2327","45545","https://www.dailywire.com/news/former-dem-california-senate-majority-leader-switches-to-gop-voting-trump"
"@1","p2326","45545","https://thenationalpulse.com/2024/08/29/biden-harris-govts-backdoor-move-to-ban-all-oil-drilling-in-the-gulf-of-mexico/"
"@1","p2325","45545","https://townhall.com/columnists/douglasmackinnon/2024/09/03/the-kamala-harris-campaign-is-collapsing-n2644216"
"@1","p2324","45545","https://justthenews.com/accountability/political-ethics/playing-politics-gold-star-families-slam-vp-harris-over-comments"
"@1","p2323","45545","https://justthenews.com/politics-policy/elections/body-language-experts-say-cnn-interview-showed-harris-was-uncomfortable"
"@1","p2322","45545","https://paulingrassia.substack.com/p/the-art-of-the-choke-how-kamala-harris"
"@1","p2321","45545","https://www.dailymail.co.uk/news/article-13795301/harris-interview-cnn-dana-bash.html"
"@1","p2320","45545","https://thenationalpulse.com/2024/09/05/breaking-hidden-camera-shows-doj-spox-admitting-anti-trump-lawfare-campaign-is-political-perversion-of-justice/"
"@1","p2319","45545","https://nypost.com/2024/09/05/us-news/top-spokesman-for-manhattan-us-attorneys-office-caught-on-secret-recording-blasting-da-bragg-over-trump-prosecution/"
"@1","p2318","45545","AMAZING"
"@1","p2317","45545","https://www.nysun.com/article/nine-weeks-to-go-and-all-the-democrats-have-on-trump-is-the-claptrap-about-how-hes-an-aspiring-dictator"
"@1","p2316","45545","KFile: Harris told ACLU in 2019 she supported cutting ICE funding and providing transgender surgery to detained migrants https://www.cnn.com/2024/09/09/politics/kfile-harris-pledged-support-in-2019-to-cut-ice-funding-and-provide-transgender-surgery-to-detained-migrants/index.html"
"@1","p2315","45545","Comrade Kamala Harris goes to an ultra Left Wing, Trump Hating, spice shop, which I hear has terrible, overpriced product, and calls for unity. As people begin to realize that she is a Marxist, FAR MORE LIBERAL than Crazy Bernie Sanders, or even Elizabeth Pocahontas Warren, her poll numbers are beginning to crash. Who are they going to put in next How about a Biden comeback"
"@1","p2314","45545","The whole World is on fire under these clowns"
"@1","p2313","45545","THE HOUSE REPORT ON AFGHANISTAN IS DEVASTATING TO COMRADE KAMALA HARRIS  SLEEPY JOE"
"@1","p2312","45545","Wow I havent seen this yet, but it looks good"
"@1","p2311","45545","President Trump is most trusted on every single one of the issues most important to voters this election  which is the economy, inflation, immigration and crime. Kamala Harris has been the incumbent...Her Day One was 3.5 years ago."
"@1","p2310","45545","Rep. McCaul: Kamala was the LAST PERSON in the room on the Afghanistan withdrawal. This didnt have to happen."
"@1","p2309","45545","20,000 Haitian migrants were dumped into the small town of Springfield, Ohio.Here is Border Czar Kamala Harris bragging about bringing them to our Country.They need support."
"@1","p2308","45545","Senator Ted Cruz: Kamala is trying to run as the change candidate. Shes trying to treat Donald J. Trump like hes the incumbent president and thats utterly disconnected from reality. She is the current administration."
"@1","p2307","45545","Andrew Sorkin: It is absolutely true that during the Trump administration, revenue grew, and our economy grew  exceptionally."
"@1","p2306","45544","TRUMP FORCE 47 MAGA2024Sign up today at: https://trumpforce47.com/"
"@1","p2305","45544","MELANIA TRUMP WARNS ABOUT REALITIES OF LIFE UNDER THE BIDEN-HARRIS ADMIN"
"@1","p2304","45544","Charlie Hurt: Donald Trump is probably the greatest political debater weve ever had in American History"
"@1","p2303","45544","TRUTH SOCIAL IS GREAT. THE REAL VOICE OF AMERICA"
"@1","p2302","45544","Moving along Latest Nate Silvers Forecast 9/8 Trump: 63.8 new high Harris: 36Swing States: chance of winning Pennsylvania -  Trump 64-36Michigan -  Trump 54-46Wisconsin -  Trump 53-47Arizona -  Trump 77-23North Carolina -  Trump 75-25Georgia -  Trump 68-32Nevada -  Trump 61-39@polymarket odds Trump: 52 Harris: 46Polymarket  swing states odds https://polymarket.com/elections"
"@1","p2301","45544","Bernie Sanders really threw Comrade Kamala Harris under the proverbial BUS. Essentially said, very clearly, that she is a total phony. Once a Marxist, always a Marxist"
"@1","p2300","45544","Bernie Sanders just said that Kamala only changed her Marxist policy positions for the Election  Shell change back very quickly"
"@1","p2299","45544","https://arizonadailyindependent.com/2024/09/07/republicans-stand-united-after-pressure-leads-to-election-transparency-breakthrough/"
"@1","p2298","45544","As I have previously stated, I believe it is time to end needless arrests and incarcerations of adults for small amounts of marijuana for personal use. We must also implement smart regulations, while providing access for adults, to safe, tested product. As a Floridian, I will be voting YES on Amendment 3 this November. As President, we will continue to focus on research to unlock the medical uses of marijuana to a Schedule 3 drug, and work with Congress to pass common sense laws, including safe banking for state authorized companies, and supporting states rights to pass marijuana laws, like in Florida, that work so well for their citizens."
"@1","p2297","45544","Thank you to Erin Burnett and CNN. Even they say Comrade Kamala Harris is a Phony https://www.youtube.com/watchvTW4AW4AqLC4"
"@1","p2296","45544","An interview by Tucker Carlson of an election expert indicates that 20 of the Mail-In Ballots in Pennsylvania are fraudulent. Here we go again Where is the U.S. Attorney General and FBI to INVESTIGATE Where is the Pennsylvania Republican Party We will WIN Pennsylvania by a lot, unless the Dems are allowed to CHEAT. THE RNC MUST ACTIVATE, NOW"
"@1","p2295","45543","CEASE  DESIST: I, together with many Attorneys and Legal Scholars, am watching the Sanctity of the 2024 Presidential Election very closely because I know, better than most, the rampant Cheating and Skullduggery that has taken place by the Democrats in the 2020 Presidential Election. It was a Disgrace to our Nation Therefore, the 2024 Election, where Votes have just started being cast, will be under the closest professional scrutiny and, WHEN I WIN, those people that CHEATED will be prosecuted to the fullest extent of the Law, which will include long term prison sentences so that this Depravity of Justice does not happen again. We cannot let our Country further devolve into a Third World Nation, AND WE WONT Please beware that this legal exposure extends to Lawyers, Political Operatives, Donors, Illegal Voters,  Corrupt Election Officials. Those involved in unscrupulous behavior will be sought out, caught, and prosecuted at levels, unfortunately, never seen before in our Country."
"@1","p2294","45543","Comrade Kamala Harris is completely hiding from the press. Shes not even taking short, quick questions at the plane. Its not normal to have a candidate running for President who is hiding from the press. Harris is copying Bidens self-protection strategy, duck tough interviews and limit improvisational momentsAxios. Fox  Friends, Saturday. The last thing we need for our Nation in Decline is another President who is not smart enough to answer reporters questions. We just went through that, and we dont want to do it again"
"@1","p2293","45543","Happy Birthday Mary"
"@1","p2292","45543","Hulk Hogan is doing a beer, and if hes doing it, it must be good. Great looking can and logo. Give it a try DJT"
"@1","p2291","45543","GOD BLESS THE USA"
"@1","p2290","45543","CEASE  DESIST: I, together with many Attorneys and Legal Scholars, am watching the Sanctity of the 2024 Presidential Election very closely because I know, better than most, the rampant Cheating and Skullduggery that has taken place by the Democrats in the 2020 Presidential Election. It was a Disgrace to our Nation Therefore, the 2024 Election, where Votes have just started being cast, will be under the closest professional scrutiny and, WHEN I WIN, those people that CHEATED will be prosecuted to the fullest extent of the Law, which will include long term prison sentences so that this Depravity of Justice does not happen again. We cannot let our Country further devolve into a Third World Nation, AND WE WONT Please beware that this legal exposure extends to Lawyers, Political Operatives, Donors, Illegal Voters,  Corrupt Election Officials. Those involved in unscrupulous behavior will be sought out, caught, and prosecuted at levels, unfortunately, never seen before in our Country."
"@1","p2289","45543","Thank you Malik  A Great Honor. Together, we will MAKE AMERICA GREAT AGAIN"
"@1","p2288","45543","Christina Bella and Mike Storm did a fantastic job in announcing and reporting for RSBN on my Speech in Mosinee, Wisconsin. Enthusiastic and beautiful Crowd. Perfect weather, and a State that will be GREATER THAN EVER as soon as I am in the White House Watch Live TV"
"@1","p2287","45543","THANK YOU WISCONSINMAGA2024 Join me LIVE in Mosinee, Wisconsin at 2:00PM EasternWill be on @RSBN, @NewsMax, @realAmericasVoice, and Donald J. Trump @Rumble, among others. Will see you soonMAGA2024 https://rumble.com/v5dxhy5-live-president-trump-in-mosinee-wi.html"
"@1","p2286","45543"," Join me LIVE in Mosinee, Wisconsin at 2:00PM EasternWill be on @RSBN, @NewsMax, @realAmericasVoice, and Donald J. Trump @Rumble, among others. Will see you soonMAGA2024 https://rumble.com/v5dxhy5-live-president-trump-in-mosinee-wi.html"
"@1","p2285","45543"," Join me LIVE in Mosinee, Wisconsin at 2:00PM EasternWill be on @RSBN, @NewsMax, @realAmericasVoice, and Donald J. Trump @Rumble, among others. Will see you soonMAGA2024 https://rumble.com/v5dxhy5-live-president-trump-in-mosinee-wi.html"
"@1","p2284","45543","Heading to Wisconsin, REALLY BIG CROWD. Will be landing soon. Perhaps well do a Fly Over of the site - Get ready"
"@1","p2283","45543","SEE YOU SOONMAGA2024 Join me LIVE in Mosinee, Wisconsin at 2:00PM EasternWill be on @RSBN, @NewsMax, @realAmericasVoice, and Donald J. Trump @Rumble, among others. Will see you soonMAGA2024 https://rumble.com/v5dxhy5-live-president-trump-in-mosinee-wi.html"
"@1","p2282","45543","Join me LIVE in Mosinee, Wisconsin at 2:00PM EasternWill be on @RSBN, @NewsMax, @realAmericasVoice, and Donald J. Trump @Rumble, among others. Will see you soonMAGA2024 https://rumble.com/v5dxhy5-live-president-trump-in-mosinee-wi.html"
"@1","p2281","45543","https://nypost.com/2024/09/05/us-news/top-spokesman-for-manhattan-us-attorneys-office-caught-on-secret-recording-blasting-da-bragg-over-trump-prosecution/"
"@1","p2280","45543","Christina Bella and Mike Storm are doing a great job on RSBN"
"@1","p2279","45542","RSBN is doing a beautiful Pre Game - Watch below Watch Live TV"
"@1","p2278","45542","https://paulingrassia.substack.com/p/doj-official-calls-state-officials"
"@1","p2277","45542","Back by popular demand, my TRUMP DIGITAL TRADING CARDS, Series 4: The America First Collection, is available RIGHT NOW, and I think youll love it For some, therell be an Invite to a Gala Dinner at my beautiful private Club in Jupiter, Florida. Dont wait, have fun Go to https://collecttrumpcards.com/. ENJOY"
"@1","p2276","45542","Rigged https://justthenews.com/politics-policy/elections/kamala-harriss-friendship-disney-exec-comes-under-scrutiny-ahead-abc"
"@1","p2275","45542","https://apnews.com/article/voting-citizenship-tennessee-7802df69609bc54eb55d9296f6321100"
"@1","p2274","45542","https://justthenews.com/politics-policy/elections/actor-wrongly-convicted-murder-under-then-san-francisco-da-kamala-harris"
"@1","p2273","45542","https://paulingrassia.substack.com/p/entering-dnc-week-kamala-harris-findsutmcampaignposttriedRedirecttrue"
"@1","p2272","45542","No boxes or artificial lifts will be allowed to stand on during my upcoming debate with Comrade Kamala Harris. We had this out previously with former NYC Mayor Michael Bloomberg when he was in a debate, and he was not allowed a lift. It would be a form of cheating, and the Democrats cheat enough. You are who you are, it was determined"
"@1","p2271","45542","ALVIN BRAGG ENGAGING IN LAWFARE"
"@1","p2270","45542","COMRADE KAMALAS MIGRANT CRIME WAVE"
"@1","p2269","45542","Comrade Kamala: Theres no question Im in FAVOR of BANNING FRACKING."
"@1","p2268","45542","COMRADE KAMALA HARRIS HIDING BEHIND STAFF"
"@1","p2267","45542","ABC NEWSTEAM KAMALA"
"@1","p2266","45542","THANK YOU, NATIONAL FRATERNAL ORDER OF POLICE https://www.DonaldJTrump.com"
"@1","p2265","45542","HOW MUCH MORE YOURE PAYING UNDER COMRADE KAMALA HARRIS"
"@1","p2264","45542","https://www.DonaldJTrump.com"
"@1","p2263","45542","LAWFARE INSTEAD OF A CAMPAIGN"
"@1","p2262","45542","https://www.foxnews.com/politics/trump-reacts-sentencing-delay-bragg-case-says-case-should-dead"
"@1","p2261","45542","https://townhall.com/tipsheet/saraharnold/2024/09/06/fraternal-order-of-police-endorses-trump-n2644433"
"@1","p2260","45542","https://nypost.com/2024/09/06/us-news/trump-says-cops-in-more-danger-than-ever-from-kamalas-crime-wave-as-he-touts-union-endorsement/"
"@1","p2259","45542","https://dcenquirer.com/he-stood-with-us-when-very-few-would-trump-earns-major-endorsement-from-the-national-fraternal-order-of-police"
"@1","p2258","45542","https://www.thegatewaypundit.com/2024/09/huge-national-fraternal-order-police-endorses-president-trump/"
"@1","p2257","45542","Dick Cheney is an irrelevant RINO, along with his daughter, who lost by the largest margin in the History of Congressional Races They couldnt get Scooter Libby, who did so much for them but was so unfairly treated, PARDONED. I did it Hes the King of Endless, Nonsensical Wars, wasting Lives and Trillions of Dollars, just like Comrade Kamala Harris. I am the Peace President, and only I will stop World War III What Liz Cheney did with the Unselect Committee of Political Losers is unthinkable. She and her Unselects deleted and destroyed all evidence and information - ITS GONE. Much of it proved that Nancy Pelosi was responsible for J6 - DIDNT PROVIDE SECURITY. Cheney and the others should be prosecuted for what they did, but Comrade Kamala is even worse"
"@1","p2256","45542","I cant believe the NFL is effectively getting rid of the always exciting Kick Off Return. Such an exciting part of Football. What are they doing BEGINNING OF THE END"
"@1","p2255","45542","They say Nate Silver is the best"
"@1","p2254","45542","As the nations oldest and largest law enforcement labor organization, the FOPs presidential endorsement is one of the most sought-after endorsements by candidates running for the presidencyThe FOP is the number one voice of Americas law enforcement. We have a responsibility to our members, to the 800,000 sworn law enforcement officers in the United States, and to the communities they serve to do our part in determining the direction in which our country will head. President Patrick YoesNational Fraternal Order of Police https://www.foxnews.com/politics/fraternal-order-police-endorses-trump-president-blast-harris-defunder-crime-wave"
"@1","p2253","45542","https://www.DonaldJTrump.com"
"@1","p2252","45542","FOP Endorses TrumpNations Oldest and Largest Police Labor Organization Will Support Trump on Election Day"
"@1","p2251","45542","I am so honored to receive the Fraternal Order of Police official endorsement for President of the United States. Thank you MAGA2024"
"@1","p2249","45542","I WILL NEVER STOP FIGHTING FOR YOU TOGETHER, WE WILL MAKE AMERICA GREAT AGAIN https://www.DonaldJTrump.com"
"@1","p2248","45542","Judge Jeanine Pirro on todays sentencing delay in New York"
"@1","p2247","45542","Thank you Comrade Kamala Harris for allowing our Country to benefit from these wonderful people you have allowed to cross the Border, make Citizens, and allow them to hop into our Social Security and Medicare programs."
"@1","p2246","45542","Preserve America has been doing a great job with ads and all other efforts on behalf of MAGA. Thank you to Miriam Adelson"
"@1","p2245","45542","COMRADE KAMALAS MIGRANT CRIME WAVE"
"@1","p2244","45542","Constitutional Law Professor, Jonathan Turley on todays news out of New York"
"@1","p2243","45542","Join me LIVE this afternoon at 4:00PM Eastern from Charlotte, North Carolina where I will be delivering remarks at the National Fraternal Order of Police Conference https://rumble.com/v5drxf1-live-president-trump-in-charlotte-nc.html"
"@1","p2242","45542","The Manhattan D.A. Witch Hunt has been postponed because everyone realizes that there was NO CASE, I DID NOTHING WRONG It is a political attack against me by Comrade Kamala Harris and other Radical Left Opponents for purposes of Election Interference, and is a case that should have never been brought. Nothing like this has ever happened in the United States of America  IT IS STRICTLY THIRD WORLD, BANANA REPUBLIC STUFF. Importantly, The Public understands this, and so does every Legal Scholar, Expert, and Luminary, including Andy McCarthy, Jonathan Turley, Alan Dershowitz, Mark Levin, Steven Calabresi, David Rivkin, Gregg Jarrett, Katie and Andrew Cherkasky, Elie Honig, and many others. I greatly appreciate the words if necessary being utilized in the Decision, because there should be no if necessary - This case should be rightfully terminated, as we prepare for the Most Important Election in the History of our Country. MAKE AMERICA GREAT AGAIN"
"@1","p2241","45542","COMING SOON TrumpAberdeen @TrumpGolf https://www.trumpgolfscotland.com/"
"@1","p2240","45541","PART II  TONIGHT ON FOX NEWS AT 9:00PM EASTERN, ENJOY https://hannity.com/media-room/trump-town-hall-highlights-from-hannitys-sitdown-with-former-president-donald-trump-watch/"
"@1","p2239","45540","A beautiful evening in Harrisburg, PennsylvaniaTHANK YOU PART II of Hannitys Town Hall will air tonight at 9:00PM EasternMAGA2024 https://www.rsbnetwork.com/news/donald-trump-news/trump-vows-to-heal-our-world-during-fired-up-hannity-town-hall/"
"@1","p2238","45541","Join me at the Central Wisconsin Airport this Saturday, September 7th in Mosinee, Wisconsinat 1:00PM CDT Get your tickets today at: https://event.donaldjtrump.com/events/president-donald-j-trump-to-hold-a-rally-in-mosinee-wisconsin"
"@1","p2237","45541","This is what various Legal Scholars and Experts, Brilliant Lawyers, and Highly Respected Journalists think of the Manhattan D.A. Hoax, where the Democrats, headed up by Comrade Kamala Harris, working directly with the DOJ which theyre not supposed to be, want to put a Former President of the United States, and the Leading Candidate for President, in PRISON. This is unheard of, there has never been anything like it in our Country, and they are doing it in a blatant and illegal attempt to win an Election that, based on their results, should be unwinnable, but I cant talk about it because Judge Merchan has put an UnConstitutional Gag Order on me. Somehow it will ALL work out - I dont know how, I dont know why, I dont know when, but it always does"
"@1","p2236","45541","Andrew C. McCarthy: Merchanmust vacate the guilty verdicts because of the Courts decision in Trump v.United States, which holds that presidents are immune from criminalprosecution based on their official acts.Jonathan Turley: I believe Trump verdict will be reversed.David Rivkin, Jr. and Elizabeth Price Foley: Trumps Trial Violated Due Process: He was denied notice of the charges, meaningful opportunity to respond, and proof of all elements The Constitution demands that higher courts throw out the verdict against him."
"@1","p2235","45541","Steven Calabresi: President Donald Trumps First Amendment freedom of speech rights render his recent convictions in a Manhattan New York State trial court unconstitutional.Mike Davis: Its an election-year assault on the Democrat Partys number-one enemy.Former Acting U.S. Attorney General Matthew Whitaker: We must stand against the Weaponization of Justice in Courts around this Country. This can never happen again."
"@1","p2234","45541","Mark Levin: No crime, no jurisdiction, no due process, conflicted judge, Soros prosecutor, Manhattan jury.Elie Honig: No state prosecutor  in New York, or Wyoming, or anywhere  has ever charged federal election laws as a direct or predicate state crime, against anyone, for anything. None. Ever.Gregg Jarrett: Its a persecution, not a prosecution of any legitimacy."
"@1","p2233","45541","Andrew Cherkasky: Democrats want to see Trump prosecuted for their own lawfare benefit.Leo Terrell: Its all politics. If anyone tells you otherwise, they are not a lawyer.Alan Dershowitz: I have observed and participated in trials throughout the world. I have seen justice and injustice in China, Russia, Ukraine, England, France, Italy, Israel, as well as in nearly 40 of our 50 states. But in my 60 years as a lawyer and law professor, I have never seen a spectacle such as the one I observed sitting in the front row of the courthouse.Bill OReilly: The State of New Yorks image as a place of freedom and fairness is in tatters. There is no justice in New YorkThere is no question New York ranks up there with Venezuela and Cuba."
"@1","p2232","45541","Rich Lowry: The charges were rigged, the prosecutions presentation of the case was rigged, the judges management of the case was rigged, the gag order was rigged, and the instructions to the jury were rigged. The whole thing was rigged from beginning to end, in the hopes of  to the extent this case and theguiltyverdict will matter in November  rigging the presidential election. If this had happened in an alderman race in Cook County, Ill., itd be discomfiting enough, but it happened in what purports to be the greatest city in the world and involves the campaign to become the most powerful political leader in the free world.Democrat Pollsters Doug Schoen and Carly Cooperman: Our finding that large pluralities or outright majorities of Americans perceive these indictments as politically motivated should be a warning sign to Democrats."
"@1","p2231","45541","https://hannity.com/media-room/the-kamala-files-the-most-radical-soundbites-they-dont-want-you-to-hear-listen-now/"
"@1","p2230","45541","Join me at the Central Wisconsin Airport this Saturday, September 7th in Mosinee, Wisconsinat 1:00PM CDT Get your tickets today at: https://event.donaldjtrump.com/events/president-donald-j-trump-to-hold-a-rally-in-mosinee-wisconsin"
"@1","p2229","45541","NO PRESIDENT HAS DEFENDED ISRAEL AND JEWISH AMERICANS MORE THAN DONALD J. TRUMP."
"@1","p2228","45541","I want to thank so many friends and respected business leaders for welcoming me back to the storied New York Economic Club today https://rumble.com/v5dr2e5-live-president-trump-in-new-york-ny.html"
"@1","p2227","45541","GEARING UP FOR ELECTION DAY"
"@1","p2226","45540","https://www.rsbnetwork.com/video/live-president-trump-gives-remarks-at-the-economic-club-of-new-york-9-5-24/"
"@1","p2225","45541","Comrade Kamala Harris and her Department of Justice are trying to interfere in and suppress the Election in favor of the Democrats by resurrecting the Russia, Russia, Russia Hoax, and trying to say that Russia is trying to help me, which is absolutely FALSE. In fact, President Putin would much rather see Comrade Kamala Harris in Office, as he strongly said just this morning. Why arent they looking into Iran, China,  other Countries and, more importantly, why arent they looking at Marc Elias, Mark Pomerantz, the relationship between Lisa Monaco to Andrew Weissmann, CREW, and all of the other Enemies of the People that had such an effect on the 2020 Election, and are trying to Rig and Steal the 2024 Presidential Election. So ironic watching Lisa Monaco, a figurehead for Weissmann and the group of Radical Left Lunatics who had so much to do with the original Russia, Russia, Russia Hoax, and now she is at it again, leading A.G. Merrick Garland down an empty and Country destroying path"
"@1","p2224","45541","We are fighting true COMMUNISM in this Country. We have to save our Elections, our System of Justice, our Constitution, and our FREEDOM, but that can only be done after we win BIG on November 5th, and proceed to, MAKE AMERICA GREAT AGAIN"
"@1","p2223","45540","COMRADE KAMALAS SMALL BUSINESS PLAN WOULD DESTROY OUR SMALL BUSINESS ECONOMY"
"@1","p2222","45540","A beautiful evening in Harrisburg, PennsylvaniaTHANK YOU PART II of Hannitys Town Hall will air tonight at 9:00PM EasternMAGA2024 https://www.rsbnetwork.com/news/donald-trump-news/trump-vows-to-heal-our-world-during-fired-up-hannity-town-hall/"
"@1","p2221","45540","https://www.rsbnetwork.com/news/donald-trump-news/trump-vows-to-heal-our-world-during-fired-up-hannity-town-hall/"
"@1","p2220","45540","https://www.rsbnetwork.com/video/live-president-trump-gives-remarks-at-the-economic-club-of-new-york-9-5-24/"
"@1","p2219","45540","Nobody can believe I am still under a Gag Order from Judge Merchan and, despite being the leading Candidate for President of the United States, I am not allowed to speak about a trial that virtually every well known and respected legal scholar said, THERE IS NO CRIME. I DID NOTHING WRONG. WITCH HUNT. RELEASE THE GAG ORDER"
"@1","p2218","45540","DEMS DUST OFF THE RUSSIA PLAYBOOK"
"@1","p2217","45540","Join me tonight in PENNSYLVANIA for a Town Hall with @SeanHannity at 9:00 PM EASTERN on Fox News"
"@1","p2216","45540","OUR GREAT FARMERS OF AMERICA WERE MAKING A LOT OF MONEY WHEN I WAS PRESIDENTAND NOW THEYRE NOT"
"@1","p2215","45540","I fully support tough mandatory sentences on child rapists and human traffickers. By contrast, as Attorney General of California, Kamala Harris"
"@1","p2214","45540","As President, I proudly instituted national security travel bans to keep terrorists, jihadists, and violent extremists OUT of our Country. Kamala Harris and Joe Biden REVOKED my travel ban immediately, their first day in office"
"@1","p2213","45540","I am running on a plan to cut your energy prices in HALF within 12 months of taking officeUnder Kamala Harris, energy prices have risen 20, 30, 40 and even 50 percent, and going a lot higher"
"@1","p2212","45540","When I was president, the total amount Americans had in their personal savings grew by 393. Since Kamala Harris took office, personal savings have absolutely collapsed"
"@1","p2211","45540","During my presidency, the 30-year mortgage rate reached an all-time low of 2.7. Under Kamala Harris, it has become nearly impossible for young people to buy a home, with interest rates at almost 10 or even higher..."
"@1","p2210","45540","THERE WAS NO INFLATION UNDER TRUMP WE HAD NO PROBLEMSTHE WORLD WAS SAFE"
"@1","p2209","45540","ONE OF THE WORST GOVERNORS IN OUR COUNTRY"
"@1","p2208","45540","JOE BIDEN WAS REJECTED WITH HIS HOAX ON TRYING TO GET STUDENT LOANS PAID OFF"
"@1","p2207","45540","WE HAVE THE GREATEST SOCIAL MEDIA PROGRAM IN HISTORY"
"@1","p2206","45540","FOR ALL OF THOSE THAT WANT TO SAVE TIK TOK IN AMERICA, VOTE TRUMP"
"@1","p2205","45540","RUSSIA NEVER INVADED UKRAINE UNDER TRUMP IRAN NEVER INVADED ISRAEL UNDER TRUMP NOBODY INVADED ANYBODY UNDER TRUMP CHINA NEVER EVEN THOUGHT OF INVADING TAIWAN UNDER TRUMP BIGGEST EVER EMBARRASSMENT IN AFGHANISTAN WOULD HAVE NEVER HAPPENED UNDER TRUMP THERE WAS NO INFLATION UNDER TRUMP WHAT A DIFFERENT WORLD IT WOULD BE UNDER TRUMP"
"@1","p2204","45540","Our hearts are with the victims and loved ones of those affected by the tragic event in Winder, GA.These cherished children were taken from us far too soon by a sick and deranged monster."
"@1","p2203","45540","Via Savanah Hernandez  FIRST LOOK: This is an inside look of what the migrant hotel in Aurora, CO, that has been allegedly overrun by Tren de Aragua looks like. There are bullet holes in the glass, broken windows, mold and entire ceilings decaying from water damage."
"@1","p2202","45540","MIGRANTS ATTEMPT TO BOARD SCHOOL BUS"
"@1","p2201","45540","SO TERRIBLE"
"@1","p2200","45540","Crazy Kamala wants to DEFUND THE POLICENot under my watch"
"@1","p2199","45540","REMEMBER NO TAX ON SOCIAL SECURITY FOR SENIORS, NO TAX ON TIPS"
"@1","p2198","45540","TRUMP CASH vs. KAMALA CRASH"
"@1","p2197","45540","Ive always said that people vote with their STOMACH, and food is now at an all time high"
"@1","p2196","45540","This Election is about the ECONOMY, INFLATION, OPEN BORDERS ILLEGAL IMMIGRATION, RESPECT FOR OUR NATION, PREVENTING WORLD WAR lll AND A 1929 STYLE DEPRESSION"
"@1","p2195","45540","COMRADE KAMALA HARRIS DOES NOTHING BUT COMPLAINBUT SHE IS IN THE ADMINISTRATION NOW"
"@1","p2194","45540","Comrade Kamala Harris is terrible for our Country. She is a Communist, has always been a Communist, and will always be a Communist..."
"@1","p2193","45540","Comrade Kamala Harris is doing everything possible to RUN AWAY from her Record. We wont let it happen"
"@1","p2192","45540","The millions of Illegal Aliens pouring into our Country because of Comrade Harris, our Border Czar, and her Open Border Policies"
"@1","p2191","45540","IT IS DOJ POLICY"
"@1","p2190","45540","Do your part to guarantee we win by more than the Margin of Fraud by casting your VOTE and taking responsibility for ensuring every Republican and Trump VOTER in your household casts theirs tooGo to https://swampthevoteusa.com/ toRequest a Ballot.Check Voter Registration.Pledge to Vote Early In-Person.Pledge to Vote on Election Day."
"@1","p2189","45540","New Hampshire Small Business Owners Rip Kamala Harris Ahead of Campaign Stop https://www.donaldjtrump.com/news/27d84488-dcd1-45e7-9851-b503cc5d2d11"
"@1","p2188","45540","Harris Weakness Wednesday: Kamalas Weak Economic Record https://www.donaldjtrump.com/news/dd34fe8c-983d-4b45-9eb8-0b55d7a7c4e9"
"@1","p2187","45540","Kamalas Sham Small Business Plan https://www.donaldjtrump.com/news/c230dd1e-362c-4912-981a-8b5b97545fcb"
"@1","p2186","45540","Thank you very much, Jeff. It is a Great Honor to have your Endorsement. I look forward to meeting you soon"
"@1","p2185","45539","I want to thank beautiful Brittany Mahomes for so strongly defending me, and the fact that MAGA is the greatest and most powerful Political Movement in the History of our now Failing Country. With Crime and Illegal Immigration totally out of control, INFLATION Ravaging all Americans, and a World that is laughing at the stupidity of our hapless leaders, it is nice to see someone who loves our Country, and wants to save it from DOOM. What a great couple - See you both at the Super Bowl"
"@1","p2184","45539","Jaclyn Schmitz, Step-Mother of Lance Corporal Jared Schmitz"
"@1","p2183","45539","I am proud to represent our Failing Nation in fighting the GREATEST POLITICAL WITCH HUNT IN HISTORY. REMOVE THE GAG ORDER SO THAT I CAN SHOW HOW CORRUPT OUR COURT SYSTEM IS. PRESIDENTIAL CANDIDATES ARE NOT TO BE GAGGED"
"@1","p2182","45539","See you in Harrisburg"
"@1","p2181","45539","With me as your President, Michigan, THE AUTO MAKING BUSINESS WILL COME ROARING BACK The car industry will be over and out in Michigan if the Democrats get in. If I become your President, again, we will dominate the industry  auto-making plants will return at record levels"
"@1","p2180","45539","Comrade Kamala Harris sees there are problems for her campaign in New Hampshire because of the fact that they disrespected it in their primary and never showed up. Additionally, the cost of living in New Hampshire is through the roof, their energy bills are some of highest in the country, and their housing market is the most unaffordable in history. I protected New Hampshires First-In-The-Nation Primary and ALWAYS will To my friends in New Hampshire, get out and vote TRUMP. Together, we will make your State and America Strong, Safe, and Prosperous AGAIN"
"@1","p2179","45539","BIG TOWN HALL WITH SEAN HANNITY, WEDNESDAY NIGHT IN HARRISBURG, PENNSYLVANIA. SEE YOU THERE DJT"
"@1","p2178","45539","Jaclyn Schmitz, Step-Mother of Lance Corporal Jared Schmitz"
"@1","p2177","45539","https://www.foxnews.com/media/puerto-rican-musicians-bring-star-power-endorse-trump-best-president-world-has-seen"
"@1","p2176","45539","Join me in Harrisburg, Pennsylvania this Wednesday, September 4that 5:30PM Eastern, for a Town Hall. Get your tickets today at https://hannity.com/media-room/see-it-live-hannity-town-hall-featuring-former-president-donald-trump-details/. Look forward to seeing you thereMAGA2024"
"@1","p2175","45539","Kamala has surrendered control of our neighborhoods to Migrant Gangs. I WILL LIBERATE THEM. Vote for me, and the Migrant Mobs go home, never to be seen again"
"@1","p2174","45539","https://youtu.be/qCbfTN-caFI"
"@1","p2173","45539","Comrade Kamala Harris sees there are problems for her campaign in New Hampshire because of the fact that they disrespected it in their primary and never showed up. Additionally, the cost of living in New Hampshire is through the roof, their energy bills are some of highest in the country, and their housing market is the most unaffordable in history. I protected New Hampshires First-In-The-Nation Primary and ALWAYS will To my friends in New Hampshire, get out and vote TRUMP. Together, we will make your State and America Strong, Safe, and Prosperous AGAIN"
"@1","p2172","45538","The car industry will be over and out in Michigan if the Democrats get in. If I become your President, again, we will dominate the industry  auto-making plants will return at record levels"
"@1","p2171","45538","It was a great honor to do a sit down with Lex Fridman for his podcast. It will be airing at 1PM today. Enjoy"
"@1","p2170","45538","My new book comes out TODAY Have you gotten your copy I hand-selected every Photo, from my time in the White House, to our current third Campaign for President of the United States. A MUST HAVE on U.S. History, especially for America First Patriots - Get your copy now at, https://45books.com/."
"@1","p2169","45538","Join me in Harrisburg, Pennsylvania this Wednesday, September 4that 5:30PM Eastern, for a Town Hall. Get your tickets today at https://hannitytownhall.fox-newschannel.com/. Look forward to seeing you thereMAGA2024"
"@1","p2168","45538","Maduros plane has just been seized by the U.S. Thats OK, he can now go out and get a much bigger and better one with all the money we pay to Venezuela for oil that we dont need. We have more LIQUID GOLD than any other Nation. HOW STUPID ARE OUR LEADERS WE ARE A LAUGHING STOCK ALL OVER THE WORLD DJT"
"@1","p2167","45538","There was no conflict or fighting at Arlington National Cemetery last week. It was a made up story by Comrade Kamala and her misinformation squad. She made it all up to make up for the fact that she and Sleepy Joe have BLOOD ON THEIR HANDS for the INCOMPETENT AFGHANISTAN Withdrawal - THE MOST EMBARRASSING DAY IN U.S. HISTORY They should have been at Arlington, not on a beach or studying for a Debate. Thank you to my friends, the GREAT GOLD STAR FAMILIES, for revealing the TRUTH OF A BEAUTIFUL DAY OF HONOR. Could not have been a nicer moment-And there were no fights or problems, only in the heads of those that are destroying our Country MAGA2024"
"@1","p2166","45538","Jonathan Turley, legal scholar and best selling author, has written a brilliant new book, The Indispensable Right: Free Speech in an Age of Rage. He is a great and talented man, WHO SPEAKS THE TRUTH. Go out and get his book today DJT"
"@1","p2165","45538","Join me in Harrisburg, Pennsylvania this Wednesday, September 4that 5:30PM Eastern, for a Town Hall. Get your tickets today at https://hannitytownhall.fox-newschannel.com/. Look forward to seeing you thereMAGA2024"
"@1","p2164","45538","https://www.DonaldJTrump.com"
"@1","p2163","45538","Happy Labor Day to all of our American Workers who represent the Shining Example of Hard Work and Ingenuity. Under Comrade Kamala Harris, all Americans are suffering during this Holiday weekend - High Gas Prices, Transportation Costs are up, and Grocery Prices are through the roof. We cant keep living under this weak and failed Leadership.."
"@1","p2162","45538",".In my First Term, we achieved Major Successes to protect American Workers by negotiating Free and Fair Trade Deals, passing the USMCA U.S./Mexico/Canada, and giving Businesses and their Workers the tools to thrive. We also invested heavily in Education and Job Training programs for those who wish to expand upon their abilities, and be successful in an Industry that they love. We were an Economic Powerhouse, all because of the American Worker But Kamala and Biden have undone all of that. When I return to the White House, we will continue upon our Successes by creating an Environment that ensures ALL Workers, and Businesses, have the opportunity to prosper and achieve their American Dream. We will, MAKE AMERICA GREAT AGAIN"
"@1","p2161","45537","New Job opportunities are available to help GET OUT THE VOTE FOR TRUMP Visit https://www.turnoutfortrump.com/ to apply. We must SWAMP THE VOTE"
"@1","p2160","45537","Kamala said she worked at McDonalds  She never did. Lie"
"@1","p2159","45537","https://justthenews.com/politics-policy/all-things-trump/suntrump-can-now-deploy-ex-democrat-power-rangers-rfk-jr-musk-and"
"@1","p2158","45537","https://justthenews.com/politics-policy/all-things-trump/trump-unveils-two-initiatives-he-would-start-president-if-elected"
"@1","p2157","45537","We grieve the senseless death of the Israeli Hostages, horrifically including a wonderful American Citizen, Hersh Goldberg-Polin, murdered by Hamas due to a complete lack of American Strength and Leadership. Make no mistake - This happened because Comrade Kamala Harris and Crooked Joe Biden are poor Leaders. Americans are getting slaughtered overseas, while Kamala is disparaging and making up lies about Gold Star families, and Biden is sleeping on the beach on this 16th consecutive day of vacation. They have blood on their hands Sadly, this is the total lack of Leadership that Kamala and Biden represent - One that allows terrorists to take American lives, because they only care about Weaponizing the Department of Justice against their Political Opponent. Just like the Debacle of the Afghanistan Withdrawal that claimed 13 American lives, Kamala and Bidens judgment has not only put lives at risk, but is directly responsible for unnecessary deaths that should have never happened."
"@1","p2156","45537",".Our Country and our amazing people are not safe under Joe Biden, and will be less safe under Kamala Harris. This terror would have never happened if I were President, and it will stop the day I am back in the Oval Office. America will be Strong Again, and that will make the World Safe and Secure"
"@1","p2155","45537","https://rumble.com/v5d5uxp-president-trump-i-believe-in-god-more-after-assassination-attempt.html"
"@1","p2154","45537","MUST READ AND WATCH: Statement and Video Messages to Kamala Harris from Gold Star Familieshttps://www.donaldjtrump.com/news/2d8335e6-3b8f-498a-96df-cb3e42f22094"
"@1","p2153","45537","The Hostage Crisis in Israel is only taking place because Comrade Kamala Harris is weak and ineffective, and has no idea what shes doing. I look forward to seeing her at the Debate Biden failed, and now he spends his day on the beach, plotting and scheming how to take out his once Political Opponent, ME, who took him out both at the Debate, and otherwise. THE OCTOBER 7th ISRAELI CRISIS WOULD NEVER HAVE HAPPENED IF I WERE PRESIDENT"
"@1","p2152","45537","Thank you LaurenLauren Olaya: Pretty surreal day in PA yesterday witnessing President Trump welcoming Puerto Rican musicians Anuel AA and Justin Quiles and their endorsement at his Johnstown rally. Also I want to say this about comments to my stories anytime I post about President Trump - Id never send someone a negative and rude message if they supported the other side. Just not necessary. We live in a free country - thank God Believe and support who and what you want I will say Ive been lucky enough with the unique honor to spend time with President Trump and his family. From the first time I met President Trump and his remarkable wife Melania, I realized how much we have been lied to about him. He is nothing like how the media portrayed he would be. Respectful, kind, caring, hilarious, a CRAZY good golfer he beat me by a long shot, and the most resilient human Ive ever met. Also he has raised incredible children which says a lot about him as a father. He has been attacked more than any president in our history and hes still standing Thats the type of man we need leading our country, growing our economy, and keeping us safe. As Justin Quiles said yesterday, hes no ones puppet Millions around the world dont have the privilege to vote so please register to vote no matter who you choose. Its an honor and our duty  For me, trump2024"
"@1","p2151","45537","I will say Ive been lucky enough with the unique honor to spend time with President Trump and his family. From the first time I met President Trump and his remarkable wife Melania, I realized how much we have been lied to about him. He is nothing like how the media portrayed he would be. Respectful, kind, caring, hilarious, a CRAZY good golfer he beat me by a long shot, and the most resilient human Ive ever met. Also he has raised incredible children which says a lot about him as a father. He has been attacked more than any president in our history and hes still standing Thats the type of man we need leading our country, growing our economy, and keeping us safe. As Justin Quiles said yesterday, hes no ones puppet Millions around the world dont have the privilege to vote so please register to vote no matter who you choose. Its an honor and our duty  For me, trump2024"
"@1","p2150","45536","I want to thank the families of our Great Warriors who have been lost to us for the way they came together as one, and thanked me for attending, at their request, the Celebration of their wonderful family members who, because of the Incompetence of Kamala Harris and Joe Biden, are no longer with us. Thank you for saying you wanted me to stand with you at Arlington National Ceremony, and take pictures, that it was your request, not mine, but it was my Great Honor to do so. I WILL NEVER FORGET Lightweight V.P. Kamala Harris tried turningit around, because they werent there, have never spoken to the families, and have no intention to do so. In Afghanistan, you dont take the Soldiers out first, you take the Soldiers out last. This would be Military 101, the most basic, and the leaders of that Disaster should be immediately fired.We have FOOLS in the White House, and now, they are trying to solve the Hostage Crisis in Israel. Guess how thats going to turn out"
"@1","p2149","45536","https://paulingrassia.substack.com/p/kamala-harris-record-as-border-czarutmcampaignposttriedRedirecttrue"
"@1","p2148","45536","https://thenationalpulse.com/analysis-post/trumps-first-term-border-achievements-were-frankly-extraordinary/"
"@1","p2147","45536","https://paulingrassia.substack.com/p/kamala-harris-is-a-rock-ribbed-socialistutmcampaignposttriedRedirecttrue"
"@1","p2146","45536","https://www.breitbart.com/politics/2024/08/23/trump-steals-kamala-joy-obama-hope-harris-must-be-defeated/"
"@1","p2145","45536","https://www.dailymail.co.uk/news/article-13782473/Mark-Zuckerberg-ADMITS-censoring-Joe-Biden-bombshell-letter.html"
"@1","p2144","45536","https://www.foxnews.com/politics/rnc-lawsuit-claims-detroit-hired-7-times-more-dem-poll-workers-than-republicans-violating-state-law"
"@1","p2143","45536","https://justthenews.com/government/courts-law/rnc-sues-detroit-over-hiring-seven-times-more-democratic-poll-workers"
"@1","p2142","45536","https://www.foxnews.com/us/ohio-refers-over-100-non-citizen-registered-voters-state-ag-prosecution"
"@1","p2141","45536","https://www.breitbart.com/politics/2024/08/23/jack-smith-surrenders-special-counsel-will-not-seek-expedited-hearings-in-donald-trump-case/"
"@1","p2140","45536","https://www.breitbart.com/politics/2024/08/23/trump-champions-no-tax-on-tips-policy-to-las-vegas-restaurant-workers-blames-kamala-for-catastrophic-inflation/"
"@1","p2139","45536","https://www.breitbart.com/politics/2024/08/23/exclusive-steve-daines-republicans-are-ready-to-fire-on-donald-trumps-no-tax-on-tips-policy/"
"@1","p2138","45536","https://justthenews.com/politics-policy/all-things-trump/trump-3rd-anniversary-afghanistan-withdrawal-most-embarrassing"
"@1","p2137","45536","https://justthenews.com/politics-policy/polling/majority-americans-expect-large-number-illegal-immigrants-will-vote"
"@1","p2136","45536","https://thenationalpulse.com/analysis-post/kassam-kamalas-speech-was-boring-but-it-did-contain-some-dark-far-left-dog-whistles/"
"@1","p2135","45536","https://www.breitbart.com/politics/2024/08/23/rfk-jr-arizona-rally-donald-trump-make-america-healthy-again/"
"@1","p2134","45536","https://www.breitbart.com/politics/2024/08/23/tribute-rfk-jr-trump-pledges-creation-commission-presidential-assassination-attempts/"
"@1","p2133","45536","https://www.breitbart.com/politics/2024/08/23/rfk-rips-democrats-for-installing-war-candidate-kamala-harris/"
"@1","p2132","45536","https://www.breitbart.com/politics/2024/08/23/david-axelrod-suffers-meltdown-after-rfk-endorses-trump/"
"@1","p2131","45536","https://justthenews.com/politics-policy/elections/rfk-jr-joins-trump-special-guest-arizona-rally"
"@1","p2130","45536","https://justthenews.com/politics-policy/elections/battle-defectors-trump-gains-more-high-profile-dems-harris-gains-high"
"@1","p2129","45536","https://paulingrassia.substack.com/p/rfk-jrs-endorsement-is-a-game-changer"
"@1","p2128","45536","https://www.breitbart.com/politics/2024/08/23/watch-donald-trump-packs-arena-with-massive-crowd-arizona-first-rally-since-dnc/"
"@1","p2127","45536","https://www.breitbart.com/politics/2024/08/23/blue-state-blues-why-trump-has-the-edge-after-the-dnc/"
"@1","p2126","45536","https://paulingrassia.substack.com/p/president-trump-still-holds-significant"
"@1","p2125","45536","https://www.nytimes.com/2024/08/27/us/politics/trump-pac-right-for-america.html"
"@1","p2124","45536","https://www.bloomberg.com/news/articles/2024-08-27/trump-depicted-as-motorcyclist-triumphant-fighter-in-latest-nft-collection"
"@1","p2123","45536","Sounds like a really great guy"
"@1","p2122","45536","What a great interview tonight on Mark Levin. Next Level"
"@1","p2121","45536","Darin Hoover, Father of Staff Sgt. Taylor Hoover"
"@1","p2120","45536","Coral Doolittle, Mother of Corporal Humberto A. Sanchez"
"@1","p2119","45536","Steve Nikoui, Father of Lance Corporal Kareem M. Nikoui"
"@1","p2118","45536","Mark Schmitz, Father of Lance Corporal Jared M. Schmitz"
"@1","p2117","45536","Jim McCollum, Father of Lance Corporal Rylee McCollum"
"@1","p2116","45536","Herman Lopez, Father of Corporal Hunter Lopez"
"@1","p2115","45536","Christy Shamblin, Mother-In-Law of Sergeant Nicole Gee"
"@1","p2114","45536","Mark Levin Interview tonight at 8:00, on FoxNews. Enjoy"
"@1","p2113","45536","That photo was for me. Gold Star Mother Kelly Barnett"
"@1","p2112","45536","Gold Star family member Christy Shamblin:We invited both President Trump and the Biden-Harris administration and we didnt hear back from the White House.When President Trump came to Section 60, it was at our request to spend time with our loved ones. There was no political campaigning done at Section 60 that day.We support President Trump and he supported us.I think our media needs to do a better job on focusing on the Afghanistan withdrawal instead of things like this that arent really relevant or important."
"@1","p2111","45536","Comrade Kamala Harris lied about working at McDonalds. SHE NEVER WORKED THERE, they think shes nuts. Likewise, she lied about Fracking, the Border, Crime, the Economy, and the Democrats Suckers and Losers HOAX, concerning our great military. She also lied about Arlington Cemetery and Afghanistan. She lies about everything DJT"
"@1","p2110","45535","THANK YOU, TOM HOMANMAGA2024"
"@1","p2109","45535","As everyone knows, I was, and will be again, the most respected LAW  ORDER President in U.S. History. We will take our streets back by being tough  smart on violent,  all other types, of Crime. In Florida, like so many other States that have already given their approval, personal amounts of marijuana will be legalized for adults with Amendment 3. Whether people like it or not, this will happen through the approval of the Voters, so it should be done correctly. We need the State Legislature to responsibly create laws that prohibit the use of it in public spaces, so we do not smell marijuana everywhere we go, like we do in many of the Democrat run Cities. At the same time, someone should not be a criminal in Florida, when this is legal in so many other States. We do not need to ruin lives  waste Taxpayer Dollars arresting adults with personal amounts of it on them, and no one should grieve a loved one because they died from fentanyl laced marijuana. We will make America SAFE again"
"@1","p2108","45535","THE LEFT CREATES A NEW TRUMP HOAX https://youtu.be/d8nAE9Q02xE"
"@1","p2107","45535","KAMALA CANT HANDLE PRIMETIME https://youtu.be/OxRw0Rf70U"
"@1","p2106","45535","I was thrilled to be back in this beautiful Commonwealth of Pennsylvania, with thousands of proud, hardworking American Patriots 67 days from now, we are going to win Pennsylvania, we are going to defeat Comrade Kamala Harris, and we are going to win the White House https://trumpforce47.com/"
"@1","p2105","45535","TRUMP DERANGEMENT SYNDROME"
"@1","p2104","45535","Join me LIVE in Washington, D.C. at the Moms for Liberty National Summit https://rumble.com/v5chm78-live-president-trump-speaks-at-moms-for-liberty-national-summit-in-d.c.-830.html"
"@1","p2103","45535","Join me live in Johnstown, Pennsylvania for a MAKE AMERICA GREAT AGAIN rally at 4:30PM Eastern.Will be on @RSBN, @NewsMax, @RealAmericasVoice, and Donald J. Trump @Rumble, among others. LIVE: https://rumble.com/v5cz8dp-live-president-trump-in-johnstown-pa.html"
"@1","p2102","45535","Congratulations to Mark Caskey on making an absolutely brilliant Speech at the Johnstown, Pennsylvania, Rally. Nobody could have said it better Im heading there now. Steel Nation CEO Mark Caskey: Kamala Harris is running on open borders, race and gender wars, defunding the police, universal health care, and the war on American energy. We need to defeat her right now. I call on all American energy workers to get out and vote. Everybody here, get out and vote."
"@1","p2101","45535","https://www.rsbnetwork.com/news/watch-massive-crowd-lines-up-for-trumps-pennsylvania-rally/"
"@1","p2100","45535","On my way to Johnstown, Pennsylvania for a MAKE AMERICA GREAT AGAIN rally at 4:30PM Eastern. Will be on @RSBN, @NewsMax, @RealAmericasVoice, and Donald J. Trump @Rumble, among others. Big crowds, see you soon LIVE: https://rumble.com/v5cz8dp-live-president-trump-in-johnstown-pa.html"
"@1","p2099","45535","Back by popular demand, my TRUMP DIGITAL TRADING CARDS, Series 4: The America First Collection, is available RIGHT NOW, and I think youll love it For some, therell be an Invite to a Gala Dinner at my beautiful private Club in Jupiter, Florida. Dont wait, have fun - The Cards will go FAST Go to https://collecttrumpcards.com/. ENJOY"
"@1","p2098","45535","Thank you to great journalist, Charlie Kirk WOWPatriots are already lining the street spending the night to make sure they can hear from President Trump tomorrow in Arizona.HISTORY WILL BE MADEBe therehttp://TPACTION.com/TRUMP"
"@1","p2097","45534","TRUMP DERANGEMENT SYNDROME"
"@1","p2096","45534","COMRADE KAMALA: MY VALUES HAVE NOT CHANGED."
"@1","p2095","45534","KAMALAS FAKE CAMPAIGN"
"@1","p2094","45531","TRUMP OUTPACES HARRIS ON CAMPAIGN TRAIL"
"@1","p2093","45534","Harris and Biden are responsible for this They owe the families, and our Country, a very big apology."
"@1","p2092","45534","https://nypost.com/2024/08/29/us-news/trump-rips-kamala-harris-first-sitdown-interview-since-biden-dropped-out-rambled-incoherently/"
"@1","p2091","45534","COMRADE KAMALA HARRIS AND BIDEN DESTROYED OUR BORDER. I WILL REBUILD IT, AND MAKE IT STRONG AGAIN"
"@1","p2090","45534","My new Book, SAVE AMERICA, is out next week, and is already a Best Seller I hand-selected each photo, and wrote the captions - It is a MUST HAVE for every America First Patriot. Get your copy now at, https://45books.com/."
"@1","p2089","45534","BORING"
"@1","p2088","45534","I TOLD YOU"
"@1","p2087","45534","I look so forward to Debating Comrade Comrade Kamala Harris and exposing her for the fraud she is. Harris has changed every one of her long held positions, on everything. America will never allow an Election WEAPONIZING MARXIST TO BE PRESIDENT OF THE U.S."
"@1","p2086","45534","JOIN ME LIVE IN THE GREAT STATE OF WISCONSINMAGA2024 https://rumble.com/v5cwfmd-live-president-trump-in-la-crosse-wi.html"
"@1","p2085","45534","A GREAT Article for RealClearPolitics by Superstar, Elise StefanikNumbers Dont Lie: Women Thrived Under Trump, Suffered Under Harris https://www.realclearpolitics.com/articles/2024/08/19/numbersdontliewomenthrivedundertrumpsufferedunderharris151469.html"
"@1","p2084","45534","I just saw Comrade Kamala Harris answer to a very weakly-phrased question, a question that was put in more as a matter of defense than curiosity, but her answer rambled incoherently, and declared her values havent changed. On that I agree, her values havent changed - The Border is going to remain open, not closed, there will be Free Healthcare for Illegal Aliens, Sanctuary Cities, No Cash Bail, Gun Confiscation, Zero Fracking, a Ban on Gasoline-Powered Cars, Private Healthcare will be abolished, a 70-80 tax rate will be put in place, and she will Defund the Police. America will become a WASTELAND"
"@1","p2083","45534","Departing MICHIGAN, on my way to WISCONSIN See you all soonMAGA2024"
"@1","p2082","45534","THANK YOU, MICHIGANMAGA2024 Just landed in MICHIGANJoin me LIVE at 3:30PM Eastern. Will be on @RSBN, @Newsmax, @realAmericasVoice, and Donald J. Trump @Rumble, among others. See you soonMAGA2024 https://rumble.com/v5csb1t-live-president-trump-in-potterville-mi.html"
"@1","p2081","45534","Just landed in MICHIGANJoin me LIVE at 3:30PM Eastern. Will be on @RSBN, @Newsmax, @realAmericasVoice, and Donald J. Trump @Rumble, among others. See you soonMAGA2024 https://rumble.com/v5csb1t-live-president-trump-in-potterville-mi.html"
"@1","p2080","45534","Kamalanomics is killing the American Economy The new Jobs Report shows Employment among Native-born American Workers fell by 1.21 Million in the past 12 months, while Employment for Foreign born Workers, mostly Illegals, SKYROCKETED by 1.27 Million. MAKE AMERICA GREAT AGAIN  VOTE TRUMP"
"@1","p2079","45534","Fox Polls are Rigged and Worthless"
"@1","p2078","45533","Dana Bash of CNN has a chance at greatness today. If she gave a fair but tough interview of Comrade Kamala Harris, she will expose her as being totally inept and ill suited for the job of President, much as I exposed Crooked Joe Biden during our now famous Debate. How cool would that be for Dana and CNN Also, the interview should not have Tampon Tim present to help with the inevitable Kamala stumbles, and under no circumstances should the transcript be allowed to be changed in any way, shape, or form. Dana and Jake were fair, but firm, in my CNN Debate with Crooked Joe. This is a chance for Dana Bash to reach REAL stardom, while at the same time doing a great service to our now failing Country. Good luck, Dana, do the right thing  DJT"
"@1","p2077","45532",".No Presidential Candidate, or Candidate for any Office, has ever had to put up with all of this Lawfare and Weaponization directly out of the Office of a Political Opponent. Theyve Weaponized local D.A.s and Attorney Generals, and anybody else that will listen, to Interfere with the upcoming 2024 Presidential Election - Never been done before. This is now Kamalas Weaponized System against her Political Opponent. All of these Scams will fail, just as Deranged Jacks Hoax in Florida has been fully dismissed, and we will win the Most Important Election in the History of our Country on November 5th. MAKE AMERICA GREAT AGAIN"
"@1","p2076","45532",".This travesty is now on Comrade Kamala Harris, who is actively pushing it, rather than immediately calling for its dismissal, as should be done. This is for Third World Countries and Banana Republics, not for the U.S.A. As Jack Smith knows, the whole case should be thrown out and dismissed on Presidential Immunity grounds, as already ruled unequivocally by the U.S. Supreme Court. Smith rewrote the exact same case in an effort to circumvent the Supreme Court Decision. The people of our Country will see what is happening with all of these corrupt lawsuits against me, and will REJECT them by giving me an overwhelming Victory on November 5th for President of the United States."
"@1","p2075","45532",".For them to do this immediately after our Supreme Court Victory on Immunity and more, is shocking. Ive also been informed by my attorneys, that youre not even allowed to bring cases literally right before an Election  A direct assault on Democracy This is an unprecedented abuse of the Criminal Justice System. The case has to do with Conspiracy to Obstruct the 2020 Presidential Election, when they are the ones that did the obstructing of the Election, not me. They cheated on the Election, and they go after me for cheating on the Election. Interestingly, this comes at the exact same time as Mark Zuckerberg of Facebook has admitted to concealing massive amounts of information, such as Hunter Bidens Laptop from Hell, which is a direct acknowledgment that the 2020 Presidential Election was MANIPULATED and RIGGED by the DOJ. What they are doing now is the single greatest sabotage of our Democracy in History."
"@1","p2074","45532","In an effort to resurrect a dead Witch Hunt in Washington, D.C., in an act of desperation, and in order to save face, the illegally appointed Special Counsel Deranged Jack Smith, has brought a ridiculous new Indictment against me, which has all the problems of the old Indictment, and should be dismissed IMMEDIATELY. His Florida Document Hoax Case has been completely dismissed. This is merely an attempt to INTERFERE WITH THE ELECTION, and distract the American People from the catastrophes Kamala Harris has inflicted on our Nation, like the Border Invasion, Migrant Crime, Rampant Inflation, the threat of World War III, and more."
"@1","p2073","45532","It is DOJ policy that the Department of Justice should not take any action that will influence an election within 60 days of that election  but they just have taken such action. Voting starts on September 6th, therefore the DOJ has violated its own policy  Election Interference. All of these Comrade Kamala/Biden Hoaxes should be immediately DISMISSED"
"@1","p2072","45533","Dana Bash of CNN has a chance at greatness today. If she gave a fair but tough interview of Comrade Kamala Harris, she will expose her as being totally inept and ill suited for the job of President, much as I exposed Crooked Joe Biden during our now famous Debate. How cool would that be for Dana and CNN Also, the interview should not have Tampon Tim present to help with the inevitable Kamala stumbles, and under no circumstances should the transcript be allowed to be changed in any way, shape, or form. Dana and Jake were fair, but firm, in my CNN Debate with Crooked Joe. This is a chance for Dana Bash to reach REAL stardom, while at the same time doing a great service to our now failing Country. Good luck, Dana, do the right thing  DJT"
"@1","p2071","45533","The migrant crisisis more costly than Americans realize. Last year, US taxpayers shelled out some 150 billion in government services and support to help the 20 million illegal migrants in the country, according to astudy from the Federation for American Immigration ReformFAIR. And most of the cost is being borne by state and local governments https://nypost.com/2024/08/29/us-news/the-150-billion-problem-cost-of-migrant-crisis-to-us-taxpayers-could-be-billions-higher-than-reported-expenses-in-many-states/"
"@1","p2070","45533","Based on Crazy Nancy Pelosis taped admission to her daughter, ALL J6 CASES SHOULD BE IMMEDIATELY DROPPED. Via Oversight SubcommitteeNancy Pelosi on January 6, 2021I cant believe the stupidity of this. And I take full responsibility.WATCH"
"@1","p2069","45533","https://youtu.be/z-v29CXIADYsik9aXDMFRoBCcXYOd"
"@1","p2068","45533","Via Oversight SubcommitteeNancy Pelosi on January 6, 2021I cant believe the stupidity of this. And I take full responsibility.WATCH"
"@1","p2067","45533","Via Oversight Subcommittee: We have totally failed, and we have to take some responsibility for not holding security accountable.As Speaker, Nancy Pelosi controlled House operations and security on the House side of the Capitol on January 6, 2021"
"@1","p2066","45533","GOP Wins Election Integrity Victory InPennsylvania https://www.dailywire.com/news/gop-wins-election-integrity-victory-in-pennsylvania"
"@1","p2065","45533","Thank you Barry. Keep up the great work. We must WIN the wonderful Commonwealth of Pennsylvania. Comrade Kamala has always been strongly against Fracking, and that will never change  no matter what she is all of a sudden saying now. Fracking under Kamala is DEAD, and so is everything else, including our once great Country DJT"
"@1","p2064","45533","Great questions, JoeMAGA2024"
"@1","p2063","45533","Kamala Harris has COMPLETELY DESTROYED the housing market. A Trump Administration will make home ownership attainable for average Americans once againMAGA2024"
"@1","p2062","45533","United States Farmers incomes have plummeted to the lowest in history under Harris/Biden. Net Farm income will decrease by 27.1 in 2024 from 2023. FoxNews. VOTE FOR TRUMP Our whole Country is heading in the same direction under Comrade Kamala Harris. MAGA2024"
"@1","p2061","45533","HARRIS FLIP-FLOPS ISSUES SHE PUSHED AS BORDER CZAR"
"@1","p2060","45531","Back by popular demand, my TRUMP DIGITAL TRADING CARDS, Series 4: The America First Collection, is available RIGHT NOW, and I think youll love it For some, therell be an Invite to a Gala Dinner at my beautiful private Club in Jupiter, Florida. Dont wait, have fun - The Cards will go FAST Go to https://collecttrumpcards.com/. ENJOY"
"@1","p2059","45533","ITS ALWAYS FAKE WITH KAMALA. WERE DOMINATING HER ON SOCIAL MEDIA, SO SHE MAKES UP A FAKE LIST OF HER NUMBERS VERSUS MY NUMBERS. ALL OF OUR ENGAGEMENT IS REAL AND ORGANIC, WHILE KAMALA HAS TO PAY FOR HER FAKE ENGAGEMENT. WERE BEATING HER LIKE A DRUM, LIKE WE WILL BEAT HER ON NOVEMBER 5TH. ITS ALL FAKE, ITS ALL MISINFORMATION AND DISINFORMATION. WE ARE DESTROYING THE DEMOCRATS ON SOCIAL MEDIA"
"@1","p2058","45533","The Gag Order applied by Highly Conflicted Acting Justice Merchan is horrible and unAmerican. I am the Leading Candidate in the Election, having beaten all Republicans, and now beating the second Democrat Nominee, Comrade Kamala Harris, who was put in as a result of a COUP against Crooked Joe Biden. When asked about the lawless Manhattan D.A. Hoax, I am not allowed to talk about the most important and corrupt aspects of it, because of the completely unConstitutional Gag Order. I am the first Candidate in American History who is not allowed to freely speak about a major Witch Hunt being perpetrated against him. I must be immediately released from the Gag Order, so I can continue to expose the Weaponization of our Justice System by the Radical Democrats. The GOOD NEWS is that the American People see through these Witch Hunts, and will bring us a dominant Victory on November 5th. MAKE AMERICA GREAT AGAIN"
"@1","p2057","45532","RFK JR, TULSI GABBARD JOIN TRUMP TRANSITION TEAM"
"@1","p2056","45532","TULSI GABBARD JOINS JUDGE JEANINETHANK YOU, TULSI"
"@1","p2055","45532","Former Federal Prosecutor, Katie Cherkasky"
"@1","p2054","45532","Senator Lindsey Graham: To the people in Arizona, do you really believe shes Comrade Kamala going to build a wall"
"@1","p2053","45532","A MUST WATCHBY SEAN HANNITY"
"@1","p2052","45532","HARRIS TO GIVE FIRST INTERVIEW WITH RUNNING MATE, WONT DO SOLONEARLY 40 DAYS AFTER BECOMING DEM NOMINEE"
"@1","p2051","45526","I have a FANTASTIC new Book coming out in two weeks, SAVE AMERICA. I hand-selected every Photo, from my time in the White House, to our current third Campaign for President of the United States. A MUST HAVE on U.S. History, especially for America First Patriots - Get your copy now at, https://45books.com/."
"@1","p2050","45532","A MUST WATCH My interview with former Navy SEAL Shawn Ryan is OUT NOW Enjoy https://www.youtube.com/watchvG80iLTctFuY"
"@1","p2049","45532","Number One is always nice"
"@1","p2048","45532","Thank you Elon. I certainly will be trying"
"@1","p2047","45532","FLIP-FLOPPING KAMALA"
"@1","p2046","45532","THIS IS THE MOST IMPORTANT ELECTION IN THE HISTORY OF OUR COUNTRY"
"@1","p2045","45532","THANK YOUWAFFLE HOUSE IN SAVANNAH, GEORGIA"
"@1","p2044","45532","ELECTION INTERFERENCE AT ITS WORST MAGA2024"
"@1","p2043","45532","This ridiculous political HOAX, which most thought was already won by me, comes right out of the White House and DOJ, and is being pushed by Kamala Harris and Crooked Joe Biden against their political opponent, ME. Like all of the other Witch Hunt cases, it is being mocked by legal scholars and experts as gross election interference. This shouldnt be happening in America MAGA2024"
"@1","p2042","45532","THIS IS THE MOST IMPORTANT ELECTION IN THE HISTORY OF OUR COUNTRY"
"@1","p2041","45532","FLIP-FLOPPING KAMALA"
"@1","p2040","45532","It is DOJ policy that the Department of Justice should not take any action that will influence an election within 60 days of that election  but they just have taken such action. Voting starts on September 6th, therefore the DOJ has violated its own policy  Election Interference. All of these Comrade Kamala/Biden Hoaxes should be immediately DISMISSED"
"@1","p2039","45532","Nicole Shanahan: Ill admit I used to kind of roll my eyes when people claimed that President Trump was being persecuted. I was looking at it through the distorted filter of the media. Well, I just completed my first cross-examination in our second New York Ballot Access case, where the DNC-aligned PAC attorneys questioned me like a criminal. OK, I get it now. Our justice system is clearly being co-opted and abused by nefarious people with malevolent political agendas."
"@1","p2038","45532","PERSECUTION OF A POLITICAL OPPONENT"
"@1","p2037","45532","In an effort to resurrect a dead Witch Hunt in Washington, D.C., in an act of desperation, and in order to save face, the illegally appointed Special Counsel Deranged Jack Smith, has brought a ridiculous new Indictment against me, which has all the problems of the old Indictment, and should be dismissed IMMEDIATELY. His Florida Document Hoax Case has been completely dismissed. This is merely an attempt to INTERFERE WITH THE ELECTION, and distract the American People from the catastrophes Kamala Harris has inflicted on our Nation, like the Border Invasion, Migrant Crime, Rampant Inflation, the threat of World War III, and more."
"@1","p2036","45532",".For them to do this immediately after our Supreme Court Victory on Immunity and more, is shocking. Ive also been informed by my attorneys, that youre not even allowed to bring cases literally right before an Election  A direct assault on Democracy This is an unprecedented abuse of the Criminal Justice System. The case has to do with Conspiracy to Obstruct the 2020 Presidential Election, when they are the ones that did the obstructing of the Election, not me. They cheated on the Election, and they go after me for cheating on the Election. Interestingly, this comes at the exact same time as Mark Zuckerberg of Facebook has admitted to concealing massive amounts of information, such as Hunter Bidens Laptop from Hell, which is a direct acknowledgment that the 2020 Presidential Election was MANIPULATED and RIGGED by the DOJ. What they are doing now is the single greatest sabotage of our Democracy in History."
"@1","p2035","45532",".This travesty is now on Comrade Kamala Harris, who is actively pushing it, rather than immediately calling for its dismissal, as should be done. This is for Third World Countries and Banana Republics, not for the U.S.A. As Jack Smith knows, the whole case should be thrown out and dismissed on Presidential Immunity grounds, as already ruled unequivocally by the U.S. Supreme Court. Smith rewrote the exact same case in an effort to circumvent the Supreme Court Decision. The people of our Country will see what is happening with all of these corrupt lawsuits against me, and will REJECT them by giving me an overwhelming Victory on November 5th for President of the United States."
"@1","p2034","45532",".No Presidential Candidate, or Candidate for any Office, has ever had to put up with all of this Lawfare and Weaponization directly out of the Office of a Political Opponent. Theyve Weaponized local D.A.s and Attorney Generals, and anybody else that will listen, to Interfere with the upcoming 2024 Presidential Election - Never been done before. This is now Kamalas Weaponized System against her Political Opponent. All of these Scams will fail, just as Deranged Jacks Hoax in Florida has been fully dismissed, and we will win the Most Important Election in the History of our Country on November 5th. MAKE AMERICA GREAT AGAIN"
"@1","p2033","45532","Join me on Friday, August 30th at 4:30PM Eastern for a RALLY in Johnstown, Pennsylvania. Get your tickets today at: https://event.donaldjtrump.com/events/president-donald-j-trump-to-hold-a-rally-in-johnstown-pennsylvania"
"@1","p2032","45532","Thank you, Robert F. Kennedy Jr. and Tulsi Gabbard"
"@1","p2031","45532","Join me this Thursday, August 29, 2024 at 6:00PM US/CENTRAL at the La Crosse Center in beautiful WISCONSIN President Donald J. Trump to Hold a Town Hall inLa Crosse, WisconsinTickets: https://event.donaldjtrump.com/events/president-donald-j-trump-to-hold-a-town-hall-in-la-crosse-wisconsin"
"@1","p2030","45532","I have reached an agreement with the Radical Left Democrats for a Debate with Comrade Kamala Harris. It will be Broadcast Live on ABC FAKE NEWS, by far the nastiest and most unfair newscaster in the business, on Tuesday, September 10th, in Philadelphia, Pennsylvania. The Rules will be the same as the last CNN Debate, which seemed to work out well for everyone except, perhaps, Crooked Joe Biden. The Debate will be stand up, and Candidates cannot bring notes, or cheat sheets. We have also been given assurance by ABC that this will be a fair and equitable Debate, and that neither side will be given the questions in advance No Donna Brazile. Harris would not agree to the FoxNews Debate on September 4th, but that date will be held open in case she changes her mind or, Flip Flops, as she has done on every single one of her long held and cherished policy beliefs. A possible third Debate, which would go to NBC FAKE NEWS, has not been agreed to by the Radical Left. GOD BLESS AMERICA"
"@1","p2029","45532","You can make a BIG ELECTION IMPACT with a small time commitment Join TrumpForce47 at: https://trumpforce47.com/."
"@1","p2028","45532","You know, if Biden didnt do the Debate, he would be the Democrat Candidate for President right now. The fact is, Debate or no Debate, the Democrats really did a number on him"
"@1","p2027","45531","Back by popular demand, my TRUMP DIGITAL TRADING CARDS, Series 4: The America First Collection, is available RIGHT NOW, and I think youll love it For some, therell be an Invite to a Gala Dinner at my beautiful private Club in Jupiter, Florida. Dont wait, have fun - The Cards will go FAST Go to https://collecttrumpcards.com/. ENJOY"
"@1","p2026","45531","DEMOCRATS HIDE UNSCRIPTED KAMALA"
"@1","p2025","45531","Zuckerberg admits that the White House pushed to SUPPRESS HUNTER BIDEN LAPTOP STORY  much more. IN OTHER WORDS, THE 2020 PRESIDENTIAL ELECTION WAS RIGGED. FoxNews, New York Post, Rep. Laurel Lee, House Judiciary Committee."
"@1","p2024","45531","This is what everyones been waiting for  THE 2020 PRESIDENTIAL ELECTION WAS RIGGED This is exactly what this administration WHICH INCLUDES KAMALA has done to our country. Censorship is what happens in communist countries not this republic. They have gagged my client, his lawyers in and out of courtrooms and his team. Now, we once again have proof that they are gagging our media and censoring America. Kamala is hiding because she cant answer for her actions.  Still have doubts TRUMP 2024 Make America Free Again"
"@1","p2023","45531","Kamala Harris was basically a National Joke until there was an explosion of media propaganda on her behalf about 35 days ago when the Democrats imposed her on the Party and the Country without having a single vote and one of the reasons is because every time she spoke off script as Vice President it was a gigantic embarrassment Glenn Greenwald on Jesse Watters Primetime"
"@1","p2022","45531","THE BIG CON"
"@1","p2021","45531","TRUMP SHOOTER HAD FOREIGN ENCRYPTED ACCOUNTS"
"@1","p2020","45531","DEMOCRATS HIDE UNSCRIPTED KAMALA"
"@1","p2019","45531","TRUMP OUTPACES HARRIS ON CAMPAIGN TRAIL"
"@1","p2018","45531","My interview with former Navy SEAL Shawn Ryan is OUT NOW Enjoy https://www.youtube.com/watchvG80iLTctFuY"
"@1","p2017","45531","My interview with former Navy SEAL Shawn Ryan is OUT NOW Enjoy https://www.youtube.com/watchvG80iLTctFuY"
"@1","p2016","45531","Think of it, America, Pocahontas, sometimes referred to as Elizabeth Warren, is considered far more Conservative in the U.S. Senate than Comrade Kamala Harris ever was. Is this really what we want to be President of the United States She will only bring us Poverty, Chaos, and Heartache Kamala is rated, by far, the Number One Most Liberal Senator."
"@1","p2015","45530","When is Comrade Kamala Harris going to start answering questions Shes a Radical Left, No Fracking Marxist, and the Public needs to know what she stands for, which is POVERTY AND FAILURE FOR AMERICA Kamala refuses to do Interviews, because she has NO CONFIDENCE in her own level of Intelligence, and now wants to change the Rules of the Debate on ABC Fake News"
"@1","p2014","45530","One of the GREAT Statements of the Year, from the Wonderful and Brilliant Tammy Bruce"
"@1","p2013","45530","Three years ago, Kamalas and Bidens incompetence left 13 dead warriors, hundreds of civilians killed and grievously wounded, and 85 billion worth of the finest military equipment on the planet abandoned to the Taliban."
"@1","p2012","45530","https://hannity.com/media-room/the-kamala-files-the-most-radical-soundbites-they-dont-want-you-to-hear-listen-now/"
"@1","p2011","45530","This is the third anniversary of the BOTCHED Afghanistan withdrawal, the most EMBARRASSING moment in the history of our Country. Gross Incompetence - 13 DEAD American soldiers, hundreds of people wounded and dead, AMERICANS and BILLIONS OF DOLLARS OF MILITARY EQUIPMENT LEFT BEHIND. You dont take our soldiers out first, you take them out LAST, when all else is successfully done. Russia then invaded Ukraine, Israel was attacked, and the USA became, and is, a laughing stock all over the World. THE FAKE NEWS MEDIA REMAINS SILENT IN ORDER TO PROTECT THE WORST ADMINISTRATION IN THE HISTORY OF OUR COUNTRY MAGA2024"
"@1","p2010","45530","I watched ABC FAKE NEWS this morning, both lightweight reporter Jonathan CarlsK ridiculous and biased interview of Tom Cotton who was fantastic, and their so-called Panel of Trump Haters, and I ask, why would I do the Debate against Kamala Harris on that network Will panelist Donna Brazil give the questions to the Marxist Candidate like she did for Crooked Hillary Clinton Will Kamalas  best friend, who heads up ABC, do likewise. Where is Liddle George Slopadopolus hanging out now Will he be involved. Theyve got a lot of questions to answer Why did Harris turn down Fox, NBC, CBS, and even CNN Stay tuned"
"@1","p2009","45530","Kamala Harris is doing everything possible to disassociate herself from the Biden Administration, the WORST in the history of the USA. She was in charge of the Border, the Border Czar. It wont work"
"@1","p2008","45530","Polling against Kamala is looking very good. We spent all of our time, and a great deal of money, fighting Crooked Joe, then they unceremoniously dumped him and threw in an even worse person, Kamala, a Radical Left Marxist. She would destroy America, just like she did San Francisco and, indeed, California"
"@1","p2007","45530","Watch Mark Levin Show - ON NOW, FOXNEWS"
"@1","p2006","45530","A Guest Essay in the New York Times about the wonderful Lobstermen of Maine, and the Election. Thank you to historian Scott Ellsworth. A lobsterman,  hell cast his vote for Trump. I like Trumps decisions on stuff he did. The price of gas, groceries, and housing is perhaps the most important factor in determining their vote, not abortion, not Gaza, not the war in Ukraine. Trump will do a better job with the Economy - the Democrats will pay a price at the polls, perhaps a dear one. Remember when I opened up the large section of Ocean, off the beautiful Maine Coast, that Obama/Biden closed to Lobstermen etc., then Biden/Harris ridiculously closed it again  GET READY FOR IT TO BE OPENED"
"@1","p2005","45530","https://trumpforce47.com/"
"@1","p2004","45530","Get your copy of Mark Levins book, The Democrat Party Hates America today. A must read for everyone @marklevinshow Order here: https://www.amazon.com/gp/aw/d/150118315X/reftmmhrdswatch0ieUTF8dibtagsedibeyJ2IjoiMSJ9.PejmO7fSzZnQjYspv1Q-TcuWi6j24aVt6xlGUJuVt6XwMZEKLoYxpEeASuUfcurO5imv4IrjWipp3HN3XxGT7jQhu2FMZRC6yWNfmZBlKH952ubzC6ocDA8UTdIRioiZrqgOQNjdyV-bWbC-CtpeVqEUvXML1KdydK-1AjNfrXTxbGrGyJWAmVuo3lSaRHKqDOwZ-dra5syTFpWr7-Zw.nsfADwJVQOnqR4aFsGwXzeiH9gn6lcLKozuYgJIFqHMqid1724607724sr8-1 THIS book was written for THIS time  Please read it and share it  The election is in 70 dayshttps://www.amazon.com/gp/aw/d/150118315X/reftmmhrdswatch0ieUTF8dibtagsedibeyJ2IjoiMSJ9.PejmO7fSzZnQjYspv1Q-TcuWi6j24aVt6xlGUJuVt6XwMZEKLoYxpEeASuUfcurO5imv4IrjWipp3HN3XxGT7jQhu2FMZRC6yWNfmZBlKH952ubzC6ocDA8UTdIRioiZrqgOQNjdyV-bWbC-CtpeVqEUvXML1KdydK-1AjNfrXTxbGrGyJWAmVuo3lSaRHKqDOwZ-dra5syTFpWr7-Zw.nsfADwJVQOnqR4aFsGwXzeiH9gn6lcLKozuYgJIFqHMqid1724607724sr8-1"
"@1","p2003","45530","NO TAX ON TIPS"
"@1","p2002","45529","NOVEMBER 5TH WILL BE THE MOST IMPORTANT DAY IN THE HISTORY OF AMERICA"
"@1","p2001","45529","MAKE AMERICA GREAT AGAIN"
"@1","p2000","45529","Bret Baier of FoxNews called me, I didnt call him, just prior to the Kamala Convention speech, and asked me if I would like to critique her after she is finished. I agreed to do so  I thought it was nonspecific and weak, with no fracking, crime, inflation or anything else of interest even mentioned. Delivery was a C, with far too many and speedy thank yous at the beginning. It was WEIRD Likewise, I didnt call other media outlets that asked me to go on, they called me. The Fake News, like often gilted Maureen Dowd of the failing New York Times, wrote incorrectly that I was making the calls. WRONG I dont have to make calls to go on TV, or anything else  They call me Its called Ratings, I guess, and Im the Ratings Machine"
"@1","p1999","45529","KAMALA WILL SHUT DOWN FRACKING IN PENNSYLVANIA THE DAY AFTER THE ELECTION https://thehill.com/policy/energy-environment/4639483-joe-biden-pennsylvania-lng-liquefied-natural-gas-lng-bob-casey-david-mccormick/"
"@1","p1998","45529","Who is negotiating for us in the Middle East Bombs are dropping all over the place Sleepy Joe is sleeping on a Beach in California, viciously Exiled by the Democrats, and Comrade Kamala is doing a campaign bus tour with Tampon Tim, her really bad V.P. Pick. Lets not have World War lll, because thats where were heading"
"@1","p1997","45528","If you love our former First Lady as much as me, and are ready for the Truth, buy her new book nowMELANIA provides an insightful perspective of her tenure as First Lady of the United States, highlighting our shared experiences, her entrepreneurial achievements, plus the challenges and triumphs she experienced since her childhood in Europe.Pre-Order Now:https://www.amazon.com/dp/1510782699refcmswrcpuddpRQ9BXVVYWCBYFADC3N0HrefcmswrcpuddpRQ9BXVVYWCBYFADC3N0HsocialsharecmswrcpuddpRQ9BXVVYWCBYFADC3N0HskipTwisterOG1dplnkId70f87fab-ca93-416a-b42d-b386dd7ff4f2nodl1"
"@1","p1996","45528","Thank you"
"@1","p1995","45528","Thank you"
"@1","p1994","45528","THANK YOU WOWPatriots are already lining the street spending the night to make sure they can hear from President Trump tomorrow in Arizona.HISTORY WILL BE MADEBe therehttp://TPACTION.com/TRUMP"
"@1","p1993","45528","https://www.foxnews.com/opinion/trumps-true-crime-other-lessons-from-his-new-york-trial"
"@1","p1992","45528","https://www.washingtonexaminer.com/opinion/3055237/trump-is-right-foreign-graduates-should-get-green-cards/"
"@1","p1991","45528","https://justthenews.com/government/courts-law/hold-missouri-ag-andrew-bailey-files-lawsuit-against-new-york-election"
"@1","p1990","45528","Kamala Harris is the Weakest Presidential Candidate in History on Crime. Shes allowed millions of people to pour through our Borders, many from prisons, mental institutions and, indeed, terrorists, coming in at levels never seen before. What gives her the right to run for President She got no votes to Bidens 14 Million. She failed in her previous attempt, was the first one out of 22 people to quit, never made it to Iowa, and now shes a Presidential Candidate This is a Threat to Democracy"
"@1","p1989","45528","Kelly Cooper is a fantastic America First Candidate running to represent the Great People of Arizonas 4th Congressional DistrictKelly will be an INCREDIBLE Fighter in Congress. A U.S. Marine Corps Veteran, Kelly knows how to Strengthen our Military, Care for our Veterans, Secure our Border, Stand with our Brave Law Enforcement, and Support our always under siege Second Amendment. As a very successful Small Businessman, Kelly will work hard to Stop Inflation, Grow the Economy, Lower Taxes, and Eliminate Government Waste.Kelly Cooper has my Complete and Total Endorsement - HE WILL NEVER LET YOU DOWN"
"@1","p1988","45528","Drew Johnson is a tremendous America First Candidate running to represent the Great People of Nevadas 3rd Congressional DistrictDrew has an incredible Record of Success, and strong support from his Community. In Congress, he will fight tirelessly to Lower Inflation, Grow our Economy, Secure our Border, Stop Migrant Crime, Support our Incredible Military/Vets, Protect our always under siege Second Amendment, Champion American Energy Independence, and Ensure NO TAX ON TIPSDrew Johnson has my Complete and Total Endorsement - HE WILL NOT LET YOU DOWN"
"@1","p1987","45528","Thank you Sadie, I like you too https://threadreaderapp.com/thread/1804261064697381320.html"
"@1","p1986","45528","The Right to a Unanimous Verdict and the Jury Instructions in People v. Trump https://www.justsecurity.org/96654/trump-unanimous-verdict/"
"@1","p1985","45528","DHS identifies over 400 migrants brought to the U.S. by an ISIS-affiliated human smuggling network https://www.nbcnews.com/investigations/dhs-identifies-400-migrants-brought-us-isis-linked-human-smuggling-rcna158777"
"@1","p1984","45528","Kamala and her handlers are trying to make it sound like I am the Incumbent President, so that they can blame me for the failure of the past four years. No, it was their failure It is one of the worst Presidencies in History, and she is definitely the Worst Vice President."
"@1","p1983","45528","https://www.theepochtimes.com/opinion/did-the-new-york-prosecution-violate-president-trumps-jury-trial-right-5667652"
"@1","p1982","45528","https://www.washingtonexaminer.com/news/3055205/https-www-washingtonexaminer-com-news-3055205-trump-hush-money-appeal-bolstered-supreme-court-ruling/"
"@1","p1981","45528","https://reason.com/volokh/2024/06/15/former-president-trumps-ny-cases-ought-to-be-removable-to-federal-court/"
"@1","p1980","45528","https://www.newsmax.com/murdock/clinton-floyd-steele/2024/06/10/id/1168147/"
"@1","p1979","45528","https://www.foxnews.com/opinion/how-trump-cracked-code-penetrate-blue-wall"
"@1","p1978","45528","https://messengerpapers.com/2024/06/as-a-judge-i-have-never-witnessed-such-an-abuse-of-judicial-authority/"
"@1","p1977","45528","If you love our former First Lady as much as me, and are ready for the Truth, buy her new book nowMELANIA provides an insightful perspective of her tenure as First Lady of the United States, highlighting our shared experiences, her entrepreneurial achievements, plus the challenges and triumphs she experienced since her childhood in Europe.Pre-Order Now:https://www.amazon.com/dp/1510782699refcmswrcpuddpRQ9BXVVYWCBYFADC3N0HrefcmswrcpuddpRQ9BXVVYWCBYFADC3N0HsocialsharecmswrcpuddpRQ9BXVVYWCBYFADC3N0HskipTwisterOG1dplnkId70f87fab-ca93-416a-b42d-b386dd7ff4f2nodl1"
"@1","p1976","45528","TOO BIG TO RIG"
"@1","p1975","45528","JOIN ME LIVE IN PHOENIX, ARIZONA AT 7:00PM EASTERNMAGA2024 https://rumble.com/v5c4dgt-live-president-trump-in-glendale-az.html"
"@1","p1974","45528","FIVE POINTS UP OVER KAMALA IN THE JUST RELEASED RASMUSSEN POLL. MAKE AMERICA GREAT AGAIN"
"@1","p1973","45528","The Republican Party is charging forward on many fronts, and I am very proud that we are a LEADER on I.V.F."
"@1","p1972","45528","Heading to Arizona where I will soon be speaking at Turning Point  BIG CROWD, AND EVEN BIGGER SURPRISE"
"@1","p1971","45528"," Join me live in Las Vegas, Nevada at 3:15PM Eastern NoTaxOnTips https://rumble.com/v5bzy6r-live-president-trump-in-las-vegas-nv.html"
"@1","p1970","45528"," Join me live in Las Vegas, Nevada at 3:15PM Eastern NoTaxOnTips https://rumble.com/v5bzy6r-live-president-trump-in-las-vegas-nv.html"
"@1","p1969","45528","Join me live in Las Vegas, Nevada at 3:15PM Eastern NoTaxOnTips https://rumble.com/v5bzy6r-live-president-trump-in-las-vegas-nv.html"
"@1","p1968","45527","NO TAX ON TIPSMAGA2024"
"@1","p1967","45528","KAMALA HARRIS MIGRANT CRIME EPIDEMIC IN NORTH CAROLINA"
"@1","p1966","45528","KAMALA HARRIS MIGRANT CRIME EPIDEMIC IN GEORGIA"
"@1","p1965","45528","KAMALA HARRIS MIGRANT CRIME EPIDEMIC IN WISCONSIN"
"@1","p1964","45528","KAMALA HARRIS MIGRANT CRIME EPIDEMIC IN PENNSYLVANIA"
"@1","p1963","45528","KAMALA HARRIS MIGRANT CRIME EPIDEMIC IN MICHIGAN"
"@1","p1962","45528","KAMALA HARRIS MIGRANT CRIME EPIDEMIC IN ARIZONA"
"@1","p1961","45527","NO TAX ON TIPSMAGA2024"
"@1","p1960","45527","My Administration will be great for women and their reproductive rights."
"@1","p1959","45527","     "
"@1","p1958","45527","I LOVE THE NEW YORK POST"
"@1","p1957","45527"," Too many Thank yous, too rapidly said, whats going on with her"
"@1","p1956","45527"," LYING AGAIN ABOUT PROJECT 2025, WHICH SHE KNOWS, AND SO DO ALL DEMOCRATS, THAT I HAVE ABSOLUTELY NOTHING TO DO WITH"
"@1","p1955","45527","PRESIDENT TRUMP JOINS NEWSMAX AS DNC ENDS"
"@1","p1954","45527","Rachel Morin. SayHerName"
"@1","p1953","45527","Jocelyn Nungaray. SayHerName"
"@1","p1952","45527","Ill be going on Fox in a few minutes to discuss Marxism in America"
"@1","p1951","45527","She caused the Attack of October 7th. Iran was BROKE - Didnt have money for Hezbollah"
"@1","p1950","45527","WATCH KAMALA TRY TO GASLIGHT AMERICA"
"@1","p1949","45527","Ill be going on Fox in a few minutes to discuss Marxism in America"
"@1","p1948","45527","Look, its Crazy Nancy Pelosi looking on, saying, Wheres Crooked Joe"
"@1","p1947","45527","There will be no future under Comrade Kamala Harris, because she will take us into a Nuclear World War III She will never be respected by the Tyrants of the World"
"@1","p1946","45527","She didnt mention China, she didnt mention fracking, she didnt mention Energy, she didnt mention, meaningfully, Russia and Ukraine, she didnt mention the big subjects of the day, that are destroying our Country. There are 60 million people in poverty in the U.S., under their watch, and she doesnt even talk about them"
"@1","p1945","45527","SHE HAS LED US INTO FAILING NATION STATUS"
"@1","p1944","45527","She talks about Compassion, but doesnt talk about all of the people shes allowed into our Country, 43 INCREASE IN VIOLENT CRIME NATIONWIDE, 60 INCREASE IN RAPE, SINCE SHES BEEN BORDER CZAR. CRIME HAS GONE THROUGH THE ROOF. SHE CHEATED ON JOBS, 818,000, TO MAKE OUR COUNTRY LOOK LIKE ITS THRIVING. INFLATION IS KILLING US"
"@1","p1943","45527","Shes done nothing for three and a half years but talk, and thats what shes doing tonight, shes complaining about everything but doing nothing She should leave the Speech right now, go to Washington, D.C., close the Border, allow fracking in Pennsylvania and other places, and start doing the things shes complaining about arent done"
"@1","p1942","45527","She talks about other Countries Borders, but nothing about our Borders"
"@1","p1941","45527","She stands for Incompetence and Weakness  Our Country is being laughed at all over the World"
"@1","p1940","45527","The Tyrants are laughing at her, shes weak and ineffective, and for three and a half years she has done nothing except enabled them to get STRONG, RICH, and POWERFUL"
"@1","p1939","45527","She caused the Attack of October 7th. Iran was BROKE - Didnt have money for Hezbollah"
"@1","p1938","45527","SHE HATES ISRAEL - Wouldnt even show up to Congress for Netanyahus session"
"@1","p1937","45527","Russia/Ukraine would have never started if I were President. She was sent to try to stop it, Putin attacked three days later"
"@1","p1936","45527","NATO wasnt paying their Bills, almost every Country was delinquent. When I said, If you dont pay, were out, the United States is tired of being a sucker, the money came rolling in by the BILLIONS, and I saved NATO"
"@1","p1935","45527","She just called to give all Illegals CITIZENSHIP, SAY GOODBYE TO THE U.S.A. SHE IS A RADICAL MARXIST"
"@1","p1934","45527","The Border Bill is one of the worst ever written, would have allowed millions of people into our Country, and its only a political ploy by her It legalizes Illegal Immigration, and is a TOTAL DISASTER, WEAK AND INEFFECTIVE She doesnt need a Bill. As President, Crooked Joe and her could have just said, CLOSE THE BORDER like I did  I didnt have a Bill, I didnt need a Bill. The Border Patrol respected me, they did their job. We had the Safest Border in Recorded History"
"@1","p1933","45527","She wants to spend all of our money on Illegal Immigrants that are invading our Country"
"@1","p1932","45527","Everybody, Democrats, Republicans, Liberals, and Conservatives, wanted Roe v. Wade TERMINATED, and brought back to the States. Like Ronald Reagan and myself, most believe in EXCEPTIONS. Now the people are voting, which is the way it was supposed to be. I do not limit access to birth control or I.V.F. - THAT IS A LIE, these are all false stories that shes making up, that Ive never even heard of. Its just words coming out of her mouth. I TRUST WOMEN, ALSO, AND I WILL KEEP WOMEN SAFE SHE WONT, BECAUSE THE INVASION OF OUR COUNTRY AT HER OPEN BORDER IS DESTROYING THE LIVES OF WOMEN, AND THE FAMILIES AND JOBS OF AFRICAN AMERICANS AND HISPANICS."
"@1","p1931","45527","No specific programs, ALL TALK, NO ACTION  Why didnt she do it three and a half years ago"
"@1","p1930","45527","She said shes going to lower the Cost of Housing, but Houses were More Affordable under TRUMP Also, why didnt she do it"
"@1","p1929","45527","She will obliterate Social Security and Medicare by giving it away to the Millions of Illegal Immigrants who are infiltrating our Country"
"@1","p1928","45527","Shes projecting an Opportunity Economy, but I created Opportunity Zones, the Most Successful Economic Development Policy in years"
"@1","p1927","45527","Shes talking about the Middle Class, but shes the one who broke the Middle Class, and made it UNSAFE AND UNAFFORDABLE"
"@1","p1926","45527","She said, Chart a new way forward, but shes had three and a half years, and has done nothing but HARM"
"@1","p1925","45527","LYING AGAIN ABOUT PROJECT 2025, WHICH SHE KNOWS, AND SO DO ALL DEMOCRATS, THAT I HAVE ABSOLUTELY NOTHING TO DO WITH"
"@1","p1924","45527","WONDER WHY KAMALA HARRIS WONT DO INTERVIEWS OR UNSCRIPTED EVENTS"
"@1","p1923","45527","IS SHE TALKING ABOUT ME"
"@1","p1922","45527","SHE PAID AND RAISED BAIL TO GET THE VIOLENT RIOTERS IN MINNESOTA OUT OF JAIL"
"@1","p1921","45527","These Prosecutions were all started by her and Biden against their Political Opponent, ME"
"@1","p1920","45527","PEACEFULLY AND PATRIOTICALLY"
"@1","p1919","45527","The Chaos and Calamity is allowing our Country to be infiltrated by Millions of Criminals"
"@1","p1918","45527","Why didnt she do something about the things of which she complains"
"@1","p1917","45527","She talked about the Rule of Law but, as Border Czar, she allowed 20 Million people into our Country, many of them Criminals, who are MAIMING and KILLING our people"
"@1","p1916","45527","Kamalas biography wont lower prices at the Grocery Store, or at the Pump"
"@1","p1915","45527","A lot of talk about childhood, weve got to get to the Border, Inflation, and Crime"
"@1","p1914","45527","Shes talking about how great San Francisco was before she destroyed it, probably not a good idea"
"@1","p1913","45527","Walz was an ASSISTANT Coach, not a COACH."
"@1","p1912","45527","WHERES HUNTER"
"@1","p1911","45527","Too many Thank yous, too rapidly said, whats going on with her"
"@1","p1910","45527","Ill be doing a call in to Bret Baier and group after her Speech. Theyd like to know what I thought of it  I will be very honest in my assessment"
"@1","p1909","45527","Here she comes into the Arena"
"@1","p1908","45527","Weve assembled a small group of people, GREAT PATRIOTS ALL, and were currently watching her puff piece."
"@1","p1907","45527","Im getting ready to be fair but critical of Comrade Kamala Harris. My Play by Play will be on TRUTH Social, starting SOON"
"@1","p1906","45527","Thank you to BrianKempGA for all of your help and support in Georgia, where a win is so important to the success of our Party and, most importantly, our Country.I look forward to working with you, your team, and all of my friends in Georgia to help MAKE AMERICA GREAT AGAIN"
"@1","p1905","45527","THANK YOU ARIZONAMAGA2024"
"@1","p1904","45527"," Join me live from the Southern Border in Arizona at 2:30pmEDT. Will be on @RSBN, @NewsMax, @realAmericasVoice, and Donald J. Trump @Rumble, among others. See you soonMAGA2024 https://rumble.com/v5by1cy-live-president-trump-in-montezuma-pass-az.html"
"@1","p1903","45527"," Join me live from the Southern Border in Arizona at 2:30pmEDT. Will be on @RSBN, @NewsMax, @realAmericasVoice, and Donald J. Trump @Rumble, among others. See you soonMAGA2024 https://rumble.com/v5by1cy-live-president-trump-in-montezuma-pass-az.html"
"@1","p1902","45527","My boy, Eric Trump, on Jesse Watters tonight. FoxNews He is great DJT"
"@1","p1901","45527","Pocahontas is now speaking at the DNC. She used her fake Indian heritage to scam the system. Her mother told her she had high cheekbones, and therefore she was Indian, who would use this hoax on applications everywhere. It worked until she got caught. 10024th Indian, remember"
"@1","p1900","45527","Join me tomorrow in Arizona Tickets: https://event.donaldjtrump.com/events/president-donald-j-trump-to-hold-a-rally-in-glendale-arizona"
"@1","p1899","45527","It wasnt long ago that Kamala Harris was considered something of a laughing stock. Brit Hume, FoxNews"
"@1","p1898","45527","Im in Arizona. LOOK AT ALL THE WALL THAT I BUILT. HUNDREDS OF MILES, AS FAR AS THE EYE CAN SEE. Anti-Climb panel on top WALLS WORK"
"@1","p1897","45526","Join me live from the Southern Border in Arizona at 2:30pmEDT. Will be on @RSBN, @NewsMax, @realAmericasVoice, and Donald J. Trump @Rumble, among others. See you soonMAGA2024 https://rumble.com/v5by1cy-live-president-trump-in-montezuma-pass-az.html"
"@1","p1896","45527","The millions of Illegal Aliens pouring into our Country because of Comrade Harris, our Border Czar, and her Open Border Policies, are taking the jobs of our Black and Hispanic workers and families. BIG NUMBERS AND DISPLACEMENT. NOT FAIR VOTE FOR TRUMP AND STOP THE MADNESS THE UNIONS ARE NEXT"
"@1","p1895","45527","Dont miss it The USA is not ready for a Communist President. I will be doing a LIVE PLAY BY PLAY on TRUTH Social of Comrade Kamala Harris Speech tonight at the Democrat National Convention in Chicago. We will start at 10 P.M., Eastern, and be covering and commenting on some of the earlier Speeches made, prior to hers. She became the Nominee without receiving one Vote, stealing the Nomination from Crooked Joe Biden who earned it by getting 14 Million Votes. I am no fan of Biden, who was the Worst President in the History of the United States and, likewise, she is considered to be the Worst Vice President and Border Czar in the History of the United States, but Biden got shafted. We will expose all of her Radicalism, the horrible job she did at the Border, Crime, and Foreign Relations, and her Weaponization against her Political Opponent, using corrupt Prosecutors and Courts in New York, Washington, D.C., and Atlanta. I hope everybody will be following along on TRUTH, tonight"
"@1","p1894","45526","Today, I am going to INSPECT THE SOUTHERN BORDER and to meet with the Victims whose Loved Ones were attacked and murdered by Illegal Aliens set free into America by Comrade Kamala Harris, the Radical Left Democrat Presidential Candidate who didnt receive one Vote and, in her earlier attempt to win against Crooked Joe Biden, was the first one out of 22 people to quit the Race, and never even made it to the first State, Iowa. The choice in November is simple: Comrade Kamala Harris will bring in hundreds of thousands more Illegal Alien Rapists, Drug Dealers, and Killers, but President Donald J. Trump will keep these same people out of our Country, and send them back to their Countries where they belong. I WILL KEEP AMERICA SAFE UNDER COMRADE KAMALA, AMERICA WILL BE THE MOST DANGEROUS COUNTRY ANYWHERE IN THE WORLD. IT WILL REVERT TO THIRD WORLD STATUS VERY QUICKLY"
"@1","p1893","45526","Join me live from the Southern Border in Arizona at 2:30pmEDT. Will be on @RSBN, @NewsMax, @realAmericasVoice, and Donald J. Trump @Rumble, among others. See you soonMAGA2024 https://rumble.com/v5by1cy-live-president-trump-in-montezuma-pass-az.html"
"@1","p1892","45526","I will be doing a LIVE PLAY BY PLAY on TRUTH Social of Comrade Kamala Harris Speech tonight at the Democrat National Convention in Chicago. We will start at 10 P.M., Eastern, and be covering and commenting on some of the earlier Speeches made, prior to hers. She became the Nominee without receiving one Vote, stealing the Nomination from Crooked Joe Biden who earned it by getting 14 Million Votes. I am no fan of Biden, who was the Worst President in the History of the United States and, likewise, she is considered to be the Worst Vice President and Border Czar in the History of the United States, but Biden got shafted. We will expose all of her Radicalism, the horrible job she did at the Border, Crime, and Foreign Relations, and her Weaponization against her Political Opponent, using corrupt Prosecutors and Courts in New York, Washington, D.C., and Atlanta. I hope everybody will be following along on TRUTH, tonight"
"@1","p1891","45526","At the Democrat Convention, they said, Weve got 70 days to act rightAfter 70 days, we can go back to acting crazy What they mean is that they want to get Elected, and then destroy our Country with Radical Left, Marxist/Socialist Policies. We cant let this happen and, if it does, we wont have a Country any longer. The U.S.A. will be reduced to ashes. MAGA2024"
"@1","p1890","45526","For too long, the average American has been squeezed by the big banks and financial elites. Its time we take a standtogether. BeDefiant https://t.me/defiant1s"
"@1","p1889","45526","I will be interviewed on Fox  Friends at 7:30 A.M. Enjoy"
"@1","p1888","45526","The highly overrated Jewish Governor of the Great Commonwealth of Pennsylvania, Josh Shapiro, made a really bad and poorly delivered speech talking about freedom and fighting for Comrade Kamala Harris for President, yet she hates Israel and will do nothing but make its journey through the complexities of survival as difficult as possible, hoping in the end that it will fail. Judge only by her actions Yet Shapiro, for strictly political reasons, refused to acknowledge that I am the best friend that Israel, and the Jewish people, ever had. I have done more for Israel than any President, and frankly, I have done more for Israel than any person, and its not even close. Shapiro has done nothing for Israel, and never will. Comrade Kamala Harris, the Radical Left Marxist who stole the nomination from  Crooked Joe, will do even less. Israel is in BIG trouble"
"@1","p1887","45526","The Democrats are suffering from a MASSIVE case of Trump Derangement Syndrome, commonly referred to as TDS"
"@1","p1886","45526","Tomorrow, I will be going to the Southern Border to address the plague of Migrant Crime and Migrant Rape that so-called Border Czar, Comrade Kamala Harris, has unleashed on America. This nightmare ends, and ends immediately, with our VICTORY in November"
"@1","p1885","45525","https://www.youtube.com/watchvvC5cHjcgt5g"
"@1","p1884","45526","https://www.foxnews.com/media/biden-harris-department-energy-official-calls-queering-nuclear-weapons-part-radical-dei-agenda"
"@1","p1883","45526","More Fake News https://www.mediaite.com/trump/pbs-correspondent-issues-apology-for-comments-about-trump-interference-in-gaza-ceasefire-talks/"
"@1","p1882","45526","Kamala is suddenly talking about increasing the Child Tax Credit. When I was in Office, with the help of my daughter Ivanka, and Senators Tim Scott and Marco Rubio, I doubled the Child Tax Credit, which brought Tax Relief to 39 Million Middle Class Families. Kamala voted against this Bill in 2017 and, in 2021, Democrats let this Tax Cut expire"
"@1","p1881","45526","https://www.breitbart.com/politics/2024/08/21/nielsen-dnc-television-ratings-crash-22-from-2016/"
"@1","p1880","45526","https://www.breitbart.com/the-media/2024/08/21/nolte-community-notes-nukes-axios-lying-about-comrade-kamalas-price-controls/"
"@1","p1879","45526","https://nypost.com/2024/08/16/us-news/suffolk-county-law-enforcement-unions-to-throw-support-behind-trump-this-was-an-easy-decision/"
"@1","p1878","45526","https://nypost.com/2024/08/15/us-news/nearly-three-quarters-of-americans-believe-kamala-harris-knew-about-bidens-mental-decline-poll/"
"@1","p1877","45526","https://www.thegatewaypundit.com/2024/08/trump-blasts-kamala-harris-as-dangerous-anti-police/"
"@1","p1876","45526","https://thepostmillennial.com/breaking-trump-slams-communist-economic-policies-of-kamala-vows-to-restore-the-american-dream-at-massive-pa-rally"
"@1","p1875","45526","https://www.breitbart.com/politics/2024/08/17/trump-supporters-turn-out-in-massive-numbers-for-rally-in-wilkes-barre/"
"@1","p1874","45525","Join me live from Asheboro, North Carolina at 2:00PM Eastern, where I will be delivering remarks on National Security. Will be on @RSBN, @realAmericasVoice, @OAN, @NewsMax, and Donald J. Trump @Rumble, among others. See you soonMAGA2024 https://rumble.com/v5bqd4b-live-president-trump-in-asheboro-nc.html"
"@1","p1873","45526","Just arrived in the Great State of North Carolina Join me live at 2:00PM Eastern https://rumble.com/v5bqd4b-live-president-trump-in-asheboro-nc.html"
"@1","p1872","45526","Just arrived in the Great State of North Carolina Join me live at 2:00PM Eastern https://rumble.com/v5bqd4b-live-president-trump-in-asheboro-nc.html"
"@1","p1871","45526","I have a FANTASTIC new Book coming out in two weeks, SAVE AMERICA. I hand-selected every Photo, from my time in the White House, to our current third Campaign for President of the United States. A MUST HAVE on U.S. History, especially for America First Patriots - Get your copy now at, https://45books.com/."
"@1","p1870","45525","Join me live from Asheboro, North Carolina at 2:00PM Eastern, where I will be delivering remarks on National Security. Will be on @RSBN, @realAmericasVoice, @OAN, @NewsMax, and Donald J. Trump @Rumble, among others. See you soonMAGA2024 https://rumble.com/v5bqd4b-live-president-trump-in-asheboro-nc.html"
"@1","p1869","45525","So disgraceful to see the burning of the American Flag and the desecration of Police Cars at the Democrats Party taking place in Chicago. Five people have been killed since the start of their Convention. CONGRESS SHOULD IMMEDIATELY GET TO WORK ANYONE BURNING THE AMERICAN FLAG GETS ONE YEAR IN JAIL. JUST DO IT  DJT"
"@1","p1868","45525","Comrade Kamala Harris is doing everything possible to RUN AWAY from her Record. We wont let it happen  She will destroy our Country, just like she destroyed San Francisco and California"
"@1","p1867","45525","THE HOTTEST TATTOOMY HONOR"
"@1","p1866","45525","MASSIVE SCANDAL The Harris-Biden Administration has been caught fraudulently manipulating Job Statistics to hide the true extent of the Economic Ruin they have inflicted upon America. New Data from the Bureau of Labor Statistics shows that the Administration PADDED THE NUMBERS with an extra 818,000 Jobs that DO NOT EXIST, AND NEVER DID. The real Numbers are much worse than that and, if Comrade Kamala gets another four years, millions more Jobs will VANISH overnight, and Inflation will completely destroy our Country. YOUR LIFE SAVINGS WILL BE WIPED OUT. With a TRUMP VICTORY, we will once again have the Greatest Economy in History. MAGA2024"
"@1","p1865","45525","I watched Joe Biden Monday night, and was amazed at his ANGER at being humiliated by the Democrats. I was happy to have played a part in his demise in that it all began on the evening of June 27, 2024, THE DEBATE, which I think was heavily pushed and promoted by Comrade Kamala Harris. She knew what was going to happen, and so did everyone else. It led to a first ever COUP of the President of the United States, who is now unhappily sunbathing on a Beach in California, watching the waves, and thinking how much he hates Barack Hussein Obama, Crazy Nancy Pelosi, and Lightweight Movie Star George Clooney, who failed to come to Crooked Joes defense. The good news is that I believe Joe Biden, the Worst President in the History of the United States, who served with the Worst Vice President in the History of the United States, is now seething. I dont know why he gave up, I dont know why he quit. He got 14 Million Votes, she got NONE. Hes an angry man now, and he should be"
"@1","p1864","45524","And they go after me for NOTHING BIDEN ENGAGED IN IMPEACHABLE CONDUCT"
"@1","p1863","45525","Kathy Hochul, the very unpopular Governor of New York, was the nastiest speaker on Monday evening at the Democrat National Convention as it pertains to your favorite President, me. Her total hatred, and statements made about me, had no bounds. I was amazed for two reasons: Number one, I did a GREAT job in New York, employed thousands of people, built some of the most beautiful and successful buildings, and paid billions of dollars in taxes. Number two is that, on the very distinct possibility I will win the Presidency, wouldnt it be better for the people of New York State to have a Governor who got along with the President Adversarial relationships are not good in politics Unfairly, I am before a very biased and hateful New York Judicial System that is appointed and largely controlled by the Governor. With the vitriol displayed by her on Monday night, it is no wonder that the Judges have treated me so badly. The whole system is RIGGED, and companies are leaving because of it"
"@1","p1862","45525","https://www.DonaldJTrump.com"
"@1","p1861","45525","https://www.DonaldJTrump.com"
"@1","p1860","45525","https://www.DonaldJTrump.com"
"@1","p1859","45525","https://www.DonaldJTrump.com"
"@1","p1858","45525","https://www.DonaldJTrump.com"
"@1","p1857","45525","https://www.DonaldJTrump.com"
"@1","p1856","45525","https://www.DonaldJTrump.com"
"@1","p1855","45525","https://www.DonaldJTrump.com"
"@1","p1854","45525","https://www.DonaldJTrump.com"
"@1","p1853","45525","https://www.DonaldJTrump.com"
"@1","p1852","45525","https://www.DonaldJTrump.com"
"@1","p1851","45525","https://www.DonaldJTrump.com"
"@1","p1850","45525","https://www.DonaldJTrump.com"
"@1","p1849","45525","https://www.DonaldJTrump.com"
"@1","p1848","45525","https://www.DonaldJTrump.com"
"@1","p1847","45525","https://www.DonaldJTrump.com"
"@1","p1846","45525","https://www.DonaldJTrump.com"
"@1","p1845","45525","https://www.DonaldJTrump.com"
"@1","p1844","45525","https://www.DonaldJTrump.com"
"@1","p1843","45525","https://www.DonaldJTrump.com"
"@1","p1842","45525","https://www.DonaldJTrump.com"
"@1","p1841","45525","https://www.DonaldJTrump.com"
"@1","p1840","45525","https://www.DonaldJTrump.com"
"@1","p1839","45525","https://www.DonaldJTrump.com"
"@1","p1838","45525","https://www.DonaldJTrump.com"
"@1","p1837","45525","https://www.DonaldJTrump.com"
"@1","p1836","45525","https://www.DonaldJTrump.com"
"@1","p1835","45525","https://www.DonaldJTrump.com"
"@1","p1834","45525","https://www.DonaldJTrump.com"
"@1","p1833","45525","https://www.DonaldJTrump.com"
"@1","p1832","45525","https://www.DonaldJTrump.com"
"@1","p1831","45525","https://www.DonaldJTrump.com"
"@1","p1830","45525","https://www.DonaldJTrump.com"
"@1","p1829","45525","https://www.DonaldJTrump.com"
"@1","p1828","45525","https://www.DonaldJTrump.com"
"@1","p1827","45525","https://www.DonaldJTrump.com"
"@1","p1826","45525","https://www.DonaldJTrump.com"
"@1","p1825","45525","https://www.DonaldJTrump.com"
"@1","p1824","45525","Marc Thiessen: She Kamala is the least examined major party nominee in American history"
"@1","p1823","45525","Kamala Harris supports the Environmental Extremists NET-ZERO Energy Policy - A Radical Left Agenda to abolish Coal, Oil, and Natural Gas, and plunge MILLIONS into Poverty. Net Zero Lunatics are currently destroying the Economies of many other Countries, including the U.K. Their Radical, Self-Destructive Policy has led the U.K. to the Worst Economic Growth since 1780, now causing Economic Chaos, Destruction, Riots, and Death in the streets of British Cities. In the United States, Net Zero Fanatics like Kamala Harris want to shut down Power Plants, even as the cost of Energy and Electricity is up 30 to 50 and climbing - NOT IF IM PRESIDENT I will cut your Energy costs in HALF, and Net Zero will be DEAD on Day One"
"@1","p1822","45525","U.S. Citizens are allowed to vote, but Illegals are NOT If I win the Election, anybody caught cheating, for any reason, will be prosecuted to the fullest extent of the Law, and that includes Democrat Operatives and Sleazebags, who CHEAT at levels never seen before. NO MORE GAMES FOR YOU"
"@1","p1821","45525","The Green Energy Agenda, commonly referred to as the Green New Scam, is destroying our Country We will not be competitive in any way, shape, or form, with China and other of our Competitor Nations. THIS MADNESS MUST STOP, AND IT MUST STOP NOW We want Crystal Clear Water and Air, and then, an Economy like no other. Thats the way we, MAKE AMERICA GREAT AGAIN"
"@1","p1820","45525","A GREAT Article by JD Vance https://www.wsj.com/opinion/jd-vance-harris-wages-war-on-us-energy-inflation-net-zero-2024-presidential-election-aaf19e44"
"@1","p1819","45525","https://www.youtube.com/watchvvC5cHjcgt5g"
"@1","p1818","45525","A few weeks ago, the Chinese Electric Vehicle battery company that Michigan Democrats support, Gotion, claimed that I support its EV battery plant planned for Northern Michigan. That is not true. The Gotion plant would be very bad for the State and our Country. It would put Michigandersunder the thumb of the Chinese Communist Party in Beijing. I AM 100 OPPOSED As your President, I will make Americas Auto Industry bigger and stronger than it has ever been before, PROTECT American Workers, and TERMINATE the Green New Scam."
"@1","p1817","45525","https://www.DonaldJTrump.com"
"@1","p1816","45525","WEAK, FAILED, DANGEROUSLY LIBERAL"
"@1","p1815","45525","THANK YOUHOWELL, MICHIGAN https://rumble.com/v5bofhx-live-president-trump-in-detroit-mi.html"
"@1","p1814","45525","https://www.rsbnetwork.com/video/live-president-trump-delivers-remarks-on-crime-and-safety-in-howell-mi-8-20-24/"
"@1","p1813","45525","https://rumble.com/v5bofhx-live-president-trump-in-detroit-mi.html"
"@1","p1812","45524","An angry and ranting Speech full of LIES, Biden took credit for everything done during the Trump Administration, even continuing to say that he was better on Inflation and Jobs. He never mentioned the Afghanistan Disaster and all the Wars he got us into, or the fact that far more people died from COVID during the Biden years than the Trump years. The Jobs Biden/Harris created were almost 100 from Illegal Aliens pouring into our Country, which are destroying the lives of our Black and Hispanic population"
"@1","p1811","45524","Most new jobs under Biden went to illegal Immigrants. Additionally, he got what is known as Covid Bounce-back jobs, standard for all countries after a pandemic. He did terribly on jobs, and everything else"
"@1","p1810","45524","Comrade Kamala Harris has just informed us that she will NOT do the FoxNews Debate on September 4th. I am not surprised by this development because I feel that she knows it is very difficult, at best, for her to defend her record setting Flip-Flopping on absolutely everything she once believed in, including her statements that THERE WILL BE NO FRACKING IN PENNSYLVANIA and her HORRIBLE Performance on the Border, our Border Czar, where millions of criminals and people from mental institutions and terrorists, have been allowed to pour into our Country, totally unchecked and unvetted. Its called, and she LOVES IT, an OPEN BORDER Rather than the debate on September 4th, I have agreed to do a Tele-Town Hall, anchored by Sean Hannity, for Fox. It will take place in the Great Commonwealth of Pennsylvania - Details to follow"
"@1","p1809","45524","Ryan Mackenzie is a terrific America First Candidate running to represent the Great People of Pennsylvanias 7th Congressional DistrictRyan has a strong Record of Success, and incredible support from his Community. In Congress, he will fight tirelessly to Stop Inflation, Grow our Economy, Secure our Border, Support our Incredible Military/Vets, Champion American Energy Independence, and Defend our always under siege Second Amendment.Ryan Mackenzie has my Complete and Total Endorsement - HE WILL NEVER LET YOU DOWN"
"@1","p1808","45524","The Democrats accidentally put forward the Biden Platform. His name is mentioned 21 times, and yet they threw him out of Office, it was a vicious COUP. Such a foolish thing to miss, but the Fake News Media refuses to cover it. If I had made such a mistake, it would be the biggest story in America"
"@1","p1807","45524","https://rumble.com/v5bk8jp-live-president-trump-in-york-pa.html"
"@1","p1806","45524","The Democrats staged the first ever Coup in America. Crooked Joe Biden was told, Sorry Joe, youre losing to Trump, BIG, and you cant beat him - Youre Fired. So now, for the first time in American history, Ill have to beat TWO Candidates, the second being a Radical Left Marxist, Comrade Kamala Harris. Its not fair, perhaps even another form of Election Interference, but the good news is that she should be easier than to beat than Crooked Joe in that the USA will never allow itself to become a Communist Country. THE DEMOCRATS ARE, A THREAT TO DEMOCRACY"
"@1","p1805","45524","In the JUST RELEASED Democrat Platform, they mention Crooked Joe Bidens second Term over 20 times. It shows that the Platform is not that important to them when they wont even make the change."
"@1","p1804","45524","And they go after me for NOTHING BIDEN ENGAGED IN IMPEACHABLE CONDUCT"
"@1","p1803","45524","Another packed house. Kamala had 220 people"
"@1","p1802","45523","CRIME IN AMERICA IS OUT OF CONTROL. I AM GOING TO MAKE IT, ALONG WITH THE ECONOMY, INFLATION, STRONG BORDERS, AND ENERGY DOMINANCE, MY TOP PRIORITY. THE DEMOCRATS ARE HOLDING THEIR CONVENTION IN CHICAGO IN ORDER TO SHOWCASE IT, AND YET 117 PEOPLE WERE SHOT, 17 KILLED, ON THE FOURTH OF JULY WEEKEND, AND 40 WERE SHOT THIS WEEKEND. THAT IS A WAR ZONE, AND WILL BE HANDLED ACCORDINGLY. I WILL BRING CRIME IN AMERICA DOWN TO A TINY FRACTION OF WHAT IT IS TODAY. MOTHERS WILL NO LONGER BE LOSING THEIR CHILDREN BECAUSE WEAK, LIBERAL POLITICIANS HAVE GIVEN UP ON SECURING A CRIME FREE USA I WILL STOP VIOLENT CRIME IN AMERICA"
"@1","p1801","45523","The Radical Left protesters in Chicago are going after the Democrat Party because the know they are weak and ready to break into a full blown party of Socialism or, if they really do their job, and with a little bit of luck, the Communist Party of the United States of America. They are already very close and, having a Marxist trained and believing President whose father is a Marxist professor, Comrade Kamala Harris, stranger things have happened November 5th, 2024, will be the most important day in the history of our Country. MAKE AMERICA GREAT AGAIN"
"@1","p1800","45523","TUCKER CARLSON UNCENSORED"
"@1","p1799","45523","THANK YOU"
"@1","p1798","45523","WALZ OF SHAME: SCANDALS PILE UP FOR VP PICK"
"@1","p1797","45523","THANK YOUMAGA2024"
"@1","p1796","45523","Thank you WalkAway"
"@1","p1795","45523","THANK YOU, PENNSYLVANIA"
"@1","p1794","45523","August 17, 2024PENNSYLVANIA"
"@1","p1793","45523","CONGRESSMAN JIM JORDAN: HOUSE REPORT LINKS BIDEN-HARRIS BORDER POLICIES TO SURGE IN CRIME"
"@1","p1792","45523","We had to turn away lots of people yesterday in Wilkes-Barre, Pennsylvania, but Comrade Kamala Harris Social Media Operation showed empty seats, long before the Rally started, early in the afternoon when, in actuality, we had to turn away 11,500 people Shes a Crooked Radical Left Politician, and always will be Everything she touches turns bad, just like California, and San Francisco before it - as is the case with all Marxists. She should have never been Vice President, and had to stage a COUP of Joe Biden, with her America-hating friends, Barrack Hussein Obama, Crazy Nancy Pelosi, Cryin Chuck Schumer, and the rest. Comrade Kamala is a STONE COLD LOSER, she will FAIL and, if she doesnt, our Country will cease to exist as we know it, turning into a Communist, Crime Ridden Garbage Dump. November 5th will be the Most Important Date in the History of the U.S.A. Its as simple as that"
"@1","p1791","45523","The top Video is the one that Kamala put out, the bottom is what it actually looked like. She is a LIAR, and shouldnt even be allowed to run for Office"
"@1","p1790","45523","MAKE AMERICA GREAT AGAIN"
"@1","p1789","45523","Comrade Kamala Harris is terrible for our Country. She is a Communist, has always been a Communist, and will always be a Communist. Under her leadership, the USA will fail, and fail quickly. We will not let that happen"
"@1","p1788","45523","Via Collin Rugg: NEW: Don Lemon interviews people in Atlantic City, NJ and is shocked to find out most people are supporting Trump.Multiple people mentioned how they felt more financially stable under Trump.Four years ago it was a lot better. I made a lot more money than I do now.Lemon then tried fact-checking the man which resulted in the man laughing in his face.I know nobody likes him but we had good times with Donald Trump. The economy was good, life was good, another woman said."
"@1","p1787","45514","Meet the Real Kamala.Weak. Failed. Dangerously Liberal."
"@1","p1786","45523","Lightweight Political commentator Van Jones begged me, while in the Oval Office and with tears flowing from his eyes, to help get Criminal Justice Reform approved by the United States Senate. I got it done, with Conservative help, and this lowlife, Jones, never once called to thank me, or the others that helped, for what we had done. Along with Opportunity Zones, the long term funding of HISTORICALLY BLACK COLLEGES AND UNIVERSITIES, and much more, Ive done more for our black population than anyone other than, perhaps, Abraham Lincoln Sorry, but thats the way it is"
"@1","p1785","45523","I accept"
"@1","p1784","45523","Thank you"
"@1","p1783","45521","KAMALA PUT VIOLENT ILLEGALSCONVICTED FELONS BACK ONTO THE STREETS."
"@1","p1782","45523","https://justthenews.com/politics-policy/all-things-trump/trump-blasts-comrade-kamala-says-democrats-economic-policies-will"
"@1","p1781","45523","@MarkLevinShow: Dems nominated 2 of the most radical individuals in the country https://www.foxnews.com/video/6360589505112"
"@1","p1780","45523","KAMALAS NEW PRICE CONTROL POLICY RAISES ALARMS OVER SIMILARITIES TO COMMUNIST MEASURES"
"@1","p1779","45522","A GREAT NEW BOOK BY THE BRILLIANT VICTOR DAVIS HANSONTHE CASE FOR TRUMP  GET IT NOW"
"@1","p1778","45522","The same people that gave you Afghanistan, the most embarrassing moment in U.S. HISTORY Here we go The stupid people are at it again"
"@1","p1777","45518","Judge Merchan just ruled that I, the Republican candidate for President, and leading in the Polls, am still under a Gag Order CONCERNING VERY IMPORTANT THINGS WHICH MUST BE BROUGHT TO LIGHT. I AM NOT ALLOWED TO ANSWER REPORTERS QUESTIONS. Can you believe this The New York Courts refuse to act. This is happening right before the voting begins on September 6th. Suppression and manipulation of the vote. Voter interference. This is the real Fascist stuff, the old Soviet Union So much to say, and Im not allowed to say it. Must get U.S. Supreme Court involved. New York is trying to steal the Election"
"@1","p1776","45522","Comrade Kamalas Father was a Marxist Economics Professor. Is this really what we want for our Country It would be the END OF AMERICA"
"@1","p1775","45522","SINCE KAMALA HARRIS TOOK OFFICE"
"@1","p1774","45522"," THANK YOU WISCONSIN, I LOVE YOU ALL. IF WE WIN THERE, WE WIN THE ELECTION AND, MAKE AMERICA GREAT AGAIN"
"@1","p1773","45522","THANK YOU WILKES-BARRE, PENNSYLVANIAMAGA2024 https://rumble.com/v5b67sk-live-president-trump-in-wilkes-barre-pa.html"
"@1","p1772","45522","8/17/24  Wilkes-Barre, Pennsylvania https://www.DonaldJTrump.com"
"@1","p1771","45522","MAKE AMERICA GREAT AGAIN"
"@1","p1770","45522","THANK YOU, PENNSYLVANIA"
"@1","p1769","45522","I love the Bikers. Great Patriots. See you soon"
"@1","p1768","45522","SEE YOU SOON MAGA2024 On my way to Wilkes-Barre, Pennsylvania. See you soonTogether, WE are going to MAKE AMERICA GREAT AGAIN"
"@1","p1767","45522","https://www.foxnews.com/media/liberal-washington-post-editorial-board-has-scathing-take-harris-economic-plan-populist-gimmicks"
"@1","p1766","45522","https://www.foxnews.com/us/thieves-hit-3-7-eleven-stores-20-mins-hours-after-newsom-signed-smash-and-grab-tackling-bills"
"@1","p1765","45522","On my way to Wilkes-Barre, Pennsylvania. See you soonTogether, WE are going to MAKE AMERICA GREAT AGAIN Join me live at 4:00PM Eastern in the Beautiful Commonwealth of Wilkes-Barre, Pennsylvania. Will be on @RSBN, @NewsMax, @OAN, @realAmericasVoice, and Donald J. Trump @Rumble, among others. Big crowdMAGA2024 https://rumble.com/v5b67sk-live-president-trump-in-wilkes-barre-pa.html"
"@1","p1764","45522","Join me live at 4:00PM Eastern in the Beautiful Commonwealth of Wilkes-Barre, Pennsylvania. Will be on @RSBN, @NewsMax, @OAN, @realAmericasVoice, and Donald J. Trump @Rumble, among others. Big crowdMAGA2024 https://rumble.com/v5b67sk-live-president-trump-in-wilkes-barre-pa.html"
"@1","p1763","45522","THANK YOU WISCONSIN, I LOVE YOU ALL. IF WE WIN THERE, WE WIN THE ELECTION AND, MAKE AMERICA GREAT AGAIN"
"@1","p1762","45508","Sign up and join TRUMP FORCE 47 today at https://TrumpForce47.com/."
"@1","p1761","45451","Join https://www.TrumpForce47.com today"
"@1","p1760","45521","The Trump Club of St. Johns County has been with me from the very beginning, and never stopped working to deliver Big Victories for our MAGA Movement. They have Endorsed three GREAT Fighters for Re-Election to the St. Johns County Commission - Christian Whitehurst, Roy Alaimo, and Henry Dean. These America First Patriots have been with us all the way, and will work hard to Grow the Economy, Keep your Families Safe, Strongly Support our Military/Vets, and Protect our always under siege Second Amendment. Christian Whitehurst, Roy Alaimo, and Henry Dean have my Complete and Total Endorsement - They will never let you down"
"@1","p1759","45521","Rosanna Cordero-Stutz is running to be the next Sheriff of Miami-Dade County. After 28 years of exemplary service at the Miami-Dade County Police Department, Rosanna has delivered Life-Saving Results for her Community. As Assistant Director, Rosanna has proven she knows how to Crack Down on Crime, Support our Great Law Enforcement, and Keep our People Safe. I know as your next Sheriff, she will make us all proud. Rosanna Cordero-Stutz has my Complete and Total Endorsement"
"@1","p1758","45521","Alina Garcia has done an incredible job in the Florida State House, delivering lasting results for Florida families. Now, Alina is running to be Miami Dades Supervisor of Elections, and will fight hard to secure our Elections, and protect Voters Rights. Alina Garcia has my Complete and Total Endorsement - SHE WILL NOT LET YOU DOWN"
"@1","p1757","45521","State Representative Juan Porras is an incredible Champion for the Great People of Floridas 119th House District An America First Patriot who has been with us from the very beginning, Juan is fighting hard to Secure our Border, End Migrant Crime, Support our Brave Military/Vets, Stand with Law Enforcement, Safeguard our Elections, and Protect our always under siege Second Amendment. Juan Porras has my Complete and Total Endorsement - HE WILL NEVER LET YOU DOWN"
"@1","p1756","45521","David Borrero, who is 100 MAGA and has been with us from the very beginning, is a Conservative Champion for Florida House, District 111 He sponsored the Victims of Communism Education, and is working tirelessly to Protect our Constitutional Rights, Stop Inflation, Secure the Border, Support our Great Military/Vets, and Defend our always under siege Second Amendment. David Borrero has my Complete and Total Endorsement - He will not let you down"
"@1","p1755","45521","Meg Weinberger, who is known and loved by so many of my friends, is running to be a BIG VOICE in the Florida State House, in District 94. As your next Representative, MAGA Meg will fight tirelessly to Grow our Economy, Stop Inflation, Secure our Border, End Migrant Crime, Support our Great Military/Vets, Protect our always under siege Second Amendment, and Restore American Energy DOMINANCE. Meg Weinberger has my Complete and Total Endorsement - SHE WILL NOT LET YOU DOWN"
"@1","p1754","45521","State Representative Kevin Steele is a Tireless Advocate for the incredible people of Floridas 55th House District An America First Patriot who has been with us from the very beginning, Kevin is working hard to Restore the American Dream, Stop Inflation, Secure our Border, Safeguard our Elections, Support our Great Military/Vets, and Protect our always under siege Second Amendment. Kevin Steele has my Complete and Total Endorsement - HE WILL NEVER LET YOU DOWN"
"@1","p1753","45521","State Representative Paula Stark is doing a terrific job representing the Great People of Floridas 47th House District An America First Patriot who has been with us from the very beginning, Paula is fighting hard to Secure our Border, Stop Migrant Crime, Create Great Jobs, End Inflation, Support our Military/Vets, and Protect our always under siege Second Amendment. Paula Stark has my Complete and Total Endorsement - SHE WILL NEVER LET YOU DOWN"
"@1","p1752","45521","Debbie Mayfield is a Conservative Warrior for Florida House, District 32 She is fighting hard to Secure our Border, Grow the Economy, Support our Military/Vets, Protect Parental Rights, and Defend our always under siege Second Amendment. Debbie never wavers in her commitment to keep Floridians free, and Make America Great Again. Debbie has my Complete and Total Endorsement"
"@1","p1751","45521","State Representative Webster Barnaby is doing a fantastic job representing the incredible people of Floridas 29th House District An America First Patriot who has been with us from the very beginning, Webster is working hard to Bring Back the American Dream, Grow the Economy, Secure the Border, Support our Military/Vets, Stand with our Great Law Enforcement, and Defend our always under siege Second Amendment. Webster Barnaby has my Complete and Total Endorsement - HE WILL NEVER LET YOU DOWN"
"@1","p1750","45521","State Representative Jessica Baker is a Tremendous Advocate for the Great People of Floridas 17th House District An America First Patriot who has been with us from the very beginning, Jessica is fighting hard to Grow the Economy, Stop Inflation, Secure the Border, End Migrant Crime, Support our Great Military/Vets and Law Enforcement, and Defend our always under siege Second Amendment. Jessica Baker has my Complete and Total Endorsement - SHE WILL NEVER LET YOU DOWN"
"@1","p1749","45521","Florida State Rep. Randy Fine is a MAGA Warrior who will stand up to anyone to advance the America First Agenda One of our only elected Jewish Republicans, he stands with me for an America that brings Peace through Strength, and an Economy that works for our Nations families. I need him in the Florida Senate, and he has my Complete and Total Endorsement"
"@1","p1748","45521","David Shoar is a tremendous America First Patriot who is running to represent the incredible people of Floridas 7th State Senate District A Gulf War Army Veteran, David bravely served our Country, and has continued to fight to protect our Communities as St. Johns County Sheriff. As your next State Senator, David will bring that same fighting Spirit to Bring Back the Great American Dream, Grow the Economy, Stop Inflation, Secure the Border, Support our Brave Military/Vets, Advance Election Integrity, and Protect our always under siege Second Amendment. David Shoar, who is 100 MAGA, and has been with us from the very beginning, has my Complete and Total Endorsement - HE WILL NEVER LET YOU DOWN"
"@1","p1747","45521","Congressman Carlos Gimenez is a tireless Advocate for the people of Floridas 28th Congressional District. As a career firefighter, Carlos has spent his life putting out the flames of dangerous fires and the flames of the dangerous Biden-Harris Administration. Carlos works to Secure our Border, Strengthen our Military, Support our Law Enforcement and First Responders, Protect our always under siege Second Amendment, and Advance our America First Agenda. Carlos Gimenez has my Complete and Total Endorsement - HE WILL NEVER LET YOU DOWN"
"@1","p1746","45521","Congresswoman Maria Elvira Salazar is doing a tremendous job representing Floridas 27th Congressional District. Maria is not afraid to speak up for the people of Florida and all Americans. Maria is a True Patriot that fights against the Corrupt Policies of the Radical Left that put us all in harms way. She is working hard to Grow the Economy, Lower Inflation, Defend the Border, Uphold the Rule of Law, and Protect our always under siege Second Amendment. Maria Elvira Salazar has my Complete and Total Endorsement"
"@1","p1745","45521","Congressman Mario Diaz-Balart is a tremendous Champion for the people of Floridas 26th Congressional District. Mario stands up against the wasteful spending in Washington, and supports our Great Military and Veterans. Mario has worked hard to stop the Democrats Disastrous Socialist Policies, and HE WILL NEVER LET YOU DOWN Mario Diaz-Balart has my Complete and Total Endorsement."
"@1","p1744","45521","Dan Franzese is a tremendous America First Candidate running to represent the Great People of Floridas 22nd Congressional District As a very successful businessman, Dan knows how to Fight Inflation, Grow the Economy, Lower Taxes, and Eliminate Government Waste. In Congress, Dan will fight tirelessly to Secure our Border, Stop Migrant Crime, Advance Election Integrity, Strengthen our Incredible Military/Vets, and Defend our always under siege Second Amendment. Dan Franzese has my Complete and Total Endorsement - HE WILL NEVER LET YOU DOWN"
"@1","p1743","45521","Congressman Brian Mast is a tireless Advocate for Floridas 21st Congressional District. The Chair of my Campaigns Veterans for Trump Coalition, Brian is a true American Hero and Patriot. Brian works hard to stop the Endless Wars pushed by some in Washington, and is making sure that we take care of Americans First. Brian has never been afraid to put himself in the line of fire. Brian Mast has my Complete and Total Endorsement"
"@1","p1742","45521","Congressman Byron Donalds is a Tremendous Champion for Floridas 19th Congressional District A True Patriot, Byron is a FIGHTER for the People of Florida and ALL Americans. Byron works very hard to Secure the Border, Stop Inflation, Support our incredible Military/Vets, Protect our always under siege Second Amendment, and Restore the American Dream. Byron is a GREAT leader, and has my Complete and Total Endorsement."
"@1","p1741","45521","Congressman Scott Franklin is a terrific Representative for the people of Floridas 18th Congressional District A retired Commander in the U.S. Navy, Scott fights hard to Strengthen our Military, Support our Veterans, Secure our Border, and Protect our always under siege Second Amendment. Scott Franklin has my Complete and Total Endorsement - HE WILL NEVER LET YOU DOWN"
"@1","p1740","45521","Congressman Greg Steube is a tremendous Champion for Floridas 17th Congressional District After the terrible 9/11 Attacks on our Country, Greg joined the U.S. Army JAG Corps to serve our Country. In Congress, Greg is fighting hard to Secure our Border, Stop Migrant Crime, Grow our Economy, Lower Taxes, Eliminate Government Waste, and Protect our always under siege Second Amendment. A True Friend, Greg Steube has my Complete and Total Endorsement"
"@1","p1739","45521","Congressman Vern Buchanan is a tireless Advocate for Floridas 16th Congressional District Vern is a self-made man, and is working hard to Secure the Border, Lower our Taxes, Grow our Economy, Support our Military and Vets, Protect our Seniors, and Defend our always under siege Second Amendment. Vern Buchanan has my Complete and Total Endorsement"
"@1","p1738","45521","Congresswoman Laurel Lee is an incredible Representative for the fantastic People of Floridas 15th Congressional District. Laurel is working hard to Secure our Border, Fight Inflation, Defend our Wonderful Military and Veterans, Promote Election Integrity, Protect our always under siege Second Amendment, and Expand American Jobs and the Economy. Laurel Lee has my Complete and Total Endorsement"
"@1","p1737","45521","Congresswoman Anna Paulina Luna is an incredible Representative for the people of Floridas 13th Congressional District. Anna works to Secure the Border, Strengthen our Military and Veterans, Defend our always under siege Second Amendment, and Protect the Rights of All Americans. Anna Paulina Luna is a Warrior, a Winner, and has my Complete and Total Endorsement"
"@1","p1736","45521","Congressman Gus Bilirakis is a very effective Lawmaker for the people of Floridas 12th Congressional District Our America First Movement needs Leaders like Gus, who Fight to Secure the Border, Stop Illegal Immigration, and Protect and Defend our always under siege Second Amendment. Gus Bilirakis was an early Endorser of our Campaign for President, and has my Complete and Total Endorsement"
"@1","p1735","45521","Congressman Daniel Webster is doing a terrific job representing Floridas 11th Congressional District. As a successful businessman, Daniel knows how to Fight Inflation, Grow the Economy, Lower Taxes, and Eliminate Government Waste. Daniel is working hard to Secure the Border, Protect our Elections, Support our Great Military/Veterans, and Defend our always under siege Second Amendment. Daniel Webster has my Complete and Total Endorsement - HE WILL NEVER LET YOU DOWN"
"@1","p1734","45521","Mike Haridopolos will be a fantastic Representative for Floridas 8th Congressional District Mike has a strong record of success, and incredible support from his Community. In Congress, he will Fight Inflation, Grow our Economy, Secure our Border, Stand with our Military/Vets, Champion American Energy Independence, and Defend our always under siege Second Amendment. Mike Haridopolos has my Complete and Total Endorsement - HE WILL NOT LET YOU DOWN"
"@1","p1733","45521","Congressman Cory Mills is a tremendous Champion for Floridas 7th Congressional District He has served in many deployments, including Iraq and Afghanistan. When everyone else is running away from the tough battles, Cory is willing to stay and fight. Cory loves our Country, Supports our Veterans, Strengthens our Military, and will NEVER let us down. Cory Mills has my Complete and Total Endorsement"
"@1","p1732","45521","Congressman Mike Waltz is an incredible Representative for Floridas 6th Congressional District. A former U.S. Army Green Beret, Mike has been a longtime Warrior for the people of Florida. Mike continues to Support our Veterans, Strengthen our Military, Defend our always under siege Second Amendment, and PUT AMERICA FIRST. Mike Waltz has my Complete and Total Endorsement"
"@1","p1731","45521","Congressman John Rutherford is doing a terrific job representing the people of Floridas 5th Congressional District John works every day to Protect our Country, Grow our Economy, Support our Brave Police and First Responders, Defend our always under siege Second Amendment, and Uphold the Rule of Law. As a Sherriff, John spent many years safeguarding our Great Communities, and continues to do so in Congress. John Rutherford has my Complete and Total Endorsement - HE WILL NEVER LET YOU DOWN"
"@1","p1730","45521","Congressman Aaron Bean is a fantastic Representative for Floridas 4th Congressional District. An America First Fighter, Aaron will Lower Inflation, Grow our Economy, Secure our Border, Support our Great Military/Vets, Protect Floridas Environment and Natural Resources, and Defend our always under siege Second Amendment. Aaron Bean has my Complete and Total Endorsement - HE WILL NEVER LET YOU DOWN"
"@1","p1729","45521","Congresswoman Kat Cammack is doing a fantastic job representing the Great People of Floridas 3rd Congressional District. A Strong America First Fighter, Kat is working hard to Lower Inflation, Secure our Border, Champion American Energy Independence, Defend our Incredible Police and Firefighters, Protect our always under Siege Second Amendment, and Support our Hardworking Farmers. Kat Cammack has my Complete and Total Endorsement"
"@1","p1728","45521","Congressman Neal Dunn is a tremendous Champion for Floridas 2nd Congressional District An accomplished surgeon and a retired Major in the U.S. Army, Neal is fighting hard to Deliver Quality Care to our Brave Veterans, Strengthen our Military, Grow the Economy, Lower Inflation, Restore American Energy Independence, and Protect our always under siege Second Amendment. Neal Dunn has my Complete and Total Endorsement - HE WILL NEVER LET YOU DOWN"
"@1","p1727","45521","Matt Gaetz is a Great Representative for the Amazing People of Floridas 1st Congressional District Matt is a Warrior for our MAGA Agenda, who tirelessly works to Drain the Swamp, Secure the Border, Support our Brave Veterans and Law Enforcement, Defend our always under siege Second Amendment, Stand Up to the Woke Mob, and Fight the Never-Ending Witch Hunts from the Radical Left that are destroying our Country Matt Gaetz has my Complete and Total Endorsement"
"@1","p1726","45521","I have known Rick Scott for a long time, as both a businessman and GREAT Governor of Florida - There are few like him Strong on the Border, the Economy, Crime, our Military/Vets, and our always under siege Second Amendment, RICK WILL NEVER LET YOU DOWN. I am proud to give Rick Scott my Complete and Total Endorsement - Everyone in Florida should help this incredible United States Senator have a BIG WIN"
"@1","p1725","45521","Darin Smith is a Highly Respected America First Patriot running for State Senate in Wyoming. A successful Entrepreneur, Darin will Fight to Lower your Taxes, Grow the Economy, Secure the Border, Protect our Incredible Military/Vets, and Defend our always under siege Second Amendment. Darin Smith has my Complete and Total Endorsement - HE WILL NEVER LET YOU DOWN"
"@1","p1724","45521","Congresswoman Harriet Hageman is doing a tremendous job representing the people of Wyoming. Harriet has been fighting against Government Corruption her whole career. Harriet knows how to Stop the Federal Government from going too far, and how to Protect our Constitutional Rights. She is working hard to Lower Inflation, Promote American Energy, Secure the Border, and Defend our always under siege Second Amendment. Harriet Hageman has my Complete and Total Endorsement"
"@1","p1723","45521","Senator John Barrasso is an incredible Advocate for the Great People of Wyoming. John works hard to Stop the Disastrous Policies of Crooked Joe Biden, and Secure our Border. John is a True Patriot who fights to Create Jobs, Lower Inflation, Promote American Energy, Uphold the Rule of Law, Protect our always under Siege Second Amendment, and Support our amazing Farmers and Ranchers. John Barrasso has my Complete and Total Endorsement"
"@1","p1722","45521","Nancy Dahlstrom will be a tremendous Congresswoman for the Great People of Alaska, just as she was as your Lieutenant Governor. Nancy is a Proven Fighter In Congress, she will work to Secure the Border, Create Jobs, Lower Taxes, Promote American Energy Independence, Support our Incredible Military and Police Officers, and Defend our always under siege Second Amendment. Nancy Dahlstrom is a WINNER, and has my Complete and Total Endorsement. SHE WILL NOT LET YOU DOWN"
"@1","p1721","45521","https://www.foxnews.com/us/thieves-hit-3-7-eleven-stores-20-mins-hours-after-newsom-signed-smash-and-grab-tackling-bills"
"@1","p1720","45521","Google is a Crooked, Election Interference Machine. Totally Illegal, they will pay a big price for what they are doing https://townhall.com/tipsheet/rebeccadowns/2024/08/16/rep-lance-gooden-demands-answers-from-google-on-harris-campaign-manipulating-headlines-n2643505"
"@1","p1719","45521","KAMALA PUT VIOLENT ILLEGALSCONVICTED FELONS BACK ONTO THE STREETS."
"@1","p1718","45521"," If you think things are expensive now, they will get 100 times WORSE if Kamala gets four years as President. Under her plan, Kamala will implement SOVIET Style Price Controls. She will abolish private health care, and make Californias ridiculous tax policies the law of the land, meaning EVERY American will be taxed up to 80 of their income If you want more CASH and less TAX, VOTE TRUMP"
"@1","p1717","45521","RIP Corey Comperatore"
"@1","p1716","45521","Andy McCarthy, Former Assistant U.S. Attorney: I mean, the Trump team is right. The Supreme Courts made clear if theres an open immunity issue that needs to be litigated before anything else happens, and theres no good law enforcement reason why this sentencing has to take place prior to the election."
"@1","p1715","45521","Kamala Harris wants to raise your taxes and make you pay for free healthcare and free housing in luxury hotels for her millions of illegal aliens. Meanwhile, our Veterans are sleeping on the streets and Kamalas running mate, Weirdo Tim Walz, voted against my VA Mission Act that made healthcare more affordable and accessible for our Nations Heroes Kamala and Walz will put Criminals, Terrorists, and Illegal Aliens FIRST. I will always put law-abiding, hardworking, patriotic AMERICANS First"
"@1","p1714","45521","Kamala Harris is allowing Venezuelas dangerous criminals to freely enter our country through her WIDE OPEN Southern Border, and now she wants to bring Venezuelas dangerous economic policies into our Nation as well. If Kamala is elected and implements her Communist Price Caps, there will be famine, starvation, and poverty, the likes of which we have never seen. America will NEVER recover"
"@1","p1713","45521","If you think things are expensive now, they will get 100 times WORSE if Kamala gets four years as President. Under her plan, Kamala will implement SOVIET Style Price Controls. She will abolish private health care, and make Californias ridiculous tax policies the law of the land, meaning EVERY American will be taxed up to 80 of their income If you want more CASH and less TAX, VOTE TRUMP"
"@1","p1712","45521","THIS IS THE COST OF FOODIT IS TIME TO STOP THE DISASTER, VOTE TRUMP https://www.DonaldJTrump.com"
"@1","p1711","45521","A GREAT HONOR, THANK YOUMilwaukee Police Association Endorses Trump-Vance"
"@1","p1710","45520","ICE Arrests Illegal Alien Wanted For 23 Murders In Peru After Biden-Harris Admin Released Him IntoU.S. https://www.dailywire.com/news/ice-arrests-illegal-alien-wanted-for-23-murders-in-peru-after-biden-harris-admin-released-him-into-u-s"
"@1","p1709","45520","https://www.DonaldJTrump.com"
"@1","p1708","45520","If you want lower prices, VOTE TRUMP https://www.DonaldJTrump.com"
"@1","p1707","45520","The Harris-Biden botched Afghanistan withdrawal was the single most embarrassing day in the history of our Country..."
"@1","p1706","45520","We are going to repeal Kamalas regulatory onslaught, saving households an estimated 5,000 a year at a minimum"
"@1","p1705","45520","We will END Kamalas Electric Vehicle Mandate"
"@1","p1704","45520","Between regulation and having tremendous supply, within one year of taking office, I will reduce energy and electric prices by at least half"
"@1","p1703","45520","As BORDER CZAR, Kamala allowed 20 MILLION PEOPLE to INVADE our COUNTRY. She wants to give them all citizenship and free government healthcareand let them raid Medicare and Social Security."
"@1","p1702","45520","PRICE INCREASES SINCEKAMALA HARRIS TOOK OFFICE"
"@1","p1701","45520","NO TAX ON TIPS"
"@1","p1700","45520","KAMALA is considered FAR MORE RADICAL than BERNIE SANDERS"
"@1","p1699","45520","When I left office, I handed Kamala a surging ECONOMY"
"@1","p1698","45520","The typical mortgage payment has tripled since I left officeThis KILLS the American dream for young people"
"@1","p1697","45520","Kamalas INFLATION NIGHTMARE continues to cost the average American family 1,100 every single month"
"@1","p1696","45520","Harris has just declared that tackling inflation will be a Day One priority for herBut Day One for Kamala was three and a half years ago. Where has she been"
"@1","p1695","45520","https://www.rsbnetwork.com/video/live-president-trump-holds-a-press-conference-in-bedminster-n-j-8-15-24/"
"@1","p1694","45520","ART OF THE SURGE: Tucker Carlson Network to release The Donald Trump Comeback https://www.rsbnetwork.com/news/art-of-the-surge-tucker-carlson-network-to-release-the-donald-trump-comeback/"
"@1","p1693","45520","Were leading in almost all Polls, in some cases leading by A LOT, despite the fact that the Fake News is pulling out all stops for their Radical Left San Francisco Liberal, Kamala Harris. In 2016, we did well, and WON. In 2020, we got Millions of more Votes and actually did much better than 2016, but nothing compares to this year, 2024. The Enthusiasm is GREAT, and the Management Team, headed up by Susie Wiles and Chris LaCivita, is THE BEST. Many people want to join the Campaign for the final push, some from the first two Campaigns - And we want as many as we can get I am pleased to announce that Corey Lewandowski, who was very involved in 2016, will be coming on board as a Senior Advisor. Others, likewise, are joining us. Theyll be announced soon Again, these 82 days will go down as the Most Important in Campaign History, and November 5th will be the Most Important Day in the History of our Country. We are a Nation in Decline, but we will soon be a Great Nation again MAGA2024"
"@1","p1692","45520","Did you know that the Kamala Harris price hikes have cost the average family 28,000"
"@1","p1691","45520","TO BIG TOO RIGSign up today at https://swampthevoteusa.com"
"@1","p1690","45519","Kamala Harris wants NOTHING TO DO WITH CROOKED JOE BIDEN. They are throwing him out on the Monday Night Stage, known as Death Valley. He now HATES Obama and Crazy Nancy more than he hates me He is an angry man, as he should be. They stole the Presidency from him  It was a Coup"
"@1","p1689","45519","Kamala Harris team, and Google, caught manipulating headlines and stories, creating FAKE NEWS. This is not legal"
"@1","p1688","45519","The Great Dana White"
"@1","p1687","45519","Jerrod Sessler is a fantastic Candidate and will be a GREAT Congressman for Washington States 4th Congressional District. A Navy Veteran, Entrepreneur, Loving Father and Husband, Jerrod will fight hard every day to Secure the Border, Stand for the Rule of Law, Strengthen our Military, Take Care of our Vets, Defend our Nation, and Protect our always under siege Second Amendment. He is running against a Weak and Pathetic RINO named Newhouse, who voted to, for no reason, Impeach me. Newhouse has to go He wished he didnt do what he did, but its too late, and besides that, he didnt represent the people nearly as well as Jerrod will. Jerrod will do an incredible job - He is MAGA all the way, and has my Complete and Total Endorsement. JERROD SESSLER WILL NEVER LET YOU DOWN"
"@1","p1686","45519","Job opportunities are available to help GET OUT THE VOTE FOR TRUMP Visit https://www.turnoutfortrump.com/ to apply. We must SWAMP THE VOTE."
"@1","p1685","45519","Joe Teirab is a terrific America First Candidate running to represent the Great People of Minnesotas 2nd Congressional DistrictA Marine Corps Veteran and Former Federal Prosecutor, Joe will be a tireless fighter in Congress who will work hard to Grow the Economy, Stop Inflation, Uphold the Rule of Law, Secure the Border, Promote American Energy, Stand with our Great Military/Vets, and Defend our always under siege Second Amendment. He is also supported by my friend, House Majority Whip Tom Emmer, and many other Highly Respected Leaders in Minnesota.Joe Teirab has my Complete and Total Endorsement  HE WILL NOT LET YOU DOWN"
"@1","p1684","45519","https://justthenews.com/accountability/congress-opens-probe-whether-google-search-misled-americans-trump-assassination"
"@1","p1683","45519","BIG NIGHT for Trump Endorsed Candidates, including Tony Wied, who was given virtually no chance of winning, and he won, with my Endorsement. Now its off to the Races for all 12 of them"
"@1","p1682","45519","https://rumble.com/v5axb1e-live-president-trump-in-asheville-nc.html"
"@1","p1681","45518","Judge Merchan just ruled that I, the Republican candidate for President, and leading in the Polls, am still under a Gag Order CONCERNING VERY IMPORTANT THINGS WHICH MUST BE BROUGHT TO LIGHT. I AM NOT ALLOWED TO ANSWER REPORTERS QUESTIONS. Can you believe this The New York Courts refuse to act. This is happening right before the voting begins on September 6th. Suppression and manipulation of the vote. Voter interference. This is the real Fascist stuff, the old Soviet Union So much to say, and Im not allowed to say it. Must get U.S. Supreme Court involved. New York is trying to steal the Election"
"@1","p1680","45518","Here we go The stupid people are at it again Defense secretary orders guided missile submarine to Middle EastMaj. Gen. Pat Ryder, Pentagon press secretary, revealed that Austin assured Israeli Defense Minister Yoav Gallant that the U.S. would take every possible step to defend Israel and noted the strengthening of U.S. military force posture and capabilities throughout the Middle East in light of escalating regional tensions.https://americasvoice.news/justthenews/defense-secretary-orders-guided-missile-submarine-middle-east/"
"@1","p1679","45518","Kamala is leading the crooked charge The government is out to impose lockdowns, mask mandates, and vax mandates this flu season. With these new classifications, its all already in process.@PeterMcCulloughMD @jfradioshowWATCH LIVE  http://bit.ly/plutoravJoin The Convo on Gettr  https://gettr.com/streaming/p3a0k7mb6ed"
"@1","p1678","45518","Google trying to rig the Election"
"@1","p1677","45518","Wow Google and the Harris Campaign are manipulating stories. Is this legal"
"@1","p1676","45518","Everywhere Kamala Harris has gone she has been followed by failure and suffering. As just one example, when she was put in charge of the Border, the Border Czar, it became the worst and most dangerous Border anywhere in the World Sheriff Mike Boudreaux of the California State Sheriffs Association, was used in a Kamala ad, but says he supports TRUMP - Manipulation of everything"
"@1","p1675","45518","My conversation with Elon last night was heard by a RECORD audience, and was really something special, as Elon himself is very special - and I thank him for such a strong Endorsement Unfortunately, because of the complexity of modern day equipment, and cellphone technology, my voice was, in certain areas, somewhat different and strange. Therefore, we have put out an actual, and perfect, recording of the conversation. ENJOY"
"@1","p1674","45518","https://www.DonaldJTrump.com"
"@1","p1673","45518","Kamala: You ruined San Francisco, one of the greatest cities in the World, you ruined California, one of the greatest places on Earth - And you will turn America into a giant combination of both. We are not going to let that happen. MAKE AMERICA GREAT AGAIN"
"@1","p1672","45518","https://www.DonaldJTrump.com"
"@1","p1671","45518","https://www.DonaldJTrump.com"
"@1","p1670","45518","Great job by Congressman Michael Waltz being interviewed by Will Cain on FoxNews. Kamala, a San Francisco Liberal, is bad news for the future of the USA"
"@1","p1669","45518","https://www.DonaldJTrump.com"
"@1","p1668","45518","https://www.DonaldJTrump.com"
"@1","p1667","45518","https://www.DonaldJTrump.com"
"@1","p1666","45518","https://www.DonaldJTrump.com"
"@1","p1665","45518","https://www.DonaldJTrump.com"
"@1","p1664","45518","https://www.DonaldJTrump.com"
"@1","p1663","45518","https://www.DonaldJTrump.com"
"@1","p1662","45518","https://www.DonaldJTrump.com"
"@1","p1661","45518","https://www.DonaldJTrump.com"
"@1","p1660","45518","Kamala Harris backs ABOLISHING PRIVATE INSURANCE"
"@1","p1659","45518","Kamala Harris was the leader of BANNING FRACKING IN THE UNITED STATES, and fought especially hard for No Fracking in Pennsylvania. The people of Pennsylvania are smart. She would devastate the Commonwealth, and they know it. They will VOTE FOR TRUMP"
"@1","p1658","45518","KAMALA HARRIS GOES THE EXACT OPPOSITE WAY ON HER LIFELONG POLICIES REGARDING ENERGY, HEALTHCARE, CRIME, AND BORDER. WHAT A JOKE SHE IS"
"@1","p1657","45517","I spent 2 1/2 hours last night talking to Elon, a fantastic guy, getting all-time record Views/hits, and all the Fake News wants to report is that the servers crashed because of the tremendous volume, and the show opened a little late. What they should be reporting was the incredible number of people that were listening. I absolutely HATE the Fake News Media. So bad for our Country"
"@1","p1656","45517","The NYT/Siena Poll has way over sampled Democrat voters, and way under sampled people who voted for me in 2020. The Fake News York Times insisted they do this so that it would look as bad as possible in comparison to their last poll, which was very good for me, way up, and made the very biased Times look stupid, just like in 2016. I am actually up on the San Francisco Liberal, despite all of Crooked Media. She would DESTROY AMERICA, just like she destroyed San Francisco"
"@1","p1655","45517","An all-time record, but the media refuses to write about it because they are FAKE NEWS"
"@1","p1654","45517","https://spectator.org/trump-reagan-and-gods-divine-plan/"
"@1","p1653","45517","https://humanevents.com/2024/07/15/kenny-cody-vance-is-the-best-vp-choice-for-trump"
"@1","p1652","45517","https://thenationalpulse.com/analysis-post/j-d-vance-is-the-ultimate-non-compromise-candidate/"
"@1","p1651","45517","https://www.thegatewaypundit.com/2024/07/wayne-root-my-trump-vp-pick-was-jd/"
"@1","p1650","45517","https://thehill.com/opinion/campaign/4785184-covering-for-biden-endangered-america-and-must-be-investigated/"
"@1","p1649","45517","https://www.breitbart.com/2024-election/2024/08/09/donald-trumps-popularity-approaches-historic-high-3-months-election/"
"@1","p1648","45517","Catherine Herridge: This is the one whistleblower exchange you cannot miss One of the supervisors said, very matter a fact, the agencys goal is to bankrupt you, make you quit, die, kill yourselves, or basically all of the above, according to whistleblower MIchael Taylor. BREAKINGCatherine Herridge: Leaked government memo confirms whistleblowers were targeted by Border Agency after exposing federal DNA Collection law was not followed for immigration violations. Homeland Security whistleblowers claim American deaths were preventable."
"@1","p1647","45517","BREAKINGCatherine Herridge: Leaked government memo confirms whistleblowers were targeted by Border Agency after exposing federal DNA Collection law was not followed for immigration violations. Homeland Security whistleblowers claim American deaths were preventable."
"@1","p1646","45517","An all-time record, but the media refuses to write about it because they are FAKE NEWS"
"@1","p1645","45517","https://www.DonaldJTrump.com"
"@1","p1644","45517","https://rumble.com/v5arhe5-president-trumps-exclusive-interview-with-elon-musk-on-x.html"
"@1","p1643","45517","President Trumps Interview with Elon Musk on X https://youtu.be/QzWjFzRMQNAsiRPHtdIf7Z60u92AH"
"@1","p1642","45517","Eric Hovde is running strong for the U.S. Senate in Wisconsin. He has my Complete and Total Endorsement, and has, right from the beginning. WISCONSIN, GET OUT AND VOTE - GO ERIC"
"@1","p1641","45517","After selling his highly successful Oil and Gas Business, Tony Wied decided to run for Congress in Wisconsins 8th Congressional District. Tony is running against RINO Roger Roth, who is a clone of Paul Ryan, and no friend to MAGA - He should drop out of the Race NOW. As your next Congressman, Tony will work hard to Unleash American Energy, Stop Inflation, Secure our Border, Support our Military/Vets, and Protect our always under siege Second Amendment. WISCONSIN, GET OUT AND VOTE. Tony Wied has my Complete and Total Endorsement - He will not let you down"
"@1","p1640","45517","Joe Teirab is a terrific America First Candidate running to represent the Great People of Minnesotas 2nd Congressional DistrictA Marine Corps Veteran and Former Federal Prosecutor, Joe will be a tireless fighter in Congress who will work hard to Grow the Economy, Stop Inflation, Uphold the Rule of Law, Secure the Border, Promote American Energy, Stand with our Great Military/Vets, and Defend our always under siege Second Amendment. He is also supported by my friend, House Majority Whip Tom Emmer, and many other Highly Respected Leaders in Minnesota.MINNESOTA, GET OUT AND VOTE. Joe Teirab has my Complete and Total Endorsement  HE WILL NOT LET YOU DOWN"
"@1","p1639","45517","Janel Brandtjen is a Proven Fighter for Wisconsin She has consistently defended Constitutional Freedoms, and fought for Free and Transparent Elections in Wisconsin. Janel has proven her integrity and dogged determination to keep Wisconsin FREE. Wisconsin needs Leaders who will empower Constituents to Hold their Elected Officials Accountable. No one does that better than Janel Brandtjen. WISCONSIN, GET OUT AND VOTE. Janel Brandtjen has my Complete and Total Endorsement - She will NEVER LET YOU DOWN"
"@1","p1638","45517","Congressman Tom Tiffany is a tremendous representative for Wisconsins 7th Congressional District Tom is a Patriot working to Grow the Economy, Secure the Border, Uphold the Rule of Law, Support our Veterans, Strengthen our Military, Defend our always under siege Second Amendment, and Champion our incredible Farmers. I am proud to have endorsed Tom for his landslide Special Election Victory in 2020, and I am proud to continue to support him. WISCONSIN, GET OUT AND VOTE. Tom Tiffany has my Complete and Total Endorsement - He WILL NEVER LET YOU DOWN"
"@1","p1637","45517","Congressman Glenn Grothman is a phenomenal Representative for the fantastic people of Wisconsins 6th Congressional District An America First Patriot, Glenn strongly advocates for our Great Farmers and American Agriculture, Supports our Brave Military and Veterans, Promotes our Energy, and Defends our always under siege Second Amendment. WISCONSIN, GET OUT AND VOTE - Glenn Grothman has my Complete and Total Endorsement"
"@1","p1636","45517","Congressman Scott Fitzgerald is doing an incredible job representing Wisconsins 5th Congressional District A retired Lieutenant Colonel in the U.S. Army Reserve, Scott is working hard to Support our Veterans, Strengthen our Military, Uphold the Rule of Law, Protect Life, Defend the Second Amendment, and Deliver High-Quality, Affordable Health Care. WISCONSIN, GET OUT AND VOTE - Scott Fitzgerald has my Complete and Total Endorsement"
"@1","p1635","45517","Congressman Derrick Van Orden is a tremendous champion for Wisconsins 3rd Congressional District. A retired Navy SEAL, Derrick bravely served our Country in combat, and brings that same Fighting Spirit to Congress. Derrick strongly advocates for our Great Farmers and American Agriculture, supports our incredible Military/Veterans, and Defends our always under siege Second Amendment. WISCONSIN, GET OUT AND VOTE - Derrick Van Orden has my Complete and Total Endorsement"
"@1","p1634","45517","Congressman Bryan Steil is a tremendous champion for the incredible people of Wisconsins 1st Congressional District As the Chair of the House Administration Committee, Bryan is an America First Fighter for Election Integrity. He is working hard to Secure the Border, Support our Veterans, Strengthen the Military, Defend the Second Amendment, and Promote American Agriculture and our Incredible Farmers. WISCONSIN, GET OUT AND VOTE - Bryan Steil has my Complete and Total Endorsement"
"@1","p1633","45517","Congressman Pete Stauber is a tremendous Representative of Minnesotas 8th Congressional District A Former Police Officer and Professional Hockey Player, Pete is working hard to Secure the Border, Support our Brave Law Enforcement and First Responders, Defend our always under siege Second Amendment, and Empower our Great American Workers to Restore Energy and Mineral Dominance. I first campaigned with Pete in 2018, and am proud to once again support him as we fight for the incredibly hardworking men and women of Northeastern Minnesota. Pete Stauber has my Complete and Total Endorsement. MINNESOTA, GET OUT AND VOTE"
"@1","p1632","45517","Congresswoman Michelle Fischbach is a proven America First Patriot for the Great People of Minnesotas 7thCongressional District. Michelle has done a fantastic job fighting to Secure our Borders, Support our Farmers, Defend our Military/Veterans, and Protect our always under siege Second Amendment. Michelle Fischbach has my Completeand Total Endorsement - She will never let you down. MINNESOTA, GET OUT AND VOTE"
"@1","p1631","45517","Tom Emmer is a fantastic Representative of Minnesotas 6th Congressional District, and is doing an incredible job as the Majority Whip of the U.S. House of Representatives. Tom has worked with us really well over the past 6 months, because he understands we can win Minnesota for the first time since 1972 - although I think we did really well last time Tom is fighting hard to Secure our Borders, Stop Illegal Immigration, Grow the Economy, Cut Taxes, and Protect and Defend our always under siege Second Amendment. Tom Emmer has my Complete and Total Endorsement. MINNESOTA, GET OUT AND VOTE"
"@1","p1630","45517","Congressman Brad Finstad is a Great Representative for the people of Minnesotas 1stCongressional District. Brad fights hard to Empower our Farmers, Protect our Military/Veterans, Secure our Border, and Defend our under siege Second Amendment. Brad Finstad has my Completeand Total Endorsement - He will always Stand Up for Southern Minnesota, and Put America First. MINNESOTA, GET OUT AND VOTE"
"@1","p1629","45517","Getting ready for chat with Elon. BIG audience. ENJOY  DJT"
"@1","p1628","45517","MAKE AMERICA GREAT AGAIN https://www.DonaldJTrump.com"
"@1","p1627","45517","Join https://www.TrumpForce47.com todayMAGA2024"
"@1","p1626","45517","https://www.DonaldJTrump.com"
"@1","p1625","45517","TRUMP WAS RIGHT ABOUT EVERYTHING https://www.DonaldJTrump.com"
"@1","p1624","45517","https://www.breitbart.com/politics/2024/08/11/kamala-harris-voted-pass-legislation-allowing-irs-track-workers-tips-taxed/"
"@1","p1623","45517","Biden just admitted that the Democrats extreme pressure campaign forced him to drop out of the Race for President. It all began, he said, with the Debate."
"@1","p1622","45517","A Major, and highly respected, Pollster: Dont let the embargo of other polling fool anyone - Democrats are in real trouble. Fake Polls are changing their methods and standards from 3 weeks ago. Highly inaccurate dishonest."
"@1","p1621","45517","Sheriff Mark Lamb of Arizona, KAMALA HARRIS HAS DONE A TERRIBLE JOB ON THE BORDER."
"@1","p1620","45517","https://www.DonaldJTrump.com"
"@1","p1619","45517","Kamala Harris just said, after 10 years of weak statements, and 3 1/2 years of REALLY WEAK ACTIONS, that she wants to get tough on the Border. Well, why hasnt she done it, its almost four years too late. Shes all talk, NO ACTION Our Country is being absolutely obliterated by her, our wonderful Border Czar, allowing millions of people to pour in, totally unchecked and unvetted, with large numbers of terrorists, and many others from prisons and mental institutions. Because of her, we have become a DUMPING GROUND FOR THE WORLD. KAMALA BROKE IT, I WILL FIX IT"
"@1","p1618","45516","KAMALA HARRIS IS STRONG, FOR YEARS, ON OPEN BORDERS, NO FRACKING, DEFUND THE POLICE, AND MORE. LETS SEE HER FLIP-FLOP ON THOSE LITTLE LIFELONG POLICIES OF HERS A COMPLETELY FRAUDULENT CAMPAIGN"
"@1","p1617","45516","ENJOY"
"@1","p1616","45516","See, Kamala is a fraud https://www.breitbart.com/politics/2024/08/11/kamala-harris-voted-pass-legislation-allowing-irs-track-workers-tips-taxed/"
"@1","p1615","45516","Thank you Marc. Kamala has no ideas, and would be an absolutely horrible, RADICAL LEFT, President, laughed at all over the World. Weve had enough of that DJT"
"@1","p1614","45516","NO TAX ON TIPS DJT"
"@1","p1613","45516","IT WILL BE IMPOSSIBLE FOR AMERICA TO SURVIVE ANOTHER FOUR YEARS OF A DEMOCRAT IN THE WHITE HOUSE"
"@1","p1612","45516","100 TRUE Harris a grave threat to Israelhttps://www.jpost.com/opinion/article-814286utmsourcejpost.app.appleutmmediumshare"
"@1","p1611","45516","Kamala Harris has flip-flopped on virtually every policy she has supported and lived by for her entire career, from the Border to Tips, and the Fake News Media isnt reporting it. She sounds more like Trump than Trump, copying almost everything. She is conning the American public, and will flip right back. I will MAKE AMERICA GREAT AGAIN There will be no flipping"
"@1","p1610","45516","Kamala Harris was put in sole charge of the Border. It quickly became the WORST AND MOST DANGEROUS BORDER IN HISTORY. As President, Harris will completely DESTROY OUR COUNTRY"
"@1","p1609","45516","As President-Elect, I worked with the Olympic Organizing Committee of Los Angeles in getting the 2028 Olympics to come to the United States. There was tremendous competition from other countries. President Obama refused to speak to the International Olympic Committee perhaps because of a previous rejection by them of a proposal personally made by him, which needed the enthusiastic support and approval of the U.S. President - Without which they would not have chosen our Country. I gave them what they wanted to hear, and got the job done It was my great honor to do so. Hopefully I will be President, and our Country will have reached new and record levels of success. SEE YOU IN 2028. Thank you"
"@1","p1608","45516","Im doing really well in the Presidential Race, leading in almost all of the REAL Polls, and this despite the Democrats unprecedentedly changing their Primary Winning Candidate, Sleepy Joe Biden, midstream, with a Candidate, Kamala Harris, who failed to get even a single Primary Vote, and was the first out of 15 Democrat Candidates to quit the race. I did great in 2016, and WON, did much better in 2020, getting many millions more votes than 16, but this, 2024, is thus far my best Campaign, the most enthusiasm and spirit, etc. My team is doing a great job despite the constant 8 year obstacle of dealing with the Fake News and low self esteem leakers. We are going to WIN BIG and take our Country back from the Radical Left Losers, Fascists, and Communists. We will, very quickly, MAKE AMERICA GREAT AGAIN"
"@1","p1607","45516","This is the real KamalaIRS introduces new service industry tip reporting program https://www.irs.gov/newsroom/irs-introduces-new-service-industry-tip-reporting-program"
"@1","p1606","45516","EVERYTHING ABOUT KAMALA IS FAKE"
"@1","p1605","45516","Look, we caught her with a fake crowd. There was nobody there"
"@1","p1604","45516","Has anyone noticed that Kamala CHEATED at the airport There was nobody at the plane, and she A.I.d it, and showed a massive crowd of so-called followers, BUT THEY DIDNT EXIST She was turned in by a maintenance worker at the airport when he noticed the fake crowd picture, but there was nobody there, later confirmed by the reflection of the mirror like finish on the Vice Presidential Plane. Shes a CHEATER. She had NOBODY waiting, and the crowd looked like 10,000 people Same thing is happening with her fake crowds at her speeches. This is the way the Democrats win Elections, by CHEATING - And theyre even worse at the Ballot Box. She should be disqualified because the creation of a fake image is ELECTION INTERFERENCE. Anyone who does that will cheat at ANYTHING"
"@1","p1603","45515","Congratulations to Lydia Ko on winning the Olympic Gold Medal in Golf. I met her at Trump Turnberry in Scotland, and she is most impressive, not only with her Golf clubs, but also as a person. Way to go Lydia"
"@1","p1602","45439","Hung Cao is a highly respected retired Navy Captain running to represent the Great People of Virginia in the United States Senate.A Combat Veteran and Highly Decorated Special Operations Officer, Hung Cao will be a tireless fighter to stop Inflation, grow our Economy, secure our Border, strongly support our Incredible Military/Vets, and defend our always under siege Second Amendment.Hung Cao has my Complete and Total Endorsement - HE WILL NEVER LET YOU DOWN, AND WE WILL, AT THE SAME TIME, GET RID OF THE WORST PRESIDENT IN THE HISTORY OF OUR COUNTRY, CROOKED JOE BIDEN"
"@1","p1601","45515","Eric Hovde is running strong for the U.S. Senate in Wisconsin. He has my Complete and Total Endorsement, and has, right from the beginning. Go Eric"
"@1","p1600","45515","THANK YOU TO GOVERNOR GLENN YOUNGKIN - WE WILL WIN VIRGINIA Virginia to require paper ballots for ALL electionshttps://thepostmillennial.com/virginia-to-require-paper-ballots-for-all-electionsutmcampaign64501"
"@1","p1599","45515","A GREAT VICTORY FOR JUSTICE - RELEASE THE J6 HOSTAGES, NOW Big News"
"@1","p1598","45515","Thank you Ned, a great honor I wrote this in 2012. . . @realDonaldTrump is the man in the relentless pursuit of Americanism and hes bringing us all with him. . . Every reality begins with a dream, and so greatness begins with a vision. We must lift up our eyes and see not what is, but what can be: a golden age for America where government is in its proper role, where the entrepreneurial spirit is unleashed again, where we have the greatest freedom within the bounds of ordered liberty.If were willing to let time go, put our hands to the plow and relentlessly pursue Americanism, this nation can be renewed and climb to even greater heights of freedom and prosperity in the 21stcentury. https://redstate.com/nedryun/2012/03/13/the-relentless-pursuit-of-americanism-n42534"
"@1","p1597","45515","The first Debate with Kamala Harris, for President of the United States of America, will be with FoxNews on September 4th, 2024, LIVE from beautiful Harrisburg, Pennsylvania. The second Debate will take place on Fake News ABC, home of George Slopadopoulos, to be anchored by David Muir, on September 10th, 2024, at Independence Hall in Philadelphia, Pennsylvania. The third Debate will take place on NBC, in Grand Rapids, Michigan, on September 25th, 2024, to be anchored by Lester Holt - Details to follow. I look forward to seeing Kamala at all three Debates DJT"
"@1","p1596","45515","Kamala Harris, whose Honeymoon period is ENDING, and is starting to get hammered in the Polls, just copied my NO TAXES ON TIPS Policy. The difference is, she wont do it, she just wants it for Political Purposes This was a TRUMP idea - She has no ideas, she can only steal from me. Remember, Kamala has proposed the LARGEST TAX INCREASE IN HISTORY - It wont happen. MAKE AMERICA GREAT AGAIN"
"@1","p1595","45515","Great visit to Montana and Wyoming, where I am leading BIG, and Colorado, whose Radical Left Governor has gone to all Mail-In Voting, making the State a POLITICAL CESSPOOL where, even if you were leading, it would make no difference Colorado is run by the Lunatic Left that led the effort, overturned by the United States Supreme Court, to keep me off the ballot. For that reason alone, Colorado will have A BIG TRUMP VOTE Anyway, the two day visit raised 28,000,000 for our very successful Presidential Campaign. Thank you to a truly beautiful part of the World"
"@1","p1594","45515","The Failing New York Times, which is a crooked newspaper run by a Radical Left group of Lunatics, is losing readers at a record level. Their stories about me are highly inaccurate, and their polling is even worse. They are a big reason for the DECLINE OF NEW YORK CITY, which the entire World is watching with shock and sorrow Its only hope is that I get elected President. I will fix it, and fix it fast"
"@1","p1593","45515","State Representative Rick Roth is doing a fantastic job in the Florida State House, and is now running to represent the Great People of Floridas 26th Senate DistrictRick has been with us from the very beginning, and is 100 MAGA As your next State Senator, Rick will work tirelessly to Secure our Border, Stop Migrant Crime, Create GREAT Jobs, End Inflation, Support our Incredible Military/Vets, and Protect our always under siege Second Amendment.Rick Roth has my Complete and Total Endorsement for State Senate in 2026 - HE WILL NOT LET YOU DOWN"
"@1","p1592","45515","I have known Rick Scott for a long time, as both a businessman and GREAT Governor of Florida - There are few like him Strong on the Border, the Economy, Crime, our Military/Vets, and our always under siege Second Amendment, RICK WILL NEVER LET YOU DOWN.I am proud to give Rick Scott my Complete and Total Endorsement - Everyone in Florida should help this incredible United States Senator have a BIG WIN"
"@1","p1591","45515","State Senator Ana Maria Rodriguez has been with us from the very beginning, and is a Tremendous Champion for the incredible people of Floridas 40th Senate DistrictAna Maria is fighting hard to Bring Back the American Dream, Grow the Economy, Secure the Border, Support our Incredible Military/Vets, Stand with our Great Law Enforcement, and Defend our always under siege Second Amendment.Ana Maria Rodriguez has my Complete and Total Endorsement for Re-Election in 2026 - SHE WILL NOT LET YOU DOWN"
"@1","p1590","45515","State Senator Ileana Garcia is a Tireless Advocate for Floridas 36th Senate DistrictAn America First Patriot who has been with us from the very beginning, Ileana is working hard to Grow the Economy, Lower Inflation, Secure the Border, Stop Migrant Crime, Support our Great Military/Vets, Stand with Law Enforcement, and Defend our always under siege Second Amendment.Ileana Garcia has my Complete and Total Endorsement for Re-Election in 2026 - SHE WILL NOT LET YOU DOWN"
"@1","p1589","45515","Congressman Byron Donalds is a Tremendous Champion for Floridas 19th Congressional DistrictA True Patriot, Byron is a FIGHTER for the People of Florida and ALL Americans. Byron works very hard to Secure the Border, Stop Inflation, Support our incredible Military/Vets, Protect our always under siege Second Amendment, and Restore the American Dream. Byron is a GREAT leader, and has my Complete and Total Endorsement."
"@1","p1588","45515","Congresswoman Anna Paulina Luna is an incredible representative for the people of Floridas 13th Congressional District.Anna works to Protect the Rights of All Americans, Drain the Swamp, Strengthen our Military and Veterans, Defeat the Woke Agenda, and Defend our always under siege 2nd Amendment. Anna Paulina Luna is a Warrior, a Winner, and has my Complete and Total Endorsement"
"@1","p1587","45515","The Trump Club of St. Johns County has been with me from the very beginning, and never stopped working to deliver Big Victories for our MAGA Movement. They have Endorsed three GREAT Fighters for Re-Election to the St. Johns County Commission - Christian Whitehurst, Roy Alaimo, and Henry Dean. These America First Patriots have been with us all the way, and will work hard to Grow the Economy, Keep your Families Safe, Strongly Support our Military/Vets, and Protect our always under siege Second Amendment. Christian Whitehurst, Roy Alaimo, and Henry Dean have my Complete and Total Endorsement - They will never let you down"
"@1","p1586","45515","The first Debate with Kamala Harris, for President of the United States of America, will be with FoxNews on September 4th, 2024, LIVE from beautiful Harrisburg, Pennsylvania. The second Debate will take place on Fake News ABC, home of George Slopadopoulos, to be anchored by David Muir, on September 10th, 2024, at Independence Hall in Philadelphia, Pennsylvania. The third Debate will take place on NBC, in Grand Rapids, Michigan, on September 25th, 2024, to be anchored by Lester Holt - Details to follow. I look forward to seeing Kamala at all three Debates DJT"
"@1","p1585","45515","How long will it be before Kamala Harris comes out with another TRUMP policy like, No Taxes will be paid by our Senior Citizens on Social Security Shes looking really bad now Everyone is waiting to see what idea, or policy of mine, she will copy next."
"@1","p1584","45515","Kamala has no imagination, whatsoever, as shown by the fact that she played COPYCAT with, NO TAXES ON TIPS"
"@1","p1583","45515","We were just informed by Microsoft Corporation that one of our many websites was hacked by the Iranian Government - Never a nice thing to do They were only able to get publicly available information but, nevertheless, they shouldnt be doing anything of this nature. Iran and others will stop at nothing, because our Government is Weak and Ineffective, but it wont be for long. What Iran doesnt realize is that I will make the World a better and safer place, and thats good for them, also"
"@1","p1582","45515","Kamala Harris, whose Honeymoon period is ENDING, and is starting to get hammered in the Polls, just copied my NO TAXES ON TIPS Policy. The difference is, she wont do it, she just wants it for Political Purposes This was a TRUMP idea - She has no ideas, she can only steal from me. Remember, Kamala has proposed the LARGEST TAX INCREASE IN HISTORY - It wont happen. MAKE AMERICA GREAT AGAIN"
"@1","p1581","45514","When I win, America will be RESPECTED AGAINbecause you will once again have a president who puts AMERICA FIRST, and who will FIGHT, FIGHT, FIGHT"
"@1","p1580","45514","President Donald Trump responds to Minnesota Gov. Tim Walz calling him and J.D. Vance weird."
"@1","p1579","45515","https://storage.courtlistener.com/recap/gov.uscourts.gand.240678/gov.uscourts.gand.240678.1681.0.pdf"
"@1","p1578","45515","THREAD: What does a Kamala Harris Administration look likeWhile presiding over the U.S. Senate as VP she has cast the most tie-breaking votes 33 in history.These votes are not just politically polarizing but show how damaging a Kamala Harris White House would be.See for yourself: https://threadreaderapp.com/thread/1816892168679628991.html"
"@1","p1577","45515","I DOUBT IT. SHE IS A RADICAL LEFT LUNATIC, AND THE WORST BORDER CZAR AND V.P. IN HISTORY"
"@1","p1576","45515","KAMALA IS IN THE ADMINISTRATION NOW SHE DOES NOTHING BUT COMPLAIN ABOUT THE TERRIBLE BORDER, ECONOMY, AND INFLATION. WHY DOESNT SHE FIX IT NOW BECAUSE SHE CANT - SHE DOESNT HAVE A CLUE"
"@1","p1575","45515","Inflation is rampant because of Joe  Kamala. They are there NOW, and do nothing I WILL BRING THE COST OF EVERYTHING WAY DOWN. I WILL BREAK THE INFLATION NIGHTMARE I WILL MAKE AMERICA GREAT AGAIN"
"@1","p1574","45515","Thank you Bo, so nice President Trump fought against child trafficking and arrested more traffickers than any other President.First Lady Melania Trump focused on protecting American childrens mental health and taking down cyber bullying.I miss having a first family that PROTECTED CHILDREN"
"@1","p1573","45514","THANK YOU, MONTANAMAGA2024"
"@1","p1572","45514","President Donald Trump responds to Minnesota Gov. Tim Walz calling him and J.D. Vance weird."
"@1","p1571","45514","When I win, America will be RESPECTED AGAINbecause you will once again have a president who puts AMERICA FIRST, and who will FIGHT, FIGHT, FIGHT"
"@1","p1570","45514","Meet the Real Kamala.Weak. Failed. Dangerously Liberal."
"@1","p1569","45514","Kamala is not just dangerously liberal, she is also grossly incompetent and low-IQ"
"@1","p1568","45514","So dont take my word for itKamala Harris agendastraight from her own mouth"
"@1","p1567","45514","As Minnesotas governor, Tim Walz let rioters and looters burn down Minneapolis while his wife opened the windows to enjoy the smell of the fires"
"@1","p1566","45514","If Comrade Walz and Comrade Harris win this November"
"@1","p1565","45514","LIVE IN BOZEMAN. MONTANA: https://rumble.com/v5a65tp-live-president-trump-in-bozeman-mt.html"
"@1","p1564","45514","https://rumble.com/v5a65tp-live-president-trump-in-bozeman-mt.html"
"@1","p1563","45514","Two Failing New York Times reporters questioned my story about a forced landing of a helicopter, in a field, with former Mayor of San Francisco, Willie Brown, and others. First of all, it was in New Jersey, not California, and it was Willie Brown, not former Governor Jerry Brown. So far they are about as accurate as they are with their other stories about me. At least when I became President, the NYT apologized to their readers for their REALLY BAD REPORTING ON THE PRESIDENTIAL RACE. Theyll probably have to do that again, much as Maggot Hagermann should apologize for her Fake  Fraudulent writing on the Russia, Russia, Russia HOAX, along with many other of her poorly written and badly researched stories. In an article dated April 15, 2011, His Willieness dishes about his good buddy Donald Trump. I remember one time Trump sent his private jet to Boston to pick me up. Hes just angling for another ride in Trumps jet helicopter. But now Willie doesnt remember No, he remembers"
"@1","p1562","45514","In the FAKE NEWS story done by the Failing New York Times on Willie Brown and his little helicopter ride with me many years ago, there were Logs, Maintenance Records, and Witnesses. There was also a story on Willie and Me. Why cant the Radical Left Failing New York Times write accurately, and fairly, on me - See following TRUTH I only have one major goal in life, and that is to, MAKE AMERICA GREAT AGAIN Wouldnt that be a good thing for the New York Times. Think of it, THEY COULD BE GREAT AGAIN"
"@1","p1561","45514","https://rumble.com/v5a65tp-live-president-trump-in-bozeman-mt.html"
"@1","p1560","45514","Just landed in beautiful Montana https://rumble.com/v5a65tp-live-president-trump-in-bozeman-mt.html"
"@1","p1559","45514","https://rumble.com/v5a65tp-live-president-trump-in-bozeman-mt.html"
"@1","p1558","45514","It will be interesting to see how loudly Joe Rogan gets BOOED the next time he enters the UFC Ring MAGA2024"
"@1","p1557","45514","Congratulations on a GREAT Primary Win Jerrod Sessler is a fantastic candidate and will be a GREAT Congressman for Washington States 4th Congressional District. A Navy Veteran, Entrepreneur, Loving Father and Husband, Jerrod will fight hard every day to secure the Border, stand for the Rule of Law, strengthen our Military, take care of our Vets, Defend our Nation, and protect our always under siege Second Amendment. He is running against a weak and pathetic RINO named Newhouse, who voted to, for no reason, Impeach me. Newhouse has to go Jerrod Sessler is MAGA all the way, and has my Complete and Total Endorsement - He will never let you down"
"@1","p1556","45514","ART OF THE SURGETHE DONALD TRUMP COMEBACK"
"@1","p1555","45514","Democrats should be furious that this has been going on"
"@1","p1554","45514","Kamala Harris: When we invest in clean energy, and electric vehicles, and reduce populationmore of our children can breathe clean air, and drink clean water."
"@1","p1553","45514","I AM SO GLAD YOU ASKED"
"@1","p1552","45514","WERLS ON THE 2024 ELECTION"
"@1","p1551","45514","MY NAME IS JADEI AM A FORMER DEMOCRAT"
"@1","p1550","45514","I CANT VOTE FOR A PARTY."
"@1","p1549","45514","KAMALA HARRIS: AN UNDOCUMENTED IMMIGRANT IS NOT A CRIMINAL"
"@1","p1548","45510","SO TERRIBLE"
"@1","p1547","45514","Rod Blagojevich on Obama"
"@1","p1546","45513","We are going to start the largest mass deportation in the history of our Country, because we have no choice. Its not sustainableWere going to start with violent criminals"
"@1","p1545","45513","Kamala has been the WORST BORDER CZAR IN HISTORY. She has welcomed 20 million illegal aliens, with terrorists and criminals among them, into the Countrythen sent them directly to our communities..."
"@1","p1544","45513","People want SAFETY and SECURITY. They want a Country thats going to be RESPECTED all around the world. They dont want this horrible culture that is developinga culture of no common sense"
"@1","p1543","45513","Our Country right now is in the most dangerous position its ever been in from an ECONOMIC standpoint and a SAFETY standpoint"
"@1","p1542","45513","It is clear that the Supreme Courts Historic Decision on Immunity demands and requires a Complete and Total Dismissal of ALL the Witch Hunts  The January 6th Hoax in Washington, D.C., the Manhattan D.A.s Zombie Case, the New York A.G. Scam, Fake Claims about a woman I never met a 40 year old photo in a line with her then husband does not count, and the Georgia Perfect Phone Call charges. The Democrat Justice Department coordinated ALL of these Political Attacks, which are an Election Interference Conspiracy against Crazy Kamala Harris and Crooked Joe Bidens Political Opponent, ME. Let us come together to END all Weaponization of our Justice System, and MAKE AMERICA GREAT AGAIN"
"@1","p1541","45513","https://www.breitbart.com/politics/2024/08/08/poll-donald-trump-leads-kamala-harris-in-michigan-pennsylvania-and-wisconsin/"
"@1","p1540","45513","https://www.breitbart.com/politics/2024/08/08/trump-kamala-has-been-very-very-bad-to-israel-and-to-jewish-people/"
"@1","p1539","45513","https://www.breitbart.com/politics/2024/08/08/trump-at-press-conference-calls-out-first-loser-kamala-harris-for-winning-no-votes/"
"@1","p1538","45513","We are going to start the largest mass deportation in the history of our Country, because we have no choice. Its not sustainableWere going to start with violent criminals"
"@1","p1537","45513","WE ARE A PARTY OF COMMON SENSE, AND I AM A PERSON OF COMMON SENSE"
"@1","p1536","45513","NO TAX ON SOCIAL SECURITY FOR SENIORSNO TAX ON TIPS"
"@1","p1535","45513","Kamala wants to take away everyones gunsYou cant do it"
"@1","p1534","45513","The fact that you can get no votes like Kamala, lose in the primary system, and you can then be picked to run for presidentseems to be unconstitutional."
"@1","p1533","45513","The ENTHUSIASM is on the side of the REPUBLICAN PARTY"
"@1","p1532","45513","The Presidency was taken away from Joe Biden, and Im no Biden fan"
"@1","p1531","45513","Kamala is WORSE than Bidenshe destroyed San Francisco, destroyed California, and is destroying our Country..."
"@1","p1530","45513","Kamala has been the WORST BORDER CZAR IN HISTORY. She has welcomed 20 million illegal aliens, with terrorists and criminals among them, into the Countrythen sent them directly to our communities..."
"@1","p1529","45513","People want SAFETY and SECURITY. They want a Country thats going to be RESPECTED all around the world. They dont want this horrible culture that is developinga culture of no common sense"
"@1","p1528","45513","Our Country right now is in the most dangerous position its ever been in from an ECONOMIC standpoint and a SAFETY standpoint"
"@1","p1527","45513","  "
"@1","p1526","45513","RASMUSSEN POLL, JUST OUT: TRUMP UP BIG OVER KAMALA"
"@1","p1525","45513","Radical Left Lunatics are threatening our Judges and Justices, playing the ref. This is ILLEGAL, and Election Interference. They are CRIMINALS"
"@1","p1524","45512","I will be doing a General News Conference at 2:00 P.M. at Mar-a-Lago, Palm Beach. Thank you"
"@1","p1523","45512","Will be well worth it. We will, MAKE AMERICA GREAT AGAIN"
"@1","p1522","45512","The Radical Left Lunatics always attack our Brilliant and Fair Judges and Justices. Thats the name of the game - They think theyll cower, and give them decisions that they dont deserve. They play the Ref, and what they do is probably illegal, but they dont care. It is the Great, Strong Willed, and Brilliant Judges and Justices of our Country who will lead us back to Greatness https://www.wsj.com/articles/the-smearing-of-judge-aileen-cannon-documents-case-trump-special-counsel-5e04b241"
"@1","p1521","45512","https://thehill.com/opinion/campaign/4768722-the-other-shoe-is-falling-listen-to-trump-about-terrorism-and-wwiii/"
"@1","p1520","45512","https://www.foxnews.com/opinion/trumps-classified-docs-case-dismissal-rebuke-bidens-out-of-control-doj"
"@1","p1519","45512","https://paulingrassia.substack.com/p/kamala-harris-helped-defraud-theutmcampaignposttriedRedirecttrue"
"@1","p1518","45512","https://paulingrassia.substack.com/p/trump-harris-matchup-early-polling"
"@1","p1517","45512","https://www.washingtontimes.com/news/2024/aug/6/how-gop-can-beat-kamala-harris/"
"@1","p1516","45512","https://www.foxnews.com/opinion/trump-did-something-hes-never-done-before-rnc-speech-now-election-may-already-over"
"@1","p1515","45512","https://justthenews.com/politics-policy/all-things-trump/trump-conducts-poll-during-michigan-rally-who-democratic-nominee"
"@1","p1514","45512","https://justthenews.com/events/gold-star-families-fallen-afghanistan-soldiers-say-biden-has-failed-them-trump-wont-forget"
"@1","p1513","45512","https://justthenews.com/government/diplomacy/europe"
"@1","p1512","45512","https://justthenews.com/government/security/joint-chiefs-chairman-says-it-would-be-great-if-trump-ends-russia-ukraine-war"
"@1","p1511","45512","https://justthenews.com/politics-policy/all-things-trump/trump-vows-shut-down-sanctuary-cities-if-elected-upcoming-race"
"@1","p1510","45512","https://justthenews.com/politics-policy/elections/election-integrity-moves-ahead-9th-circuit-ruling-pushback-non-citizens"
"@1","p1509","45512","https://www.foxnews.com/media/ohio-city-plunged-housing-crisis-15000-migrants-arrive-setting-us-up-fail"
"@1","p1508","45512","If Kamala has 1,000 people at a Rally, the Press goes crazy, and talks about how big it was - And she pays for her Crowd. When I have a Rally, and 100,000 people show up, the Fake News doesnt talk about it, THEY REFUSE TO MENTION CROWD SIZE. The Fake News is the Enemy of the People"
"@1","p1507","45512","This Election is about the ECONOMY, INFLATION, OPEN BORDERS ILLEGAL IMMIGRATION, RESPECT FOR OUR NATION, PREVENTING WORLD WAR lll AND A 1929 STYLE DEPRESSION"
"@1","p1506","45512","We are living in a Pro Criminal Atmosphere. It will end on November 5th."
"@1","p1505","45512","I will expose Kamala during the Debate the same way I exposed Crooked Joe, Hillary, and everyone else during Debates - Only I think Kamala will be easier DJT"
"@1","p1504","45512","I will be doing a General News Conference at 2:00 P.M. at Mar-a-Lago, Palm Beach. Thank you"
"@1","p1503","45512","Kamala refuses to do interviews because her team realizes she is unable to answer questions, much like Biden was not able to answer questions, but for different reasons. He is just plain shot, and she is just plain Incompetent. Her policies of Open Borders, No Fracking or Drilling for Oil in any Way, Shape or Form, Transgender anything, Anti Israel but gross incompetence toward getting anything done for the Palestinians, No Clue on Inflation, or the Economy, Unlimited Money to fight Foreign Wars, and so much more, are CATASTROPHIC. If she is Elected, our County, and indeed the World, will suffer a 1929 Style Great Depression. It will be the Worst in history and AMERICA WILL BE DESTROYED"
"@1","p1502","45512","Elizabeth Pipko, RNC Spokesperson, and Harrison Fields, former White House Spokesperson, were great tonight on FoxNews with Trace Gallagher. Young, Smart, with Common Sense - Nice to watch"
"@1","p1501","45512","QUESTIONS SWIRL AROUND WALZS SERVICE RECORD"
"@1","p1500","45512","VETTING TIM WALZS EXTREME RECORD"
"@1","p1499","45512","HIDING HARRIS"
"@1","p1498","45512","The Great Dana White in Sturgis, South Dakota He loves the people, and so do I"
"@1","p1497","45512","WALZ PUNISHED BUSINESSES  PEOPLE DURING COVID"
"@1","p1496","45512","WALZ HAS STRANGE CONNECTIONS WITH CHINA"
"@1","p1495","45512","DEMS ROLL OUT MOST RADICAL TICKET YET"
"@1","p1494","45512","VETERAN EXPOSES TRUTH ON WALZS MILITARY RECORD"
"@1","p1493","45512","ALL PLATITUDES, HORRIBLE POLICIES"
"@1","p1492","45512","https://justthenews.com/politics-policy/elections/tueaftwalzs-history-born-alive-abortions-opens-door-trump-gop-flip"
"@1","p1491","45512","In a stark warning, the U.S. Customs and Border Protection agency is altering all field offices that Iran or its proxies may try to transport operatives, money or materials across the southern or northern U.S. borders to conduct a terrorism attack against Americans, according to an agency memo https://justthenews.com/government/security/key-homeland-agency-warns-agents-iran-proxies-may-try-cross-border-attack"
"@1","p1490","45512","On Purple Heart Day, we honor the Brave and Courageous Service Members of the U.S. Armed Forces who made the ultimate sacrifice, to give us the very freedoms we have 24/7/365"
"@1","p1489","45512","The beautiful Commonwealth of Virginia, superbly led by Governor Glenn Youngkin, IS TAKING A STRONG LEAD IN SECURING THE ELECTION IN NOVEMBER  PROTECTING EVERY LEGAL VOTE AND KEEPING ILLEGAL ALIENS THAT HAVE BEEN LET INTO OUR COUNTRY FROM VOTING. All votes will be on paper ballots and counted safely and fairly, not by machines connected to the internet  A big security risk. We must work hard to make sure the Election is FAIR and SECURE EVERY STATE SHOULD FOLLOW VIRGINIAS LEAD. We need volunteers to watch the polls - So important. The Election on November 5th will be the MOST IMPORTANT ELECTION IN OUR COUNTRYS HISTORY. Thank you Glenn, GREAT JOB"
"@1","p1488","45512","The Attorney General of Georgia MUST get moving on this. So must Governor Kemp, and the Secretary of State. Its Fulton County again. Why arent they doing this What is going on We cant let this happen again. WE MUST WIN GEORGIA IN 2024 The Governor and A.G. MUST LEAD WOW Despite efforts to shut it down by the chairman, SEB2023-025 LIVES17,852 missing ballot images, 3,930 duplicates, missing documentation for 10 mystery tabulators all referred to the AG office for further investigation by outside investigatorsPTL"
"@1","p1487","45512","Thank you to Hal Lambert for his very strong words of wisdom during a Neil Cavuto interview on FoxNews. I especially liked his strong support for JD Vance, who has really come on strong, and is doing a fantastic job of exposing the Country threatening dangers of Kamala and her absolutely horrible V.P. choice. Would be the destruction of our Country as we know it"
"@1","p1486","45512","PHILADELPHIA, PENNSYLVANIA UNDER CROOKED JOE BIDEN AND CRAZY KAMABLA HARRIS"
"@1","p1485","45511","Governor Glenn Youngkin: Virginia is ready to win"
"@1","p1484","45511","WALZ IS A DISGRACE TO OUR COUNTRY, BUT KAMALA IS FAR WORSE https://www.newsweek.com/combat-veterans-like-me-tim-walzs-abandonment-his-unit-unforgivable-opinion-1935591"
"@1","p1483","45511","NO TAX FOR SENIORS  ON SOCIAL SECURITY"
"@1","p1482","45511","THIS IS A SHOCKING PICK"
"@1","p1481","45511","Watch this, it will be good I will be interviewed tomorrow morning at 7:30 A.M. on Fox  Friends. Much to talk about. ENJOY  DJT"
"@1","p1480","45511","A BIG NIGHT IN AMERICA. I was 24 for 24 in Endorsements, with numerous candidates that won being long shots. Very happy Congratulations to All, do a great job for America"
"@1","p1479","45511","Congratulations to Mike Kehoe on a BIG VICTORY. Also, a great job by Billy Long and all of Mikes many supporters https://www.DonaldJTrump.com"
"@1","p1478","45511","Crazy Kamabla cast the tie-breaking vote on MASSIVE SPENDING BILLS that caused the INFLATION CRISIS"
"@1","p1477","45511","https://www.foxnews.com/politics/tim-walz-hit-over-illegal-immigration-record-after-harris-pick-win-open-borders"
"@1","p1476","45511","https://www.DonaldJTrump.com"
"@1","p1475","45511","https://www.DonaldJTrump.com"
"@1","p1474","45511","Crazy Kamabla cast the tie-breaking vote on MASSIVE SPENDING BILLS that caused the INFLATION CRISIS"
"@1","p1473","45511","Crazy Kamabla is not in touch with realityShe thinks Bidenomics is working"
"@1","p1472","45511","Crazy Kamabla wants to Defund the Policeand give freedom to criminals"
"@1","p1471","45511","https://nypost.com/2024/08/06/us-news/tim-walz-embellished-military-career-for-years-dropped-from-national-guard-unit-ahead-of-iraq-deployment/"
"@1","p1470","45511","https://www.breitbart.com/politics/2024/08/06/biden-harris-dhs-freed-colombian-gang-leader-wanted-murder-into-us/"
"@1","p1469","45511","https://www.foxnews.com/politics/tim-walz-hit-over-illegal-immigration-record-after-harris-pick-win-open-borders"
"@1","p1468","45511","https://www.DonaldJTrump.com"
"@1","p1467","45511","GREAT WIN, JOE. YOU TRULY DESERVE IT - AN AMERICAN HERO  DJT https://www.DonaldJTrump.com"
"@1","p1466","45511","https://www.DonaldJTrump.com"
"@1","p1465","45511","https://www.DonaldJTrump.com"
"@1","p1464","45511","https://www.DonaldJTrump.com"
"@1","p1463","45511","https://www.DonaldJTrump.com"
"@1","p1462","45511","https://www.DonaldJTrump.com"
"@1","p1461","45511","https://www.DonaldJTrump.com"
"@1","p1460","45511","I will be interviewed tomorrow morning at 7:30 A.M. on Fox  Friends. Much to talk about. ENJOY  DJT"
"@1","p1459","45511","https://www.DonaldJTrump.com"
"@1","p1458","45511","https://www.DonaldJTrump.com"
"@1","p1457","45511","https://www.DonaldJTrump.com"
"@1","p1456","45511","https://www.DonaldJTrump.com"
"@1","p1455","45511","https://www.DonaldJTrump.com"
"@1","p1454","45511","https://www.DonaldJTrump.com"
"@1","p1453","45511","https://www.DonaldJTrump.com"
"@1","p1452","45511","https://www.DonaldJTrump.com"
"@1","p1451","45511","https://www.DonaldJTrump.com"
"@1","p1450","45511","https://www.DonaldJTrump.com"
"@1","p1449","45511","https://www.DonaldJTrump.com"
"@1","p1448","45511","https://www.DonaldJTrump.com"
"@1","p1447","45511","https://www.DonaldJTrump.com"
"@1","p1446","45511","https://www.DonaldJTrump.com"
"@1","p1445","45511","https://www.DonaldJTrump.com"
"@1","p1444","45511","I will be interviewed tomorrow morning at 7:30 A.M. on Fox  Friends. Much to talk about. ENJOY  DJT"
"@1","p1443","45511","https://justthenews.com/politics-policy/elections/tueaftwalzs-history-born-alive-abortions-opens-door-trump-gop-flip"
"@1","p1442","45511","ARE YOU BETTER OFF THAN YOU WERE 4 YEARS AGO https://www.DonaldJTrump.com"
"@1","p1441","45511","What are the chances that Crooked Joe Biden, the WORST President in the history of the U.S., whose Presidency was Unconstitutionally STOLEN from him by Kamabla, Barrack HUSSEIN Obama, Crazy Nancy Pelosi, Shifty Adam Schiff, Cryin Chuck Schumer, and others on the Lunatic Left, CRASHES the Democrat National Convention and tries to take back the Nomination, beginning with challenging me to another DEBATE. He feels that he made a historically tragic mistake by handing over the U.S. Presidency, a COUP, to the people in the World he most hates, and he wants it back, NOW"
"@1","p1440","45511","This is the most Radical Left duo in American history. There has never been anything like it, and there never will be again. Crazy Kamabla is, indeed, CRAZY. I HEAR THERE IS A BIG MOVEMENT TO BRING BACK CROOKED JOE."
"@1","p1439","45511","ON MONDAY NIGHT ILL BE DOING A MAJOR INTERVIEW WITH ELON MUSK  Details to follow"
"@1","p1438","45511","Wow Adin Ross Interview yesterday EXPLODED, but in a very positive way Platform set an all time record, by far, with over 100 MILLION Views/Hits. Congratulations to Adin and his wonderful mother, father, and family, who I had the pleasure to meet. Thank you also to Barron Trump for the introduction to your friend, Adin. Young people are the future of America. THOSE NUMBERS ARE REALLY BIG STUFF"
"@1","p1437","45510","THANK YOU"
"@1","p1436","45510","Lets all continue to keep the American hostages held in Gaza in our thoughts. They must be brought homeEdan Alexander Omer Neutra Hersh Goldberg PolinSagui Deckel Chen Kith Siegel"
"@1","p1435","45510","Kamabla Harris is afraid to Debate me on FoxNews. She will be easier to defeat on the Debate Stage than Crooked Joe Biden, just watch"
"@1","p1434","45510","I watched three weeks ago as George Slopadopolus interviewed Crooked Joe Biden, doing everything possible to keep him in the race after his terrible Presidential Debate performance. Liddle George, of ABC FAKE NEWS, was so solicitous and nice, asking easy questions and doing whatever was necessary to make Sleepy, the WORST President in the history of our Country Kamabla is the WORST V.P., look alert and sharp. It didnt work, but he tried Then I watched Slopadopolus viciously attack Congressman Byron Donalds, a future star in the Republican Party, with nasty and totally inappropriate questions, the exact opposite of the treatment given to Crooked Joe. The good news is that Byron swatted him away like a fly, not to be heard from again"
"@1","p1433","45510","https://event.donaldjtrump.com/events/president-donald-j-trump-to-hold-a-rally-in-bozeman-montana"
"@1","p1432","45510","Kamabla has stated, over and over again, that she wants to DEFUND THE POLICE AND, WITHOUT QUESTION, BAN FRACKING. NO MORE FOSSIL FUEL. This will quadruple the cost of energy in America DEPRESSION ANYONE"
"@1","p1431","45510","People vote with their STOMACH, and food is now at an all time high because of Kamabla/Biden INCOMPETENCE. With them in charge, IT WILL ONLY GET WORSE"
"@1","p1430","45510","Dan Franzese is a tremendous America First candidate running to represent the Great People of Floridas 22nd Congressional DistrictAs a very successful businessman, Dan knows how to Fight Inflation, Grow the Economy, Lower Taxes, and Eliminate Government Waste. In Congress, Dan will fight tirelessly to Secure our Border, Stop Migrant Crime, Advance Election Integrity, Strengthen our Incredible Military/Vets, and Defend our always under siege Second Amendment.Dan Franzese has my Complete and Total Endorsement  HE WILL NEVER LET YOU DOWN"
"@1","p1429","45510","Two Highly Respected America First Patriots, Holly Rehder and David Wasinger, are running for Lieutenant Governor of Missouri, a State that I love, and WON BIG in 2016 and 2020Both fierce advocates of Make America Great Again, Holly and David have been with us from the very beginning, and either one would be an incredible Lieutenant Governor who will work tirelessly to Grow the Economy, Stop Inflation, Cut Taxes and Regulations, Defend our always under siege Second Amendment, Support our Brave Vets and Law Enforcement, Promote our Wonderful Farmers and Manufacturers, and Champion Missouri Values. They are MAGA all the wayI am honored to give both Holly Rehder and David Wasinger my Complete and Total Endorsement to be the next Lieutenant Governor of the Great State of Missouri  HOLLY OR DAVID WILL NEVER LET YOU DOWN"
"@1","p1428","45510","Mark Levin: Kamala Harris Worst Israel-Hater, Islamist Propagandist to Seek Dem Presidential Nomination https://www.breitbart.com/politics/2024/08/02/mark-levin-kamala-harris-worst-israel-hater-islamist-propagandist-seek-democratic-presidential-nomination/"
"@1","p1427","45510","My new book SAVE AMERICA comes out on September 3rd. No other book like it Preorder your copy today at https://45books.com/."
"@1","p1426","45510","https://www.DonaldJTrump.com"
"@1","p1425","45510","https://www.breitbart.com/2024-election/2024/08/05/kamala-harris-2023-very-proud-bidenomics/"
"@1","p1424","45510","https://www.thegatewaypundit.com/2024/07/2024-election-fix-is-only-you-can-stop/"
"@1","p1423","45510","https://www.nysun.com/article/bidens-crash-and-burn-in-debate-cannot-obscure-how-masterful-trumps-performance-was"
"@1","p1422","45510","It all began right here. https://paulingrassia.substack.com/p/trump-won-thursdays-debate-looking"
"@1","p1421","45510","https://justthenews.com/government/congress/taxpayers-spent-tens-millions-helping-move-illegal-migrants-across-america"
"@1","p1420","45510","https://nypost.com/2024/06/30/opinion/a-7-trillion-lie-biden-worse-than-trump-on-national-debt"
"@1","p1419","45510","https://www.foxnews.com/opinion/july-4th-like-columbus-day-soon-simply-disappear"
"@1","p1418","45510","KAMALA KRASH"
"@1","p1417","45510","KAMALA IS INCOMPETENT"
"@1","p1416","45510","Breaking News: Crazy Kamala Harris let 99 WATCHLISTED TERRORIST suspects out of custody and into the United States to do harm to our Country. She is the WORST VOTE TRUMP. MAGA2024"
"@1","p1415","45510","SO TERRIBLE"
"@1","p1414","45510","Will be doing an interview with Adin Ross at 1:00 P.M. 20 minutes from now. Youre not going to want to miss this. So much to say, especially about the American Dream for young people, which is DEAD under Kamala/Biden. They dont have a clue, and she has said shes not a big fan of YOUTH Enjoy the show DJT"
"@1","p1413","45509","TRUMP CASH vs. KAMALA CRASH"
"@1","p1412","45509","KAMALA CRASH"
"@1","p1411","45509","Thank you"
"@1","p1410","45509","VOTERS HAVE A CHOICE  TRUMP PROSPERITY, OR THE KAMALA CRASH  GREAT DEPRESSION OF 2024, NOT TO MENTION THE PROBABILITY OF WORLD WAR lll IF THESE VERY STUPID PEOPLE REMAIN IN OFFICE. REMEMBER, TRUMP WAS RIGHT ABOUT EVERYTHING"
"@1","p1409","45509","Of course there is a massive market downturn. Kamala is even worse than Crooked Joe. Markets will NEVER accept the Radical Left Lunatic that DESTROYED San Francisco and California, as a whole. Next move, THE GREAT DEPRESSION OF 2024 You cant play games with MARKETS. KAMALA CRASH"
"@1","p1408","45509","The Left has simply swapped out a debilitated President for a challenged President.  Victor Davis Hanson"
"@1","p1407","45509","Japan down 12, India down 6. Germany way down also. U.S. really bad. This is a preview of the world markets without Donald J. Trump in the White House. None of this happens if Trump is in. Kamala and the markets dont go together. Shell destroy the markets. Shes in power now and look at what is happening. One week of the fake media saying better polls and you get a market crash. The Legendary Howard Lutnick"
"@1","p1406","45509","STOCK MARKETS ARE CRASHING, JOBS NUMBERS ARE TERRIBLE, WE ARE HEADING TO WORLD WAR lll, AND WE HAVE TWO OF THE MOST INCOMPETENT LEADERS IN HISTORY. THIS IS NOT GOOD"
"@1","p1405","45509","Thank you"
"@1","p1404","45509","THANK YOU. SO NICE Yes Sir Whatever it takes to get you back  Trump2024"
"@1","p1403","45509","STOCK MARKETS CRASHING. I TOLD YOU SO KAMALA DOESNT HAVE A CLUE. BIDEN IS SOUND ASLEEP. ALL CAUSED BY INEPT U.S. LEADERSHIP"
"@1","p1402","45509","https://youtu.be/CNSGTxDC2WQsiawoOBgBXXIonn46c"
"@1","p1401","45509","https://www.DonaldJTrump.com"
"@1","p1400","45509","THANK YOU, GEORGIA"
"@1","p1399","45509","Record performance for a Republican, ME, with Hispanics"
"@1","p1398","45509","Numbers really bad Major Recession A Real Possibility. FoxNews"
"@1","p1397","45509","Great job by Republican Congressman Greg Murphy, of North Carolina, on FoxNews interview DJT"
"@1","p1396","45509","Biden lost the Debate, and was down for the count, so they TOLD HIM TO GET OUT OF THE RACE, A Coup, and installed Crazy Kamala. What happens when she loses the Debate, and goes down. Will they replace her with yet another candidate Unprecedented disaster for the USA. A real THREAT TO DEMOCRACY"
"@1","p1395","45509","We have lost over 125,000 family farms since Crooked Joe Biden, and his even more incompetent Vice President, Crazy Kamala Harris, took over our government. THEY HATE OUR FARMERS, AND WANT THEM DRIVEN OUT OF BUSINESS  WHICH IS EXACTLY WHAT THEY ARE DOING FARMERS FOR TRUMP  MAGA2024 VOTE, VOTE, VOTE"
"@1","p1394","45508","JD Vance: The problem is going to be Kamala Harris record"
"@1","p1393","45508","Congratulations to my longtime friend, Senator Tim Scott, and his beautiful bride, Mindy Noce, who were married today in the Great State of South Carolina. You have a GREAT future. God bless you both"
"@1","p1392","45508","Joe Teirab is a terrific America First Candidate running to represent the Great People of Minnesotas 2nd Congressional DistrictA Marine Corps Veteran and Former Federal Prosecutor, Joe will be a tireless fighter in Congress who will work hard to Grow the Economy, Stop Inflation, Uphold the Rule of Law, Secure the Border, Promote American Energy, Stand with our Great Military/Vets, and Defend our always under siege Second Amendment. He is also supported by my friend, House Majority Whip Tom Emmer, and many other Highly Respected Leaders in Minnesota.Joe Teirab has my Complete and Total Endorsement  HE WILL NOT LET YOU DOWN"
"@1","p1391","45508","State Representative Paula Stark is doing a terrific job representing the Great People of Floridas 47th House DistrictAn America First Patriot who has been with us from the very beginning, Paula is fighting hard to Secure our Border, Stop Migrant Crime, Create Great Jobs, End Inflation, Support our Military/Vets, and Protect our always under siege Second Amendment.Paula Stark has my Complete and Total Endorsement  SHE WILL NEVER LET YOU DOWN"
"@1","p1390","45508","State Representative Webster Barnaby is doing a fantastic job representing the incredible people of Floridas 29th House DistrictAn America First Patriot who has been with us from the very beginning, Webster is working hard to Bring Back the American Dream, Grow the Economy, Secure the Border, Support our Military/Vets, Stand with our Great Law Enforcement, and Defend our always under siege Second Amendment.Webster Barnaby has my Complete and Total Endorsement  HE WILL NEVER LET YOU DOWN"
"@1","p1389","45508","State Representative Jessica Baker is a Tremendous Advocate for the Great People of Floridas 17th House DistrictAn America First Patriot who has been with us from the very beginning, Jessica is fighting hard to Grow the Economy, Stop Inflation, Secure the Border, End Migrant Crime, Support our Great Military/Vets and Law Enforcement, and Defend our always under siege Second Amendment.Jessica Baker has my Complete and Total Endorsement  SHE WILL NEVER LET YOU DOWN"
"@1","p1388","45508","State Representative Kevin Steele is a Tireless Advocate for the incredible people of Floridas 55th House DistrictAn America First Patriot who has been with us from the very beginning, Kevin is working hard to Restore the American Dream, Stop Inflation, Secure our Border, Safeguard our Elections, Support our Great Military/Vets, and Protect our always under siege Second Amendment.Kevin Steele has my Complete and Total Endorsement  HE WILL NEVER LET YOU DOWN"
"@1","p1387","45508","State Representative Juan Porras is an incredible Champion for the Great People of Floridas 119th House DistrictAn America First Patriot who has been with us from the very beginning, Juan is fighting hard to Secure our Border, End Migrant Crime, Support our Brave Military/Vets, Stand with Law Enforcement, Safeguard our Elections, and Protect our always under siege Second Amendment.Juan Porras has my Complete and Total Endorsement  HE WILL NEVER LET YOU DOWN"
"@1","p1386","45508","David Shoar is a tremendous America First Patriot who is running to represent the incredible people of Floridas 7th State Senate DistrictA Gulf War Army Veteran, David bravely served our Country, and has continued to fight to protect our Communities as St. Johns County Sheriff. As your next State Senator, David will bring that same fighting Spirit to Bring Back the Great American Dream, Grow the Economy, Stop Inflation, Secure the Border, Support our Brave Military/Vets, Advance Election Integrity, and Protect our always under siege Second Amendment.David Shoar, who is 100 MAGA, and has been with us from the very beginning, has my Complete and Total Endorsement  HE WILL NEVER LET YOU DOWN"
"@1","p1385","45508","Tiffany Smiley is a tremendous America First Candidate running to represent the Great People of Washingtons 4th Congressional DistrictA Triage Nurse, Veterans Advocate, Army Wife, Loving Mother, and a Strong Supporter of our Movement to Make America Great Again, Tiffany will be an INCREDIBLE Fighter in Congress who will work hard to Stop Inflation, Grow our Economy, Secure our Border, Strengthen our Incredible Military/Vets, and Defend our always under siege Second Amendment.Likewise, Jerrod Sessler, who I have Endorsed in the past, would be fantastic, fighting for the same things that Tiffany, and I, want for our Country. They are both running against a weak and pathetic RINO, Dan Newhouse, who stupidly voted to impeach me for absolutely no reason, and he now strongly wishes he didnt make that Decision. The other Impeachers are mostly all gone, a good thing for the U.S.A."
"@1","p1384","45508",".Newhouse has to go, and Republicans need to unite behind a WINNER to ensure we have a tremendous Victory in November. Therefore, I give my Complete and Total Endorsement to both Tiffany Smiley and Jerrod Kessler  EITHER OF WHICH WILL DO A TREMENDOUS JOB, AND NEVER LET YOU DOWN"
"@1","p1383","45508","By this time next year, Americas borders will be STRONG, SEALED, and SECURE. Inflation will be in FULL RETREAT. Our economy will be roaring back. Optimism will be surging. The American Dream will be thriving again for citizens of every race, religion, color, and creed. Law and Justice will reign all throughout our land. Freedom will be restored. The flame of liberty will be burning bright. Joe Biden and Kamala Harris, the worst administration in the history of our Country, will be a fading memory of the pastAnd our Great Silent Majority, including the once forgotten men and women of our Country, will be the ones shaping Americas magnificent future when I am the 47th president of the United States. Because we are all AMERICANSand together, we will show November 5th to be the most important day in the history of America"
"@1","p1382","45508","https://www.foxnews.com/media/kamala-harris-receives-worst-vice-presidential-rating-nbc-news-polls-history"
"@1","p1381","45508","THANK YOUATLANTA, GEORGIA https://www.DonaldJTrump.com"
"@1","p1380","45508","Join me live in Atlanta, Georgia Will be on @NewsMax, @RSBN, @OAN, @realamericasvoice, and Donald J. Trump @Rumble, among othersBIG CROWDMAGA2024 https://rumble.com/v59fxa5-live-president-trump-in-atlanta-ga.html Join me LIVE, this evening at 5:00PM EASTERN in Atlanta Georgia. Will be on @RSBN, @NewsMax, @OAN, @realamericasvoice, and Donald J. Trump @Rumble, among others. Big crowdMAGA2024 https://rumble.com/v59fxa5-live-president-trump-in-atlanta-ga.html"
"@1","p1379","45508","Congressman John Joyce of the 13th Congressional District in Pennsylvania"
"@1","p1378","45508","I JUST LANDED IN ATLANTA Join me LIVE, this evening at 5:00PM EASTERN in Atlanta Georgia. Will be on @RSBN, @NewsMax, @OAN, @realamericasvoice, and Donald J. Trump @Rumble, among others. Big crowdMAGA2024 https://rumble.com/v59fxa5-live-president-trump-in-atlanta-ga.html"
"@1","p1377","45508","JOBS REPORT: MUCH WEAKER THAN EXPECTED."
"@1","p1376","45508","Crazy Kamalas Radical Beliefs are being exposedSupport for banning fracking. Wanting to start from scratch with ICE. Supporting the Green New Deal that would end air travel. No Merry Christmas until amnesty. Eliminating private health insurance"
"@1","p1375","45508","Crazy Kamala Harris: I am committed to drastically reducing our prison population."
"@1","p1374","45508","Brad Raffensperger has to do his job, and make sure this Election is not stolen. Brian Kemp should focus his efforts on fighting Crime, not fighting Unity and the Republican Party His Crime Rate in Georgia is terrible, his Crime Rate in Atlanta is the worst, and his Economy is average. He should be seeking UNITY, not Retribution, especially against the man that got him the Nomination through Endorsement and, without whom, he could never have beaten Stacey Abrams. He and his wife didnt think he could win. I said, Im telling you youre going to win. Then he won, he was happy, and his wife said, Thank you Sir, well never be able to make it up to you Now she says she wont Endorse me, and is going to write in Brian Kemps name. Well, I dont want her Endorsement, and I dont want his. Theyre the ones who got Fani Willis and her boyfriend all jazzed up and ready to go. He could have ended that travesty with a phone call, but he doesnt want to end it because hes a bad guy."
"@1","p1373","45508",".Think of it, I got this guy elected and he did not want to do what the State Senate wanted on Election Integrity. He works with Raffensperger, he works with Geoff DuncanIts all a team. I truly believe they would rather see the Republican Party lose than win"
"@1","p1372","45508","Great job by Michaelah Montgomery. What a speech A special person with a fantastic future"
"@1","p1371","45508","Ill be in Atlanta soon, getting ready to land. Crazy Kamala was here a week ago, lots of empty seats, but the Crowd she got was because she had Entertainers, and it started leaving 10 minutes into her Speech. I dont need Entertainers to fill a Stadium, MAKING AMERICA GREAT AGAIN is your Entertainment Join me LIVE, this evening at 5:00PM EASTERN in Atlanta Georgia. Will be on @RSBN, @NewsMax, @OAN, @realamericasvoice, and Donald J. Trump @Rumble, among others. Big crowdMAGA2024 https://rumble.com/v59fxa5-live-president-trump-in-atlanta-ga.html"
"@1","p1370","45508","Congratulations to Georgia GOP Chair, Josh McKoon, for going after the failed former Lieutenant Governor of Georgia, who realized he could never win again, and quit his run for Office - His name is Geoff Duncan. He is a total lightweight, and went to work at a low salary for Fake News CNN. His sole function is to knock Donald J. Trump, but people dont want to hear him, or that, and its one of the many reasons that CNNs Ratings are so low although, Jake Tapper and Dana Bash were very fair to me on the Crooked Joe Biden Debate. Georgia should throw this bum out of the Party. He is unelectable and not respected by anyone, other than your lightweight Governor, Brian Kemp who, if it wasnt for me, would have never been Governor."
"@1","p1369","45508",".We have to purge the Party of people that go against our Candidates, and make it harder for a popular Republican President to beat the Radical Left Lunatics. Geoff Duncan is a loser who is disintegrating on his own. Congratulations to Josh McKoon for purging our Party of Misfits and people that dont want to see us succeed"
"@1","p1368","45508","See you soonAtlanta, Georgia https://rumble.com/v59fxa5-live-president-trump-in-atlanta-ga.html Join me LIVE, this evening at 5:00PM EASTERN in Atlanta Georgia. Will be on @RSBN, @NewsMax, @OAN, @realamericasvoice, and Donald J. Trump @Rumble, among others. Big crowdMAGA2024 https://rumble.com/v59fxa5-live-president-trump-in-atlanta-ga.html"
"@1","p1367","45508","Sign up and join TRUMP FORCE 47 today at https://TrumpForce47.com/."
"@1","p1366","45508","Does anyone notice that Kamala Harris doesnt do Interviews Thats because shes really DUMB Shes unable to speak properly without a Teleprompter. She has an extremely Low IQ, and our Country does not need someone who is unable to put two sentences together. She cant, and besides, we just got finished with that  His name is Sleepy Joe Biden"
"@1","p1365","45508","Kamala Harris doesnt have the mental capacity to do a REAL Debate against me, scheduled for September 4th in Pennsylvania. Shes afraid to do it because there is no way she can justify her Corrupt and Open Borders, the Environmental Destruction of our Country, the Afghanistan Embarrassment, Runaway Inflation, Terrible Economy, High Interest Rates and Taxes, and her years long fight to stop the words, Merry Christmas. Ill see her on September 4th or, I wont see her at all. She is acknowledged to be the Worst Vice President in History, which works very nicely against the Worst President, Crooked Joe Biden. The combination of these two Low IQ individuals have destroyed our Country, but we will MAKE AMERICA GREAT AGAIN"
"@1","p1364","45508","Like Crooked Joe Biden, who has WEAPONIZED GOVERNMENT AGAINST HIS POLITICAL OPPONENT, Crazy Kamala Harris is a LOW I.Q. INDIVIDUAL who cannot compete with the leaders of other countries. The USA doesnt stand a chance of greatness again with these low level intellects in charge She doesnt even want to debate me on September 4th. Like Sleepy Joe before her, she cant put two sentences together"
"@1","p1363","45488","https://d2.ads.rmbl.ws/v1/organic/cqeyJ6IjozOSwiYyI6MzI5OTgsImMyIjo5NjkwNH0sed40888c74635aaa29a4c7e2ebbd7fa394a2062b"
"@1","p1362","45508","Join me LIVE, this evening at 5:00PM EASTERN in Atlanta Georgia. Will be on @RSBN, @NewsMax, @OAN, @realamericasvoice, and Donald J. Trump @Rumble, among others. Big crowdMAGA2024 https://rumble.com/v59fxa5-live-president-trump-in-atlanta-ga.html"
"@1","p1361","45507","I have agreed with FoxNews to debate Kamala Harris on Wednesday, September 4th. The Debate was previously scheduled against Sleepy Joe Biden on ABC, but has been terminated in that Biden will no longer be a participant, and I am in litigation against ABC Network and George Slopadopoulos, thereby creating a conflict of interest. The FoxNews Debate will be held in the Great Commonwealth of Pennsylvania, at a site in an area to be determined. The Moderators of the Debate will be Bret Baier and Martha MacCallum, and the Rules will be similar to the Rules of my Debate with Sleepy Joe, who has been treated horribly by his Party  BUT WITH A FULL ARENA AUDIENCE."
"@1","p1360","45507",".As everyone knows, the Democrats have Unconstitutionally taken a Candidate, who was acknowledged to be defeated, and unceremoniously replaced him with a new Candidate. This has never been done before, and is a Threat to Democracy, but I am totally prepared to accept the results of this coup, and replace Joe on the Debate stage with Crazy Kamala Harris. I spent Hundreds of Millions of Dollars, Time, and Effort fighting Joe, and when I won the Debate, they threw a new Candidate into the ring. Not fair, but it is what it is Nevertheless, different Candidate or not, their bad Policies are the same, and this will be strongly revealed at the September 4th Debate. I look forward to meeting and debating Kamala Harris on September 4th. This date is convenient and appropriate in that it is just prior to the September 6th start of Early Voting in the 2024 Presidential Election. I look forward to seeing everyone on September 4th, in the Great Commonwealth of Pennsylvania"
"@1","p1359","45507","https://rogerstone.substack.com/p/jd-vance-isnt-weird-the-democrats"
"@1","p1358","45507","The NABJ event that I went to the other day was attended by a lot of really great people. The support that they gave me, and are still giving me, is very special. Thank you"
"@1","p1357","45507","Crazy Kamala Harris is not in touch with realityShe thinks Bidenomics is working"
"@1","p1356","45507","JESSE WATTERS: WHO IS KAMALA, REALLY"
"@1","p1355","45507","A MUST WATCH"
"@1","p1354","45507","Can anybody believe that I am still under a harsh Gag Order, placed on me by a Highly Conflicted, Unelected, and Acting New York Judge, which makes it very difficult to Campaign, especially when Crazy Kamala Harris is using this Witch Hunt against me. Every major Legal Scholar and Pundit has said that this case is a SCAM and a HOAX, and that I did nothing wrong. Story after story has been written that the Judge had no right to do what he did, that it was a political decision against the Opponent of Crooked Joe Biden and Crazy Kamala. It is unprecedented in United States History. The Gag Order should be voided at once and, based on the Immunity Decision just handed down by the United States Supreme Court, and for many other reasons, this case should be IMMEDIATELY terminated"
"@1","p1353","45507","https://www.foxnews.com/politics/vance-rips-harris-after-repetition-rare-unscripted-comments-freed-americans"
"@1","p1352","45506","I went 10 for 10 on endorsements tonight in the Great State of Tennessee, including Bobby Harshbarger, running against a strong, long-term incumbent supported by RINO Governor Bill Lee.A Great Day for Tennesseenow on to a Complete and Total Victory in November. MAGA 2024"
"@1","p1351","45506","Congratulations to Bobby Harshbarger, a fantastic candidate for Tennessee State Senate, who won against a long-term incumbent supported by RINO Governor Bill Lee, whose endorsement meant nothing. Bobby is a true America First Fighter, the son of very popular and effective Congresswoman Diana Harshbarger, and will fight to Secure our Border, Create Jobs, Protect our Military/Vets, and Defend our Always Under Siege 2nd Amendment. Bobby again has my Complete and Total Endorsement in the upcoming election on November 5, which he will win in a Landslide Congratulations to the entire Harshbarger Family"
"@1","p1350","45506","Listen to this GREAT song, MAKE AMERICA GREAT AGAIN, just out by fantastic Country Music Artist, Brian Kelley. It is the REAL DEAL"
"@1","p1349","45506","There has never been anything like the MAGA Movement. We raised 139 Million Dollars in July alone. We now have a whopping 327 Million Cash On Hand. Spectacular support from Great American Patriots who are donating to our Campaign for President of the United States, and helping out in many other ways. Much work to be done, but I will always keep fighting for YOU. Our Country is failing, but we will turn it around, quickly, and MAKE AMERICA GREAT AGAIN"
"@1","p1348","45506","I WILL KEEP MEN OUT OF WOMENS SPORTS"
"@1","p1347","45506","NO TAX ON SOCIAL SECURITY FOR SENIORS, NO TAX ON TIPS"
"@1","p1346","45506","The Greatest Show on Earth, which is what many people call it, in Harrisburg, Pennsylvania, was better than ever last night. Record Setting Crowd, biggest in the History of that very large, and nice, Arena, plus thousands that couldnt get in. What an evening it was  and such a Great Tribute to Corey, James, and David"
"@1","p1345","45506","Thank you to John Crimi, a Great Concrete Contractor"
"@1","p1344","45506","So when are they going to release the details of the prisoner swap with Russia How many people do we get versus them Are we also paying them cash Are they giving us cash Please withdraw that question, because Im sure the answer is NO Are we releasing murderers, killers, or thugs Just curious because we never make good deals, at anything, but especially hostage swaps. Our negotiators are always an embarrassment to us I got back many hostages, and gave the opposing Country NOTHING  and never any cash. To do so is bad precedent for the future. Thats the way it should be, or this situation will get worse and worse. They are extorting the United States of America. Theyre calling the trade complex  Thats so nobody can figure out how bad it is"
"@1","p1343","45505","So sad that Norah ODonnell of CBS News lost her show. They had Norah at a steal at 12 Million Dollars a year. Will she be doing Deface the Nation anymore, where she was so wonderful Was she better than the Late, Great Walter Cronkite, also of CBS News That is the only question left"
"@1","p1342","45505","Thank you Kamala for the nice picture you sent from many years ago Your warmth, friendship, and love of your Indian Heritage are very much appreciated."
"@1","p1341","45505","Trump on endorsements in Arizona, 10 for 10 MAGA2024"
"@1","p1340","45505","https://www.thegatewaypundit.com/2024/07/ingrassia-heading-convention-season-president-trump-looks-formidable/"
"@1","p1339","45505","https://justthenews.com/government/white-house/watchdog-biden-employs-152-more-staffers-trump-annual-cost-61-million"
"@1","p1338","45505","https://www.thegatewaypundit.com/2024/07/wayne-root-did-you-see-new-rnc-platform/"
"@1","p1337","45505","Word is that they refuse to have Sleepy Joe Biden at the Democratic National Convention. They hate him, and he hates them"
"@1","p1336","45505","THANK YOU PENNSYLVANIAhttps://rumble.com/v592ef9-live-president-trump-in-harrisburg-pa.html"
"@1","p1335","45505","7/31/24  HARRISBURG, PAhttps://www.DonaldJTrump.com"
"@1","p1334","45505","THANK YOU HARRISBURG, PENNSYLVANIAMAGA2024"
"@1","p1333","45505"," WOW, SEE YOU SOONMAGA2024 https://rumble.com/v592ef9-live-president-trump-in-harrisburg-pa.html"
"@1","p1332","45505","WOW, SEE YOU SOONMAGA2024 https://rumble.com/v592ef9-live-president-trump-in-harrisburg-pa.html On my way to the Commonwealth of Pennsylvania for a MAGA Rally in Harrisburg. Join me live at 6:00PM EasternWill be on @Newsmax, @RSBN, @realamericasvoice, @OAN, and Donald J. Trump @Rumble, among others. Big crowd, see you soonMAGA2024 https://rumble.com/v597wdp-live-president-donald-j.-trump-holds-a-rally-in-harrisburg-pa-73124.html"
"@1","p1331","45505","On my way to the Commonwealth of Pennsylvania for a MAGA Rally in Harrisburg. Join me live at 6:00PM EasternWill be on @Newsmax, @RSBN, @realamericasvoice, @OAN, and Donald J. Trump @Rumble, among others. Big crowd, see you soonMAGA2024 https://rumble.com/v597wdp-live-president-donald-j.-trump-holds-a-rally-in-harrisburg-pa-73124.html"
"@1","p1330","45505","Thank you, Byron"
"@1","p1329","45505","Crazy Kamala is saying shes Indian, not Black. This is a big deal. Stone cold phony. She uses everybody, including her racial identity"
"@1","p1328","45505","ABC FAKE NEWS, ONE OF THE WORST IN AMERICA"
"@1","p1327","45505","Thank you, Amber"
"@1","p1326","45505","Thank you, Leo"
"@1","p1325","45505","Thank you, Wesley In the spirit of having an important conversation with the American people and the black community, President Trump went in person to NABJ today unlike his Democrat opponent who continues to take the black community for granted. He stood strong in the face of vicious attacks and gotcha questions, because thats what leaders do.  As for his record, President Trump accomplished MORE for the Black Community than any other President in my lifetime.  FULL STOP. Hes responsible for the First Step Act real criminal justice reform, historic funding of HBCUs just like the one my parents attended, created opportunity zones, funded workforce development, was a CHAMPION for school choice, and delivered the greatest economy of our lifetime for Americans of ALL color.  Facts matter.  Trump has delivered for the black community and as President, he will AGAIN."
"@1","p1324","45505","Crazy Kamala Harris"
"@1","p1323","45505","The questions were Rude and Nasty, often in the form of a statement, but we CRUSHED IT"
"@1","p1322","45505","Crazy Kamala Harris should never have taken the Trump Oil Sanctions off Maduro. She made one of the ALL TIME WORST DEALSCrazy Kamala helped lead the charge to release Maduros top Money Launderer and his two convicted Drug Dealer Nephews in return for an obviously fake promise of Free and Fair Elections for the People of Venezuela. THEY WERENT FREE OR FAIRLook at whats happening now - Maduro sold his Oil, was reunited with his Money Launderer and Drug Dealing Nephews, and the Venezuelan People GOT NOTHING. Venezuela is destroyed, and its wonderful people are bankrupt and dying Much of their blood is on the hands of dangerously liberal and failed American Politicians like Crazy Kamala Harris and Crooked Joe Biden."
"@1","p1321","45505",".The State Department put a bounty on Maduro for 15 Million Dollars, but Crazy Kamala and Crooked Joe are paying him BILLIONS OF DOLLARS for his Oil, instead of using our own, which is much better. America needs a STRONG Leader.People who need Peace and Freedom from Tyranny around the World depend on it. MAGA2024"
"@1","p1320","45505","Ive been waiting for a half hour. The speaker equipment at the NABJ is not working properly. Dont blame me for being late"
"@1","p1319","45505","https://CatholicVote.org/ is doing GREAT work getting Voters to the Polls  All Catholics should join this incredible cause Crazy Kamala Harris is anti-Catholic. She attacked a Judicial Nominee for being a member of the Highly Respected Knights of Columbus There should NEVER be a Religious Test for serving our Country. IN GOD WE TRUST"
"@1","p1318","45505","Getting ready to land in Chicago  unlike Crazy Kamala"
"@1","p1317","45505","They told me and Crazy Kamala Harris that you could not do this Event with ZOOM  It is not allowed or acceptable She declined, and I am getting ready to land in Chicago in order to be there. Now I am told that she is doing the Event on ZOOM. WHATS GOING ON HERE"
"@1","p1316","45504","Just spoke at the Bitcoin Conference in Nashville, Tennessee on Saturday. It was GREAT Get yourBitcoin Sneakers now. These are Limited Edition, they are each numbered, and you can now pay with Bitcoin or your favorite Crypto. Have fun  Go to https://gettrumpsneakers.com/ before they are gone"
"@1","p1315","45504","Crazy Kamala disrespectfully refused to attend the National Association of Black Journalists Conference, but I am on my way to meet with them now in Chicago. Because of which, shell probably end up doing, she has no choice, but rememberit is only for that reason"
"@1","p1314","45504","SENIORS SHOULD NOT PAY TAX ON SOCIAL SECURITY"
"@1","p1313","45504","Sign up and join TRUMP FORCE 47 today at https://TrumpForce47.com/."
"@1","p1312","45504","CATHOLICS FOR TRUMP"
"@1","p1311","45504","A large group of Catholics is launching a major Political Campaign against Crazy Kamala Harris. FINALLY Catholics are literally being persecuted by this Wack Job, just ask the Knights of Columbus. They say that she is the most Anti-Catholic person ever to run for high office in the U.S. This respected group wants ALL CATHOLICS TO VOTE AGAINST KAMALA, and they are 100 correct. P.S. Jewish people are treated even worse, if thats possible. They are dropping Kamala and the Democrats like flies - And its about time"
"@1","p1310","45504","Crazy Kamala wants to DEFUND THE POLICENot under my watch"
"@1","p1309","45504","HOME PRICES UP 39 SINCE BIDEN AND HARRIS TOOK OFFICE. 39"
"@1","p1308","45504","RUSSIA NEVER INVADED UKRAINE UNDER TRUMP IRAN NEVER INVADED ISRAEL UNDER TRUMP NOBODY INVADED ANYBODY UNDER TRUMP CHINA NEVER EVEN THOUGHT OF INVADING TAIWAN UNDER TRUMP BIGGEST EVER EMBARRASSMENT IN AFGHANISTAN WOULD HAVE NEVER HAPPENED UNDER TRUMP THERE WAS NO INFLATION UNDER TRUMP WHAT A DIFFERENT WORLD IT WOULD BE UNDER TRUMP"
"@1","p1307","45504","And staged a coup to get Crooked Joe out"
"@1","p1306","45504","Crazy Kamala Harris, voted the WORST Vice President in American history, needed a concert to bring people into the Atlanta arena, and they started leaving 5 minutes into her speech. I dont need concerts or entertainers, I just have to MAKE AMERICA GREAT AGAIN"
"@1","p1305","45504","I will be interviewed tonight at 7:00 P.M. in 5 minutes by Laura Ingraham on FoxNews. Lots of things to discuss. Enjoy"
"@1","p1304","45504","Missouri has two Highly Respected Candidates running for the important Office of Attorney General, your current A.G., Andrew Bailey, and one of my very talented lawyers in private life, Will Scharf. Both have fearlessly confronted the Radical Lefts destructive Lawfare and Weaponization of Justice with Great Wisdom, Courage, and Strength The people of Missouri can have incredible Confidence that your next Attorney General will fight tirelessly to Protect our Beloved Constitution, Safeguard our Inalienable Rights, and RESTORE LIBERTY AND JUSTICE FOR ALL. These two men are truly outstanding in every way, shape, and form. I am honored to give both Andrew Bailey and Will Scharf my Complete and Total Endorsement  NEITHER ONE WILL EVER LET YOU DOWN"
"@1","p1303","45504","GOVERNMENT GANGSTERS is an explosive new Documentary based on Kash Patels Best Selling Book. This MUST WATCH film exposes the Deep State Operatives behind every Witch Hunt - The Fake Dossier, RUSSIA, RUSSIA, RUSSIA, UKRAINE, UKRAINE, UKRAINE, Impeachment Hoax 1, Impeachment Hoax 2, the No Collusion Mueller Report, and so much more. The Radical Lefts destructive Weaponization of Law Enforcement, Defense, and Intel must end, and quickly. This new Documentary is a MUST SEE MAKE AMERICA GREAT AGAINVOTE 2024 https://warroom.film/"
"@1","p1302","45504","CRAZY KAMALA HARRIS"
"@1","p1301","45504","BORDER CZARCRAZY KAMALA HARRIS"
"@1","p1300","45504","It was an honor to join NYCs 1 Morning Talk Show, and friend, Sid Rosenberg  @nybestmorning  this morning. Thank you, lets WIN NEW YORKMAGA2024"
"@1","p1299","45504","Fox News Sean Hannity joined Fox  Friends this morning to discuss Kamala Harris radical record, and the CyberGuy Kurt Knutsson on the backlash facing Google and Meta over recent censorship claims"
"@1","p1298","45503","https://www.foxnews.com/video/6359620103112"
"@1","p1297","45503","https://www.foxnews.com/video/6359621767112"
"@1","p1296","45503","Facebook has just admitted that it wrongly censored the Trump attempted assassination photo, and got caught. Same thing for Google. They made it virtually impossible to find pictures or anything about this heinous act. Both are facing BIG BACKLASH OVER CENSORSHIP CLAIMS. Here we go again, another attempt at RIGGING THE ELECTION GO AFTER META AND GOOGLE. LET THEM KNOW WE ARE ALL WISE TO THEM, WILL BE MUCH TOUGHER THIS TIME. MAGA2024"
"@1","p1295","45503","KAMALA RECYCLES BIDENS FAILED AGENDA"
"@1","p1294","45503","Crazy Kamala cast the tie-breaking vote on MASSIVE SPENDING BILLS that caused the INFLATION CRISISWATCHhttps://www.DonaldJTrump.com"
"@1","p1293","45503","Kamala is just another Radical Defund the Police Liberal"
"@1","p1292","45503","EVERY VOTER IN MINNESOTA NEEDS TO KNOW MINNESOTASUMMER OF 2020"
"@1","p1291","45503","OPEC NATIONS ARE GOING ALL OUT TO DRIVE DOWN OIL PRICES IN THE HOPE THAT CRAZY KAMALA HARRIS WILL WIN. THEN THEY WILL REALLY REAP THE REWARDS SHE WILL BE A DISASTER FOR THE USA"
"@1","p1290","45503","Why is FoxNews putting on Crazy Kamala Harris Rallies Why do they allow the perverts at the failed and disgraced Lincoln Project to advertise on FoxNews Even Mr. Kellyanne Conway, a man so badly hurt and humiliated by his wife she must have done some really NASTY things to him, because he is CRAZY, is advertising on FoxNews. We have to WIN WITHOUT FOX"
"@1","p1289","45503","Kamala Harris is dangerously liberal. These are her own words"
"@1","p1288","45501","Does anybody really want this to be President of the United States"
"@1","p1287","45501","MINNESOTASUMMER OF 2020"
"@1","p1286","45502","Mark Levin: We found a clip where Kamala Harris told us what her views are of Human Nature, and where she would take this Country. Now, either she is a rabid Marxist scholar who embraces it, or shes a blithering idiot."
"@1","p1285","45502","Mark Levin: Here she Kamala Harris is basically comparing U.S. Immigration and Customs Enforcements ICE, to the perception of the Ku Klux Klanthe combination of stupidity and arrogance is on full display, right here"
"@1","p1284","45502","Kamala Harris praising Defund Police Movement in resurfaced video"
"@1","p1283","45502","KAMALA HARRIS RADICAL POSITIONS"
"@1","p1282","45502","Mark Levin: Now this is the real Kamala Harris"
"@1","p1281","45502","https://www.youtube.com/watchvnsNclEgQZQ"
"@1","p1280","45502","Michael Whatley: This is the most unified Republican Party that we have had in decades"
"@1","p1279","45502","Would be the end of America"
"@1","p1278","45502","https://dailycaller.com/2024/07/28/google-backlash-censorship-trump-assassination-attempt-autocomplete/"
"@1","p1277","45502","Does anybody really want this to be President of the United States"
"@1","p1276","45502","100 DAYS OUT JOIN THE FIGHT AT https://TRUMPFORCE47.com/."
"@1","p1275","45502","Mark Levin: Now this is the real Kamala Harris"
"@1","p1274","45502","KAMALA HARRIS RADICAL POSITIONS"
"@1","p1273","45502","Kamala Harris praising Defund Police Movement in resurfaced video"
"@1","p1272","45502","Mark Levin: Here she Kamala Harris is basically comparing U.S. Immigration and Customs Enforcements ICE, to the perception of the Ku Klux Klanthe combination of stupidity and arrogance is on full display, right here"
"@1","p1271","45502","Mark Levin: We found a clip where Kamala Harris told us what her views are of Human Nature, and where she would take this Country. Now, either she is a rabid Marxist scholar who embraces it, or shes a blithering idiot."
"@1","p1270","45502","100 DAYS OUT JOIN THE FIGHT AT https://TRUMPFORCE47.com/."
"@1","p1269","45502","Border Czar Kamala Harris: An UNDOCUMENTED immigrant is NOT a criminal."
"@1","p1268","45502","Senator Marsha Blackburn is a fantastic Senator for the Great State of Tennessee. She has been with me from the very beginning, and has never let me downAs the Chair of the Committee on the Platform at the Republican National Convention, Marsha did an incredible job in passing a strong AMERICA FIRST Agenda, one that will help us win Majorities in the House and Senate and, very importantly, the White House.A True Fighter for our Movement to Make America Great Again, Marsha is working tirelessly to Secure the Border, Create Jobs, Support our Military/Vets, Defend Religious Liberty, and Protect our always under siege Second Amendment.Senator Marsha Blackburn is a friend and a WINNER, and has my Complete and Total Endorsement for Re-Election"
"@1","p1267","45502","Joe Kent, a Great American Hero, who paid a very big price in fighting for our Country, is running to represent the incredible people of Washingtons 3rd Congressional District, a District that I won twice, and look forward to easily winning a third time.Joe is a Gold Star Husband, who bravely served our Country as a Special Forces Combat Veteran. His opponents cannot compete with Joe in any way, shape, or form In Congress, Joe will work tirelessly to Grow the Economy, Stop Inflation, Uphold the Rule of Law, Secure our Border, Support our Military/Vets, and Protect our always under siege Second Amendment.Joe Kent is America First all the way, AN ABSOLUTE WINNER, and has my Complete and Total Endorsement - HE WILL NOT LET YOU DOWN"
"@1","p1266","45501","MINNESOTASUMMER OF 2020"
"@1","p1265","45501","Great job by Katie Frost, a highly respected Republican Strategist, on Fox  Friends Sunday. She really gets it"
"@1","p1264","45501","Does anybody really want this to be President of the United States"
"@1","p1263","45501","The overflow crowd in St. Cloud, Minnesota tonight. THANK YOUMAGA2024 https://www.DonaldJTrump.com"
"@1","p1262","45501","   ,  ,  ,      ,        .      .      .      .      .            "
"@1","p1261","45501","By this time next year, Americas borders will be STRONG, SEALED, and SECURE. Inflation will be in FULL RETREAT. Our economy will be roaring back. Optimism will be surging. The American Dream will be thriving again for citizens of every race, religion, color, and creed. Law and Justice will reign all throughout our land. Freedom will be restored. The flame of liberty will be burning bright. Joe Biden and Kamala Harris, the worst administration in the history of our Country, will be a fading memory of the pastAnd our Great Silent Majority, including the once forgotten men and women of our Country, will be the ones shaping Americas magnificent future when I am the 47th President of the United States https://www.DonaldJTrump.com"
"@1","p1260","45501","Kamala Harris was the ORIGINAL Marxist District Attorneyshe destroyed San Francisco, and she will destroy our Country. Harris supports ending cash bail nationwide, which means releasing violent criminals immediately after arrest. She wants to abolish jail sentences for parole violators, she endorsed DE-FUNDING THE POLICE, and she sponsored a bill to strip police officers of legal protection, leaving our communities at the mercy of deranged criminals and violent mobs"
"@1","p1259","45501","Unlike Kamala Harris, under my leadership, we will NEVER defund the policeand we will give our heroes the protection, resources, and RESPECT they so dearly deserve"
"@1","p1258","45501","I will not cut one penny from Social Security or Medicare, and I will not raise the retirement age by one day. I kept that promise for 4 years, and I will keep it again. By contrast, Kamala Harris cast the tie-breaking vote to cut Medicare by 237 billion dollarsa heartless betrayal of American seniors"
"@1","p1257","45501","With your vote in this election, inflation will stop, the illegal aliens will be turned back, the cartels will retreat, crime will fall, energy prices will plummet, incomes will soar, and a world in chaos will rapidly be transformed into a planet at peace. Under the Trump administration, the AMERICAN DREAM will come roaring backBIGGER, BETTER, and STRONGER than ever before"
"@1","p1256","45501","Less than 4 months from now, Minnesota is going to defeat Kamala Harris, who a short time ago, strongly fought to DEFUND THE POLICE. We are going to evict this Radical and Incompetent administration from the White House, and together, we are going to Make America Great Again https://rumble.com/v58k71t-live-president-trump-in-st.-cloud-mn.html"
"@1","p1255","45501","We have a very important Republican Primary Election on Tuesday for Arizonas 8th Congressional District, with two spectacular America First Candidates.Blake Masters is a very successful businessman, and an incredibly strong supporter of our Movement to Make America Great Again - He is smart and tough Likewise, Abe Hamadeh, a Veteran, former prosecutor, and fearless fighter for Election Integrity, has been with me all the wayIn Congress, we need a true Warrior who will work tirelessly with us to Grow our Economy, Stop Inflation, Secure our Border, End Migrant Crime, Support our Great Military/Vets, and Protect our always under siege Second Amendment - They will both be spectacular, and Im pleased to announce that both Blake Masters and Abe Hamadeh have my Complete and Total Endorsement to be the next Congressman of Arizonas 8th Congressional District  THEY WILL NOT LET YOU DOWN"
"@1","p1254","45501","New York Times Bestselling Author, the Great Tammy Bruce, has written an incredible Book, FEAR ITSELF: Exposing the Lefts Mind-Killing Agenda. Tammy understood Left Wing Lunacy as a destructive force long before most others, and has been a very strong Voice, one of the best, in the fight to Save our Country. This is an important book, a MUST READ, as we confront the dangers of Communism and Fascism, with the fearless Spirit that will MAKE AMERICA GREAT AGAIN. Congratulations to Tammy on having done yet another truly great job Order today: https://www.amazon.com/Fear-Itself-Tammy-Bruce/dp/0063228521"
"@1","p1253","45501","Darin Smith is a Highly Respected America First Patriot running for State Senate in Wyoming.A successful entrepreneur, Darin will Fight to Lower your Taxes, Grow the Economy, Secure the Border, Protect our Incredible Military/Vets, and Defend our always under siege Second Amendment.Darin Smith has my Complete and Total Endorsement  HE WILL NEVER LET YOU DOWN"
"@1","p1252","45500","Join me this evening at 8:00 P.M. EASTERNLIVE from St. Cloud, Minnesota. Will be on @RSBN, @NewsMax, @OAN, @realamericasvoice, and Donald J. Trump, among othersMAGA2024 https://rumble.com/v58k71t-live-president-trump-in-st.-cloud-mn.html"
"@1","p1251","45501","I love the State of Missouri for every reason in the book, including the fact that it is loaded up with truly GREAT people. I also like Endorsing Candidates for Office if I think theyre good, and usually there is a differentiation, usually a big one, where it is not that difficult to do. But Missouri has three great people running for Governor - Jay Ashcroft, Mike Kehoe, and Bill Eigel. All have had excellent careers, and have been with me from the beginning. They are MAGA and America First all the way I cant hurt two of them by Endorsing one so, therefore, Im going to Endorse, for Governor of the Great State of Missouri, Jay Ashcroft, Mike Kehoe, and Bill Eigel. Choose any one of them - You cant go wrong"
"@1","p1250","45501","Todays Attack on Israel cannot be forgotten. It will go down as another moment in History created by a weak and ineffective United States President and Vice President. With time, this situation will only get worse for our Country. It must galvanize the Republican Party, Democrats, Independents, Conservatives, Progressives, Libertarians, and everybody else to put STRENGTH, RESPECT, AND POWER back into the U.S.A. This Attack, just like the Attack of October 7th, or the Ukraine/Russia War, would have never happened if I were President It is a dangerous and terrible time for the World, and it is almost the entire fault of the incompetent Biden-Harris Administration. It must be changed, and quickly. MAKE AMERICA GREAT AGAIN"
"@1","p1249","45501","You can make a BIG ELECTION IMPACT with a small time commitment Join TrumpForce47 at: https://trumpforce47.com/."
"@1","p1248","45501","THANK YOU NASHVILLE, TENNESSEEMAGA2024"
"@1","p1247","45501","THANK YOU, BITCOIN 2024"
"@1","p1246","45501","On my way to The Bitcoin Conference in Nashville, Tennessee. Join me live at 2pmCDT/3pmEST via @Rumble: https://rumble.com/v586l5o-bitcoin-2024-conference-nashville-general-day-2-0727.html"
"@1","p1245","45500","https://www.DonaldJTrump.com"
"@1","p1244","45500","BIDENOMICS IS WORKINGKAMALA HARRIS BIDENOMICSBAD FOR AMERICA"
"@1","p1243","45500","WARNING"
"@1","p1242","45500","Kamala Harris and the mainstream media have spent the week trying to erase Harriss disastrous record as border czar. They have failedWe have the receipts. https://www.donaldjtrump.com/news/196831dc-71d1-4cad-9d46-e3c122a3e661"
"@1","p1241","45500","Trump Campaign Launches Believers for Trump Coalition, Believers and Ballots Program https://www.donaldjtrump.com/news/c323a259-ab5d-4d81-9367-3f23fd402ef5"
"@1","p1240","45500","I WILL CONTINUE TO DO OUTDOOR RALLIES, AND SECRET SERVICE HAS AGREED TO SUBSTANTIALLY STEP UP THEIR OPERATION. THEY ARE VERY CAPABLE OF DOING SO. NO ONE CAN EVER BE ALLOWED TO STOP  OR IMPEDE FREE SPEECH OR GATHERING"
"@1","p1239","45500","Join me this evening at 8:00 P.M. EASTERNLIVE from St. Cloud, Minnesota. Will be on @RSBN, @NewsMax, @OAN, @realamericasvoice, and Donald J. Trump, among othersMAGA2024 https://rumble.com/v58k71t-live-president-trump-in-st.-cloud-mn.html"
"@1","p1238","45500","https://www.cnn.com/2024/07/26/politics/kfile-kamala-harris-praised-defund-the-police-movement-in-june-2020/index.html"
"@1","p1237","45500","https://www.cnn.com/2024/07/26/politics/kfile-kamala-harris-praised-defund-the-police-movement-in-june-2020/index.html"
"@1","p1236","45500","Radical Left Fool As a Senator, Harris was ranked the 1 most far-left Democrat in the entire Senate. She makes Bernie look like a moderate. She supports... Free government healthcare for illegal aliens Abolishing ICE Decriminalizing illegal immigration Mass amnesty for illegals Banning fracking Outlawing private health insurance Defunding the police Forcibly ripping guns out of the hands of law-abiding citizens...and as Vice President, she even cast the tie-breaking vote to cut Medicare by 237 billion dollars."
"@1","p1235","45500","A Crime Wave"
"@1","p1234","45500","Thanks Jim"
"@1","p1233","45500","Thank you James"
"@1","p1232","45500","FOR ALL OF THOSE THAT WANT TO SAVE TIK TOK IN AMERICA, VOTE TRUMP"
"@1","p1231","45500","FBI CONFIRMS PRESIDENT TRUMP WAS HIT BY A BULLET IN NEW STATEMENT. FoxNews. Thank you to Nicole Parker, former FBI Agent and Fox News Contributor, for your expert analysis. A job well done DJT"
"@1","p1230","45500","P.M. Netanyahu of Israel had a terrible and insulting meeting in D.C. with Kamala Harris, who also refused to preside over Congress during his speech, which is an obligation of the V.P. Rarely has such a thing happened. Her ineptness will greatly prolong the war and delay the hostage release. The same people that embarrassed us in AFGHANISTAN with their gross incompetence, are the ones who are telling Israel not to fight any longer with Hamas. Forget October 7th, they say Any Jewish person that votes for Kamala, or a Democrat, should immediately have their head examined. Likewise Catholics, who are being persecuted by this Administration, should not be voting for Radical Left Kamala. VOTE TRUMP 2024. MAKE AMERICA GREAT AGAIN"
"@1","p1229","45500","https://freebeacon.com/latest-news/it-has-to-be-about-forcing-change-kamala-harris-praised-defund-the-police-movement-in-wake-of-failed-presidential-campaign/"
"@1","p1228","45500","Kamala Harris is trying to run for President right now as Californias Prosecutor  but shes actually one of the biggest reasons why California is experiencing a dangerous crime wave. https://reformcalifornia.org/news/how-to-stop-the-ca-crime-wave-kamala-harris-helped-create"
"@1","p1227","45500","https://www.cnn.com/2024/07/26/politics/kfile-kamala-harris-praised-defund-the-police-movement-in-june-2020/index.html"
"@1","p1226","45500","Kamala Harris is trying to run for President right now as Californias Prosecutor  but shes actually one of the biggest reasons why California is experiencing a dangerous crime wave. https://reformcalifornia.org/news/how-to-stop-the-ca-crime-wave-kamala-harris-helped-create"
"@1","p1225","45500","https://freebeacon.com/latest-news/it-has-to-be-about-forcing-change-kamala-harris-praised-defund-the-police-movement-in-wake-of-failed-presidential-campaign/"
"@1","p1224","45500","https://www.cnn.com/2024/07/26/politics/kfile-kamala-harris-praised-defund-the-police-movement-in-june-2020/index.html"
"@1","p1223","45500","Congressman Tim Burchett is a tireless advocate for the Great People of Tennessees 2nd Congressional DistrictA Conservative Warrior, Tim is fighting hard to Secure the Border, Stop Crime, Grow our Economy, Champion Small Business, Support our Brave Military and Veterans, and Protect and Defend our always under siege Second Amendment.Tim Burchett has my Complete and Total Endorsement"
"@1","p1222","45500","Congressman Glenn Grothman is a phenomenal Representative for the fantastic people of Wisconsins 6th Congressional DistrictAn America First Patriot, Glenn strongly advocates for our Great Farmers and American Agriculture, Supports our Brave Military and Veterans, Promotes our Energy, and Defends our always under siege Second Amendment.Glenn Grothman has my Complete and Total Endorsement"
"@1","p1221","45500","Congressman Bryan Steil is a tremendous champion for the incredible people of Wisconsins 1st Congressional DistrictAs the Chair of the House Administration Committee, Bryan is an America First Fighter for Election Integrity. He is working hard to Secure the Border, Support our Veterans, Strengthen the Military, Defend the Second Amendment, and Promote American Agriculture and our Incredible Farmers.Bryan Steil has my Complete and Total Endorsement"
"@1","p1220","45500","Derek Schmidt was a fantastic Attorney General of Kansas, a State I love and won by large margins in 2016 and 2020 An America First Patriot and a true friend of MAGA, Derek is now running for Congress, where he will work tirelessly to Grow the Economy, Secure the Border, Uphold the Rule of Law, Support our Veterans, Strengthen our Military, Defend our always under siege Second Amendment, and Champion our Incredible Farmers and Ranchers.Derek Schmidt has my Complete and Total Endorsement - HE WILL NEVER LET YOU DOWN"
"@1","p1219","45500","Both James Copenhaver and David Dutch, two Great Patriots who were seriously injured at the big Rally in Butler, Pennsylvania, are making wonderful progress  We will be seeing them and their Families at our soon to be scheduled next Butler Rally"
"@1","p1218","45500","Kari Lake will be an incredible Senator for the Great State of Arizona. She will fight tirelessly to Secure the Border, Stop Migrant Crime, End Inflation, Grow the Economy, Support our Great Military/Vets, and Strongly Defend our always under siege Second Amendment. Kari Lake is a spectacular woman, and has my Complete and Total Endorsement  She will not let you down"
"@1","p1217","45500","Paul Junge is running for Congress in Michigans 8th Congressional District. During my first term, Paul worked tirelessly at U.S. Citizenship and Immigration Services to Secure our Border, and we will do it again, together, during my next term. As your next Congressman, Paul will fight hard to End Migrant Crime, Stop Inflation, Stand with our Great Military/Vets, and Support our always under siege Second Amendment. Paul Junge has my Complete and Total Endorsement"
"@1","p1216","45500","KAMALA HARRIS OWNS BIDENOMICS"
"@1","p1215","45500","I assume thats the best apology that well get from Director Wray, but it is fully accepted"
"@1","p1214","45500","Kamala Harris praised defund the police movement in June 2020 radio interview https://www.cnn.com/2024/07/26/politics/kfile-kamala-harris-praised-defund-the-police-movement-in-june-2020"
"@1","p1213","45500","I WILL BE GOING BACK TO BUTLER, PENNSYLVANIA, FOR A BIG AND BEAUTIFUL RALLY, HONORING THE SOUL OF OUR BELOVED FIREFIGHTING HERO, COREY, AND THOSE BRAVE PATRIOTS INJURED TWO WEEKS AGO. WHAT A DAY IT WILL BE  FIGHT, FIGHT, FIGHT STAY TUNED FOR DETAILS."
"@1","p1212","45500","Not that anyone doubted it, but in order to rid our Country of the political statement put out by the Director of the FBI, in between fighting for the Safety and Security of those burning our American Flags, and right now spraying our beautiful Limestone Monuments in Washington, D.C., this is a picture of the bullet right after piercing my ear. Perhaps FBI Director Christopher Wray will notice there is no shrapnel or glass flying through the ear, only a bloodstained bullet. Its all so damaging to the Great People that work in the FBI. As The New York Times reported, other bullets came very close. Nobody ever called, even out of curiosity, from the Federal Bureau of Insurrection. P.S. After the Great Supreme Court Decision, when are the hunted down J6 Hostages going to be released, and when are yesterdays Vandals and Flag Burners going to be put in prison"
"@1","p1211","45500","Tucker Carlson: Chris Wray is a liar and a criminal and I hope hes reading this."
"@1","p1210","45500","Lindsey Graham demands FBIs Christopher Wray recant testimony, says its clear Trump was hit with bullet https://www.foxnews.com/politics/lindsey-graham-demands-fbis-christopher-wray-recant-testimony-says-its-clear-trump-hit-bullet"
"@1","p1209","45500","https://www.donaldjtrump.com/platform"
"@1","p1208","45499","Russian and Chinese jets are flying over our West Coast. Russian warships are now in Cuba, 70 miles off our Coast. Whats Kamala going to do"
"@1","p1207","45499","FBI Director Christopher Wray told Congress yesterday that he wasnt sure if I was hit by shrapnel, glass, or a bullet the FBI never even checked, but he was sure that Crooked Joe Biden was physically and cognitively uneventful - Wrong Thats why he knows nothing about the terrorists and other criminals pouring into our Country at record levels. His only focus is destroying J6 Patriots, Raiding Mar-a-Lago, and saving Radical Left Lunatics, like the ones now in D.C. burning American flags and spray painting over our great National Monuments - with zero retribution. No, it was, unfortunately, a bullet that hit my ear, and hit it hard. There was no glass, there was no shrapnel. The hospital called it a bullet wound to the ear, and that is what it was. No wonder the once storied FBI has lost the confidence of America"
"@1","p1206","45499","Meet San Francisco Radical Kamala Harris"
"@1","p1205","45499"," A GREAT HONOR, THANK YOU"
"@1","p1204","45499","https://youtu.be/FQyGYKsw9Rosigp0OMyMeQh9I4hdY"
"@1","p1203","45499","Larry Kudlow: She said that she wanted to disband ICE altogether. At one point she called ICE agents Ku Klux Klansmen...she will never get out of the box of the open borders of the Biden administration. She added to all of that because of her statements."
"@1","p1202","45499","Why doesnt FoxNews and Martha MacCallum use these Poll numbers from Rasmussen, a real pollster"
"@1","p1201","45499"," Crooked Joe Bidens Performance last night was DISMAL, and yet, the other Networks pretended he was the equivalent of the Late, Great Winston Churchill. The guy cant even talk  Fake News"
"@1","p1200","45499","Why didnt Gavin Newscum do this a long time ago Hes only doing it because, just like Crooked Joe Biden, his Radical Left Democrat Presidential Candidate, Lyin Kamala Harris, is losing BIG in the Polls. They just did it for Political Reasons, because she comes from California, and looks terrible. Right after the Election, it will go back to SLUM LIKE condition, unless we WIN  THEN, AMERICA WILL BE GREAT AGAIN"
"@1","p1199","45499","If those people rioting in Washington yesterday were Republicans/Conservatives, theyd all be in jail right now, facing 10 to 20 year sentences. Under this Crooked Administration, nothing will happen to them"
"@1","p1198","45499","Crooked Joe Bidens Performance last night was DISMAL, and yet, the other Networks pretended he was the equivalent of the Late, Great Winston Churchill. The guy cant even talk  Fake News"
"@1","p1197","45499","Andy Puzder just beat Never Trumper Charlie Gasparino like a drum, talking about how GREAT our Economy and Inflation were. Thank you Andy The Biden Administration was a disaster with Inflation reaching record levels, and destroying the people of our Country. During TRUMP, Inflation was around the 1 level, it went to 9 under Crooked Joe Biden"
"@1","p1196","45499","If they do assassinate President Trump, which is always a possibility, I hope that America obliterates Iran, wipes it off the face of the Earth  If that does not happen, American Leaders will be considered gutless cowards"
"@1","p1195","45499","https://www.foxnews.com/video/6359152006112"
"@1","p1194","45499","https://www.foxnews.com/video/6359149556112"
"@1","p1193","45499","https://www.foxnews.com/video/6359153284112"
"@1","p1192","45499","https://www.foxnews.com/politics/trumps-save-america-book-highlight-great-success-power-us-will-have-again-he-re-elected"
"@1","p1191","45499","Were not ready for a Marxist President, and Lyin Kamala Harris is a RADICAL LEFT MARXIST, AND WORSE"
"@1","p1190","45498","Im pleased to announce my new Book, SAVE AMERICA. As everyone knows, the first two, Our Journey Together and, Letters to Trump, have been spectacular successes, and this is the BEST OF ALL, especially in light of the fact that we are now living in a Failing Nation, but it will not be failing for long. We will soon, MAKE AMERICA GREAT AGAIN https://45books.com/"
"@1","p1189","45498","MAKE AMERICA GREAT AGAIN"
"@1","p1188","45498","Trump Hasnt Changed, but the GOP Has https://www.wsj.com/politics/policy/trump-hasnt-changed-but-the-gop-has-14ba7c49"
"@1","p1187","45498","A GREAT HONOR, THANK YOU"
"@1","p1186","45498","CROOKED JOE BIDEN AND LYIN KAMALA HARRIS ARE A GREAT EMBARRASSMENT TO AMERICA  THERE HAS NEVER BEEN A TIME LIKE THIS"
"@1","p1185","45498","Crooked Joe Bidens Oval Office speech was barely understandable, and sooo bad"
"@1","p1184","45498","Pastor Mark Harris will be a terrific Representative for North Carolinas 8th Congressional DistrictAs your next Congressman, Mark will work hard to Grow the Economy, Lower Inflation, Uphold the Rule of Law, Defend the Border, Promote American Energy, Support our Military and Police, and Protect our always under siege Second Amendment.Mark Harris has my Complete and Total Endorsement - HE WILL NOT LET YOU DOWN"
"@1","p1183","45498","Green Beret Pat Harrigan will be a tremendous Representative for the incredible people of North Carolinas 10th Congressional DistrictPat bravely served our Great Country in the Special Forces as a Decorated Combat Veteran and, in Congress, he will Fight Inflation, Grow our Economy, Secure our Border, Support our Military/Vets, and Defend our always under siege Second Amendment.Pat Harrigan has my Complete and Total Endorsement - HE WILL NEVER LET YOU DOWN"
"@1","p1182","45498","The Gag Order unConstitutionally placed on me is interfering with my Campaign against Lyin Kamala Harris. This is a FIRST in American History - A Highly Conflicted Democrat Judge putting a Gag Order on the Leading Candidate for President to benefit my Democrat Opponent. Can this really be allowed to stand"
"@1","p1181","45498","Join me this evening at 6:00 P.M. EASTERNLIVE from Charlotte, North Carolina. Will be on @RSBN, @NewsMax, @OAN, @realamericasvoice, and Donald J. Trump, among others. BIG CROWDMAGA2024 https://rumble.com/v585tul-live-president-trump-in-charlotte-nc.html"
"@1","p1180","45498","https://nypost.com/2024/07/24/sports/bryson-dechambeaus-donald-trump-video-is-exploding-on-youtube/"
"@1","p1179","45498","Medical Opinion: What Really Happened To President Trump"
"@1","p1178","45498","I watched the Congressional Hearing today as Christopher Wray was asked the question whether or not he noticed any Cognitive Degeneration in his many conversations with Crooked Joe Biden and, despite the fact that Special Counsel Robert Hur said, effectively, that Joe Biden is INCOMPETENT, with LITTLE MEMORY, etc., Wray said that it is not something I observed during my interactions with him, which were uneventful and unremarkable, essentially stating that he found nothing wrong, mentally or physically, with Joe. If that is the case, Director Wray should resign immediately from the FBI, and stop sweet talking Congress every time he goes up, which he loves to do, because anybody can see that Joe Biden is cognitively and physically challenged, and if you cant see that, you sure as hell cant be running the FBI - Unless, that is, you want to illegally lead the Raid on Mar-a-Lago. Wray has to resign, and NOW, for LYING TO CONGRESS"
"@1","p1177","45498","I got out of my Documents case by WINNING against the FULL FORCE AND POWER of the U.S. Department of Justice, whereas Biden got out of his Documents case by being called INCOMPETENT"
"@1","p1176","45498","https://www.newsmax.com/newsfront/newsmax-ratings-rnc/2024/07/24/id/1173787/"
"@1","p1175","45498","I have nothing to do with, and know nothing about, Project 25. The fact that I do is merely disinformation put out by the Radical Left Democrat Thugs. Do not believe them  DJT"
"@1","p1174","45498","A BIG WIN TODAY IN HIGH FLORIDA COURT AGAINST ABC FAKE NEWS, AND LIDDLE GEORGE SLOPADOPOLUS. A POWERFUL CASE BEFORE YOU KNOW IT, THE FAKE NEWS MEDIA WILL BE FORCED BY THE COURTS TO START TELLING THE TRUTH. THIS IS A GREAT DAY FOR OUR COUNTRY. MAGA2024"
"@1","p1173","45498","THANK YOU CHARLOTTE, NORTH CAROLINA SEE YOU TONIGHT AT 6:00PM EASTERNMAGA2024 https://rumble.com/v585tul-live-president-trump-in-charlotte-nc.html"
"@1","p1172","45498","THANK YOU, NORTH CAROLINA. WILL SEE YOU TONIGHTMAGA2024 https://rumble.com/v585tul-live-president-trump-in-charlotte-nc.html Join me this evening at 6:00 P.M. EASTERNLIVE from Charlotte, North Carolina. Will be on @RSBN, @NewsMax, @OAN, @realamericasvoice, and Donald J. Trump, among others. BIG CROWDMAGA2024 https://rumble.com/v585tul-live-president-trump-in-charlotte-nc.html"
"@1","p1171","45498","Join me this evening at 6:00 P.M. EASTERNLIVE from Charlotte, North Carolina. Will be on @RSBN, @NewsMax, @OAN, @realamericasvoice, and Donald J. Trump, among others. BIG CROWDMAGA2024 https://rumble.com/v585tul-live-president-trump-in-charlotte-nc.html"
"@1","p1170","45497","Looking forward to seeing Bibi Netanyahu on Friday, and even more forward to achieving Peace in the Middle East DJT"
"@1","p1169","45497","Does Lyin Kamala Harris think Joe Biden is fit to run the U.S.A. for the next six months She must answer the question. Now it appears Joe is delegating his Presidential Authority to unelected Washington Bureaucrats He doesnt even trust his Vice President. WHO IS RUNNING THE COUNTRY"
"@1","p1168","45497","23-year-old Melvindale Police Officer Mohamed Said, a true American hero, was gunned down by a suspect he was pursuing last Saturday.Dearborn Police Chief Issa Shahin described Officer Said as a kind soul who proudly served the residents of Melvindale. The men and women of law enforcement deserve our respect for the selfless job they do every day serving our communities. Pray for Officer Said, his family, and all law enforcement"
"@1","p1167","45497","Catherine Oxenberg is a remarkable woman who has written an incredible book, Captive: A Mothers Crusade to Save Her Daughter from a Terrifying Cult. To parents across this Country, and around the World, Catherine is a powerful example of unconditional Love - NEVER GIVE UP She is a true inspiration to us all. Buy the Book https://www.amazon.com/Captive-Mothers-Crusade-Daughter-Terrifying/dp/1982100656dplnkId85661544-60bb-45f5-a789-248b58e9b8ffnodl1"
"@1","p1166","45497","At the request of Bibi Netanyahu, we have switched this meeting to Friday, July 26th at Mar-a-Lago in Palm Beach, Florida Looking forward to welcoming Bibi Netanyahu at Mar-a-Lago in Palm Beach, Florida, on Thursday. During my first term, we had Peace and Stability in the Region, even signing the historic Abraham Accords - And we will have it again. Just as I have said in discussions with President Zelensky and other World Leaders in recent weeks, my PEACE THROUGH STRENGTH Agenda will demonstrate to the World that these horrible, deadly Wars, and violent Conflicts must end. Millions are dying, and Kamala Harris is in no way capable of stopping it."
"@1","p1165","45497","Looking forward to welcoming Bibi Netanyahu at Mar-a-Lago in Palm Beach, Florida, on Thursday. During my first term, we had Peace and Stability in the Region, even signing the historic Abraham Accords - And we will have it again. Just as I have said in discussions with President Zelensky and other World Leaders in recent weeks, my PEACE THROUGH STRENGTH Agenda will demonstrate to the World that these horrible, deadly Wars, and violent Conflicts must end. Millions are dying, and Kamala Harris is in no way capable of stopping it."
"@1","p1164","45497","https://youtu.be/6Rb9b8rYhIIsi7ITii20MFjl3eHq"
"@1","p1163","45497","Does Lyin Kamala Harris think Joe Biden is fit to run the U.S.A. for the next six months She must answer the question. Now it appears Joe is delegating his Presidential Authority to unelected Washington Bureaucrats He doesnt even trust his Vice President. WHO IS RUNNING THE COUNTRY"
"@1","p1162","45496","Lyin Kamala Harris destroys everything she touches"
"@1","p1161","45496","I dont know who said it, or where it came from, perhaps the Radical Left, but I never discussed, or thought of, Jamie Dimon or Larry Fink for Secretary of the Treasury."
"@1","p1160","45496","I cant believe it Theyre turning Crooked Joe Biden, the Worst President in the History of the United States, into a Hero - He was pushed out of power like a dog, and look what the Radical Left is able to do. MAGA2024"
"@1","p1159","45496","Why did Fox News put up Tim Walz, Governor of Minnesota, where I am leading They make me fight battles that I shouldnt have to fight"
"@1","p1158","45496","The Biden/Harris Administration did not properly protect me, and I was forced to take a bullet for Democracy. IT WAS MY GREAT HONOR TO DO SO"
"@1","p1157","45496","https://nypost.com/2024/07/21/opinion/joe-biden-was-a-terrible-president-no-matter-his-age-and-dems-still-have-to-answer-for-it/"
"@1","p1156","45496","NBC News Poll: Lyin Kamala Harris is the most unpopular Vice President in history. WOW, that is not a great sound bite"
"@1","p1155","45496","ABC Fake News is such a joke, among the absolute WORST in the business. They try to make Crooked Joe into a brave warrior because he didnt have the guts to fight it out  He quit They then tried to make Sleepy look like a great President - he was the WORST, and Lyin Kamala into a competent person, which she is not. ABC, the home of George Slopadopolus, is not worthy of holding a Debate, of which I hope there will be many  MAGA2024"
"@1","p1154","45496","The Democrats lied and misled the public about Crooked Joe Biden, and now we find he is a complete and total Cognitive and Physical MESS. They also mislead the Republican Party, causing it to waste a great deal of time and money. To be resumed"
"@1","p1153","45496","Lyin Kamala Harris, the Biden appointed Border Czar who never visited the Border, and whose incompetence gave us the WORST and MOST DANGEROUS Border anywhere in the World, has absolutely terrible pole numbers against a fine and brilliant young man named DONALD J. TRUMP Be careful what you wish for, Democrats  MAGA2024"
"@1","p1152","45496","You can make a BIG ELECTION IMPACT with a small time commitment Join TrumpForce47 at: https://trumpforce47.com/."
"@1","p1151","45496","What a day Wildwood, NJ.  Nothing can stop what is coming."
"@1","p1150","45496","Thank you WE ARE WITNESSING ONE OF THE GREATEST CHAPTERS IN OUR ENTIRE LIFETIME.THIS IS CLEARLY A WAR OF GOOD VS EVILAND WE ARE ALL A PART OF THESE HISTORIC EVENTSWHEN THEY SAY ITS A GREAT TIME TO BE ALIVEEMBRACE THIS MOMENTFOR WE ARE WITNESSING THE POWER OF GODLIKE WE HAVE NEVER SEEN BEFOREGOD CHOSE DONALD J. TRUMP FOR THIS TASK THIS GOES WITHOUT QUESTIONNO OTHER PERSON WOULD BE ABLE TO WITHSTAND WHAT THIS MAN HAS GONE THROUGH AND CONTINUES TO GO THROUGH FOR US, FOR AMERICA, ALL BEING ORCHESTRATED THROUGH THE POWERS OF GODGOD IS SHOWING THE WORLD THROUGH PRESIDENT TRUMP THAT NO MATTER WHAT THEY DONO MATTER WHAT THEY TRY NO MATTER HOW THEY TRY TO DEFY HIMGOD IS SHOWING THE WORLD HE IS IN CONTROLHE IS ALSO SHOWING US ALL THAT HE WILL NOT BE DEFIEDHE WILL NOT BE DEFEATEDHE WILL CONQUER ALL AND CRUSH THIS EVIL ONCE AND FOR ALLIN GOD WE MUST ALWAYS TRUSTFEAR NOTHING NO MATTER WHAT YOU SEE OR HEARIN THE END NCSWICGOD WINSGOD BLESS YOU ALL"
"@1","p1149","45496","Why does FoxNews put on Eric Swalwell Martha, the total sleazebag Congressman from California Where is his Chinese Spy girlfriend What is wrong with FoxNews Its RINO Paul Ryans fault"
"@1","p1148","45496","Wow, just watching the Fake News, and theyre doing their very best to turn the Worst President in the History of our Country into a Brilliant and Heroic Leader He was heroic because he quit, and to turn Dumb as a Rock Kamala Harris from a totally failed and insignificant Vice President into a future Great President. No, it just doesnt work that way"
"@1","p1147","45496","Joe Biden will go down as the Worst President in the history of the United States. KAMALA, OUR HORRIBLE  INCOMPETENT BORDER CZAR, WILL BE WORSE"
"@1","p1146","45496","Somebody please explain to Rep. James Clyburn, not the brightest bulb in the House, that I am beating the Biden/Harris Prosecutors, like Deranged Jack Smith, whose case against me in Florida, the biggest of them all according  to the Radical Left Lunatics, was just thrown out as being Unconstitutional. Now it is my time to sue them for illegally breaking into, and raiding, Mar-a-Lago. All of these Biden/Harris cases against me are a Weaponization of Justice against their Political Opponent, Me  Strictly Third World Country. MAGA2024"
"@1","p1145","45495","Its a new day and Joe Biden doesnt remember quitting the race yesterday He is demanding his campaign schedule and arranging talks with Presidents Xi of China, and Putin of Russia, concerning the possible start of World War 3. Biden is sharp, decisive, energetic, angry, and ready to go"
"@1","p1144","45495","The Democrats pick a candidate, Crooked Joe Biden, he loses the Debate badly, then panics, and makes mistake after mistake, is told he cant win, and decide they will pick another candidate, probably Harris. They stole the race from Biden after he won it in the primaries  A First These people are the real THREAT TO DEMOCRACY"
"@1","p1143","45495","Who is running our Country right now Its not Crooked Joe, he has no idea where he is. If he cant run for office, he cant run our Country"
"@1","p1142","45495","Biden never had Covid. He is a threat to Democracy"
"@1","p1141","45495","Its not over Tomorrow Crooked Joe Bidens going to wake up and forget that he dropped out of the race today"
"@1","p1140","45495","So, we are forced to spend time and money on fighting Crooked Joe Biden, he polls badly after having a terrible debate, and quits the race. Now we have to start all over again. Shouldnt the Republican Party be reimbursed for fraud in that everybody around Joe, including his doctors and the Fake News Media, knew he was not capable of running for, or being, President  Just askin"
"@1","p1139","45495","My debate with Crooked Joe Biden, the Worst President in the history of the United States, was slated to be broadcast on Fake News ABC, the home of George Slopadopolus, sometime in September. Now that Joe has, not surprisingly, has quit the race, I think the Debate, with whomever the Radical Left Democrats choose, should be held on FoxNews, rather than very biased ABC. Thank you DJT"
"@1","p1138","45495","Does anybody really believe that Crooked Joe had Covid No, he wanted to get out ever since June 27th, the night of The Debate, where he was completely obliterated. That was the big moment in Joe Bidens demise. That was the point in time when Joe was revealed for what he is, an incompetent man who should never have been President. Joe Biden is not fit to serve - He is destroying our Country"
"@1","p1137","45495","Crooked Joe just got knocked out, so now Ill have to do it a FOURTH TIME"
"@1","p1136","45495","Crooked Joe Biden is the Worst President, by far, in the History of our Nation. He has done everything possible to destroy our Country, from our Southern Border, to Energy Dominance, National Security, International Standing, and so much more. He was annihilated in an Earth Shattering Debate, and now the Corrupt and Radical Democrats are throwing him overboard. He was not fit to serve from the  very beginning, but the people around him lied to America about his Complete and Total Mental, Physical, and Cognitive Demise. Whoever the Left puts up now will just be more of the same. MAKE AMERICA GREAT AGAIN"
"@1","p1135","45495","Crooked Joe Biden was not fit to run for President, and is certainly not fit to serve - And never was He only attained the position of President by lies, Fake News, and not leaving his Basement. All those around him, including his Doctor and the Media, knew that he wasnt capable of being President, and he wasnt - And now, look what hes done to our Country, with millions of people coming across our Border, totally unchecked and unvetted, many from prisons, mental institutions, and record numbers of terrorists. We will suffer greatly because of his presidency, but we will remedy the damage he has done very quickly. MAKE AMERICA GREAT AGAIN"
"@1","p1134","45495","MAKE AGRICULTURE GREAT AGAIN - MAGA"
"@1","p1133","45494","MAGA  MAKE AFFORDABLE GAS AGAIN"
"@1","p1132","45494","https://rumble.com/v57i7vf-watch-pastor-lorenzo-sewell-at-2024-rnc-in-milwaukee-wi-7182024.html"
"@1","p1131","45494","TOGETHER, WE ARE GOING TO MAKE AMERICA GREAT AGAIN"
"@1","p1130","45494","THANK YOU GRAND RAPIDS, MICHIGANMAGA2024"
"@1","p1129","45494","Every time the Radical Left Democrats, Marxists, Communists, and Fascists indict me, I consider it a GREAT BADGE OF HONOR. Im being indicted for YOU. Never forgetour enemies want to take away MY FREEDOM because I will never let them take away YOUR FREEDOM. They want to silence ME because I will never let them silence YOU. In the end, theyre not after me, theyre after youand Im just standing in their way https://rumble.com/v57pc85-live-president-donald-trump-and-vp-nominee-senator-jd-vance-ingrand-rapids"
"@1","p1128","45494","With your vote, I will cut taxes even further, and that includes NO TAX ON TIPS. If you are a restaurant worker, bartender, hospitality worker, caddy, barber, mover, driver, or anyone else who relies on tip income, your tips will be 100 YOURS NoTaxOnTips https://rumble.com/v57pc85-live-president-donald-trump-and-vp-nominee-senator-jd-vance-ingrand-rapids"
"@1","p1127","45494","Under Radical Democrat policies, the U.S. Auto Industry is being decimated, while China builds massive Automobile Manufacturing facilities in Mexico to pillage our jobs and send their product back into the United States tax free. I stopped it four years ago, and I will stop it again. When I am back in the White House, the way they will sell their product in AMERICA is to BUILD it in AMERICA, and ONLY in AMERICA. We will BUILD AMERICAN, BUY AMERICAN, and HIRE AMERICAN https://rumble.com/v57pc85-live-president-donald-trump-and-vp-nominee-senator-jd-vance-ingrand-rapids"
"@1","p1126","45494","We go forward as ONE MOVEMENTmore UNITED and determined than ever before We will never stop working to deliver a magnificent future for our PEOPLEand TOGETHER, we will FIGHT, FIGHT, FIGHT, and we will WIN, WIN, WIN https://rumble.com/v57pc85-live-president-donald-trump-and-vp-nominee-senator-jd-vance-ingrand-rapids"
"@1","p1125","45494","BREAKING NEWS Just heard that today, during our amazing Rally in the Great State of Michigan, esteemed Florida Circuit Court Judge, Robert L. Pegg, issued a Powerful Decision totally and completely DENYING the Pulitzer Prize Boards desperate attempt to dismiss my ironclad Defamation Lawsuit against them for awarding the once respected Pulitzer Prizes to Fake News Stories about the Russia, Russia, Russia Hoax by The Failing New York Times and The Washington Compost. The Judge specifically stated that the Fake Stories, and the Prizes awarded them, have been debunked by several Government Investigations. He did not allow Pulitzer to hide behind the deeply outdated Times v. Sullivan case, which is from a bygone Era, before the Media went Radical and Woke, as they suffer from a terminal case of Trump Derangement Syndrome"
"@1","p1124","45494","The Russia, Russia, Russia Hoax, Ukraine, Ukraine, Ukraine, Impeachment 1, Impeachment 2, Crooked Joe Bidens civil and criminal Election Interference Witch Hunts against his Political Opponent, and all other attacks on me and our Great MAGA Movement, are falling apart like a rotten House of Cards. PROUD TO BE AN AMERICAN"
"@1","p1123","45494","We are ONE movement, ONE people, ONE family, and ONE GLORIOUS NATION UNDER GODand together, WE WILL MAKE AMERICA POWERFUL AGAIN. WE WILL MAKE AMERICA WEALTHY AGAIN. WE WILL MAKE AMERICA STRONG AGAIN. WE WILL MAKE AMERICA PROUD AGAIN. WE WILL MAKE AMERICA SAFE AGAIN. WE WILL MAKE AMERICA FREE AGAINand WE WILL MAKE AMERICA GREAT AGAIN https://rumble.com/v57pc85-live-president-donald-trump-and-vp-nominee-senator-jd-vance-ingrand-rapids"
"@1","p1122","45494","Every time the Radical Left Democrats, Marxists, Communists, and Fascists indict me, I consider it a GREAT BADGE OF HONOR. Im being indicted for YOU. Never forgetour enemies want to take away MY FREEDOM because I will never let them take away YOUR FREEDOM. They want to silence ME because I will never let them silence YOU. In the end, theyre not after me, theyre after youand Im just standing in their way https://rumble.com/v57pc85-live-president-donald-trump-and-vp-nominee-senator-jd-vance-ingrand-rapids"
"@1","p1121","45494","With your vote, I will cut taxes even further, and that includes NO TAX ON TIPS. If you are a restaurant worker, bartender, hospitality worker, caddy, barber, mover, driver, or anyone else who relies on tip income, your tips will be 100 YOURS NoTaxOnTips https://rumble.com/v57pc85-live-president-donald-trump-and-vp-nominee-senator-jd-vance-ingrand-rapids"
"@1","p1120","45494","Under Radical Democrat policies, the U.S. Auto Industry is being decimated, while China builds massive Automobile Manufacturing facilities in Mexico to pillage our jobs and send their product back into the United States tax free. I stopped it four years ago, and I will stop it again. When I am back in the White House, the way they will sell their product in AMERICA is to BUILD it in AMERICA, and ONLY in AMERICA. We will BUILD AMERICAN, BUY AMERICAN, and HIRE AMERICAN https://rumble.com/v57pc85-live-president-donald-trump-and-vp-nominee-senator-jd-vance-ingrand-rapids"
"@1","p1119","45494","We go forward as ONE MOVEMENTmore UNITED and determined than ever before We will never stop working to deliver a magnificent future for our PEOPLEand TOGETHER, we will FIGHT, FIGHT, FIGHT, and we will WIN, WIN, WIN https://rumble.com/v57pc85-live-president-donald-trump-and-vp-nominee-senator-jd-vance-ingrand-rapids"
"@1","p1118","45494","I was thrilled to be back in the great state of Michigan this evening, with thousands of proud, hardworking American Patriots https://rumble.com/v57pc85-live-president-donald-trump-and-vp-nominee-senator-jd-vance-ingrand-rapids"
"@1","p1117","45494","BREAKING NEWS Just heard that today, during our amazing Rally in the Great State of Michigan, esteemed Florida Circuit Court Judge, Robert L. Pegg, issued a Powerful Decision totally and completely DENYING the Pulitzer Prize Boards desperate attempt to dismiss my ironclad Defamation Lawsuit against them for awarding the once respected Pulitzer Prizes to Fake News Stories about the Russia, Russia, Russia Hoax by The Failing New York Times and The Washington Compost. The Judge specifically stated that the Fake Stories, and the Prizes awarded them, have been debunked by several Government Investigations. He did not allow Pulitzer to hide behind the deeply outdated Times v. Sullivan case, which is from a bygone Era, before the Media went Radical and Woke, as they suffer from a terminal case of Trump Derangement Syndrome"
"@1","p1116","45494","The Russia, Russia, Russia Hoax, Ukraine, Ukraine, Ukraine, Impeachment 1, Impeachment 2, Crooked Joe Bidens civil and criminal Election Interference Witch Hunts against his Political Opponent, and all other attacks on me and our Great MAGA Movement, are falling apart like a rotten House of Cards. PROUD TO BE AN AMERICAN"
"@1","p1115","45494","Watch Brian Kilmeade tonight on FoxNews, 9:00 P.M. He is covering my Big Rally in Michigan, which took place today. Enjoy"
"@1","p1114","45494","Watch Mark Levin TONIGHT. 8:00 P.M. on FoxNews. A big and important show"
"@1","p1113","45494","Just arrived in the Great State of Michigan Join me LIVE at 5:00PM Eastern on @RSBN, @NewsMax, @OAN, @realamericasvoice, and Donald J. Trump Rumble, among others. See you soonMAGA2024 https://rumble.com/v57pc85-live-president-donald-trump-and-vp-nominee-senator-jd-vance-ingrand-rapids-.html"
"@1","p1112","45494"," WILL SEE YOU IN A FEW HOURS, MICHIGANMAGA2024 https://rumble.com/v57pc85-live-president-donald-trump-and-vp-nominee-senator-jd-vance-ingrand-rapids-.html"
"@1","p1111","45494","WILL SEE YOU IN A FEW HOURS, MICHIGANMAGA2024 https://rumble.com/v57pc85-live-president-donald-trump-and-vp-nominee-senator-jd-vance-ingrand-rapids-.html"
"@1","p1110","45494","Join me live in Grand Rapids, Michigan today at 5:00PM Eastern in Grand Rapids, Michigan. Will be on @Newsmax, @RSBN, @OAN, @realamericasvoice, and Donald J. Trump @Rumble video, among others. Big crowd, see you soonMAGA2024 https://rumble.com/v57pc85-live-president-donald-trump-and-vp-nominee-senator-jd-vance-ingrand-rapids-.html"
"@1","p1109","45493","HOW GOOD WERE MY KIDS AT THE CONVENTION I AM PROUD OF THEM ALL"
"@1","p1108","45493","Congratulations to Peter Navarro, my Harvard educated and brilliant expert on trade, for having endured a totally unfair and unnecessary 4 month stay IN JAIL. VERY UNFAIR He was released on Wednesday and went directly to Milwaukee where he Spoke about his trials and tribulations at the Republican Convention. He was given a rousing reception, and looked better than he did when Biden put him in - But Biden looks far worse interesting, isnt it"
"@1","p1107","45493","We are under attack from Crooked Joe Biden, the WORST PRESIDENT IN THE HISTORY OF THE United States, and a Weak and Pathetic man who uses the Justice Department to harass and intimidate his Political Opponents because he is in no way capable of winning by himself. He has created a horrible precedent for the future. Democrat appointed Judges and Prosecutors, together with local D.A.s and Attorney Generals, have played the game with them. Based on the opinion of legal scholars and experts, they had no good case out of the many against me, but of all the cases, their best shot was the documents case, a complete HOAX, in Florida. They illegally RAIDED MY HOUSE, Mar-a-Lago, in that one. Well, that case was just THROWN OUT IN FULL IN THAT IT WAS UNCONSTITUTIONAL. THE OTHERS ARE ON WEAK GROUNDS, including those where we have Crooked Judges and Prosecutors. It is all a Political Witch Hunt, and Biden should insist that EVERYTHING NOW BE DROPPED. RUN A FAIR AND OPEN CAMPAIGN"
"@1","p1106","45493","Thank you to all for the great reviews of my speech last night. It was my great honor to make it  DJT"
"@1","p1105","45493","Big TV RATINGS last night for the Republican Convention, the best and most successful in history Fox led the way. MSNBC was dead last. Four Great Days"
"@1","p1104","45493","MAKE AMERICA GREAT AGAIN"
"@1","p1103","45493","I have raised a lot of money for the victims of the lunatic shooter in Butler, Pennsylvania. No amount of money can replace or repair, but it will help some very good families"
"@1","p1102","45493","Wall Street Journal reporter Evan Gershkovich was just sentenced to 16 years in prison by a Russian Court. Biden will NEVER GET HIM OUT, unless he pays a kings ransom. I will get him out FOR NO COMPENSATION immediately following our victory on November 5th, and it will be my great honor to do so. Vote for TRUMP, and The Wall Street Journal should STOP BEING STUPID"
"@1","p1101","45493","President Zelenskyy of Ukraine and I had a very good phone call earlier today. He congratulated me on a very successful Republican National Convention and becoming the Republican nominee for President of the United States.He condemned the heinous assassination attempt last Saturday and remarked about the American people coming together in the spirit of Unity during these times.I appreciate President Zelenskyy for reaching out because I, as your next President of the United States, will bring peace to the world and end the war that has cost so many lives and devastated countless innocent families. Both sides will be able to come together and negotiate a deal that ends the violence and paves a path forward to prosperity."
"@1","p1100","45493","Rest in Peace, Corey Comperatore"
"@1","p1099","45493","Together, we will SAVE THIS COUNTRY, we will restore the Republic, and we will usher in the rich and wonderful tomorrows that our people truly deserve. Americas future will be BIGGER, BETTER, BOLDER, BRIGHTER, HAPPIER, STRONGER, FREER, GREATER, and MORE UNITED than EVER BEFORE"
"@1","p1098","45493","To all of the forgotten men and women who have been neglected, abandoned, and left behind, you will be forgotten no longer. We will press forward, and together, we will WIN, WIN, WIN Nothing will sway us. Nothing will slow us, and no one will stop us. No matter what dangers come our way, no matter what obstacles lie in our path, we will keep striving toward our shared and glorious destinyand WE WILL NOT FAIL"
"@1","p1097","45493","Just like our ancestors, we must now come together, rise above past differences and disagreements, and go forward united, as one people, and one nation, pledging allegiance to one great and beautiful American flag. I ask for your partnership, for your support, and I am humbly asking for your vote. Every day, I will strive to honor the trust you have placed in me, and I will never let you down"
"@1","p1096","45493","As long as our energies are spent fighting each other, our destiny will remain out of reach. We must instead take that energy and use it to realize our Countrys true potentialand write our own thrilling chapter of the American Story. It is a story of love, sacrifice, success, and unmatched devotion"
"@1","p1095","45493","We are Americans. Ambition is our heritage. Greatness is our birthright"
"@1","p1094","45493","We live in a world of miracles. None of us knows Gods plan, or where lifes adventure will take us. But if the events of last Saturday make anything clear, it is that every single moment we have on earth is a gift from God. We have to make the most of every day for the people and country we love. The attacker in Pennsylvania wanted to stop our movementbut the truth is, this movement has never been about me, it has always been about YOU. It has always been about the hardworking, patriotic citizens of America"
"@1","p1093","45493","Together, we will restore VISION, STRENGTH, COMPETENCE, and COMMON SENSE to the Oval Office"
"@1","p1092","45493","Together, we will lead America to new heights of greatness like the world has never seen before. Under our leadership, the United States will be RESPECTED again. No nation will question our power. No enemy will doubt our might. Our borders will be totally SECURE. Our economy will soar. We will return LAW and ORDER to our streets, PATRIOTISM to our schools, and importantly, we will restore peace, stability, and harmony all throughout the world"
"@1","p1091","45493","The discord and division in our society must be healed. As Americans, we are bound together by a single fate and a shared destiny. We rise together. Or we fall apart. I am running to be president for ALL of America, not half of America, because there is no victory in winning for half of America."
"@1","p1090","45493","Four months from now, we will have an incredible victory, and we will begin the four greatest years in the history of our Country. Together, we will launch a new era of safety, prosperity and freedom for citizens of every race, religion, color, and creed."
"@1","p1089","45492","https://rumble.com/v57ha7x-republican-national-convention-night-four.html"
"@1","p1088","45492","https://rumble.com/v57ha7x-republican-national-convention-night-four.html"
"@1","p1087","45492","ARIZONA SENATE GOP: Today, the Ninth Circuit Court of Appeals ruled in favor of election integrity Voters in Arizona who register with the state and do not provide proof of citizenship will be rejected.This is a victory for election integrity in Arizona. Only U.S. citizens should be allowed to vote in our elections. It sounds like common sense, but the radical left elected officials in our state continue to reject this notion, disrespecting the voices of our lawful Arizona voters. We are grateful the court is upholding this provision in our law, and its time for Congress to take action to ensure only lawful U.S. citizens are voting in federal races.-Warren Petersen https://www.azsenaterepublicans.gov/files/ugd/2f3470b0c9c2c190424627a0a51b20c7ed1672.pdf"
"@1","p1086","45492","James: Such a Great Honor. Thank you very much DJT"
"@1","p1085","45492","The Great Lou Dobbs has just passed away  A friend, and truly incredible Journalist, Reporter, and Talent. He understood the World, and what was happening, better than others. Lou was unique in so many ways, and loved our Country. Our warmest condolences to his wonderful wife, Debi, and family. He will be greatly missed"
"@1","p1084","45491","https://www.breitbart.com/politics/2024/07/15/trump-senior-adviser-dan-scavino-president-trump-was-made-this-moment/"
"@1","p1083","45491","https://rumble.com/v57blp0-republican-national-convention-night-three.html"
"@1","p1082","45491","https://youtu.be/IBUE5uft9ksi4kWwnVHZOKlqXTTF"
"@1","p1081","45490","From a political standpoint, an unprecedented event is happening - The Dems are trying, again, to get Biden off the ballot"
"@1","p1080","45490","https://rumble.com/v576txo-republican-national-convention-night-two.html"
"@1","p1079","45490","Sam Brown, who is running for the U.S. Senate against Jacky Rosen, a terrible Senator from the Beautiful State of Nevada, has already given up more for our Country than any Senator who has ever run for that Office. He loves his Country. He will be GREAT, and never let you down"
"@1","p1078","45490","The Radical Left Democrats are desperately trying to Play the Ref by calling for an illegal and unConstitutional attack on our SACRED United States Supreme Court. The reason that these Communists are so despondent is that their unLawful Witch Hunts are failing everywhere. The Democrats are attempting to interfere in the Presidential Election, and destroy our Justice System, by attacking their Political Opponent, ME, and our Honorable Supreme Court. We have to fight for our Fair and Independent Courts, and protect our Country. MAGA2024"
"@1","p1077","45490","Dow Jones UP 742 based on the fact that the Market expects a TRUMP WIN in November Nice compliment  Thank you"
"@1","p1076","45490","Nice meeting with Former Prime Minister, Boris Johnson, a very fine guy"
"@1","p1075","45489","After lengthy deliberation and thought, and considering the tremendous talents of many others, I have decided that the person best suited to assume the position of Vice President of the United States is Senator J.D. Vance of the Great State of Ohio. J.D. honorably served our Country in the Marine Corps, graduated from Ohio State University in two years, Summa Cum Laude, and is a Yale Law School Graduate, where he was Editor of The Yale Law Journal, and President of the Yale Law Veterans Association. J.D.s book, Hillbilly Elegy, became a Major Best Seller and Movie, as it championed the hardworking men and women of our Country. J.D. has had a very successful business career in Technology and Finance, and now, during the Campaign, will be strongly focused on the people he fought so brilliantly for, the American Workers and Farmers in Pennsylvania, Michigan, Wisconsin, Ohio, Minnesota, and far beyond."
"@1","p1074","45489",".As Vice President, J.D. will continue to fight for our Constitution, stand with our Troops, and will do everything he can to help me MAKE AMERICA GREAT AGAIN. Congratulations to Senator J.D. Vance, his wife, Usha, who also graduated from Yale Law School, and their three beautiful children. MAGA2024"
"@1","p1073","45488","In light of what is going on in the world today, I believe it is imperative that Robert F. Kennedy Jr. receive Secret Service protection  immediately. Given the history of the Kennedy Family, this is the obvious right thing to do"
"@1","p1072","45488","As we move forward in Uniting our Nation after the horrific events on Saturday, this dismissal of the Lawless Indictment in Florida should be just the first step, followed quickly by the dismissal of ALL the Witch Hunts  The January 6th Hoax in Washington, D.C., the Manhattan D.A.s Zombie Case, the New York A.G. Scam, Fake Claims about a woman I never met a decades old photo in a line with her then husband does not count, and the Georgia Perfect Phone Call charges. The Democrat Justice Department coordinated ALL of these Political Attacks, which are an Election Interference conspiracy against Joe Bidens Political Opponent, ME. Let us come together to END all Weaponization of our Justice System, and Make America Great Again"
"@1","p1071","45488","UNITE AMERICA"
"@1","p1070","45488","Based on yesterdays terrible events, I was going to delay my trip to Wisconsin, and The Republican National Convention, by two days, but have just decided that I cannot allow a shooter, or potential assassin, to force change to scheduling, or anything else. Therefore, I will be leaving for Milwaukee, as scheduled, at 3:30 P.M. TODAY. Thank you  DJT"
"@1","p1069","45487","Thank you to everyone for your thoughts and prayers yesterday, as it was God alone who prevented the unthinkable from happening. We will FEAR NOT, but instead remain resilient in our Faith and Defiant in the face of Wickedness. Our love goes out to the other victims and their families. We pray for the recovery of those who were wounded, and hold in our hearts the memory of the citizen who was so horribly killed. In this moment, it is more important than ever that we stand United, and show our True Character as Americans, remaining Strong and Determined, and not allowing Evil to Win. I truly love our Country, and love you all, and look forward to speaking to our Great Nation this week from Wisconsin. DJT"
"@1","p1068","45487","I want to thank The United States Secret Service, and all of Law Enforcement, for their rapid response on the shooting that just took place in Butler, Pennsylvania. Most importantly, I want to extend my condolences to the family of the person at the Rally who was killed, and also to the family of another person that was badly injured. It is incredible that such an act can take place in our Country. Nothing is known at this time about the shooter, who is now dead. I was shot with a bullet that pierced the upper part of my right ear. I knew immediately that something was wrong in that I heard a whizzing sound, shots, and immediately felt the bullet ripping through the skin. Much bleeding took place, so I realized then what was happening. GOD BLESS AMERICA"
"@1","p1067","45487","PRESIDENT TRUMPS 20 CORE PROMISES TO MAKE AMERICA GREAT AGAIN https://www.donaldjtrump.com/platform"
"@1","p1066","45487","Peter Navarro has a new book coming out next week, The New MAGA Deal  Just as he will be released from prison over refusing to testify for the Jan 6 Hoax Committee, who deleted and destroyed all of their records, A CRIME, but nothing happened to them. Get your copy today https://45books.com/products/the-new-maga-deal-pre-order"
"@1","p1065","45487"," Join me today in Butler, Pennsylvania at 5:00PM Eastern. Will be on @NewsMax, @RSBN, @OAN, @realamericasvoice, and Donald J. Trump @Rumble video, among others. Big crowdMAGA2024 https://rumble.com/v56pgu7-live-president-trump-in-butler-pennsylvania.html"
"@1","p1064","45486","Join me today in Butler, Pennsylvania at 5:00PM Eastern. Will be on @NewsMax, @RSBN, @OAN, @realamericasvoice, and Donald J. Trump @Rumble video, among others. Big crowdMAGA2024 https://rumble.com/v56pgu7-live-president-trump-in-butler-pennsylvania.html"
"@1","p1063","45486","4/2/2024  On behalf of 12,000 Law Enforcement people that the Police Officers Association of Michigan representWe want you to accept our endorsement for President of the United States."
"@1","p1062","45486","Just heard from Great Congressman Andrew Clyde of Georgia that the Amendment to Defund the Prosecution of a Presidential Candidate prior to Novembers Election did not pass, 26-25 - It lost by only one vote, because one Republican, Mike Simpson of Idaho, stupidly voted NO, and two Republicans, David Valadao of California and Dan Newhouse of Washington, the only two remaining Impeachers in the House of President Donald J. Trump, didnt show up to vote. They must have had more important things to do. Also, Mike Garcia of California, David Joyce of Ohio, and Juan Ciscomani of Arizona, didnt show up to vote. Thanks very much, fellas, for your great support"
"@1","p1061","45486","Bobby Harshbarger is a fantastic Candidate who will do an incredible job in the Tennessee State SenateAn America First Conservative and Trusted Pharmacist, Bobby will work hard to Grow the Economy, Stop Inflation, Cut Taxes and Regulations, Secure the Border, Support our Wonderful Military/Vets, and Strongly Defend our always under siege Second Amendment.Bobbys mother is the GREAT Congresswoman from Tennessee, Diana Harshbarger. He and his family are fierce advocates for our Movement to Make America Great Again and, therefore, Bobby Harshbarger has my Complete and Total Endorsement"
"@1","p1060","45486","THANK YOU, SOUTH CAROLINA https://www.DonaldJTrump.com"
"@1","p1059","45486","Mary Anastasia OGrady: Lawfare, where it has been permitted in Latin America, has been effective in rewriting history, landing opponents in jail and turning adversaries into villains. The lesson derived by the political class is that two can play that game."
"@1","p1058","45486","Thank you Mr. Scout The Washington Posts Path to Oblivion https://www.wsj.com/articles/washington-post-trump-politics-9972e440"
"@1","p1057","45486","Jack Smith Isnt a Special Counsel by Law https://www.wsj.com/articles/jack-smith-isnt-a-special-counsel-by-law-regulations-constitution-ccca6514"
"@1","p1056","45486","OBAMA AND BIDEN HATE EACH OTHER OBAMA NEVER RESPECTED BIDEN, THOUGHT HE WAS DUMB, AND A TOTAL LIGHTWEIGHT. WILL BE AN INTERESTING COUPLE OF WEEKS. OBAMA WANTS HIM OUT, WANTS V.P. HARRIS IN"
"@1","p1055","45486","Joe should immediately take a Cognitive Test, and I will go with him, and take one also. For the first time well be a team, and do it for the good of the Country.And from now on, all Presidential candidates should be mandated to take a Cognitive Test and Aptitude Test, regardless of their age"
"@1","p1054","45486","Theyre blaming all of Crooked Joe Bidens problems on me, including his really bad performance in the Debate. Some say that I was not respectful of him, and he just plain choked. Actually, I tried being as nice as possible considering that this is the man who has systematically destroyed our Country, and the man who has WEAPONIZED his Justice Department, doing everything possible to put his Political Opponent, me, in jail. Why should I be nice to him He said he just had a bad night, and I hope, for the good of the Country, that he is right. But his performance since that very eventful Debate evening has not exactly been stellar. Yesterday, before his News Conference, he made an unpardonable gaffe, introducing President Zelenskyy as President Putin. Despite all of this, he shouldnt allow complete losers like George Clooney, under the total auspices and control of Barack Hussein Obama, to push him out of office. That must be his decision, and his decision alone. Good luck Joe"
"@1","p1053","45486","A smart, strong, and compassionate leader of a wonderful Country, Hungary. Great job, Viktor DJT"
"@1","p1052","45485","REPUBLICANS IN CONGRESS SHOULD ATTACH THE VERY IMPORTANT SAVE ACT TO THE NEXT CONTINUING RESOLUTION. STOP THE STEAL, GUARD THE VOTE. LET THE DEMOCRATS TRY TO EXPLAIN WHY THEY ARE AGAINST THIS - NOT DOABLE DJT"
"@1","p1051","45485","Thank you Viktor. There must be PEACE, and quickly. Too many people have died in a war that should have never started DJT"
"@1","p1050","45485","https://justthenews.com/politics-policy/elections/bidens-blarneys-president-continues-peddle-untrue-claims-debate"
"@1","p1049","45485","https://justthenews.com/government/white-house/frithe-flubs-could-not-be-dubbed-bidens-putin-gaffe-presser-stumbles-too"
"@1","p1048","45485","CROOKED JOEONE MINUTE APART."
"@1","p1047","45485","Crooked Joe has a case of Trump Derangement Syndrome"
"@1","p1046","45485","Crooked Joe: Im following the advice of my commander-in-chiefmymymy"
"@1","p1045","45485","Crooked Joe begins his Big Boy Press Conference with, I wouldnt have picked Vice President Trump to be vice president, though I think she was not qualified to be president. Great job, Joe"
"@1","p1044","45485","Coming soon"
"@1","p1043","45484","GREAT POLLS OUT TODAY. MAKE AMERICA GREAT AGAIN"
"@1","p1042","45483","MAKE AMERICA GREAT AGAIN A beautiful evening at TRUMP NATIONAL DORAL, MIAMI. Thank you https://www.DonaldJTrump.com"
"@1","p1041","45484","I know nothing about Project 2025. I have not seen it, have no idea who is in charge of it, and, unlike our very well received Republican Platform, had nothing to do with it. The Radical Left Democrats are having a field day, however, trying to hook me into whatever policies are stated or said. It is pure disinformation on their part. By now, after all of these years, everyone knows where I stand on EVERYTHING  DJT"
"@1","p1040","45484","I am looking very much forward to being in Milwaukee next week. The great people of Wisconsin will reward us for choosing their State for the Republican National Convention. From there we go on to MAKE AMERICA GREAT AGAIN See you next week."
"@1","p1039","45484","So now fake movie actor George Clooney, who never came close to making a great movie, is getting into the act. Hes turned on Crooked Joe like the rats they both are. What does Clooney know about anything He uses the Democrat talking point that Biden, the WORST President in the history of the United States, has saved our Democracy. No, Crooked Joe was the one who WEAPONIZED Law Enforcement against his political Opponent, who created the most devastating INFLATION in the history of our Country, who Embarrassed our Nation in Afghanistan, and whose crazy Open Border Policy has allowed millions of people to illegally pour into our Country, many from prisons and mental institutions. Crooked Joe Biden didnt save our Democracy, he brought our Democracy to its knees. Clooney should get out of politics and go back to television. Movies never really worked for him"
"@1","p1038","45484","Crazy Nancy Pelosi is a Cognitive mess. She has now turned against Crooked Joe. Shes saying he doesnt have what it takes. Really Id love to debate her about what the Radical Left Democrats have done to ruin our Country. She wouldnt last 5 minutes"
"@1","p1037","45484","Join me in Butler, Pennsylvania on Saturday, July 13that 5:00PM Eastern Get your tickets today at: https://event.donaldjtrump.com/events/president-donald-j-trump-to-hold-a-rally-in-butler-pennsylvania"
"@1","p1036","45484","Think of it, I am leading all comers, by a lot, for President of the United States, and I am still under an UNLAWFUL GAG ORDER. This is not AMERICA"
"@1","p1035","45484","I cant believe that I am still under an Unconstitutional Gag Order by a Judge who truly HATES TRUMP. So totally UNFAIR. The whole system if RIGGED"
"@1","p1034","45484","Crazy Nancy Pelosi is more of a cognitive mess than Sleepy Crooked Joe. She also suffers from a terminal case of TDS, Trump Derangement Syndrome. She is a total nut job, who impeached me TWICE, and lost. Now I see her going around, barely, and saying that I am a threat to Democracy. No, this is just Radical Left Democrat Disinformation, which is all that theyre good at. Shes trying to convince anyone that will listen that Crooked Joe is a mental giant, and in great form, which everyone knows, he is not. Shes just continuing the LIE to the American People. Crazy Nancy is a threat to Democracy, a very sick one  And remember, she took full responsibility for not doing her job on Jan 6. It was her fault, and Id like to thank her daughter for supplying the tape of Nancys confession, but what took so long Hiding evidence is a crime DJT"
"@1","p1033","45484","I AGREE with Anna Paulina Luna and the many House Members who think Merrick Garland should be held in INHERENT CONTEMPT for refusing to release the Biden Tapes even though they were subpoenaed The House Republicans should also subpoena Deranged Jack Smith and look into his ILLEGAL INVESTIGATION of me immediately. And they should pass the SAVE ACT immediately to stop illegals from voting in our elections. Republicans MUST GET TOUGH about stopping weaponization and cheating They may just be coming for me and my elections today, but they will come for all the Republicans very soon if they succeed"
"@1","p1032","45483","What a GREAT RALLY at Trump National DORAL Miami last night. WOW, it was really Special  the Enthusiasm was off the chart. Amazing crowd Thank you to everyone who made it happen"
"@1","p1031","45483","https://www.breitbart.com/politics/2024/07/09/analysis-electoral-college-ratings-shift-trump-way-big-time/"
"@1","p1030","45483","TRUMP NATIONAL DORAL, MIAMI https://www.DonaldJTrump.com"
"@1","p1029","45483","MAKE AMERICA GREAT AGAIN A beautiful evening at TRUMP NATIONAL DORAL, MIAMI. Thank you https://www.DonaldJTrump.com"
"@1","p1028","45483","A beautiful evening at TRUMP NATIONAL DORAL, MIAMI. Thank you https://www.DonaldJTrump.com"
"@1","p1027","45483","Crooked Joe Biden didnt build up money for NATO, he just got them to spend the money that I got Members to pay, on a stupid war that never would have happened if I were President, the Russia attack on Ukraine. I would have had that worked out in MINUTES The only reason the Members have been paying is that they want U.S. protection from this devastating war should it come their way. Sleepy Stupid Joe allowed it to happen because he is incompetent. Look at all of the death and destruction there is all because of a Rigged U.S. Presidential Election. Hundreds of thousands of dead people because our President is grossly incompetent DJT"
"@1","p1026","45483","Join me live from TRUMP NATIONAL DORAL, MIAMI at 7:00PM Eastern. Will be on @RSBN, @NewsMax, @OAN, @realamericasvoice, and Donald J. Trump @Rumble video, among others. Big crowdMAGA2024 https://rumble.com/v565mpf-live-president-trump-in-doral-fl.html"
"@1","p1025","45483","Join me live from TRUMP NATIONAL DORAL, MIAMI at 7:00PM Eastern. Will be on @RSBN, @NewsMax, @OAN, @realamericasvoice, and Donald J. Trump @Rumble video, among others. Big crowdMAGA2024 https://rumble.com/v565mpf-live-president-trump-in-doral-fl.html"
"@1","p1024","45483","If it werent for me as President, there probably would be no NATO by now. When I became President, I noticed that there were only 7 of the 28 Countries, that were then Members, who were paid up. Most Members were delinquent, some having paid very little, if anything. I found this unacceptable, and insisted that they pay if they wanted the protection of the U.S. Billions of Dollars came pouring in. No other President did anything about these long term delinquencies. The Secretary General of NATO said it was incredible what President Trump had done. It made NATO viable again. Now we have a similar problem. The U.S. is paying most of the money to help Ukraine fight Russia. Europe should at least EQUALIZE They owe more than 100 Billion to do so. Crooked Joe has never even asked them to do so."
"@1","p1023","45483","FoxNews will put up Fake Confidential Democrat Polls that were leaked to them, but not Rasmussen or any of the REAL polling groups that have me way ahead. Whats up with FOX I do better with CNN"
"@1","p1022","45483","FoxNews will never take great polls, from reputable pollsters, where Im beating  Crooked Joe, the worst President in history, by a lot, but will take FAKE confidential Democrat polls, that they leaked to Fox, and go up big with them. John Roberts, a real heavyweight, was the anchor. Ill be releasing REAL POLLS shortly"
"@1","p1021","45482","Republicans must pass the Save Act, or go home and cry yourself to sleep. Non citizen Illegal Migrants are getting the right to vote, being pushed by crooked Democrat Politicians who are not being stopped by an equally dishonest Justice Department. Our whole voting system is under siege. Harmeet and David, go to court and get this stopped, NOW. The Dems cant win on their policies, the only way they can win is to  CHEAT. They do it at every level of government, and they do it well. Thats how they get an incapacitated moron like Joe Biden elected. Get tough RNC Michael W, Speaker Johnson, and all State and Local Republican politicians. The Justice Department is CORRUPT and wont do a thing to help. They have no shame All I can say is that if Im elected President, we will pursue Election Fraudsters at levels never seen before, and they will be sent to prison for long periods of time. We already know who you are. DONT DO IT  ZUCKERBUCKS, be careful"
"@1","p1020","45482","PART 1 of 2 WITH SEAN HANNITY"
"@1","p1019","45482","PART 2 of 2 WITH SEAN HANNITY"
"@1","p1018","45482","Alan Dershowitz: The Trump Gag Order Violates Your Freedom of Speech: Mr. Trump isnt the only victim of this ill-advised gag order. It violates your First Amendment rights and mine as well. The First Amendment, as interpreted by the Supreme Court, provides that no government agency can abridge the freedom of speech. This important freedom has two parts. The first is the right of the speaker to express his views. The second, less obvious but equally important, is the right of the public to hear the speakers views and evaluate them. Justice Thurgood Marshall summarized Supreme Court case law on this subject inStanley v. Georgia1969: It is now well established that the Constitution protects the right to receive information and ideasJust as no one is above the law, no one is above criticism regarding the legal process. In the marketplace of ideas protected by the First Amendment, all of usnot the New York courtshave a right to judge him on what he says.."
"@1","p1017","45482",".It is important to remember that a gag order is a prior restraint on speech. The First Amendment prohibits prior restraints except in the most extraordinary circumstances, in which important countervailing interests are at stake. InNew York TimesCo. v. U.S.1971, the Pentagon Papers case, the Supreme Court rejected such claims by the government and allowed the media to publish sensitive classified informationThe marketplace of ideas shouldnt allow one candidate to take unfair advantage of a questionable conviction while the other candidate has one hand tied behind his back by a questionable gag order. Voters who havent yet made up their minds, and who might be influenced by what both Messrs. Biden and Trump have to say about the fairness of the conviction, should consider filing friend-of-the-court briefs so that the justices can consider their interests as well as Mr. TrumpsThe politicization of the courts poses a threat to due process and the rule of law."
"@1","p1016","45482","Will be Interviewed tonight by the great Sean Hannity  9 P.M. FoxNews. So much to talk about. ENJOY"
"@1","p1015","45482","Big Rally tomorrow night at TRUMP NATIONAL DORAL, MIAMI. Big crowd expected. Be there, will be AMAZING"
"@1","p1014","45482","I got the price of Insulin for seniors brought WAY DOWN, not Biden. He just inherited this, and many other things, and then always tries to take credit for it. Hes done nothing but destroy our Country"
"@1","p1013","45482"," Dr. Bob Onder is an incredible America First Patriot running for Congress in Missouris 3rd Congressional District. A highly respected physician and attorney, Bob was a delegate for us in 2016, and has been an incredible voice for MAGA and the Great People of Missouri As your next Congressman, Bob will fight tirelessly to Stop Inflation, Grow the Economy, Secure the Border, Support our Military/Vets, Protect our always under siege Second Amendment, and Restore American Energy DOMINANCE. His opponent, Kurt Schaefer, is WEAK ON MAGA. Thats all you have to know Dr. Bob Onder has my Complete and Total Endorsement - He will not let you down"
"@1","p1012","45482","Politico: Biden Is Toast."
"@1","p1011","45482","The Drudge Report, which has become vehemently anti-Trump, even had this as its siren headlines:OPERATION: REPLACE BIDENDEMS SCRAMBLE WITH 130 DAYS TO GO DEBATE CATASTROPHE."
"@1","p1010","45482","Van Jones on CNN: He didnt do well at all  theres time for this party to figure out a different way forward."
"@1","p1009","45482","Joy Reid on MSNBC, perhaps the most pro-Biden, anti-Trump person on cable news, said this: My phone never really stopped buzzing throughout. The universal reaction was  approaching panic"
"@1","p1008","45482","https://nypost.com/2024/06/28/opinion/this-debate-was-a-blowout-for-trump-and-it-wasnt-even-close/"
"@1","p1007","45482","This will end"
"@1","p1006","45482","These have been the worst four days for the Democratic Party since Lee surrendered at Appomattox. -Unnamed Democratic Operative"
"@1","p1005","45482","Taylor Budowich: At the end of it all, President Trump delivered his most disciplined, clever and devastatingly precise debate performance yet. Theres no Democrat waiting in the wings who could have stood in Mr. Bidens place on that stage Thursday and measured up to Mr. Trump. So, regardless of the Democrats choice in a lose-lose proposition, its Mr. Trumps message of prosperity and American greatness that will ultimately be decisive in November. https://www.wsj.com/articles/sorry-democrats-biden-is-your-man-presidential-debate-2146aaa4"
"@1","p1004","45482","https://www.thegatewaypundit.com/2024/07/wayne-root-important-question-isnt-who-is-replacing/"
"@1","p1003","45482","https://paulingrassia.substack.com/p/remembering-president-trumps-stirringutmcampaignposttriedRedirecttrue"
"@1","p1002","45482","https://nypost.com/2024/07/03/opinion/on-july-4th-follow-samuel-adams-and-speak-up-for-patriotism/"
"@1","p1001","45482","https://babylonbee.com/news/trump-indicted-for-murdering-elderly-man-on-cnn"
"@1","p1000","45482","America Depends on Presidential Immunity https://www.wsj.com/articles/america-depends-on-presidential-immunity-supreme-court-decision-trump-charges-c163ae81"
"@1","p999","45482","https://thepostmillennial.com/total-exoneration-trump-says-all-unfair-charges-against-him-should-be-cleared"
"@1","p998","45482","The 2024 GOP Platform to MAKE AMERICA GREAT AGAIN was overwhelmingly approved by the Rules Committee - Thank you to Chairwoman Marsha Blackburn and Vice Chair Michael Waltz for their tireless work to PUT AMERICA FIRST. Ours is a forward-looking Agenda with strong promises that we will accomplish very quickly when we win the White House and Republican Majorities in the House and Senate. We are, quite simply, the Party of Common Sense America needs determined Republican Leadership at every level of Government to address the core threats to our very survival: Our disastrously Open Border, our weakened Economy, Inflation, crippling restrictions on American Energy Production, our depleted Military, attacks on the American System of Justice, the Weaponization of Politics, and much more."
"@1","p997","45482",".To make clear our commitment, we offer to the American People our plan to restore our Country to Greatness - It will be approved next week at the GOP Convention. The Forgotten Men and Women of this Country will be forgotten no longer. MAGA"
"@1","p996","45482","Jack Smith Isnt a Special Counsel by Law https://www.wsj.com/articles/jack-smith-isnt-a-special-counsel-by-law-regulations-constitution-ccca6514"
"@1","p995","45481","Dr. Bob Onder is an incredible America First Patriot running for Congress in Missouris 3rd Congressional District. A highly respected physician and attorney, Bob was a delegate for us in 2016, and has been an incredible voice for MAGA and the Great People of Missouri As your next Congressman, Bob will fight tirelessly to Stop Inflation, Grow the Economy, Secure the Border, Support our Military/Vets, Protect our always under siege Second Amendment, and Restore American Energy DOMINANCE. His opponent, Kurt Schaefer, is WEAK ON MAGA. Thats all you have to know Dr. Bob Onder has my Complete and Total Endorsement - He will not let you down"
"@1","p994","45481","https://www.breitbart.com/europe/2024/07/07/french-elections-le-pen-party-won-most-votes-but-awarded-third-most-seats/"
"@1","p993","45481","https://www.breitbart.com/europe/2024/07/07/farage-party-would-have-won-94-seats-under-proportional-voting-system/"
"@1","p992","45481","FoxNews: STOP PUTTING ON THE ENEMY"
"@1","p991","45481","https://thefederalist.com/2024/06/04/chuck-schumers-brother-works-for-law-firm-behind-braggs-get-trump-indictment/"
"@1","p990","45481","HUMAN EVENTS EDITORIAL BOARD: IT WAS RIGGED, LET US COUNT THE WAYS - Before it was even over, it was obvious that this trial was a contemptible joke. Nevertheless, the fact that apparently, a jury in New York can convict a man for a crime whose existence befuddles even legal experts, on all counts of an indictment which is similarly impenetrable, is not funny. It is downright alarming. The Babylon Bee described the verdict as Donald Trump found guilty of being Donald Trump, and we, for one, wish that a satire site would stop writing straight news. Its weird, and also, thats our job. Nevertheless, the Bee is correct. So, regrettably, was President Trump himself when he said that Mother Theresa couldnt beat these charges.."
"@1","p989","45481",".This is not because the charges were persuasive they werent. This is not because the evidence presented was damning if anything, it was damning for the prosecution who staked their case on a convicted perjurers word and sent a porn star who mistook a possum for a ghost to testify, even though she had no knowledge that was pertinent and contradicted her own public interviews in her testimony. The reason this case was rigged was simple: because this trial was less an American trial and more like a real-life repeat of the infamous Disney cartoon Plutos Judgment Day, in which the titular dog dreams of being sent to Hell, where he is tried by a courtroom full of cats. Except that cats would probably give dogs a fairer hearing than this jury and especially this Judge gave Trump."
"@1","p988","45481",".However, unlike the prosecutors in this case, we will not simply lob a charge and then expect friendly audiences to accept it unquestioningly. Unlike the prosecutors, we plan to prove our case at least, as much as we can in an editorial. The evidence is so exhaustive it could fill a book. But we will try to summarize it as far as possible. Start with Judge Juan Merchans infamous gag order, a blatant and arguably unconstitutional attack on President Trumps free speech rights, and which Trump is suing Merchan overIn the course of the trial, Merchan has denied Trump the right to attend a Supreme Court hearing on his claims of presidential immunity and even initially denied him the right to attend his own sons high school graduation. Gratuitous and nasty though these decisions were, however, they pale in comparison to Merchans more substantively dangerous rulings."
"@1","p987","45481",".For example, as Jonathan Turley argued, Merchan continues to allow the jury to hear references to campaign-finance violations that do not exist. He refused to allow a legal expert to testify that these violations did not existHe sustained every prosecutorial objection to defense witness Robert Costello repeatedly pointing out Michael Cohens record as a perjurer, and then screamed at Costello from the bench when he expressed his frustration and befuddlement. Costello, for the record, is both a former prosecutor and a far more decorated lawyer than Cohen, yet Merchan treated him with about as much respect as a convicted felon."
"@1","p986","45481",".Then, when prosecutors showed similar disregard for his own rulings in their closing arguments, Merchan simply let it slide. But none of this, none of this can hold a candle to Merchans instructions to the jury before they began deliberations. Firstly, Merchan told the jury they did not have to agree on what crime Trump committed or, indeed, whether he committed a crime at all. Even if four jurors believed Trump had committed one crime, four believed he had committed a second but not the first, and four believed he committed a third but not the first two, Merchan would treat that as a unanimous verdict. In other words, the jury were allowed to act like South Parks underpants gnomes, and convict Trump under the following theory:Point 1: Trump falsified his business records to commit a crime specified in point 2Point 2: Point 3: GUILTY."
"@1","p985","45481",".Secondly, Merchan declined to instruct the jury on what campaign finance law actually says, because what it actually says is that Trumps actions did not constitute a campaign finance violation. This, after Merchan blocked the aforementioned defense witness, a former chair of the Federal Election Commission, from testifying that Trumps actions did not fall afoul of campaign finance law for the simple reason that any reporting of the expense in question would have to take place after the election. In other words, it would have to be a conspiracy to influence the election, which somehow existed after the election already took place. Yeah, okay."
"@1","p984","45481",".Thirdly, Merchan allowed the prosecution to charge Trump with a misdemeanor crime which has long been considered dead due to its vague character. Fourthly, Merchan allowed the jury to convict Trump not because he specifically intended to defraud anyone, but rather because of a general intent to defraud any person or entity. In other words, even if he didnt falsify anything in this case, if you think Donald Trump is a lying liarpants, you can still convict him because of his general intent. Is it any wonder that Trump was convicted on all 34 counts, on this basis."
"@1","p983","45481",".Look, we would like to believe that the American justice system still has integrity. And in many states, perhaps it does. But clearly, not in New York. And ironically, the jury gave themselves away with their excessively and ridiculously consistent verdict. Had they found President Trump not guilty of even one tiny lesser offense, it would have been theoretically possible to believe that these jurors actually weighed the evidence. But guilty on all 34 counts After only 2 days."
"@1","p982","45481","No one ever said it would be easy to take America back from people who hate its foundational principles, and are willing to knife them not just for President Trump, but for anyone who has the audacity to support him. There is but one solace: such people may be able to temporarily force obeisance, but they have forever forfeited the right to respect. They may have power, but they have surrendered moral authority. They can make us pretend to take them seriously in public they cannot stop us sniggering behind our hands. And we are. Because this is still a joke a bad joke. A sinister joke. But a joke. And come November, were willing to bet, President Donald J. Trump will have the last laugh."
"@1","p981","45481","Steven Calabresi: President Donald Trumps Manhattan Convictions are Unconstitutional: Manhattan District Attorney Alvin Bragg alleged that the documents were allegedly falsely altered to conceal a contribution of money in violation of federal campaign finance laws or in pursuance of winning the 2016 election by defrauding the voters of information they had a right to know. Neither argument passes First Amendment scrutiny. The federal campaign finance laws were partially upheld in Buckley v. Valeo, 424 U.S. 1 1976."
"@1","p980","45481",".In that case, campaign expenditure limits were ruled to be flatly unconstitutional as a violation of the First Amendments protection of freedom of speech. Under Buckley v. Valeo, an individual like Donald Trump can spend an unlimited amount of his own money promoting his own campaign. But, the Supreme Court in Buckley did uphold contribution limits on how much an individual or a group could contribute to influence an election. Alvin Bragg argues that the Trump organizations contribution of 130,000 to pay Stormy Daniels hush money exceeded federal campaign finance limits on contributions. The federal government itself has adopted a policy of not prosecuting hush money payments as illegal campaign contributions in the wake of its embarrassing loss of such a prosecution brought against Democratic Vice Presidential contender John Edwards who had paid hush money to a mistress with who he had had a child out of wedlock."
"@1","p979","45481",".In 2010, in Citizens United v. Federal Election Commission, 558 U.S. 310, the Supreme Court held 5 to 4 that the freedom of speech clause of the First Amendment prohibits the government from restricting independent expenditures for political campaigns by closely allied corporations and groups like The Trump Organization. Under Citizens United, it was perfectly legal for The Trump Organization to pay Daniels 130,000 in hush money to conceal her alleged affair with Donald Trump."
"@1","p978","45481",".The opinion in Citizens United was written by former Justice, and liberal icon, Anthony M. Kennedy, and it was joined by Chief Justice John Roberts, Justice Clarence Thomas, and Justice Samuel Alito all three of whom are still on the SC. Given the Courts current membership, it is highly likely that the outcome in Citizens Unitedwould prevail again today by a vote of 6 to 3. If Buckley v. Valeo was argued to be an obstacle to Trump prevailing, the SC would today, in 2024, and should today, in 2024, overrule the campaign finance contribution limits of federal election law as violations of the freedom of speech. Groups contributing to election campaigns can pay for advertising to promote candidates, and they can also pay hush money to keep bad or false stories out of the news. The effect either way is to help the candidate. You can contribute  to generate good publicity. And, you can contribute  to avoid bad publicity. The First Amendment protects freedom of speech in both cases."
"@1","p977","45481",".Campaign finance limits prevent speech by people who want to engage in it. They have changed Congress so badly that today Members of Congress spend 70 of their time raising money rather then legislating or meeting with their constituents because of absurdly low campaign finance limits that have not been adequately raised to match inflation since those laws were enacted in the 1970s. The post-Watergate campaign finance laws were and always have been flagrantly unconstitutional in their totality."
"@1","p976","45481",".Federal Campaign Finance laws are an incumbent protection measure that makes it too hard for challengers to knock off incumbents who have much higher name id and who have franking privileges which allow them unlimited free correspondence with their constituents through the mail. That it is not to mention the power of incumbents to steer pork-barrel spending back to their own states and districts so that they will be endlessly re-elected."
"@1","p975","45481",".The First Amendment Freedom of Speech Clause also rules out of order Alvin Braggs argument that Trump defrauded American voters by preventing them from hearing about Trumps affaire with Stormy Daniels. Theories as broad as this one is, of defrauding voters would end up eliminating the freedom of speech in American electionsThere was thus no predicate crime that Trump could have been concealing when he allegedly altered business records at The Trump Organization. Trumps convictions in the Manhattan trial are unconstitutional because they violate the First Amendment as it was originally understood."
"@1","p974","45481",".The U.S. Supreme Court needs to hear this case as soon as possible because of its impact on the 2024 presidential election between President Trump and President Biden. Voters need to know that the Constitution protected everything Trump is alleged to have done with respect to allegedly paying hush money to Stormy DanielsThe federal Supreme Court needs to make clear what are the legal rules in matters of great consequence to an election to a federal office like the presidency. A highly partisan borough, Manhattan, of a highly partisan city, New York City, in a highly partisan state, like New York State, cannot be allowed to criminalize the conduct of presidential candidates in ways that violate the federal constitution. The Roman Republic fell when politicians began criminalizing politics. I am gravely worried that we are seeing that pattern repeat itself in the present-day United States. It is quite simply wrong to criminalize political differences."
"@1","p973","45481","Lt. Gov. Pamela Evette: Last nights CCMFLive crowd showed up and showed out for President Trump These 40,000 patriots want Trump back in office this November. Without a doubt - SC is Trump country"
"@1","p972","45481","https://www.wsj.com/politics/policy/joe-biden-age-election-2024-8ee15246"
"@1","p971","45481","Thank you Tyler"
"@1","p970","45481","Silicon Valley billionaire David Sacks tells Primetime why hes throwing his weight and money behind Trump."
"@1","p969","45481","AGENDA 47: https://www.donaldjtrump.com/agenda47"
"@1","p968","45481","Donald Trump Jr: Joe Scarborough just months ago: This is the best Biden ever Scarborough last week: Uhhhh"
"@1","p967","45481","https://www.wsj.com/articles/trumps-trial-violated-due-process-76fae047"
"@1","p966","45481","https://www.nationalreview.com/2024/05/yes-it-was-rigged/"
"@1","p965","45481","Thank you @BooMo. MAGA2024 Well Sir, NO ONE DOES A BOAT PARADE LIKE YOUR FLORIDIANS BABY @realDonaldTrump  WE LOVE YOU PRESIDENT TRUMP YOU HAVE NO IDEA HOW MUCH WE MISS YOU AND YOUR FAMILY We need elegance back in the WH with class ASAP PHPnews RPN XTeam TheHashTagChat Maga4TheFelon Trump2024"
"@1","p964","45481","BIG RALLY IN MIAMI, AT TRUMP NATIONAL DORAL, ON TUESDAY. GATES OPEN AT 2:00 P.M. BIG CROWD AND GREAT ENERGY INCREDIBLE MUSIC AND SPEECHES. I GO ON AT 7:00 P.M. SEE YOU AT DORAL"
"@1","p963","45481","Join me at Trump National Doral Miami on Tuesday, July 9that 7:00PM Eastern Get your tickets today at: https://event.donaldjtrump.com/events/president-donald-j-trump-to-hold-a-rally-in-doral-florida"
"@1","p962","45481","Join me in Butler, Pennsylvania on Saturday, July 13that 5:00PM Eastern Get your tickets today at: https://event.donaldjtrump.com/events/president-donald-j-trump-to-hold-a-rally-in-butler-pennsylvania"
"@1","p961","45481"," To all the Great Boaters in the Boat Parade on the Jersey Shore, we love you, and will MAKE AMERICA GREAT AGAIN"
"@1","p960","45480","To all the Great Boaters in the Boat Parade on the Jersey Shore, we love you, and will MAKE AMERICA GREAT AGAIN"
"@1","p959","45480","Why does FoxNews keep putting all of these warped Biden Apologists on, one after another, like failed former Congressman Patrick Murphy"
"@1","p958","45480","PETER BAKER AND SUSAN GLASSER, THE FAKE OBAMA LOVING JOURNALISTS WHO HAVE NO TALENT AND REFUSE TO WRITE THE TRUTH, ARE FAILING BADLY, ALONG WITH THE NEW YORK TIMES. THIS LOVELY COUPLE IS A ONE SIDED, CONFUSED, AND HIGHLY CONFLICTED MESS. BAKER WRITES SO INACCURATELY ABOUT ME THAT HE HAS LOST ALL CREDIBILITY, ALONG WITH THE FAILING NEW YORK TIMES, WHICH AT SOME POINT WILL BE PUT TO REST IN THE GRAVEYARD OF BAD AND INACCURATE JOURNALISM. THEY HAVE CALLED ME WRONG FROM DAY ONE, EVEN HAVING TO APOLOGIZE TO THEIR READERS FOR THEIR FAKE REPORTING IN 2016. IT IS GOING TO HAPPEN AGAIN, BUT BIGGER AND BETTER THAN EVER BEFORE"
"@1","p957","45480","EVERY ONE OF THE LAWSUITS I AM INVOLVED WITH, INCLUDING THE CIVIL SCAMS, WERE STARTED BY CROOKED JOE BIDEN AND HIS FASCIST GOVERNMENT FOR PURPOSES OF ELECTION INTERFERENCE AND TRYING TO DAMAGE SLEEPY JOES POLITICAL OPPONENT. THE FAKE NEWS, INCLUDING FOX, HATES TO REPORT THAT BECAUSE IT DOESNT PLAY INTO THEIR NARRATIVE  BUT THE PEOPLE GET IT LOUD AND CLEAR IT IS THIS ELECTIONS FORM OF CHEATING. THEY HAVE NO SHAME BUT FEAR NOT, WE WILL WIN, AND POSSIBLY BY HISTORIC PROPORTIONS. DJT"
"@1","p956","45480","TRUMP DERANGEMENT SYNDROME Joe Biden Blames Trump for Poor Debate Performance https://townhall.com/tipsheet/saraharnold/2024/07/06/biden-claims-trump-shouted-during-debate-but-no-such-thing-happened-n2641467"
"@1","p955","45480","Happy Anniversary to Ben  Candy Carson, two really spectacular people DJT"
"@1","p954","45480","https://www.rsbnetwork.com/news/president-trumps-patriotic-fourth-of-july-message/"
"@1","p953","45480","FoxNews puts on the WORST people, and all done very purposely. John Bussey, a Wall Street Journal Associate Editor, is a real loser who loves to hear himself talk. When he discusses me, he refuses to say, even though he knows it to be true, that everything I got accused of is a Biden inspired HOAX for purposes of Election Interference. He plays right into their web of deceit and deception by not explaining this. Is he a Democrat, or a really dumb Republican Hard to believe Im winning by so much with jerks like this stinking up the airwaves. Get rid of him, FoxNews  DJT"
"@1","p952","45479","Crooked Joe Biden should ignore his many critics and move forward, with alacrity and strength, with his powerful and far reaching campaign. He should be sharp, precise, and energetic, just like he was in The Debate, in selling his policies of Open Borders where millions of people, including record numbers of Terrorists, are allowed to enter our Country, from prisons and mental institutions, totally unchecked and unvetted, to Ending Social Security, Men playing in Womens sports, High Taxes, High Interest Rates, encouraging a Woke Military, Uncontrollable Inflation, Record Setting Crime, Only Electric Vehicles, Subservience to China and other Countries, Endless Wars, putting America Last, losing our Dollar Based Standard, and so much more. Yes, Sleepy Joe should continue his campaign of American Destruction and, MAKE CHINA GREAT AGAIN"
"@1","p951","45479","How nice that Joe Biden just called me, mistakenly, one of his colleagues, in a rather bad story about him"
"@1","p950","45479","Join me at Trump National Doral Miami on Tuesday, July 9that 7:00PM Eastern Get your tickets today at: https://event.donaldjtrump.com/events/president-donald-j-trump-to-hold-a-rally-in-doral-florida"
"@1","p949","45479","Join me in Butler, Pennsylvania on Saturday, July 13that 5:00PM Eastern Get your tickets today at: https://event.donaldjtrump.com/events/president-donald-j-trump-to-hold-a-rally-in-butler-pennsylvania"
"@1","p948","45478","I know nothing about Project 2025. I have no idea who is behind it. I disagree with some of the things theyre saying and some of the things theyre saying are absolutely ridiculous and abysmal. Anything they do, I wish them luck, but I have nothing to do with them."
"@1","p947","45478","Gary Player  One of the true GREATS, for decades."
"@1","p946","45478","The New York Post: Left wing fact checker admits Trump never called Charlottesville neo-Nazis very fine people: The left-leaning fact checking website Snopes acknowledged Saturday that former President Trump never called neo-Nazis very fine people...President Biden was chief among those critics, citing the supposed incident as a main reason for launching his 2020 campaign. While Trump did say that there were very fine people on both sides, he also specifically noted that he was not talking about neo-Nazis and white supremacists and said they should be condemned totally. Therefore, we have rated this claim False, Snopes wrote."
"@1","p945","45478","https://puck.news/biden-plunges-in-swing-states-in-leaked-post-debate-poll/"
"@1","p944","45478","https://www.mediaite.com/news/shocking-poll-shows-12-point-post-debate-swing-toward-trump-in-new-hampshire/"
"@1","p943","45478","https://www.washingtontimes.com/news/2023/jul/4/jack-smiths-record-rife-mistrials-overturned-convi/"
"@1","p942","45478","This was a Biden Prosecution. Weaponization - I DID NOTHING WRONG. Called Legal Expense, Legal Expense. Biden should call off the dogs. https://www.newsmax.com/newsfront/donald-trump-trial-jail/2024/06/03/id/1167237/"
"@1","p941","45478","This Bum is running the DOJ https://thefederalist.com/2018/11/08/robert-muellers-lead-prosecutor-history-ethics-violations/"
"@1","p940","45478","These are the ladies that are weaponizing our Elections and dividing our Country. They must be stopped. https://amgreatness.com/2022/08/30/obama-era-sisters-circle-trump/"
"@1","p939","45478","Congratulations to Nigel Farage on his big WIN of a Parliament Seat Amid Reform UK Election Success. Nigel is a man who truly loves his Country DJT"
"@1","p938","45478","It was my honor to speak to our Great Veterans and their families in Wisconsin and Florida tonightlive from Bedminster, New Jersey. God Bless The USA"
"@1","p937","45478","I have the answer to the Crooked Joe Biden Incompetence Puzzle  Lets do another Debate, but this time, no holds barred - An all on discussion, with just the two of us on stage, talking about the future of our Country. The ratings were massive for the First Debate, record setting, in fact, but this one, because of the format, would blow everything away Let Joe explain why he wants Open Borders, with millions of people, and many violent criminals from parts unknown, pouring into our once great Nation, or why he wants Men Playing in Womens Sports, or demand ALL ELECTRIC VEHICLES within five years, or why he allowed INFLATION TO RUN RAMPANT, destroying the people of our Country, and so much more. It would also, under great pressure, prove his competence, or lack thereof. Likewise it would be yet another test for me. What a great evening it would be, just the two of us, one on one, in a good, old fashioned Debate, the way they used to be. ANYTIME, ANYWHERE, ANYPLACE"
"@1","p936","45478","The meanest and most vicious Interviewer out there is George Slopadopoulos of FAKE NEWS ABC, one of the worst and most vile Broadcasters in the business  In fact, the home of disgraced reporter Brian Ross whose reporting on the Russia, Russia, Russia Hoax was so outlandish that ABC, after defending him at levels not seen before, was forced to put him, and their reputation, out to pasture. Now ABC, and Liddle George, a tiny, angry man, can make up for their past indiscretions and journalistic failures by doing a real interview with Crooked Joe, not a cut up promotion with only his few coherent answers released to the public. Let the World know why Joe directed, and allowed his Department of Injustice, and others, to illegally attack his Political Opponent, ME. Nothing like this has ever happened in our Country before. Also, ask why he used all Soros Prosecutors and, in particular, a loser like Deranged Jack Smith The proof is irrefutable - Crooked Joe is a COWARD MAGA2024"
"@1","p935","45478","Happy Fourth of July to all, including to our highly incapable President, who uses Prosecutors to go after his Political Opponent, who choked like a dog during the Debate but tried to pretend it was International Travel only 12 days rest and, when that gig was up, he blamed it on a cold. Therefore, why would anyone say hes cognitively challenged Also, respects to our potentially new Democrat Challenger, Laffin Kamala Harris. She did poorly in the Democrat Nominating process, starting out at Number Two, and ending up defeated and dropping out, even before getting to Iowa, but that doesnt mean shes not a highly talented politician Just ask her Mentor, the Great Willie Brown of San Francisco. Someone else that I have to compliment is a Deranged Biden Prosecutor named Jack Smith, who has become a Legend in his own mind for all of those cases he has lost. The Corrupt Prosecutors are working hard for Crooked Joe, but it will never be enough   MAKE AMERICA GREAT AGAIN"
"@1","p934","45477","NO TAX ON TIPS"
"@1","p933","45477","https://www.breitbart.com/politics/2024/07/03/money-talks-trump-campaign-raises-331-million-in-years-2nd-quarter-smashes-bidens-haul/"
"@1","p932","45477","Of course they are Bidens allowing them all to move to China and Mexico. MAGA https://www.breitbart.com/economy/2024/07/03/michigan-stellantis-temporarily-laying-off-1600-auto-workers-amid-production-cuts/"
"@1","p931","45477","NO TAX ON TIPS"
"@1","p930","45477","Sheri Biggs is an America First Patriot who will be an incredible Congresswoman for South Carolinas Third Congressional District A Lieutenant Colonel in the Air National Guard, Sheri has served our Country with Distinction, and will bring that same fighting spirit to Congress. Sheri will work tirelessly to Secure the Border, Stop Migrant Crime, Support our Great Military/Vets, Grow our Economy, End Inflation, and Protect our always under siege Second Amendment. South Carolinas Great Governor, Henry McMaster, is a big fan of Sheri, and so am I. Sheri Biggs has my Complete and Total Endorsement  SHE WILL NOT LET YOU DOWN"
"@1","p929","45477","Biden Migrant Crime gets bloodier by the day. Shocking new video shows Biden Illegals, imported and sheltered by Democrats, choking and robbing an innocent train passenger. The Corrupt Democrat Party unleashed this Nightmare of Violence on America, and ALL Democrats must be voted out of power in 2024, THE MOST IMPORTANT ELECTION IN THE HISTORY OF OUR COUNTRYVia EndWokeness: BREAKING: Newly released footage shows four illegals from Venezuela choking and robbing a 49-year-old man in Chicago. They were living in a tax-funded shelter."
"@1","p928","45477","@TheLeeGreenwood and I are championing Faith and Freedom in America with the God Bless the U.S.A. Bible.It is really beautiful, and every Patriot should have one https://godblesstheusabible.com/"
"@1","p927","45477","Highly respected Justice Michael Gableman is a fighter for Wisconsin, a State that I love. Robin Vos must be defeated He is constantly fighting the truth and wants nothing to do with Election Fraud or anything else that is good for the State. We are going to MAKE AMERICA GREAT AGAIN, and I want to make Wisconsin a big part of that. I fully endorse Justice Michael Gableman, and so respect the time and effort he spends to MAKE AMERICA GREAT AGAIN"
"@1","p926","45477","https://www.DonaldJTrump.com"
"@1","p925","45477","There ought to be some kind of a Statistic kept on Presidential Candidates who have knocked their opponent totally out of the Race through a single Debate. The excuses are coming by the minute: International Travel, a Cold, Waning Public Support, Polls, etc. But, as everyone with a brain knows, it was the TOTAL Annihilation and Destruction of Crooked Joe Biden, at the hands and mind of President Donald J. Trump, that did him in - And probably for good Attorney David Schoen"
"@1","p924","45477","Trumps Rescue Mission: Saving America is a must see film that lays bare the enormous stakes of the 2024 election and what it means for our country and the world. It details why Bidens disastrous tenure in office could not be more different than the peace and prosperity enjoyed during the Trump years. It details why Bidens disastrous tenure in office could not be more different than the peace and prosperity enjoyed during the Trump years. From the weaponization of our justice system, to Bidens obvious cognitive decline, to the open border crisis, to the crippling inflation catastrophe, to the botched foreign policy decisions in Afghanistan, Ukraine and the Middle East, Joe Biden is  without question  the worst president in U.S. history.Congratulations to my friend @DaveBossie on a great job, this film is a must seeMAGA2024 Click here: http://TrumpSavesAmericaMovie.com http://TrumpSavesAmericaMovie.com"
"@1","p923","45477","http://TrumpSavesAmericaMovie.com"
"@1","p922","45476","A great interview this morning with Tom Dupree, Former Deputy Asst Attorney GeneralA must watch"
"@1","p921","45476","TOTAL EXONERATION It is clear that the Supreme Courts Brilliantly Written and Historic Decision ENDS all of Crooked Joe Bidens Witch Hunts against me, including the WHITE HOUSE AND DOJ INSPIRED CIVIL HOAXES in New York. All of these Unfair Charges represent the WORST level of Election Interference ever seen in our Countrys long and storied History. It must be understood, that I was Totally and Completely Innocent from the beginning of this Giant and Highly Illegal Scam, long before the Supreme Courts Decision was released. The impact of the Immunity Ruling is a loud and clear signal for Justice in the United States. I AM PROUD TO BE AN AMERICAN"
"@1","p920","45476","NO MATTER WHAT JOE BIDEN PROMISED IN THE DEBATEASK YOURSELF"
"@1","p919","45476","WHEN YOU THINK ABOUT THE JOE BIDEN YOU SAW DEBATE, ASK YOURSELF A QUESTION"
"@1","p918","45476","https://www.DonaldJTrump.com"
"@1","p917","45475","A really bad day for Deranged Jack Smith, the wacko prosecutor used for Crooked Joe Bidens attack on his Political Opponent. Today, as in the past, the Supreme Court gave the Deranged One a high level SPANKING His real bosses, Andrew Weissmann and Lisa Monaco, not to mention Merrick Garland, whose once great reputation has been shattered by these Thugs, and his constant defense of Crooked Joe, must be furious at him. Garland ought to call an end to this never ending HOAX, and let people focus on bringing back Greatness to America"
"@1","p916","45475","Another bad day for Deranged Jack Smith https://www.washingtontimes.com/news/2023/jul/4/jack-smiths-record-rife-mistrials-overturned-convi/"
"@1","p915","45475","Bidens Debate performance was rated poor, with an arrow pointing left. That means it was Less than Poor. Mine was rated, the best in the history of Presidential Debates. In other words, there is a BIG GAP for Crooked Joe to make up, and with his mind and memory completely shot, and marbles in his mouth, its not going to happen"
"@1","p914","45475","Crooked Joe Biden spied on my campaign, took money from foreign governments, made some of the worst policy and military decisions in USA history, WEAPONIZED INJUSTICE, and is our WORST PRESIDENT EVER. He is killing our Country, a Total Loser DJT"
"@1","p913","45475","CROOKED JOE BIDEN IS THE WORST PRESIDENT IN THE HISTORY OF THE UNITED STATES, BY FAR"
"@1","p912","45475","Scott Jennings: After Biden cannonballing into an empty swimming pool on Thursday night"
"@1","p911","45475","A must watch with Victor Davis Hanson"
"@1","p910","45475","Senator Tim Scott: Biden is scrambling"
"@1","p909","45475","Another attack by Crooked Joe Biden against his Political Opponent. This is a really bad and incompetent guy. Wanted to deflect from his horrible campaign performance"
"@1","p908","45475","THE SUPREME COURT DECISION IS A MUCH MORE POWERFUL ONE THAN SOME HAD EXPECTED IT TO BE. IT IS BRILLIANTLY WRITTEN AND WISE, AND CLEARS THE STENCH FROM THE BIDEN TRIALS AND HOAXES, ALL OF THEM, THAT HAVE BEEN USED AS AN UNFAIR ATTACK ON CROOKED JOE BIDENS POLITICAL OPPONENT, ME. MANY OF THESE FAKE CASES WILL NOW DISAPPEAR, OR WITHER INTO OBSCURITY. GOD BLESS AMERICA"
"@1","p907","45475","CNN JUST ANNOUNCED THEY DID 51.3 MILLION PEOPLE FOR THE DEBATE, AND 30 MILLION ONLINE, THE MOST IN THEIR HISTORY. CONGRATULATIONS"
"@1","p906","45475","The Supreme Court totally dismantled most of the charges against me. Joe Biden should now call off his dogs. Our Country should now be focused on GREATNESS again"
"@1","p905","45475","Todays Historic Decision by the Supreme Court should end all of Crooked Joe Bidens Witch Hunts against me, including the New York Hoaxes - The Manhattan SCAM cooked up by Soros backed D.A., Alvin Bragg, Racist New York Attorney General Tish James shameless ATTACK on the amazing business that I have built, and the FAKE Bergdorfs case. PROUD TO BE AN AMERICAN"
"@1","p904","45474","BIG WIN FOR OUR CONSTITUTION AND DEMOCRACY. PROUD TO BE AN AMERICAN"
"@1","p903","45474","BIG LEAD IN MICHIGAN. THEY WANT THEIR JOBS, AND COUNTRY, BACK"
"@1","p902","45474","If Biden werent such a bad guy, including the total WEAPONIZATION OF GOVERNMENT AGAINST HIS POLITICAL OPPONENT Me, ID FEEL SORRY FOR HIM. BUT HE IS A VERY BAD GUY DJT"
"@1","p901","45474","Judge Merchan must drop the Gag Order. I have sooo much to say, and I am not allowed to say it What is going on in our Country"
"@1","p900","45474","Only three things could have been the reason that Crooked Joe Biden, the worst President in the history of the United States, failed so badly at the debate on Thursday night. THEY WERE: 1 TRUMP WAS REALLY GREAT In all fairness, and I say in complete and total modesty, many, on both sides of the political spectrum, have said it was the greatest single debate performance in the long and storied history of Presidential Debates. Thank you 2 CROOKED JOE CHOKED LIKE A DOG. 3 JOE IS A COGNITIVE MESS It could be combinations of all three, but ask yourself this question, as a proud citizen of the United States of America which no longer means a thing, to many, as millions of people flow into our Country, totally unchecked and unvetted, would you rather have a President who is a CHOKER, or a President who is a COGNITIVE MESS Also, did my Debate Performance play a role in Joes total disembowelment before the World Our Fake Historians over at CNN  MSDNC would like to know"
"@1","p899","45473","This past Thursday night was a defeat not only for Biden, but for the entire Radical Left Democrat Party and the Fake News Media who have been lying to the American People as our Country was being destroyed. The Joe Biden on stage Thursday night was the SAME Joe Biden who gave us Open Borders, crushing inflation, rampant crime, two new wars, a disastrous Afghanistan embarrassment, and one international humiliation after anotherand it will only get worse.The whole world should know that while Biden is the worst president in the history of our Country, America will be strong again, and very soon"
"@1","p898","45473","The question every voter should be asking themselves today is NOT whether Joe Biden can survive a 90 minute debate performancebut whether America can survive 4 more years of Crooked Joe Biden in the White HouseThe fact is, I dont know if it can survive five more months. We are in great danger during what will be a transition periodWe have never been so close to World War III before and if it happens, this will be a war like no other"
"@1","p897","45473","A vote for Joe Biden is a vote for failure, surrender, and disaster for our Country. A vote for President Trump is a vote for stopping Joe Bidens inflation, stopping the border invasion, and Making America Great Again"
"@1","p896","45473","As every American saw firsthand, this election is a choice between STRENGTH or WEAKNESS, COMPETENCE or INCOMPETENCE, peace and prosperity or war and no warand its a choice between a president who puts AMERICA FIRST or a trainwreck who puts AMERICA LAST"
"@1","p895","45474","MAKE AMERICA GREAT AGAIN"
"@1","p894","45474","Crazy Nancy Pelosi, who the other day was exposed by her daughter, a filmmaker, as being fully responsible for the lack of security on January 6th is, in my opinion, more cognitively impaired than Crooked Joe Biden. I just watched her do an interview, and she was way off. Additionally, she is suffering from TRUMP DERANGEMENT SYNDROME, sometimes referred to as TDS, and her case is terminal She is a sick puppy, and always has been"
"@1","p893","45474","This is a disaster, and just the beginning of our companies FLEEING THE UNITED STATES https://www.breitbart.com/economy/2024/06/30/john-deere-execute-big-layoffs-two-states-company-plans-shift-mexico/"
"@1","p892","45474","Great Interview by Howard Kurtz of Jason Miller today"
"@1","p891","45474","Jeffrey Lord: President Trump wiped the floor with Biden the other night. Biden needs to lose for the safety of the country and the world"
"@1","p890","45474","Andrew Giuliani: Last Thursday night was the best debate performance that Ive seen in my life Incredible job"
"@1","p889","45474","Without Presidential Immunity, a President of the United States literally could not function It should be a STRONG IMMUNITY, where proper decisions can be made, where our Country can be POWERFUL and THRIVE, and where Opponents cannot hold up and extort a Future President for Political Gain. It is a BIG decision, an important decision, a decision which can affect the Success or Failure of our Country for decades to come. We want a GREAT Country, not a weak, withering, and ineffective one. STRONG PRESIDENTIAL IMMUNITY IS A MUST"
"@1","p888","45474","Dr. Ben Carson: Sir, the left-wing media is going to come at you with everything they have because the other side is so frightened that their nest will be disturbed. Please keep telling the people what the left is going to do so that it will be expected. We are 1000 behind you."
"@1","p887","45474","MAKE AMERICA GREAT AGAIN"
"@1","p886","45474","Wolkoff, a total airhead who was dumped by Melania years ago for being a publicity seeking airhead who added nothing, had a love affair with the Fake News, and was a boring, small time loser, now gets into the news again by blaming Crooked Joe Bidens absolutely dismal debate performance on lighting thats a new one and the angle of the podium, which he chose. No, Biden, the worst President in the history of our Country, lost because I beat him, he is not good on the big stage, and he CHOKED Stephanie should start getting her sad life together, perhaps by working for Crooked Joe after he leaves the White House and our Country begins to recover from the tremendous damage he has caused https://www.breitbart.com/politics/2024/06/29/ex-melania-trump-friend-blames-bidens-debate-performance-on-bad-lighting/"
"@1","p885","45473","One of the most consequential and brilliant debates in American history. Ted Cruz"
"@1","p884","45473","https://www.breitbart.com/politics/2024/06/29/poll-democrats-advantage-on-abortion-has-dwindled-to-statistical-insignificance/"
"@1","p883","45473","https://www.breitbart.com/politics/2024/06/28/fact-check-joe-biden-claims-he-is-the-only-president-this-century-with-no-troop-deaths/"
"@1","p882","45473","Spotted flying over East Hampton this evening"
"@1","p881","45473","This past Thursday night was a defeat not only for Biden, but for the entire Radical Left Democrat Party and the Fake News Media who have been lying to the American People as our Country was being destroyed. The Joe Biden on stage Thursday night was the SAME Joe Biden who gave us Open Borders, crushing inflation, rampant crime, two new wars, a disastrous Afghanistan embarrassment, and one international humiliation after anotherand it will only get worse.The whole world should know that while Biden is the worst president in the history of our Country, America will be strong again, and very soon"
"@1","p880","45473","The question every voter should be asking themselves today is NOT whether Joe Biden can survive a 90 minute debate performancebut whether America can survive 4 more years of Crooked Joe Biden in the White HouseThe fact is, I dont know if it can survive five more months. We are in great danger during what will be a transition periodWe have never been so close to World War III before and if it happens, this will be a war like no other"
"@1","p879","45473","A vote for Joe Biden is a vote for failure, surrender, and disaster for our Country. A vote for President Trump is a vote for stopping Joe Bidens inflation, stopping the border invasion, and Making America Great Again"
"@1","p878","45473","As every American saw firsthand, this election is a choice between STRENGTH or WEAKNESS, COMPETENCE or INCOMPETENCE, peace and prosperity or war and no warand its a choice between a president who puts AMERICA FIRST or a trainwreck who puts AMERICA LAST"
"@1","p877","45472","As I walked off the stage on Thursday night, at the end of the highly anticipated Debate, anchors, political reporters and all screamed that I had had the greatest debate performance in the long and storied history of Presidential Debates. They all said, effectively, Trump was fantastic This theme was universal, even at CNN  MSDNC, but by Friday evening it was all about the poor performance of Crooked Joe, and not so much about how well I did. Oh well, thats the way it is but, importantly, the result is the same"
"@1","p876","45472","Brandon Judd, and our magnificent Border Patrol, are angry that Crooked Joe Biden even insinuated during the debate that the Border Patrol may support the man who is the worst President in the history of the United States. They put out a statement that, like all other Law Enforcement, they are with Donald J. Trump ALL THE WAY.AND IM WITH THEM"
"@1","p875","45472","Strange things happen in big time politics, and believe me, this is big time politics During my debate on Thursday night with Crooked Joe Biden, the worst President in the history of our Country, and the person that is illegally, and strictly for political gain, trying to put me in jail, I watched a man, first hand, CHOKE under tremendous pressure, the likes of which he has never seen before. The strain of the illegality being used by his InjusticeDepartment, the FBI, local Attorney Generals, and D.A.s, have put an additional strain on him. FAKE NEWS CNN just announced that, at 51,300,000 viewers, it was the highest rated show in the history of CNN - and that doesnt include other places it was shown. This was a MONSTER show, and it could be plainly and openly felt onstage. His speech on Friday was better, and he seems to be coming out of his trance, but AMERICA must ask itself, with all of the many dangers around, do we really want a President who CHOKES I dont think so"
"@1","p874","45472","Border Patrol Union: To be clear, we never have and never will endorse Biden."
"@1","p873","45472","MAKE AMERICA GREAT AGAIN"
"@1","p872","45472","IM IN VERY GOOD HEALTHMAGA"
"@1","p871","45472","THANK YOU, VIRGINIAMAGA2024"
"@1","p870","45472","Colonel Laurie Buckhout will be an incredible Representative for the fantastic people of North Carolinas 1st Congressional District Laurie bravely served our Country as an Army Colonel and Decorated Combat Commander and, in Congress, she will Grow the Economy, Lower Inflation, Uphold the Rule of Law, Secure our Border, Support our Military/Vets, and Protect our always under siege Second Amendment. Laurie Buckhout has my Complete and Total Endorsement"
"@1","p869","45472","Derrick Anderson is running to represent the wonderful people of Virginias 7th Congressional District. He bravely fought for our Great Country as a Green Beret, and was deployed to Afghanistan, Bahrain, Jordan, Israel, and Lebanon. Unlike the current administration, he never left anyone behindDerrick is America First all the way, and he is running against a weak and pathetic Democrat named Yevgeny Eugene Vindman who, along with Adam Shifty Schiff and others, lied to push the Ukraine Impeachment Hoax, a continuation of the greatest and most dangerous Political WITCH HUNT in the History of our CountryDerrick Anderson has my Complete and Total Endorsement - HE WILL NOT LET YOU DOWN"
"@1","p868","45472","https://rumble.com/v53we7r-live-president-trump-in-chesapeake-va.html"
"@1","p867","45472","https://rumble.com/v53we7r-live-president-trump-in-chesapeake-va.html"
"@1","p866","45472","On my way to Chesapeake, Virginia. Join me LIVE at 4:15PM Eastern on @RSBN, @Newsmax, @OAN, @realamericasvoice, and Donald J. Trump, among others. Big crowdMAGA2024 https://rumble.com/v53we7r-live-president-trump-in-chesapeake-va.html"
"@1","p865","45472","https://thegreggjarrett.com/the-demise-of-joe-biden-was-foreseeable-but-his-family-aides-and-the-leftist-media-covered-it-up/"
"@1","p864","45472","On my way to Chesapeake, Virginia. Join me LIVE at 4:15PM Eastern on @RSBN, @Newsmax, @OAN, @realamericasvoice, and Donald J. Trump, among others. Big crowdMAGA2024 https://rumble.com/v53we7r-live-president-trump-in-chesapeake-va.html"
"@1","p863","45472","MAKE NEW JERSEY GREAT AGAIN https://www.DonaldJTrump.com"
"@1","p862","45471","WHEN YOU THINK ABOUT THE JOE BIDEN YOU SAW DEBATE, ASK YOURSELF A QUESTION"
"@1","p861","45471","NO MATTER WHAT JOE BIDEN PROMISED IN THE DEBATEASK YOURSELF"
"@1","p860","45471","WERE A FAILING NATION, BUT ITS NOT GOING TO BE FAILING ANYMOREWERE GOING TO MAKE IT GREAT AGAIN https://www.DonaldJTrump.com"
"@1","p859","45471","Crooked Joe wants to END the TRUMP TAX CUTS and raise taxes on 91 of American families"
"@1","p858","45471","Crooked Joe opened the border and drugs poured in. Human trafficking took offand Biden DESTROYED our national security"
"@1","p857","45471","BIDENOMICSBAD FOR AMERICA"
"@1","p856","45471","CROOKED JOE BIDEN VS. PRESIDENT TRUMP ON SOCIAL SECURITY https://www.DonaldJTrump.com"
"@1","p855","45471","Crooked Joe Biden was so bad with Afghanistanthe MOST EMBARRASSING moment in the HISTORY of our COUNTRY"
"@1","p854","45471","I really dont know what he says at the end of that sentenceI dont think he knows what he said either"
"@1","p853","45471","I GAVE YOU THE LARGEST TAX CUT IN HISTORYI ALSO GAVE YOU THE LARGEST REGULATION CUT IN HISTORY"
"@1","p852","45471","WOWWHAT IS HE SAYING"
"@1","p851","45471","We have a thousand trillionaires in America. Crooked Joe Biden"
"@1","p850","45472"," CNN Fact Checker FORCED to Fact Check Crooked Joe Bidens Many, Many Lies He Told Tonight"
"@1","p849","45472"," CBS: Literally no one believes Biden had a cold"
"@1","p848","45472","CBS FACT CHECK:"
"@1","p847","45472","One of many lies Biden told last night"
"@1","p846","45472","WERE GOING TO MAKE AMERICA GREAT AGAIN https://www.DonaldJTrump.com"
"@1","p845","45471","BIG WIN"
"@1","p844","45471","Jonathan Turley: For Trump, this rips the wings of the plane that Jack Smith has been trying to take off in D.C."
"@1","p843","45471","Big News"
"@1","p842","45471","https://babylonbee.com/news/trump-indicted-for-murdering-elderly-man-on-cnn"
"@1","p841","45471","Why is FoxNews putting on Super Liberal RFK Junior THEY JUST DONT GET IT, AND NEVER WILL"
"@1","p840","45471","Stephen Miller: Congrats on the greatest debate win in the history of presidential debates."
"@1","p839","45471","WHEN YOU THINK ABOUT THE JOE BIDEN YOU SAW DEBATE, ASK YOURSELF A QUESTION"
"@1","p838","45471","NO MATTER WHAT JOE BIDEN PROMISED IN THE DEBATEASK YOURSELF"
"@1","p837","45471","WERE A FAILING NATION, BUT ITS NOT GOING TO BE FAILING ANYMOREWERE GOING TO MAKE IT GREAT AGAIN https://www.DonaldJTrump.com"
"@1","p836","45471","Crooked Joe wants to END the TRUMP TAX CUTS and raise taxes on 91 of American families"
"@1","p835","45471","Crooked Joe opened the border and drugs poured in. Human trafficking took offand Biden DESTROYED our national security"
"@1","p834","45471","CROOKED JOES AMERICA"
"@1","p833","45471","BIDENOMICSBAD FOR AMERICA"
"@1","p832","45471","CROOKED JOE BIDEN VS. PRESIDENT TRUMP ON SOCIAL SECURITY https://www.DonaldJTrump.com"
"@1","p831","45471","The only reason Crooked Joe can play games with NATO is because I got them to put up hundreds of billions of dollars"
"@1","p830","45471","Even Jake Tapper DEBUNKED the very fine people HOAX that Crooked Joe totally lied about moments ago"
"@1","p829","45471","Hes without question the worst president in the history of our Country"
"@1","p828","45471","CC: CROOKED JOE"
"@1","p827","45471","CROOKED JOE BIDEN"
"@1","p826","45471","Crooked Joe Biden said terrorists are not coming across the border Breaking News on June 25thDHS identifies over 400 migrants brought to the U.S. by an ISIS-affiliated human smuggling network https://www.nbcnews.com/investigations/dhs-identifies-400-migrants-brought-us-isis-linked-human-smuggling-rcna158777"
"@1","p825","45471","THE MILITARY HATES JOE BIDEN"
"@1","p824","45471","Crooked Joe Biden was so bad with Afghanistanthe MOST EMBARRASSING moment in the HISTORY of our COUNTRY"
"@1","p823","45471","I really dont know what he says at the end of that sentenceI dont think he knows what he said either"
"@1","p822","45471","During the first presidential debate on Thursday, President Joe Biden claimed that no U.S. troops died under his administration, despite 13 service members who were killed in Afghanistan by abombing at the Kabul airport in 2021Debate Dud: Biden claimed no U.S. troops died on his watch, despite 13 killed in Afghanistan https://justthenews.com/politics-policy/president-biden-claimed-no-us-troops-died-under-his-admin-despite-13-killed"
"@1","p821","45471","I GAVE YOU THE LARGEST TAX CUT IN HISTORYI ALSO GAVE YOU THE LARGEST REGULATION CUT IN HISTORY"
"@1","p820","45471","WOWWHAT IS HE SAYING"
"@1","p819","45471","We have a thousand trillionaires in America. Crooked Joe Biden"
"@1","p818","45471","Text TRUMP to 88022"
"@1","p817","45471","6/27/24  ATLANTA, GEORGIA"
"@1","p816","45471","https://justthenews.com/politics-policy/polling/swing-state-voters-trust-trump-more-biden-democracy-poll"
"@1","p815","45471","10 POINTS UP IN THE RASMUSSEN POLL"
"@1","p814","45470","Bidens policies are a NIGHTMARE FOR WOMEN when it comes to the Border and Immigration"
"@1","p813","45470","WHY DOES FOXNEWS PUT ON SO MANY  BIDEN PEOPLE, LIKE MICHAEL TYLER,COMMUNICATIONS DIRECTOR FOR BIDEN, WHO SPEWED LIES WITH VERY LITTLE PUSHBACK AMAZING"
"@1","p812","45470","JOE BIDEN IS A THREAT TO DEMOCRACY, AND A THREAT TO THE SURVIVAL AND EXISTENCE OF OUR COUNTRY ITSELF"
"@1","p811","45470","If youre having trouble sleeping, ask your doctor about BIDENICA."
"@1","p810","45469","CROOKED JOE BIDEN VS. PRESIDENT TRUMP ON SOCIAL SECURITY https://www.DonaldJTrump.com"
"@1","p809","45470","CNN Poll: US economy receives its best ranking in nearly 20 years https://www.cnn.com/2019/12/20/politics/cnn-poll-economy-2020-matchups/index.html"
"@1","p808","45470","This is an incredible group of people. Thank youI love you all DJT"
"@1","p807","45470","Joe Biden wants to talk about characterSo lets talk about it"
"@1","p806","45470","Why would anybody vote for Crooked Joe He has destroyed our once great Country DJT https://www.natesilver.net/p/the-presidential-election-isnt-a"
"@1","p805","45470","BIDENOMICSBAD FOR AMERICA"
"@1","p804","45470","AT THIS POINT IN HIS CAREER, JOE BIDEN IS THE MOST UNPOPULAR PRESIDENT IN HISTORY."
"@1","p803","45470","Gregg Jarrett on the Unconstitutional Gag Order in New Yorkand SCOTUS"
"@1","p802","45469","CROOKED JOE BIDEN VS. PRESIDENT TRUMP ON SOCIAL SECURITY https://www.DonaldJTrump.com"
"@1","p801","45469","RNC Research: Flashback to 2020, when President Trump correctly noted the Bidens received 3.5M from former Moscow first lady Yelena Baturinaconfirmed in 2023 testimony from Hunters biz partner Devon Archer, as Crooked Joe incredulously looked on. PRESIDENT TRUMP WAS RIGHT YET AGAIN."
"@1","p800","45469","GREG KELLY: A DARK DAY IN AMERICA"
"@1","p799","45469","A MUST WATCH: Declassified with Julie Kelly"
"@1","p798","45469","EVAN GERSHKOVICH, the young Wall Street Journal reporter who is being harshly detained in Russia as his ESPIONAGE TRIAL is about to begin, will be released prior to my taking office if I WIN the Election on NOVEMBER 5th. Crooked Joe cant do anything right, although it is likely that he will pay BILLIONS, which continues a very bad Biden Precedent, to get Evan home. I got a record 58 hostages brought home, paying next to nothing. Putin has no respect for Biden - and thats the way it goes Fear not, Evan, I will get you home soon, and you will be safe while there"
"@1","p797","45469","Greg Kelly Reports, Newsmax: How dare the FBI. In court papers  we know the FBI staged that photograph. More than just putting the stuff on the ground during their raid on Mar-a-Lago, they brought stuff with them and put it on the ground. It is incredible, it really is. Well, its all coming out in that courtroom in Florida before Judge Cannon. The government lies to her, time and time again. Every now and then they try and sweep some in there. Well, theyve got to come clean on this. They brought the cover sheets in with them to stage a photograph. They were added by FBI personnel. This is out and out corruption. Its the worst thing the FBI can do. The FBI BROUGHT IN papers in order to take out President Trump. They BROUGHT IN scandalous looking material TO TRY TO GET DONALD TTUMP IN TROUBLE, FALSELY. There is no doubt, the FBI is a thoroughly corrupt organization, which cannot be trusted, sorry. And Jack Smith, my God, where did this guy come from. THIS IS CRIMINAL BEHAVIOR."
"@1","p796","45469","Crooked Joe Bidens Handlers are loudly and profusely complaining that there will be no Fact Checkers during the Debate on Thursday. Actually, that is just DISINFORMATION - They could not be happier, because there is nobody thats as loose with the TRUTH as Crooked Joe. From the 51 Fake Intelligence Agents, to Russia, Russia, Russia, to the Fake Suckers and Losers Story he created about our beloved Military, to cheating in College and saying he was first in his Law School Class when he was actually LAST, to claiming he marched for Civil Rights, drove trucks, and has a 6.2 Handicap He cant hit the Golf Ball 10 yards, but thats a minor detail, and so many more falsehoods, the man is a walking LYING MACHINE, and a Fact Checkers DREAM. Maybe we should call him Lyin Joe in addition to Crooked"
"@1","p795","45469","https://dailycaller.com/2024/06/25/dnc-democratic-national-committee-law-firm-payments-e-jean-carroll-trump-supreme-court/"
"@1","p794","45469","https://www.breitbart.com/clips/2024/06/25/missouri-ag-new-yorks-trump-prosecution-depriving-voters-access-to-a-presidential-candidate/"
"@1","p793","45469","https://www.breitbart.com/politics/2024/06/25/rachel-morins-mother-joe-biden-sitting-in-ivory-tower-while-donald-trump-called-me-to-offer-condolences/"
"@1","p792","45469","https://www.breitbart.com/politics/2024/06/25/nolte-biden-campaign-chair-surrenders-floridas-30-electoral-votes-trump/"
"@1","p791","45469","RIGGED ELECTION https://www.breitbart.com/2024-election/2024/06/25/congressional-report-cia-interfered-2020-election-colluded-biden-campaign-discredit-hunter-laptop-story/"
"@1","p790","45469","As president, I will fight for American seniors, not the Biden illegals. I will fight for American workers, not the human traffickersI will fight for American dreamers, not the child smugglers"
"@1","p789","45469","Former Acting ICE Director Tom Homan: Biden took the most secure border in my lifetimeand UNSECURED IT ON PURPOSE."
"@1","p788","45469","Crooked Joe Biden has advocated cutting Social Security for 40 years.I will ALWAYS protect Social Security for Americas seniors https://www.DonaldJTrump.com"
"@1","p787","45469","https://www.DonaldJTrump.com"
"@1","p786","45469","https://www.DonaldJTrump.com"
"@1","p785","45469","https://www.DonaldJTrump.com"
"@1","p784","45469","https://www.DonaldJTrump.com"
"@1","p783","45469","https://www.DonaldJTrump.com"
"@1","p782","45469","https://www.DonaldJTrump.com"
"@1","p781","45469","https://www.DonaldJTrump.com"
"@1","p780","45469","https://www.DonaldJTrump.com"
"@1","p779","45469","https://www.DonaldJTrump.com"
"@1","p778","45469","https://www.DonaldJTrump.com"
"@1","p777","45469","https://www.DonaldJTrump.com"
"@1","p776","45469","https://www.DonaldJTrump.com"
"@1","p775","45469","https://www.DonaldJTrump.com"
"@1","p774","45469","https://www.DonaldJTrump.com"
"@1","p773","45469","https://www.DonaldJTrump.com"
"@1","p772","45469","My son, Don, has absolutely NO FEAR - Not even of a vicious rattlesnake"
"@1","p771","45469","As president, I will fight for American seniors, not the Biden illegals. I will fight for American workers, not the human traffickersI will fight for American dreamers, not the child smugglers"
"@1","p770","45469","Every time the Radical Left Democrats, Marxists, Communists, and Fascists indict me, I consider it a GREAT BADGE OF HONOR. Im being indicted for YOU. Never forgetour enemies want to take away MY freedom because I will never let them take away YOUR freedom They want to silence ME because I will never let them silence YOU. In the end, theyre not after me, theyre after youand Im just standing in their way From the very first day that we take back the White House from Crooked Joe Biden, I believe we are going to have the four greatest years in the history of our Country"
"@1","p769","45469","Former Acting ICE Director Tom Homan: Biden took the most secure border in my lifetimeand UNSECURED IT ON PURPOSE."
"@1","p768","45469","Nicky LucidonioOwner of Tony and Nicks Steaks in Philadelphia, Pennsylvania"
"@1","p767","45469","Crooked Joe Biden has advocated cutting Social Security for 40 years.I will ALWAYS protect Social Security for Americas seniors https://www.DonaldJTrump.com"
"@1","p766","45468","Congratulations to the University of Tennessee and Coach Tony Vitello, which won the 2024 Mens College World Series, a Big Victory against a GREAT Texas AM Team. These are all incredible athletes, with many expected to go to the Major Leagues in the not too distant future. CONGRATULATIONS TO ALL"
"@1","p765","45468","The Biden Campaign engaging in Cheap Fakes Theyre embarrassed that they drew a very weak Crowd, and so they have to manipulate and lie about President Trumps energetic and overflow Rally. MAGA"
"@1","p764","45468","VOTE FOR TRUMP - NO TAX ON TIPS"
"@1","p763","45468","https://www.DonaldJTrump.com"
"@1","p762","45468","The Documentary, Screams before Silence, is incredibly difficult to watch because, sadly, it graphicly portrays the Death and Destruction that Hamas has unleashed.I urge people to support the Documentary and watch, if able. We demand that all Hostages taken October 7th from Israel, and being held in Gaza, be released immediately, including eight Americans, and Citizens from overtwenty other Countries, so that the war can come to an end. PEACE THROUGH STRENGTHhttps://vimeo.com/945857918/0ca172c801"
"@1","p761","45468"," Ronny Jackson was a brilliant Doctor, Admiral and now, a GREAT Congressman. He happens to be totally right about what is written in this MUST READ Article but, unfortunately, nothing will be done about ithttps://www.foxnews.com/politics/ex-white-house-doctor-ronny-jackson-calls-biden-take-drug-test-before-trump-debate"
"@1","p760","45468","Ronny Jackson was a brilliant Doctor, Admiral and now, a GREAT Congressman. He happens to be totally right about what is written in this MUST READ Article but, unfortunately, nothing will be done about ithttps://www.foxnews.com/politics/ex-white-house-doctor-ronny-jackson-calls-biden-take-drug-test-before-trump-debate"
"@1","p759","45468","Don Purdy and Janice Fields are running for the RNC National Committee against Candidates 100 controlled by Sloppy Chris Christie in the Great State of New Jersey. As your next Committeeman and Committeewoman, Don and Janice will work hard to advance our America First Agenda - Secure the Border, Stop Inflation, Support our Military/Vets, Protect our always under siege Second Amendment, Restore American Energy Dominance, and so much more. Don Purdy and Janice Fields have my Complete and Total Endorsement - THEY WILL NOT LET YOU DOWN"
"@1","p758","45468","DRUG TEST FOR CROOKED JOE BIDEN I WOULD, ALSO, IMMEDIATELY AGREE TO ONE"
"@1","p757","45467","https://www.DonaldJTrump.com"
"@1","p756","45466","6/22/24  PHILADELPHIA, PA https://www.DonaldJTrump.com"
"@1","p755","45466","https://www.rsbnetwork.com/news/trump-promises-to-rebuild-american-cities-better-than-theyve-ever-been-before/"
"@1","p754","45466","https://nypost.com/2024/06/22/us-news/trump-blasts-bidens-america-as-worst-moment-in-us-history/"
"@1","p753","45466","USAUSAUSA"
"@1","p752","45466","Great to be back in Philadelphia"
"@1","p751","45466","https://thepostmillennial.com/new-trump-recognizes-gold-star-families-of-afghanistan-withdrawal-during-philly-rally"
"@1","p750","45466","https://nypost.com/2024/06/22/us-news/trump-blasts-bidens-america-as-worst-moment-in-us-history"
"@1","p749","45466","https://www.newsmax.com/newsmax-tv/trump-biden-immigration/2024/06/22/id/1169771/"
"@1","p748","45466","https://www.foxnews.com/politics/trump-few-communities-suffered-more-under-biden-regime-than-philadelphia-rally-stop"
"@1","p747","45466","https://thenationalpulse.com/2024/06/18/trumps-plan-to-eliminate-taxes-on-tips-could-save-workers-250-billion/"
"@1","p746","45466","https://thepostmillennial.com/trump-greets-supporters-at-tony-and-nicks-steaks-in-philly-ahead-of-major-rally"
"@1","p745","45466","https://www.thegatewaypundit.com/2024/06/watch-trump-rolls-up-philly-cheesesteak-restaurant-upcoming/"
"@1","p744","45466","https://rumble.com/v52vobu-president-trump-in-philadelphia-pa.html"
"@1","p743","45466","Philadelphia Rally will be on Fox LIVE at 7 P.M. EST https://rumble.com/v52vobu-president-trump-in-philadelphia-pa.html"
"@1","p742","45466","Great to be back in Philadelphia"
"@1","p741","45466","Philadelphia Rally will be on Fox LIVE at 7 P.M. EST https://rumble.com/v52vobu-president-trump-in-philadelphia-pa.html"
"@1","p740","45466","Mayor Trent Staggs for Senate, he will be great"
"@1","p739","45466","South Carolina, vote for Pastor Mark Burns for Congress"
"@1","p738","45465","Pastor Mark Burns is running hard for South Carolinas 3rd Congressional District. He has been with me right from the beginning, 2016, and even earlier than that. Mark wanted me to run long before it was fashionable In Congress, Mark will help me Secure the Border, Stop Illegal Immigration, Uphold the Rule of Law, Grow the Economy, and Protect and Defend our always under siege Second Amendment. Pastor Mark Burns is an America First Fighter, and has my Complete and Total Endorsement. He is a Good Man, a Hard Worker, a Man of Faith, and will not let you down. SOUTH CAROLINA, GET OUT AND VOTE FOR MARK BURNS ON TUESDAY, JUNE 25TH"
"@1","p737","45465","If his name was not Donald Trump, and if he wasnt running for PresidentIm the former AG in New YorkIm telling you that case would have never been brought"
"@1","p736","45465","WITH TRUMP, NO TAXES ON TIPS"
"@1","p735","45465","Bill Maher, the highly overrated Star of the ratings challenged show with the Fake, Loud and Obnoxious laughter pouring out of your set every few seconds, even when nothing was said that was funny which is most of the time, suffers from a terminal case of Trump Derangement Syndrome, sometimes referred to as TDS. Republicans should stop using him as a reference point, his show is dead"
"@1","p734","45465","TRUMP, BIDEN SET TO SQUARE OFF IN CNN PRESIDENTIAL DEBATE ON THURSDAY. A MUST WATCH DJT"
"@1","p733","45465","Congresswoman Claudia Tenney is doing a great job for the fantastic people of New Yorks 24th Congressional District Claudia is fighting hard to Secure our Border, Support our Brave Law Enforcement and Veterans, Defend our always under siege Second Amendment, Keep Men out of Womens Sports, Cut Taxes, and Hold Joe Biden and the Radical Left Accountable for their Corruption. As Chairwoman of the House Election Integrity Caucus, Claudia is working tirelessly to Eliminate Fraud in our Elections. Congresswoman Claudia Tenney is a Strong Conservative, and has my Complete and Total Endorsement"
"@1","p732","45465","Nick Langworthy is an outstanding representative for New Yorks 23rd Congressional District. An America First Patriot, Nick has been with us from thevery beginning. Nick is Tough on Crime, Supports our Great Military and Police, Fights for our Incredible Farmers, and is working to Secure our under siege Southern Border. Nick Langworthy has my Complete and Total Endorsement"
"@1","p731","45465","Congressman Brandon Williams is doing an outstanding job representing New Yorks 22nd Congressional District.A successful entrepreneur and Navy veteran, Brandon is working hard to Grow the Economy and Fight Inflation, Support our Military and Law Enforcement, Secure our Border, and Defend our Country from the Radical Left. Brandon Williams has my Complete and Total Endorsement"
"@1","p730","45465","Elise Stefanik is an Incredible representative for the fantastic people of New Yorks 21st Congressional District. An America First Patriot, Elise is Fighting to Protect ourCountry against the Marxists, Fascists, and Communists on the Radical Left. Elise is working hard to Support our Great Military  Veterans, Grow the Economy and Lower Inflation, Promote American Energy, and Secure our under siege Sothern Border. Elise Stefanik is SMART, STRONG, and TOUGHshe has my Complete and Total Endorsement"
"@1","p729","45465","Congressman Marc Molinaro is an incredible advocate for the wonderful people of New Yorks 19th Congressional District Marc is fighting hard to Secure the Border, Stop Crime, Grow our Economy, Champion Small Business, Support our Brave Military and Veterans, and Protect and Defend our always under siege Second Amendment. Marc Molinaro has my Complete and Total Endorsement - HE WILL NEVER LET YOU DOWN"
"@1","p728","45465","Congresswoman Nicole Malliotakis is doing an Incredible job for New Yorks 11th Congressional DistrictA fierce advocate for the NYPD and NYFD, Nicole is working hard to Uphold the Rule of Law, Strengthen our Military, Support our Veterans, Grow the Economy, Protect our First and Second Amendments, and Secure our Border.Nicole Malliotakis has my Complete and Total Endorsement"
"@1","p727","45465","Congressman Anthony DEsposito is a fantastic and highly effective representative for the people of New Yorks 4th Congressional District. A retired NYPD police detective, Anthony is working hard to Uphold the Rule of Law, Create Jobs and Lower Inflation, Secure the Border, and Support our Incredible Military and Police Officers. Anthony DEsposito has my Complete and Total Endorsement"
"@1","p726","45465","Congressman Andrew Garbarino is a tremendous champion for the great people of New Yorks 2nd Congressional District Andrew is working hard to Secure the Border, Provide Access to Affordable Health Care, Create Jobs, Grow the Economy, Uphold the Rule of Law, Support our Incredible Veterans, and Defend our always under siege Second Amendment. Andrew Garbarinohas my Complete and Total Endorsement"
"@1","p725","45465","Congressman Nick LaLota is doing an incredible job representing the people of New Yorks 1st Congressional District.Nick is fighting hard to Grow the Economy and Lower Inflation, Defend our Great Military and Police, Secure our Border, Uphold the Rule of Law, and Protect our Constitutional Rights. Nick LaLota has my Complete and Total Endorsement"
"@1","p724","45465","Congratulations to Mike Sapraicone on running against one of the worst Senators in the U.S. Senate, Kirsten Gillibrand. All you have to do is go back and look at her failed Presidential run, an embarrassment to all New Yorkers, after which I assumed she would never be able to even think about running for Office again. Peoples memories, however, are short, and here we go Mike is a strong and successful person, and I look forward to working with him to take New York State away from the people who have destroyed it with hundreds of thousands of Migrants flowing in, and ruining our Schools, Hospitals, Parks, and increasing Crime many fold. Good luck to Mike - He has my Complete and Total Endorsement"
"@1","p723","45465","Alison Esposito is a fantastic candidate and will be a GREAT Congresswoman for NewYorks 18th Congressional District.A retired NYPDDeputy Inspector, Alison has dedicated her life to Upholding the Rule of Law and Protecting New Yorkers. In Congress, she will fight to Secure the Border, Create Jobs, Lower Taxes, Promote American Energy Independence, and Support our Incredible Military and Police Officers.Alison Esposito has my Complete and Total Endorsement - SHE WILL NEVER LET YOU DOWN"
"@1","p722","45465","Mike LiPetri is running to represent the fantastic people of New Yorks 3rd Congressional District.Mike will be an INCREDIBLE America First Fighter in Congress, and will work hard to Grow the Economy, Lower Inflation, Uphold the Rule of Law, Defend the Border, Promote American Energy, and Support our Great Military and Police.Mike LiPetri has my Complete and Total Endorsement"
"@1","p721","45465","Gabe Evans is running to Represent the fantastic people of Colorados 8th Congressional District. A decorated Army helicopter pilot and police officer, Gabe will be an INCREDIBLE Fighter in Congress and will work hard to Grow the Economy, Lower Inflation, Uphold the Rule of Law, Defend the Border, Promote American Energy, and Support our Great Military and Police. Gabe Evans has my Complete and Total Endorsement"
"@1","p720","45465","Congresswoman Lauren Boebert is a Proven Conservative and Effective Leader who delivers for Colorado, and our America First agenda. She has led the fight to Impeach Joe Biden, Stop Illegal Immigration, Defend the Second Amendment, Protect our Wonderful Ranchers and Farmers, Support our Military and Veterans, Secure our Natural Resources to Pursue Energy Dominance, and Stand Up to the Radical Democrats who want to Destroy our Beautiful Country. Congresswoman Lauren Boebert is a trusted America First Fighter, and has my Complete and Total Endorsement for Colorados 4th Congressional District"
"@1","p719","45465","Congressman Burgess Owens is a fantastic Representative for Utahs 4th Congressional District.A former Super Bowl Champion who knows how to win, Burgess is working hard to Grow the Economy, Support our Military/Veterans, Defend the Second Amendment, Uphold the Rule of Law, and Provide our Children with Excellent Education. I campaigned with Burgess to flip this seat in 2020, and I am proud to support him onceagain. Burgess Owens has my Complete and Total Endorsement"
"@1","p718","45465","https://www.DonaldJTrump.com"
"@1","p717","45465","Sean OBrien, the General President of the International Brotherhood of Teamsters, has accepted my invitation to speak at the RNC Convention in Milwaukee. Our GREAT convention will unify Americans and demonstrate to the nations working families they come first. When I am back in the White House, the hardworking Teamsters, and all working Americans, will once again have a country they can afford to live in and be respected around the world. Sean, I look forward to seeing you represent the Teamsters in Milwaukee. Together we can Make America Great Again."
"@1","p716","45464","https://www.foreignaffairs.com/united-states/return-peace-strength-trump-obrien"
"@1","p715","45464","https://justthenews.com/government/congress/trumps-secret-service-driver-wanted-quickly-refute-cassidy-hutchinsons-j6-tale"
"@1","p714","45464","https://justthenews.com/politics-policy/elections/ga-elections-chief-raffensperger-dems-trying-get-non-citizens-vote-states"
"@1","p713","45464","A big article in the Wall Street Journal yesterday, along with virtually every legal scholar and expert, that I DID NOTHING WRONG on the D.A. Alvin Bragg case, it was only because my name is TRUMP that they went after me. A very detailed and interesting read, there was No Crime. Now it has just been announced that Alvin is dropping all charges against the Columbia Protesters, who took over the college, vandalized it, seriously assaulted police officers, and put many lives at risk  A two tiered system of justice"
"@1","p712","45464","Great job by Oklahoma State Superintendent Ryan Walters on FoxNews last night. Strong, decisive, and knows his stuff. I LOVE OKLAHOMA"
"@1","p711","45464","I LOVE THE TEN COMMANDMENTS IN PUBLIC SCHOOLS, PRIVATE SCHOOLS, AND MANY OTHER PLACES, FOR THAT MATTER. READ IT  HOW CAN WE, AS A NATION, GO WRONG THIS MAY BE, IN FACT, THE FIRST MAJOR STEP IN THE REVIVAL OF RELIGION, WHICH IS DESPERATELY NEEDED, IN OUR COUNTRY. BRING BACK TTC MAGA2024"
"@1","p710","45464","Im leading in virtually every Poll. MAGA2024"
"@1","p709","45464","I love Ohio"
"@1","p708","45464","Radical Left RFK Jr. wants to debate, but his numbers are way short of the minimum neededHes got a long way to go. Maybe someday hell hit the big stage"
"@1","p707","45464","https://ijr.com/foreign-aid-and-student-loan-forgiveness-behind-massive-increase-in-deficit-estimate-congressional-budget-office-says/"
"@1","p706","45464","https://nypost.com/2024/06/20/us-news/migrants-from-isis-hotbed-tajikistan-have-surged-under-biden/"
"@1","p705","45464","We have a new Biden Migrant Killing - Its only going to get worse, and its all Crooked Joe Bidens fault. Hes a disgrace to the Office of President, hes a disgrace to America. I look forward to seeing him at the Fake Debate on Thursday. Let him explain why he has allowed MILLIONS of people to come into our Country illegally"
"@1","p704","45464","The latest Fox News poll is TRASH They used a biased, Democrat-leaning sample of voters, polling more Biden 2020 voters than Trump 2020 voters to skew the results in favor of Crooked Joe. I am leading BIG in virtually every other poll, including in all of the key battleground states, like Wisconsin, where I just held a massive rally, and Pennsylvania, where I will be on Saturday. Also, the 1 issue in this Country is not protecting democracy. It is INFLATION and IMMIGRATION If it is protecting democracy, Trump is your best choice, because Crooked Joe Biden is the greatest threat to democracy in history with his Open Border and weaponization of our justice system against his political opponent, ME Fox News polls have never treated me, or MAGA, fairly Dont worry, we will WIN Fox News should get rid of Paul Ryan, and get a new Pollster, but they wont."
"@1","p703","45464",".Real Clear Politics just came out and has me leading by a lot, especially in the all important Swing States. My best numbers yet, despite the Biden Weaponization of Justice."
"@1","p702","45464","Can anyone imagine being critiqued by ratings starved Jimmy Fallon, the bumbling/stumbling hostess that single handidly reduced the Tonight Show to ashes. It all makes you realize how great Johnny Carson was The good news is that his CBS  ABC counterparts are worse than him, if thats even possible. They are all RATINGS DISASTERS"
"@1","p701","45463","https://justthenews.com/accountability/political-ethics/obama-state-department-official-met-representative-corrupt-burisma"
"@1","p700","45463","Wow EARLIER TONIGHT: MASSIVE TPAction crowd welcomes President Trump to The Peoples Convention in Detroit, MichiganWATCH LIVE:  https://www.rsbnetwork.com/video/live-president-trump-speaks-at-the-peoples-convention-in-detroit-6-15-24/"
"@1","p699","45463","None NO TAXES ON TIPS NONE  President Trump in Detroit, MIWATCH LIVE:  https://www.rsbnetwork.com/video/live-president-trump-speaks-at-the-peoples-convention-in-detroit-6-15-24/"
"@1","p698","45463","All Biden can do is talk about his WEAPONIZED Witch Hunt Trials against me because his administration has been such a failure.  Never happened in our Country before"
"@1","p697","45463","Great Interview by Maria Bartiromo of Congressman Keith Self of Texas. Keith really knows his stuff."
"@1","p696","45463","FoxNews Polls are always the worst for me. They have been from the beginning, and always will be"
"@1","p695","45463","The Smoot-Hawley Tariff Act was passed AFTER the Great Depression had already started. If you want to study Tariffs, and how powerful they are, study the administration of President William McKinley. America had so much money they didnt know what to do with it"
"@1","p694","45462","Nobody can ever trust Fox News, and I am one of them, with the weak and ineffective RINO, Paul Ryan, on its Board of Directors. Hes a total lightweight, a failed and pathetic Speaker of the House, and a very disloyal person. Romney was bad, but Paul Ryan made him look worse. As a team, they never had a chance. Rupert and Lachlan, get that dog off your Board - You dont need him. ALL YOU NEED IS TRUMP. MAKE AMERICA GREAT AGAIN"
"@1","p693","45462","https://www.thegatewaypundit.com/2024/06/election-watchs-peter-bernegger-exposes-actblue-finance-laundering/"
"@1","p692","45462","https://www.thegatewaypundit.com/2024/06/breaking-arizona-gop-files-bombshell-lawsuit-against-corrupt/"
"@1","p691","45462","https://thenationalpulse.com/analysis-post/podcast-donald-trumps-libertarian-sang-froid/"
"@1","p690","45462","https://justthenews.com/politics-policy/all-things-trump/trump-slams-doj-after-unsealed-court-docs-show-fbi-authorized-use"
"@1","p689","45462","https://www.washingtonexaminer.com/news/washington-secrets/3022016/trump-levin-we-can-have-it-again/"
"@1","p688","45462","https://townhall.com/tipsheet/saraharnold/2024/05/31/support-for-trump-skyrockets-in-new-poll-following-conviction-n2639826"
"@1","p687","45462","https://justthenews.com/politics-policy/all-things-trump/virginia-play-poll-shows-biden-trump-tied-old-dominion"
"@1","p686","45462","https://www.nysun.com/article/june-could-be-jack-smiths-cruelest-month-as-both-of-his-trump-cases-are-in-danger"
"@1","p685","45462","https://justthenews.com/accountability/whistleblowers/fbi-settles-unfavorable-ruling-attorneys-whistleblower-say"
"@1","p684","45462","https://www.wsj.com/politics/policy/donald-trump-campaign-business-executives-warming-4aa10c04"
"@1","p683","45462","https://gingrich360.com/2024/06/14/trumps-dc-tour-de-force/"
"@1","p682","45462","https://www.nysun.com/article/high-energy-trump-showcases-gop-unity-on-capitol-hill-while-no-energy-biden-wanders-off-during-g-7-confab"
"@1","p681","45462","https://www.thegatewaypundit.com/2024/06/silicon-valley-billionaire-democrat-voter-chamath-palihapitiya-exposes/"
"@1","p680","45462","https://www.carolinajournal.com/rnc-ncgop-request-declaratory-ruling-from-ncsbe-on-unlawful-absentee-ballot-voter-id-guidance/"
"@1","p679","45462","NO TAX ON TIPS https://www.DonaldJTrump.com"
"@1","p678","45462","If you want to Save America, go to https://swampthevoteusa.com/ to make a plan to VOTEeither by mail, early in person, or on Election Day.If you want to volunteer to help us turn out voters in your neighborhood, sign up to get trained at https://trumpforce47.com/"
"@1","p677","45462","     "
"@1","p676","45462","Bunch of BS: Attendee at Trumps CEO Meeting Refutes Media Reports: The attendee who spoke with The Daily Signal said Sorkins interpretation is wrong. The Daily Signal granted the attendee anonymity to speak candidly about the private meeting. There was never a moment of meandering, the attendee said. He was focused. In fact, he received a loud ovation at the end. The attendee added: There was not one CEO who wasnt impressed with what they heard from Trump. Everybody was clapping. Sorkin did not immediately reply to The Daily Signals request for comment."
"@1","p675","45462","https://thefederalist.com/2024/06/13/the-biggest-revisionist-history-about-jan-6-2021-comes-from-democrats-like-nancy-pelosi/"
"@1","p674","45462","This is not a naive trust  its a trust based on a track record, said Texas megachurch pastor Robert Jeffress, an enthusiastic Trump supporter. I think what evangelicals agree with is his general narrative that America would be better off if we return to our Judeo-Christian roots. What that looks like  people are willing to give him great leeway on how it would be implemented."
"@1","p673","45462","https://apnews.com/article/puerto-rico-primaries-discrepancies-voting-problems-machines-8019db17829c7b1fbae5fb3fde623a4b"
"@1","p672","45462","https://nypost.com/2024/06/14/us-news/trump-li-rep-desposito-surge-7-points-ahead-in-traditional-dem-stronghold-internal-poll/"
"@1","p671","45462","GREATER GEORGIA CALLS ON SECRETARY OF STATE TO GET BACK TO WORK https://www.greatergeorgia.com/greater-georgia-calls-on-secretary-of-state-to-get-back-to-work"
"@1","p670","45462","THE DEMOCRATS NEW FORM OF CHEATING https://nypost.com/2024/06/14/us-news/how-non-citizens-are-getting-voter-registration-forms-across-the-us-and-how-republicans-are-trying-to-stop-it/"
"@1","p669","45462","https://www.foxnews.com/media/ex-fbi-honcho-mccabe-says-intel-community-members-scared-being-jailed-trump-may-flee-country"
"@1","p668","45462","https://www.newsweek.com/steve-bannon-fbi-andrew-mccabe-trump-revenge-1910141"
"@1","p667","45462","6/18/24  Racine, Wisconsin https://www.DonaldJTrump.com"
"@1","p666","45462","Dollar and euro trade halted on Russias biggest exchange due to new U.S. sanctions https://www.cnbc.com/2024/06/12/moscow-exchange-halts-dollar-and-euro-trade-after-us-sanctions.html U.S.-Saudi Petrodollar Pact Ends after 50 Years https://www.tipranks.com/news/u-s-saudi-petrodollar-pact-ends-after-50-years"
"@1","p665","45462","U.S.-Saudi Petrodollar Pact Ends after 50 Years https://www.tipranks.com/news/u-s-saudi-petrodollar-pact-ends-after-50-years"
"@1","p664","45462","https://www.DonaldJTrump.com"
"@1","p663","45462","https://www.foxbusiness.com/politics/trump-encourages-voters-write-no-tax-tips-restaurant-receipts"
"@1","p662","45462","https://www.washingtonpost.com/opinions/2024/06/13/biden-trump-normandy-isolationism-2024-election/"
"@1","p661","45462","https://www.DonaldJTrump.com"
"@1","p660","45462","https://www.DonaldJTrump.com"
"@1","p659","45462","https://www.DonaldJTrump.com"
"@1","p658","45462","https://www.DonaldJTrump.com"
"@1","p657","45462","https://www.DonaldJTrump.com"
"@1","p656","45462","https://www.DonaldJTrump.com"
"@1","p655","45462","https://www.DonaldJTrump.com"
"@1","p654","45462","https://www.foxnews.com/politics/nato-chief-credits-trump-record-number-members-meeting-spending-targets"
"@1","p653","45462","https://www.DonaldJTrump.com"
"@1","p652","45462","https://www.DonaldJTrump.com"
"@1","p651","45462","https://www.DonaldJTrump.com"
"@1","p650","45462","Amazing swing."
"@1","p649","45462","WE WILL MAKE AMERICA GREAT AGAIN https://www.DonaldJTrump.com"
"@1","p648","45462","It was great being in Wisconsin https://www.DonaldJTrump.com"
"@1","p647","45462","Join me LIVE in Racine, Wisconsin at 3pmCDT/4pmEST. Will be on @RSBN, @NewsMax, @OAN, @realamericasvoice, and Donald J. Trump @Rumble, among others. See you soonMAGA2024 https://rumble.com/v5258me-president-trump-in-racine-wi.html"
"@1","p646","45462"," Join me LIVE in Racine, Wisconsin at 3pmCDT/4pmEST. Will be on @RSBN, @NewsMax, @OAN, @realamericasvoice, and Donald J. Trump @Rumble, among others. See you soonMAGA2024 https://rumble.com/v5258me-president-trump-in-racine-wi.html"
"@1","p645","45462","https://thenationalpulse.com/2024/06/13/data-trump-leads-biden-by-10-points-with-critical-arizona-demographic/"
"@1","p644","45462","Business Executives and Shareholder Representatives should be 100 behind Donald Trump Anybody thats not should be FIRED for incompetenceTHE WALL STREET JOURNAL: Corporate Tax Rate Spurs Political Battle: Biden wants to raise current rate to 28, while some in GOP weigh a cut to 15: WASHINGTONThe 21 U.S. corporate tax rate is the biggest single variable in the sprawling 2025 tax debate, and the two parties are trying to turn that dial in opposite directions with major consequences for companies profits and federal revenue. The rate could climb as high as 28 if Democrats sweep Novembers elections and move as low as 15 if Republicans gain full power. President Bidens plan for a 28 rate would reverse half of Republicans 2017 rate cut, pushing the U.S. corporate rate back near the highest among major economies. A 15 rate would match the lowest level since 1935, boosting profits and rewarding shareholders."
"@1","p643","45462","Page 2: Corporations won tax cuts during Trumps presidency, and they would benefit if he wins again. In 2017, many companies pushed for lowering the corporate tax rate to 25 from 35, aiming for the middle of the pack amongst peer countries. Trump and congressional Republicans got the rate down to 21...Sen. Elizabeth Warren D., Mass., who sits on the Senate Finance Committee, said Democrats should insist on higher corporate taxes as one of their red lines in the 2025 debate, even to the point of being willing to let the expiring tax cuts lapse. Democrats dont need to be suckers this time, she said Monday. We can turn away from our history of bad dealmaking."
"@1","p642","45462","https://www.foxnews.com/us/migrant-arrested-broad-daylight-rape-13-year-old-new-york-park"
"@1","p641","45462","https://therightscoop.com/another-biden-illegal-immigrant-monster-arrested-for-raping-13-yr-old-in-broad-daylight-by-nypd/"
"@1","p640","45462","     "
"@1","p639","45462"," Join me LIVE in Racine, Wisconsin at 3pmCDT/4pmEST. Will be on @RSBN, @NewsMax, @OAN, @realamericasvoice, and Donald J. Trump @Rumble, among others. See you soonMAGA2024 https://rumble.com/v5258me-president-trump-in-racine-wi.html"
"@1","p638","45462","Join me LIVE in Racine, Wisconsin at 3pmCDT/4pmEST. Will be on @RSBN, @NewsMax, @OAN, @realamericasvoice, and Donald J. Trump @Rumble, among others. See you soonMAGA2024 https://rumble.com/v5258me-president-trump-in-racine-wi.html"
"@1","p637","45461","Bryson hitting a beauty at Trump National Westchester, a little while ago. What a great drive that was"
"@1","p636","45461","Eric Trump at Trump National, Westchester, getting ready to welcome our friend, Bryson DeChambeau, to a celebration of his incredible victory in The United States Open. He finished off his WIN with one of the greatest shots ever made DJT"
"@1","p635","45461","And the other Witch Hunts against me are no different than this one, which turned out to be a total scam"
"@1","p634","45461","Bob Good is BAD FOR VIRGINIA, AND BAD FOR THE USA He turned his back on our incredible Movement, and was constantly attacking and fighting me until recently, when he gave a warm and loving Endorsement - But really, it was too late The damage had been done. I just want to MAKE AMERICA GREAT AGAIN, and the person that can most help me do that is Navy Seal and highly respected State Legislator, John McGuire, a true American Hero. John, who fought the Cartels on the Front Line, and then came home and fought the drug dealers in Virginia, will ALWAYS PUT AMERICA FIRST."
"@1","p633","45461",".I had the safest Border in History, built hundreds of miles of Wall, and then Crooked Joe Biden came along and ruined it, making it one of the worst human catastrophes ever in our Countrys History. John and I will correct this situation, and fast He is strong on crime, will protect our great Military/Vets, lower Taxes, and will always defend our under siege Second Amendment. VIRGINIA, GET OUT AND VOTE FOR JOHN MCGUIRE TOMORROW - HE HAS MY COMPLETE AND TOTAL ENDORSEMENT MAGA2024"
"@1","p632","45461","Hung Cao is a highly respected retired Navy Captain running to represent the Great People of Virginia in the United States Senate.A Combat Veteran and Highly Decorated Special Operations Officer, Hung Cao will be a tireless fighter to Stop Inflation, Lower Taxes, Grow our Economy, Secure our Border, Strongly Support our Incredible Military/Vets, and Defend our always under siege Second Amendment.Hung Cao has my Complete and Total Endorsement - HE WILL NEVER LET YOU DOWN, AND WE WILL, AT THE SAME TIME, GET RID OF THE WORST PRESIDENT IN THE HISTORY OF OUR COUNTRY, CROOKED JOE BIDEN. VIRGINIA, GET OUT AND VOTE FOR HUNG CAO TOMORROW"
"@1","p631","45461","The Great Brian Jack joined my Campaign in 2016, and has diligently worked by my side for the last 8 years, serving with distinction as my White House Political Director in helping to enact our America First agenda that delivered historic results for the American People. Brian is a man of Loyalty, Honesty, and Integrity, and will never let the fabulous people of Georgias 3rd Congressional District down. He will fight tirelessly to Secure our Border, Stop Inflation, Lower Taxes, Support our Great Military/Vets, Restore American Energy Dominance, and Protect our always under siege Second Amendment. Brian Jack has my Complete and Total Endorsement - HE WILL NEVER LET YOU DOWN"
"@1","p630","45461","Nancy Dahlstrom will be a tremendous Congresswoman for the Great People of Alaska, just as she was as your Lieutenant Governor. Nancy is a proven fighter In Congress, she will work to Secure the Border, Create Jobs, Lower Taxes, Promote American Energy Independence, Support our Incredible Military and Police Officers, and Defend our always under siege Second Amendment.Her opponent, Nick Begich, has Democrat tendencies but, most importantly, he refused to get out of this Race last time, which caused the Republicans to lose this important seat to Mary Peltola, someone who is very unpopular, allowed the Democrats to terminate ANWR something which every Republican President since Ronald Reagan wanted, but only I got, and is doing a terrible job for Alaska. Nancy Dahlstrom is a WINNER, and has my Complete and Total Endorsement. SHE WILL NOT LET YOU DOWN"
"@1","p629","45461","Barry Moore will be an incredible Representative for Alabamas 1st Congressional District. Barry is a Conservative Warrior who tirelessly works on behalf of our Country to Secure our Border, Defend our always under siege First  Second Amendments, Promote American Agriculture, Strengthen  Support our Military, and Provide the Care our Brave Veterans Deserve. Barry Moore was one of the earliest supporters of our MAGA Movement, something I will never forget, and has my Complete and Total Endorsement - HE WILL NOT LET YOU DOWN"
"@1","p628","45461","Tom Barrett will be an incredible Representative for the wonderful people of Michigans 7th Congressional District Tom bravely served our Country as an Army Helicopter Pilot and, in Congress, he will Secure our Border, Defend our Law Enforcement, Support our Military/Vets, and Protect our always under siege Second Amendment. Tom has my Complete and Total Endorsement"
"@1","p627","45461","Mike Haridopolos will be a fantastic Representative for Floridas 8th Congressional DistrictMike has a strong record of success and incredible support from his Community. In Congress, he will Fight Inflation, Grow our Economy, Secure our Border, Support our Military/Vets, Champion American Energy Independence, and Defend our always under siege Second Amendment.Mike Haridopolos has my Complete and Total Endorsement. HE WILL NOT LET YOU DOWN"
"@1","p626","45461","Congressman Aaron Bean is a fantastic Representative for Floridas 4th Congressional District.An America First Fighter, Aaron will Lower Inflation, Grow our Economy, Secure our Border, Support our Great Military/Vets, Protect Floridas Environment and Natural Resources, and Defend our always under siege Second Amendment.Aaron Bean has my Complete and Total Endorsement - HE WILL NEVER LET YOU DOWN"
"@1","p625","45461","Congresswoman Celeste Maloy is a great advocate for the wonderful people of Utahs 2nd Congressional DistrictCeleste is fighting to Secure the Border, Create Jobs, Restore American Energy Independence, Support our Military/Veterans, Defend Religious Liberty, and Protect our always under siege Second Amendment.Celeste Maloy has my Complete and Total Endorsement"
"@1","p624","45460","ANOTHER one of Crooked Joe Bidens Illegal Immigrant Criminals was just charged with raping and murdering ANOTHER innocent American woman Rachel Morin was on a run in Maryland, just like Laken Riley was in Georgia, when she was brutally killed by an illegal monster who was wanted for murder in El Salvador and fled to the USA because he knew Crooked Joe would let him in. Now Rachel Morins 5 young children will grow up without their mother because Crooked Joe refuses to shut down the border. As a matter of fact, this week, Biden is preparing to give MASS AMNESTY to hundreds of thousands of illegal aliens This is unsustainable and cant be allowed to continue On day one, we will SHUT DOWN THE BORDER and start deporting millions of Bidens Illegal Criminals. We will once again put AMERICANS First and MAKE AMERICA SAFE AGAIN To Rachel Morins family and especially her 5 children, May God be with you DJT"
"@1","p623","45460","Join me in Philadelphia, PA this Saturday, June 22ndat 7:00PM Eastern Tickets: https://event.donaldjtrump.com/events/president-donald-j-trump-to-hold-a-rally-in-philadelphia-pennsylvania"
"@1","p622","45459","Sloppy J.B. Pritzker, the Rotund Governor from the once great State of Illinois, who makes Chris Christie look like a male model, and whose family wanted him out of the business because he was so pathetic at helping them run it, has presided over the destruction and disintegration of Illinois at levels never seen before in any State. Crime is rampant and people are, sadly, fleeing Illinois. Unless a change is made at the Governors level, Illinois can never be Great Again"
"@1","p621","45460","The New York Post: HOW NON-CITIZENS ARE GETTING VOTER REGISTRATION FORMS ACROSS THE U.S. WELFARE OFFICES AND OTHER AGENCIES IN 49 U.S. STATES ARE PROVIDING VOTER REGISTRATION FORMS TO MIGRANTS WITHOUT REQUIRING PROOF OF CITIZENSHIP This is terrible, and the reason they want millions of people, many of them criminals, to pour into our Country. They are also using the big government agencies as campaign factories for get out the illegal vote. WHERE HAS OUR COUNTRY GONE IT IS SO SICK AND TIRED. THE DEMOCRATS HAVE NO SHAME. WE MUST STOP THIS IN THE COURTS, IMMEDIATELY"
"@1","p620","45460","Is this really who you want to be your President"
"@1","p619","45460","Trump Campaign Announces Black Americans for Trump Coalition https://www.donaldjtrump.com/news/51692316-c099-4d91-a825-79ebc52c26b1"
"@1","p618","45460","IF A PRESIDENT DOES NOT HAVE IMMUNITY, THE COURT WILL BE OPENING THE FLOODGATES TO PROSECUTING FORMER PRESIDENTS. AN OPPOSING HOSTILE PARTY WILL BE DOING IT FOR ANY REASON, ALL OF THE TIME"
"@1","p617","45460","https://justthenews.com/government/congress/pelosi-declared-video-shot-daughter-i-take-responsibility-jan-6-security"
"@1","p616","45460","https://justthenews.com/accountability/political-ethics/tuefbi-tried-unmask-employees-trump-support-while-conducting"
"@1","p615","45460","Congratulations to Bryson DeChambeau on his incredible WIN of the United States Open He showed a toughness and inner strength, matched perfectly with his GREAT Golfing Talent, that can never be denied Under massive pressure, he pulled off some of the greatest shots ever made, especially his spectacular sand save on the 18th Hole that gave him the Victory. Mr. 58 has always been a WINNER, and will go on to many more Major Championships. He is a truly tough competitor, even a nasty one, but he also happens to be a great guy. The U.S.A. could not be better represented. Congratulations also to LIV Golf for their genius in signing Bryson and other of the best Golfers in the World. Hopefully Golf will soon come together as one, fully united, which is the way it should be"
"@1","p614","45460","The Washington Post is absolutely blowing up with Fake Stories They ought to clean up their act - Start writing the TRUTH, and maybe theyd get some of their Readers back, considering that theyve lost over 50 in just a short period of time. They have fools and stupid people, like Eugene Robinson, who are in no way qualified to be doing what they are doing. The Washington Post is on its last leg, theres no reason for them anymore. Theyre very untruthful, and you get your News from many other far more reliable sources, including those found on the Internet. You would think Bezos, who is losing more than 100 Million a year on that RAG, would want to at least see REAL Journalism, not Fake Stories that do nothing but hurt and demean our Country. MAGA2024 https://www.washingtonpost.com/investigations/2024/06/16/washington-post-editor-robert-winnett/"
"@1","p613","45460","Without Presidential Immunity, a President will not be able to properly function, or make decisions, in the best interest of the United States of America. Presidents will always be concerned, and even paralyzed, by the prospect of wrongful prosecution and retaliation, after they leave office. This could actually lead to extortion and blackmail of a President. The other side would say, If you dont do something, just the way we want it, we are going to go after you when you leave office, or perhaps even sooner. A President has to be free to determine what is right for our Country with no undue pressure"
"@1","p612","45460","Page 2: Without Immunity, the Presidency, as we know it, will no longer exist. Many actions for the benefit of our Country will not be taken. This is in no way what the Founders had in mind. Legal Experts and Scholars have stated that the President must have Full Presidential Immunity. A President must be free to make proper decisions. His mind must be clear, and he must not be guided by fear of retribution"
"@1","p611","45460","Thank you Monica DESTINY: Born on Flag Day Happy birthday to President Trump: the greatest President of our lifetimes and one of the greatest ever"
"@1","p610","45460","Without Presidential Immunity, a President will not be able to properly function, or make decisions, in the best interest of the United States of America. Presidents will always be concerned, and even paralyzed, by the prospect of wrongful prosecution and retaliation, after they leave office. This could actually lead to extortion and blackmail of a President. The other side would say, If you dont do something, just the way we want it, we are going to go after you when you leave office, or perhaps even sooner. A President has to be free to determine what is right for our Country with no undue pressure"
"@1","p609","45460","Page 2: Without Immunity, the Presidency, as we know it, will no longer exist. Many actions for the benefit of our Country will not be taken. This is in no way what the Founders had in mind. Legal Experts and Scholars have stated that the President must have Full Presidential Immunity. A President must be free to make proper decisions. His mind must be clear, and he must not be guided by fear of retribution"
"@1","p608","45460","The Washington Post is absolutely blowing up with Fake Stories They ought to clean up their act - Start writing the TRUTH, and maybe theyd get some of their Readers back, considering that theyve lost over 50 in just a short period of time. They have fools and stupid people, like Eugene Robinson, who are in no way qualified to be doing what they are doing. The Washington Post is on its last leg, theres no reason for them anymore. Theyre very untruthful, and you get your News from many other far more reliable sources, including those found on the Internet. You would think Bezos, who is losing more than 100 Million a year on that RAG, would want to at least see REAL Journalism, not Fake Stories that do nothing but hurt and demean our Country. MAGA2024 https://www.washingtonpost.com/investigations/2024/06/16/washington-post-editor-robert-winnett/"
"@1","p607","45460","Congratulations to Bryson DeChambeau on his incredible WIN of the United States Open He showed a toughness and inner strength, matched perfectly with his GREAT Golfing Talent, that can never be denied Under massive pressure, he pulled off some of the greatest shots ever made, especially his spectacular sand save on the 18th Hole that gave him the Victory. Mr. 58 has always been a WINNER, and will go on to many more Major Championships. He is a truly tough competitor, even a nasty one, but he also happens to be a great guy. The U.S.A. could not be better represented. Congratulations also to LIV Golf for their genius in signing Bryson and other of the best Golfers in the World. Hopefully Golf will soon come together as one, fully united, which is the way it should be"
"@1","p606","45460","The Turning Point Event in Michigan was incredible yesterday. It was rated as the most enthusiastic audience theyve ever had - IT WAS SOLD OUT, BUT COULD HAVE BEEN SOLD OUT FOUR TIMES OVER. It was a great honor to be there"
"@1","p605","45460","Is this really who you want to be your President"
"@1","p604","45459","Great Interview on Border with Mark Levin and Tom Cotton PART TWO ON DEFENSE"
"@1","p603","45459","Donald Trump has changed the Republican Party for good"
"@1","p602","45459","Mark Levin: We have an opportunity this election to help SAVE the COUNTRY"
"@1","p601","45460","HAPPY FATHERS DAY TO ALL, INCLUDING THE RADICAL LEFT DEGENERATES THAT ARE RAPIDLY BRINGING THE UNITED STATES OF AMERICA INTO THIRD WORLD NATION STATUS WITH THEIR MANY ATTEMPTS AT TRYING TO INFLUENCE OUR SACRED COURT SYSTEM INTO BREAKING TO THEIR VERY SICK AND DANGEROUS WILL. WE NEED STRENGTH AND LOYALTY TO OUR COUNTRY, AND ITS WONDERFUL CONSTITUTION. EVERYTHING WILL BE ON FULL DISPLAY COME NOVEMBER 5TH, 2024 - THE MOST IMPORTANT DAY IN THE HISTORY OF OUR COUNTRY. MAKE AMERICA GREAT AGAIN"
"@1","p600","45459","WE MUST HAVE FREE AND FAIR ELECTIONS Look at what is going on in Puerto Rico and beyond.Voting machine contract under scrutiny following discrepancies in Puerto Ricos primaries https://apnews.com/article/puerto-rico-primaries-discrepancies-voting-problems-machines-8019db17829c7b1fbae5fb3fde623a4b"
"@1","p599","45459","https://www.DonaldJTrump.com"
"@1","p598","45459","6/15/24  DETROIT, MICHIGAN https://www.DonaldJTrump.com"
"@1","p597","45459","https://SwampTheVoteUSA.com/"
"@1","p596","45459","BIDENS BORDER CRISIS"
"@1","p595","45459","Sloppy J.B. Pritzker, the Rotund Governor from the once great State of Illinois, who makes Chris Christie look like a male model, and whose family wanted him out of the business because he was so pathetic at helping them run it, has presided over the destruction and disintegration of Illinois at levels never seen before in any State. Crime is rampant and people are, sadly, fleeing Illinois. Unless a change is made at the Governors level, Illinois can never be Great Again"
"@1","p594","45459","Join me in Racine, Wisconsin on Tuesday, June 18th Tickets: https://www.donaldjtrump.com/events"
"@1","p593","45459","Look at the Pope  Hes freaking out This cant be normal, can it"
"@1","p592","45459","Stephen Moore: What a Great Day. Proud to be part of it. The President is on his A game. The CEOs loved him Thank you"
"@1","p591","45459","Thank you to the Great Charlie Hurt https://www.washingtontimes.com/news/2024/jun/10/real-reason-trump-is-running-again/"
"@1","p590","45459","https://dailycaller.com/2024/06/10/cnn-panel-trump-biden-nevada/"
"@1","p589","45459","Im the Governor of Nevada. This Is Why Trump Is Doing So Well With Our Voters. https://www.nytimes.com/2024/06/10/opinion/trump-biden-nevada.html"
"@1","p588","45459","Great job done by Jeremy Hunt in interview with Brian Kilmeade. A REAL PATRIOT"
"@1","p587","45459","Mark Levin: We have an opportunity this election to help SAVE the COUNTRY"
"@1","p586","45459","6/15/24  DETROIT, MICHIGAN https://www.DonaldJTrump.com"
"@1","p585","45459","Donald Trump has changed the Republican Party for good"
"@1","p584","45459","Great Interview on Border with Mark Levin and Tom Cotton PART TWO ON DEFENSE"
"@1","p583","45459","PART TWO ON DEFENSE"
"@1","p582","45459","Wow, the Florida Panthers are a fantastic Ice Hockey Team. Theyre 3-0 against the very good Edmonton Oilers from Canada. Theyre down 1 to 0 tonight, but its still early. Hopefully they will put them away. Very impressive"
"@1","p581","45459","IF IMMUNITY IS NOT GRANTED TO A PRESIDENT, EVERY PRESIDENT THAT LEAVES OFFICE WILL BE IMMEDIATELY INDICTED BY THE OPPOSING PARTY. WITHOUT COMPLETE IMMUNITY, A PRESIDENT OF THE UNITED STATES WOULD NOT BE ABLE TO PROPERLY FUNCTION Without Presidential Immunity, the Presidency will lose its power and prestige, and under some Leaders, have no power at all. The Presidency will be consumed by the other Branches of Government. THAT IS NOT WHAT OUR FOUNDERS WANTED WITHOUT PRESIDENTIAL IMMUNITY, IT WOULD BE IMPOSSIBLE FOR A PRESIDENT TO PROPERLY FUNCTION, PUTTING THE UNITED STATES OF AMERICA IN GREAT AND EVERLASTING DANGER"
"@1","p580","45459","Andrew Ross Sorkin, a longtime Trump Hater who has been proven wrong on all occasions, tried to spread a rumor that one of the most positive Meetings at Business Roundtable was not very good. Speaker Newt Gingrich and Larry Kudlow were present, and they loved it, wanted it to go longer, and some said it was the best Meeting they ever attended under these auspices. Sorkin, who has been battling me for years, and is truly a sad person, is absolutely not made for Television, despite how hard he tries. Please call Newt, Larry, or any CEO not on the Far Left"
"@1","p579","45459","https://www.DonaldJTrump.com"
"@1","p578","45459","Join me live at THE PEOPLES CONVENTION in Detroit, Michigan at 6:00PM Eastern. Will be on @NewsMax, @RSBN, @OAN, and @realamericasvoice, among others. See you soonMAGA2024 PEOPLES2024 https://rumble.com/v51qtaz-the-peoples-covention-6-15-24.html"
"@1","p577","45459","Assemblyman David DiPietro has been with us from the very beginning, and is a Staunch Defender of the Great People of New Yorks 147th State Assembly District.A distinguished State Legislator, David is a tough advocate for the America First Agenda. He is fighting hard to Secure our Border, Support Law Enforcement, Protect our Military/Vets, Stop Inflation, Grow our Economy, and defend our always under siege Second Amendment.David DiPietro has my Complete and Total Endorsement - GET OUT AND VOTE JUNE 25TH IN THE NEW YORK PRIMARY. DAVID WILL NOT LET YOU DOWN"
"@1","p576","45459","Had a great meeting with the Business Roundtable on Thursday - All CEOs at the top Companies in the Nation, and beyond. I have already heard from so many how good the Meeting was - Larry Kudlow was the Moderator, and we covered a lot of territory. The problem with doing this Roundtable group, however, is that some of these Leaders are Biden sympathizers, especially those on top - They love spreading false rumors and innuendo, and take what was a GREAT Meeting, actually an inspirational one, and doing everything possible to belittle and inflame. Its put out by the Biden Scum in order to dignify his existence - Something very hard to do. Ask Larry Kudlow, Newt Gingrich, or I could give you a list of executives to talk to. Some said it was the best Meeting theyd ever had, and they were virtually all there. Anybody saying anything else is no friend of our Country"
"@1","p575","45459","The Democrats are making up stories that I said Milwaukee is a horrible city. This is false, a complete lie, just like the Laptop from Hell was a lie, Russia, Russia, Russia, was a lie, and so much more. Its called Disinformation, and thats all they know how to do. I picked Milwaukee, I know it well. It should therefore lead to my winning Wisconsin. But the Dems come out with this fake story, just like all of the others. It never ends. Dont be duped. Who would say such a thing with that important State in the balance Vote for Trump, Wisconsin, I will not let you down"
"@1","p574","45458","Alison Esposito is a fantastic candidate and will be a GREAT Congresswoman for NewYorks 18th Congressional District.A retired NYPDDeputy Inspector, Alison has dedicated her life to Upholding the Rule of Law and Protecting New Yorkers. In Congress, she will fight to Secure the Border, Create Jobs, Lower Taxes, Promote American EnergyIndependence, and Support our Incredible Military and Police Officers. Alison Esposito has my Complete and Total EndorsementSHE WILL NEVER LET YOU DOWN"
"@1","p573","45458","Mike LiPetri is running to represent the fantastic people of New Yorks 3rd Congressional District.Mike will be an INCREDIBLE America First Fighter in Congress, and will work hard to Grow the Economy, Lower Inflation, Uphold the Rule of Law, Defend the Border, Promote American Energy, and Support our Great Military and Police.Mike LiPetri has my Complete and Total Endorsement"
"@1","p572","45457","TIMELESS QUOTES BY JOE BIDEN"
"@1","p571","45458","JOE BIDEN IS THE PROBLEM"
"@1","p570","45458","https://www.rsbnetwork.com/news/americas-last-hope/"
"@1","p569","45458","https://thenationalpulse.com/2024/06/13/data-trump-leads-biden-by-10-points-with-critical-arizona-demographic/"
"@1","p568","45458","https://www.washingtontimes.com/news/2024/jun/13/trump-set-for-greatest-political-comeback-in-histo/"
"@1","p567","45458","https://www.foxnews.com/politics/house-gop-moves-name-us-coastal-waters-after-trump"
"@1","p566","45458","Join me LIVE at 7:00PM Eastern tonight from West Palm Beach, Florida with CLUB 47  Will be on @RSBN, @realamericasvoice, @NewsMax, and @OAN. See you soonMAGA2024 https://rumble.com/v50miki-live-president-trump-celebrates-his-birthday-at-club-47-61424.html"
"@1","p565","45458","JOE BIDEN IS THE PROBLEM"
"@1","p564","45458","Donald Trump Leading in Minnesota https://www.DonaldJTrump.com"
"@1","p563","45458","Join me in Racine, Wisconsin on Tuesday, June 18th Tickets: https://www.donaldjtrump.com/events"
"@1","p562","45457","TIMELESS QUOTES BY JOE BIDEN"
"@1","p561","45456","Stephen Moore: If its about the ECONOMY, Trump is going to win in a landslideI guarantee it https://www.DonaldJTrump.com"
"@1","p560","45456","President Trump made our ECONOMY great onceHes ready to do it again https://www.DonaldJTrump.com"
"@1","p559","45457","Congressman Marc Molinaro is an incredible advocate for the wonderful people of New Yorks 19th Congressional District Marc is fighting hard to Secure the Border, Stop Crime, Grow our Economy, Champion Small Business, Support our Brave Military and Veterans, and Protect and Defend our always under siege Second Amendment. Marc Molinaro has my Complete and Total EndorsementHE WILL NEVER LET YOU DOWN"
"@1","p558","45457","Congressman Andrew Garbarino is a tremendous champion for the great people of New Yorks 2nd Congressional District Andrew is working hard to Secure the Border, Provide Access to Affordable Health Care, Create Jobs, Grow the Economy, Uphold the Rule of Law, Support our Incredible Veterans, and Defend our always under siege Second Amendment. Andrew Garbarinohas my Complete and Total Endorsement"
"@1","p557","45457","Julie McGuire is running for Lieutenant Governor to represent the fantastic people of Indiana. She is supported by my good friend and the Hoosier States next governor, Mike Braun. Julie is a conservative Fighter who will strongly advocatefor our Great Farmers and American Agriculture, Supportour Military / Veterans, Defend the Second Amendment, and Provide our Children with Excellent Education.Julie McGuire has my Complete and Total Endorsement"
"@1","p556","45457","Congresswoman Laurel Lee is an incredible representative for the fantastic people of Floridas 15th Congressional District.Laurel is working hard to Secure our Border, Fight Inflation, Defend our Wonderful Military and Veterans, Promote Election Integrity, and Expand American Jobs and the Economy. Laurel Lee has my Complete and Total Endorsement"
"@1","p555","45457","Congressman Daniel Webster is doing a terrific job representing Floridas 11th Congressional District.As a successful businessman, Daniel knows how to Fight Inflation, Grow the Economy, Lower Taxes, and Eliminate Government Waste. Daniel is working hard to Secure the Border, Protect our Elections, Support our Great Military / Veterans, and Defend our always under siege Second Amendment. Daniel Webster has my Complete and Total EndorsementHE WILL NEVER LET YOU DOWN"
"@1","p554","45457","Congresswoman Kat Cammack is doing a fantastic job representing the great people of Floridas 3rdCongressional District.A Strong America First Fighter, Kat is working hard to Lower Inflation, Secure our Border, Champion American Energy Independence, Defend our Incredible Police and Firefighters, and Support our Hardworking Farmers. Kat Cammack has my Complete and Total Endorsement"
"@1","p553","45457","Congressman Neal Dunn isa tremendous champion for Floridas 2nd Congressional DistrictAn accomplished surgeon and a retired Major in the U.S. Army, Neal is fighting hard to Deliver Quality Care to our Brave Veterans, Strengthen our Military, Grow the Economy, Lower Inflation, Restore American Energy Independence, and Protect our always under siege Second Amendment. Neal Dunn has my Complete and Total EndorsementHE WILL NEVER LET YOU DOWN"
"@1","p552","45457","Bob Good is BAD FOR VIRGINIA, AND BAD FOR THE USA. He turned his back on our incredible movement, and was constantly attacking and fighting me until recently, when he gave a warm and loving Endorsement - But really, it was too late. The damage had been done I just want to MAKE AMERICA GREAT AGAIN, and the person that can most help me do that is Navy Seal and highly respected State Legislator, John McGuire, a true American Hero. John, who fought the Cartels on the Front Line, and then came home and fought the drug dealers in Virginia, will ALWAYS PUT AMERICA FIRST."
"@1","p551","45457",".I had the safest Border in history, built hundreds of miles of Wall, and then Crooked Joe Biden came along and ruined it, making it one of the worst human catastrophes ever in our Country. John and I will correct this situation, and fast He is strong on crime, will protect our great Military/Vets, and will always defend our under siege Second Amendment. John McGuire has my Complete and Total Endorsement I will be doing a TeleRally for John at 6 PM ET on Monday. MAGA2024"
"@1","p550","45457","6/13/24  SENATE GOP MEETING"
"@1","p549","45457","6/13/24  HOUSE GOP MEETING"
"@1","p548","45456","Great meeting with Republican Representatives. Lots discussed, all positive, great poll numbers"
"@1","p547","45456","Stephen Moore: If its about the ECONOMY, Trump is going to win in a landslideI guarantee it https://www.DonaldJTrump.com"
"@1","p546","45456","President Trump made our ECONOMY great onceHes ready to do it again https://www.DonaldJTrump.com"
"@1","p545","45456","Join me in Racine, Wisconsin on Tuesday, June 18th Tickets: https://www.donaldjtrump.com/events"
"@1","p544","45455","You can make a BIG ELECTION IMPACT with a small time commitment Join TrumpForce47 at: https://trumpforce47.com/."
"@1","p543","45455","A MUST WATCHMAGA2024"
"@1","p542","45455","THANK YOU https://www.DonaldJTrump.com"
"@1","p541","45455","https://www.DonaldJTrump.com"
"@1","p540","45455","VOTE FOR TRUMP Bitcoin mining may be our last line of defense against a CBDC. Bidens hatred of Bitcoin only helps China, Russia, and the Radical Communist Left. We want all the remaining Bitcoin to be MADE IN THE USA It will help us be ENERGY DOMINANT https://bitcoinmagazine.com/culture/trump-is-the-best-choice-for-bitcoin"
"@1","p539","45455","Corrupt Soros backed Manhattan D.A, Alvin Bragg, at the direction of Crooked Joe Biden and his DOJ, has always known that there was NO CRIME in the Case he filed against me. He didnt even want to bring this Zombie Case, but when forced to attack me for Election Interference purposes, Bragg attempted to make it look as bad as possible by stacking the counts - A TOTAL SCAM. The reality is that the whole Hoax is just about Legal Expenses being paid and marked as.Legal Expenses. Instead, the Prosecutors made up 34 counts out of 11 Checks, 11 Invoices, and 12 Entries by a highly respected bookkeeper in a Ledger. Even the Invoices said, Legal Retainer. Why Because thats what it was, a payment to a then-fully accredited lawyer. Nothing illegal, no conspiracies. THE APPELLATE COURTS HAVE TO END THIS WITCH HUNT AGAINST A POLITICAL OPPONENT"
"@1","p538","45455","https://www.DonaldJTrump.com"
"@1","p537","45455","https://www.DonaldJTrump.com"
"@1","p536","45455","https://www.DonaldJTrump.com"
"@1","p535","45455","https://www.DonaldJTrump.com"
"@1","p534","45455","https://www.DonaldJTrump.com"
"@1","p533","45455","MUST WATCH: President Trump Sits Down With Dr. Phil in Exclusive In-Depth Interview https://rumble.com/v502xvx-must-watch-president-trump-sits-down-with-dr.-phil-in-exclusive-in-depth-in.html"
"@1","p532","45455","https://www.DonaldJTrump.com"
"@1","p531","45455","https://www.DonaldJTrump.com"
"@1","p530","45455","https://www.DonaldJTrump.com"
"@1","p529","45455","https://www.rsbnetwork.com/news/number-one-dana-white-discusses-president-trumps-fighting-spirit/"
"@1","p528","45455","https://www.rsbnetwork.com/news/americas-last-hope/"
"@1","p527","45455","https://www.rsbnetwork.com/news/nevadans-react-to-president-trumps-big-rally-in-las-vegas-with-primary-elections-underway/"
"@1","p526","45454","Biden Hates the Military"
"@1","p525","45455","A MUST WATCHMAGA2024"
"@1","p524","45454","Professor Alan Dershowitz: Ive devoted sixty years of my life trying to defend and explain a Legal System based on Neutral Principles. That Legal System is gone. The Trump Case destroyed it."
"@1","p523","45454","The Fake News Washington Post came up with the ridiculous idea that Donald J. Trump will call for Mandatory Military Service. This is only a continuation of their EIGHT YEAR failed attempt to damage me with the Voters. The Story is completely untrue. In fact, I never even thought of that idea. Only a degenerate former Newspaper, which has lost 50 of its Readers, would fabricate such a tale. Just another Fake Story, one of many, made up by the DEAD Washington Compost"
"@1","p522","45454","https://latinos.donaldjtrump.com/"
"@1","p521","45454","Join https://www.TrumpForce47.com today"
"@1","p520","45454","Great Patriot Charlie Kirk, Head of Turning Point USA, has a wonderful new Book coming out next week, RIGHT WING REVOLUTION. It is a MUST READ for those who want to take our Country back from the Radical Left Lunatics who are destroying it. This will be very helpful reading for those looking to Save our Nation. Get your copy today https://www.barnesandnoble.com/w/right-wing-revolution-charlie-kirk/1144945371"
"@1","p519","45454","Biden Hates the Military"
"@1","p518","45454","Congressman Russell Fry is a phenomenal Representative of South Carolinas 7th Congressional District. Russell is an America First Conservative, who is fighting to Secure our Elections, Stop Illegal Immigration, Grow the Economy, Cut Taxes, Strengthen our Military, Support our Veterans, and Uphold the Rule of Law. An original Member of my South Carolina Leadership Team, Congressman Russell Fry has my Complete and Total Endorsement South Carolina, Get out to Vote TOMORROW"
"@1","p517","45454","Congressman William Timmons is a terrific advocate for the people of South Carolinas 4th Congressional District A Captain in the Air National Guard, he fights hard to Secure our Border, Strengthen our Military, Support our Veterans, Grow the Economy, Defend our Second Amendment, and Hold Joe Biden and the Radical Left Accountable. An original Member of my South Carolina Leadership Team, Congressman William Timmons has my Complete and Total Endorsement South Carolina, Get out to Vote TOMORROW"
"@1","p516","45454","Pastor Mark Burns is running for Congress in South Carolinas 3rd Congressional District, and has been with me from the very beginning of our Movement to Make America Great Again. In Congress, Mark will help me Secure the Border, Stop Illegal Immigration, Uphold the Rule of Law, Grow the Economy, and Protect and Defend our always under siege Second Amendment. Pastor Mark Burns is an America First Fighter, and has my Complete and Total Endorsement - He is a Good Man, a Hard Worker, and will not let you down South Carolina, Get out to Vote TOMORROW"
"@1","p515","45454","Congressman Joe Wilson is doing an incredible job fighting for the people of South Carolinas 2nd Congressional District A retired Colonel of the South Carolina Army National Guard, Joe is working hard to Defend our Country, Strengthen the Military, Support our Veterans, Secure the Border, and Protect our under siege Second Amendment. An original Member of my South Carolina Leadership Team, Congressman Joe Wilson has my Complete and Total Endorsement South Carolina, Get out to Vote TOMORROW"
"@1","p514","45454","It is my great honor to Endorse a Strong Conservative Voice for South Carolinas 1st Congressional District. Nancy Mace worked hard campaigning across South Carolina in support of our Record-Breaking WIN. In Congress, she is fighting to Secure the Border, Strengthen our Military, Support our Veterans, Uphold the Rule of Law, Stop Political Weaponization, and Protect and Defend our always under siege Second Amendment. Congresswoman Nancy Mace has my Complete and Total Endorsement South Carolina, Get out to Vote TOMORROW"
"@1","p513","45454","Senator Kevin Cramer is doing a fantastic job representing the incredible people of North Dakota in the United States Senate. During my Administration, Kevin worked closely with me to create Space Force, which continues to Protect and Defend our Great Country. Kevin has been with me from the very beginning, helping advance our America First Agenda. In the Senate, he is working hard to Secure the Border, Grow the Economy, Cut your Taxes, Eliminate Needless Regulations, Support our Veterans, and Fight for our Constitutional Rights, including our under siege Second Amendment. Kevin Cramer has my Complete and Total Endorsement North Dakota, Get out to Vote TOMORROW"
"@1","p512","45454","Julie Fedorchak is an incredible Candidate who will do a fantastic job representing the Great People of North Dakota in Congress. An America First Conservative, Julie will work hard to grow the Economy, stop Inflation, cut Taxes and Regulations, secure the Border, support our wonderful Military/Vets, and strongly defend our Critical Oil  Gas Industry. She also worked with, and is supported by, my friend, Governor Doug Burgum, and many other well-respected Leaders in North Dakota. Julie Fedorchak has my Complete and Total Endorsement - SHE WILL DO A FANTASTIC JOB North Dakota, Get out to Vote TOMORROW"
"@1","p511","45454","Congressman Kelly Armstrong is running for Governor of North Dakota, a State that I love, and WON BIG in 2016 and 2020. In Congress, Kelly strongly defended me through two SHAM Impeachments, and is 100 MAGA. As your next Governor, Kelly will work tirelessly to grow the Economy, stop Inflation, cut Taxes and Regulations, secure our Border, protect North Dakota from Federal Overreach, defend our always under siege Second Amendment, strengthen our Military/Vets, and put our Incredible Farmers, Ranchers, and Energy Producers FIRST. Kelly Armstrong has my Complete and Total Endorsement to be the next Governor of the Great State of North Dakota - HE WILL NOT LET YOU DOWN North Dakota, Get out to Vote TOMORROW"
"@1","p510","45454","John Lee is running to represent the incredible people of Nevadas 4th Congressional District. The former highly popular and successful Mayor of North Las Vegas, John will work hard to Lower Inflation, Uphold the Rule of Law, Revitalize our Economy, Protect our Great Police and Military, and Defend our always under siege Second Amendment. John Lee has my Complete and Total Endorsement - HE WILL NEVER LET YOU DOWN Nevada, Get out to Vote TOMORROW"
"@1","p509","45454","Sam Brown is a FEARLESS AMERICAN PATRIOT, a Purple Heart Recipient, who has proven he has the PURE GRIT and COURAGE to take on our Enemies, both Foreign and Domestic. Sam is now running for U.S. Senate in the Great State of Nevada, primarily because he knows that Crooked Joe Biden and the Radical Left are A THREAT TO DEMOCRACY. Our Country can no longer stand with this Corrupt and Incompetent President calling the shots. As your next Senator, Sam will fight tirelessly to secure our Border, end Migrant Crime, stop Inflation, grow our Economy, STRONGLY SUPPORT OUR GREAT MILITARY/VETS, protect our always under siege Second Amendment, and restore PEACE THROUGH STRENGTH"
"@1","p508","45454","I have gotten to know Sam and his beautiful wife, Amy, a U.S. Army First Lieutenant, and I know in this next chapter of their Life of Service together, they will continue to make us all proud. Sam has already proven his Love for our Country, being horrifically wounded, and making the Comeback of a Lifetime. Sam Brown has my Complete and Total Endorsement - HE WILL NEVER LET YOU DOWN Nevada, Get out to Vote TOMORROW"
"@1","p507","45454","Former NASCAR Driver Austin Theriault is running for Congress in Maines 2nd Congressional District against Democrat Jared Golden, who poses as a bipartisan politician, but is instead completely beholden to the Radical Left. Jared Golden supports Joe Bidens Open Borders Agenda, Out-of-Control Spending, and Costly Regulations that hurt Maines Great Lobstermen. In Congress, Austin Theriault will work hard to Secure the Border, Protect our always under siege Second Amendment, Stop Crime, Cut Taxes, and Support our Brave Law Enforcement, Military, and Veterans. Austin Theriault has my Complete and Total Endorsement Maine, Get out to Vote TOMORROW"
"@1","p506","45453","I have gotten to know Sam and his beautiful wife, Amy, a U.S. Army First Lieutenant, and I know in this next chapter of their Life of Service together, they will continue to make us all proud. Sam has already proven his Love for our Country, being horrifically wounded, and making the Comeback of a Lifetime. Sam Brown has my Complete and Total Endorsement - HE WILL NEVER LET YOU DOWN"
"@1","p505","45453","Sam Brown is a FEARLESS AMERICAN PATRIOT, a Purple Heart Recipient, who has proven he has the PURE GRIT and COURAGE to take on our Enemies, both Foreign and Domestic. Sam is now running for U.S. Senate in the Great State of Nevada, primarily because he knows that Crooked Joe Biden and the Radical Left are A THREAT TO DEMOCRACY. Our Country can no longer stand with this Corrupt and Incompetent President calling the shots. As your next Senator, Sam will fight tirelessly to secure our Border, end Migrant Crime, stop Inflation, grow our Economy, STRONGLY SUPPORT OUR GREAT MILITARY/VETS, protect our always under siege Second Amendment, and restore PEACE THROUGH STRENGTH"
"@1","p504","45453","NO TAX ON TIPS For the first time in history, @realDonaldTrump promises to relieve taxes on tips for service workers"
"@1","p503","45453","THANK YOULONG ISLAND, NEW YORK https://www.DonaldJTrump.com"
"@1","p502","45453","Sam Brown is a FEARLESS AMERICAN PATRIOT, a Purple Heart Recipient, who has proven he has the PURE GRIT and COURAGE to take on our Enemies, both Foreign and Domestic. Sam is now running for U.S. Senate in the Great State of Nevada, primarily because he knows that Crooked Joe Biden and the Radical Left are A THREAT TO DEMOCRACY. Our Country can no longer stand with this Corrupt and Incompetent President calling the shots. As your next Senator, Sam will fight tirelessly to secure our Border, end Migrant Crime, stop Inflation, grow our Economy, STRONGLY SUPPORT OUR GREAT MILITARY/VETS, protect our always under siege Second Amendment, and restore PEACE THROUGH STRENGTH"
"@1","p501","45453","I have gotten to know Sam and his beautiful wife, Amy, a U.S. Army First Lieutenant, and I know in this next chapter of their Life of Service together, they will continue to make us all proud. Sam has already proven his Love for our Country, being horrifically wounded, and making the Comeback of a Lifetime. Sam Brown has my Complete and Total Endorsement - HE WILL NEVER LET YOU DOWN"
"@1","p500","45453","TAX-FREE TIPSTrump is now promising to get rid of taxes on tips for service workers and @CharlesHurt reacts: He realized the value of it and he jumped on it"
"@1","p499","45453","From the Great Victor Davis Hanson: The five criminal and civil prosecutions of Donald Trump all prompt heated denials from Democrats that President Joe Biden and Dem operatives had a role in any of them. But Biden has long let it be known that he was frustrated with his own Department of Justices federal prosecutors for their tardiness in indicting Trump. Biden was upset because any delay might mean that his rival Trump would not be in federal court during the 2024 election cycle. And that would mean he could not be tagged as a convicted felon by the November election while being kept off the campaign trail. Politico has long prided itself on its supposed insider knowledge of the workings of the Biden admin. Note that it was reported earlier this February that a frustrated Biden has grumbled to aides and advisers that had Garland moved sooner in his investigation into former President Donald Trumps election interference, a trial may already be underway or even have concluded."
"@1","p498","45453","Given Politico was reporting six months ago about Bidens anger at the pace of his DOJs prosecution of Trump, does anyone believe his special counsel, Jack Smith, was not aware of such presidential displeasure and pressure Note Smith had petitioned and was denied an unusual request to the court to speed up the course of his Trump indictment. And why would Bidens own attorney general, Merrick Garland, select such an obvious partisan as Smith Remember, in his last tenure as special counsel, Smith had previously gone after popular Republican and conservative Virginia Gov. Bob MacDonald. Yet Smiths politicized persecution of the innocent McDonnell was reversed by a unanimous verdict of the U.S. Supreme Court. That rare court unanimity normally should have raised a red flag to the Biden DOJ about both Smiths partiality and his incompetence"
"@1","p497","45453","The White Houses involvement is not limited to the Smith federal indictments. Fulton County District Attorney Fani Williss paramour and erstwhile lead prosecutor in her indictment of Trump, Nathan Wade, met twice with the White House counsels office. On one occasion, Wade met inside the Biden White House. Subpoenaed records reveal that the brazen Wade actually billed the federal government for his time spent with the White House counsels staff  although so far no one has disclosed under oath the nature of such meetings. Of the tens of thousands of local prosecutions each year, in how many instances does a county prosecutor consult the White House counsels office  and then bill it for his knowledge It is past time for the media and Democrats to drop this ridiculous ruse of Bidens White House neutrality. Instead, they should admit that they are terrified of the will of the people in November and so are conniving to silence them."
"@1","p496","45453","The making of my Beautiful Gold Sneakers, handcrafted each. COMING SOON https://GetTrumpSneakers.com"
"@1","p495","45453","https://www.TrumpGolfScotland.com"
"@1","p494","45453","I am the only Candidate who has ever called for delivering relief to our wonderful Service Workers by NOT TAXING THEIR TIPS.It was my idea that Tips should not be taxed, and only I will GET IT DONE - And do it IMMEDIATELY upon my return to the White House. Crooked Joe Biden has taken the totally opposite approach, trying to TAX more and more of their Tips, even hiring 88,000 IRS Agents to collectIn fact, Crooked Joe substantially increased the Reporting Requirements for Workers 2023, and would go still further if I wasnt here to watch. Biden could never, and will never, get done what Ive proposed - Just like he never got Student Loan Forgiveness done. With Biden, its ALL TALK, AND NO ACTION.Hopefully Rank and File Union Members, Union Leadership itself, and Workers all over the Country, both Union and Non-Union, will support Donald J. Trump, because Im NO TALK AND ALL ACTIONTRUMP KEEPS HIS PROMISES, AND STANDS WITH OUR GREAT WORKERS. PROMISES MADE, PROMISES KEPT"
"@1","p493","45453","Thank you, Dana White"
"@1","p492","45453","SKY HIGH: ITS THE BIG MACS, STUPID"
"@1","p491","45453","Obviously, I never said that dead Soldiers are losers and suckers. Who would say such a thing It was MADE UP DISINFORMATION by Radical Left Democrats, and Trump Haters, working with a failing Magazine, just like Russia, Russia, Russia, Ukraine, Ukraine, Ukraine, FISA Fraud, 51 Intel Agents, and so much more. Anytime you see that despicable FAKE statement used, remember that it comes from the FASCIST SCUM that is destroying our Country. Nobody has done more for the Military than Donald J. Trump - I completely Rebuilt it, and added SPACE FORCE to boot VOTE FOR TRUMP - MAGA2024"
"@1","p490","45453","Crooked Joe Biden Biden, the WORST PRESIDENT IN THE HISTORY OF THE UNITED STATES, just confused Ukraine with Iraq. He actually doesnt know the difference, probably gets money from both, a Manchurian Candidate He also said, in another Democrat Disinformation hit job like Russia, Russia, Russia, the 51 Intel Agents, or the Fake FISA Reports, that I called dead American Soldiers, losers and suckers. Who would ever say such a thing Only a sicko with an axe to grind would suggest that anyone would make such a statement. They even made these horrific words into an advertisement, which shows how desperate they are. No President, especially dumb as a rock Joe Biden, has done more for our Military than DONALD J. TRUMP. The Military hates Crooked Joe, and all of the failure he represents. Take down the Fake Ad, Joe, and stop the unprecedented Weaponization of Justice against your Political Opponent. You are destroying our Country"
"@1","p489","45453","6/9/24  LAS VEGAS, NEVADA https://www.DonaldJTrump.com"
"@1","p488","45453","6/9/24  LAS VEGAS, NEVADA https://www.DonaldJTrump.com"
"@1","p487","45453","6/9/24  LAS VEGAS, NEVADA https://www.DonaldJTrump.com"
"@1","p486","45453","TOO BIG TO RIG https://www.DonaldJTrump.com"
"@1","p485","45453","See you soonJoin me live at 12:00pmPDT/3:00pmEST: https://rumble.com/v50kfpb-president-trump-in-las-vegas-nv.html Join me today in Las Vegas, Nevada at 12:00pmPDT/3:00pmEST. Will be on @NewsMax, @RSBN, @OAN, @RealAmericasVoice, and Donald J Trump @Rumble, among others. Big crowdSee you soon MAGA2024 https://rumble.com/v50kfpb-president-trump-in-las-vegas-nv.html"
"@1","p484","45453","Join me today in Las Vegas, Nevada at 12:00pmPDT/3:00pmEST. Will be on @NewsMax, @RSBN, @OAN, @RealAmericasVoice, and Donald J Trump @Rumble, among others. Big crowdSee you soon MAGA2024 https://rumble.com/v50kfpb-president-trump-in-las-vegas-nv.html"
"@1","p483","45452","MISTRIAL BREAKING: Judge Merchan notifies parties in NYC Trump case of Facebook comment boasting of conviction day before verdicthttps://thepostmillennial.com/breaking-judge-merchan-notifies-parties-in-nyc-trump-case-of-facebook-comment-boasting-of-conviction-before-verdictutmcampaign64483"
"@1","p482","45452","Thank you @LeeZeldin, and to all of the incredible Patriots who joined you today on Long Island Long Island is Trump Country"
"@1","p481","45452","Thank youNewport Beach, California https://www.DonaldJTrump.com"
"@1","p480","45452"," THANK YOU, CALIFORNIAMAGA"
"@1","p479","45452","THANK YOU, CALIFORNIAMAGA"
"@1","p478","45452","I truly wish people would remember that all of these trials are concocted and run by the Crooked Joe Biden White House, and DOJ, for the purpose of Election Interference and damaging Crookeds Political Opponent, ME, as much as possible. These are not legitimate trials, they are merely part of an illegal POLITICAL WITCH HUNT the likes of which our Country has never seen before MAGA2024"
"@1","p477","45452","Thank you Ocala, Florida. We will, MAKE AMERICA GREAT AGAIN"
"@1","p476","45451","MISTRIAL BREAKING: Judge Merchan notifies parties in NYC Trump case of Facebook comment boasting of conviction day before verdicthttps://thepostmillennial.com/breaking-judge-merchan-notifies-parties-in-nyc-trump-case-of-facebook-comment-boasting-of-conviction-before-verdictutmcampaign64483"
"@1","p475","45451","Low INSULIN PRICING was gotten for millions of Americans by me, and the Trump Administration, not by Crooked Joe Biden. He had NOTHING to do with it. It was all done long before he so sadly entered office. All he does is try to take credit for things done by others, in this case, ME"
"@1","p474","45451","MISTRIAL"
"@1","p473","45451","The results of Crooked Joe Bidens Executive Order at the Border"
"@1","p472","45451","Join https://www.TrumpForce47.com today"
"@1","p471","45451","You can make a BIG ELECTION IMPACT with a small time commitment Join TrumpForce47 at: https://trumpforce47.com/."
"@1","p470","45451","https://www.DonaldJTrump.com"
"@1","p469","45450","Rich Lowry: Yes, it was rigged. The Alvin Bragg trial was everything that Trump warns aboutThe charges were rigged, the prosecutions presentation of the case was rigged, the judges management of the case was rigged, the gag order was rigged, and the instructions to the jury were rigged. The whole thing was rigged from beginning to end, in the hopes of  to the extent this case and theguiltyverdict will matter in November  rigging the presidential election their recklessness has further undermined faith in the system, while the alluring idea that theres a shortcut to diminishing or defeating Trump has so far proved illusory."
"@1","p468","45450","Elie Honig: The Manhattan DAs employees reportedly have called this the Zombie Case because of various legal infirmities, including its bizarre charging mechanism. But its better characterized as the Frankenstein Case, cobbled together with ill-fitting parts into an ugly, awkward, but more-or-less functioning contraption that just might ultimately turn on its creator."
"@1","p467","45450","Human Events Editorial Board: It was rigged, let us count the waysNo one ever said it would be easy to take America back from people who hate its foundational principles, and are willing to knife them not just for President Trump, but for anyone who has the audacity to support him. There is but one solace: such people may be able to temporarily force obeisance, but they have forever forfeited the right to respect. They may have power, but they have surrendered moral authority. They can make us pretend to take them seriously in public they cannot stop us sniggering behind our hands. And we are. Because this is still a joke a bad joke. A sinister joke. But a joke. And come November, were willing to bet, President Donald J. Trump will have the last laugh."
"@1","p466","45450","Steven Calabresi: President Donald Trumps Manhattan Convictions are Unconstitutional. The Roman Republic fell when politicians began criminalizing politics. I am gravely worried that we are seeing that pattern repeat itself in the present day United States."
"@1","p465","45450","Paul Ingrassia: This was not a new case: it had been circulating in various court systems, federal and state, for years. These charges were only brought this year to interfere with the 2024 presidential race, period. President Trump is now the leading presidential candidate, by every reputable poll, and the frontrunner by significant margins, a gap that has only expanded over time. There is no reason why this case should be brought now, six months before Election Day, unless there was a conspiracy to prevent President Trump from being on the campaign trail in key swing states, like PA, MI, AZ, and GA, which is exactly what occurred."
"@1","p464","45450","Mark Levin: New Yorks effort to prejudice the Presidential election is comparable to Colorados determination, unanimously vacated by the Supreme Court in Trump v. Anderson, 601 U.S. 100 2024, to remove one Presidential candidate from its ballot. Colorado purported to invoke a federal constitutional provision, but it was also a one-State effort to interfere with the Presidential election. New Yorks conduct is more egregious, will cause more lasting damage, and calls more crucially for a Supreme Court remedy."
"@1","p463","45450","David B. Rivkin, Jr. and Elizabeth Price Foley: New Yorks trial of Mr. Trump violated basic due-process principlesHe was denied notice of the charges, meaningful opportunity to respond, and proof of all elementsThe Constitution demands that higher courts throw out the verdict against him."
"@1","p462","45450","Steven Calabresi: President Donald Trumps First Amendment freedom of speech rights render his recent convictions in a Manhattan New York State trial court unconstitutional."
"@1","p461","45450","Gregg Jarrett: The most egregious violations in the New York conviction of former President Donald Trump were federal Constitutional due process violations that states are bound to follow. New York did not Under the Sixth Amendment, all defendants have a right to be informed of the precise nature and causes of the accusations against them so that they can properly defend themselves at trial. This did not happen."
"@1","p460","45450","Trump Won Hitmaker Natasha Owens Declares Former President The Chosen One with New Singlehttps://nashvillepublicity.prezly.com/trump-won-hitmaker-natasha-owens-declares-former-president-the-chosen-one-with-new-single"
"@1","p459","45450","Khabib is a really smart guy, and a deep thinker. He may be a Warrior in the Ring, but he wants PEACE for his people. You can see how deep in thought he is at the UFC Fight. Amazing guy"
"@1","p458","45450","Fox News Poll: Nevadans trust Trump over Biden on border security by 22 points https://www.foxnews.com/official-polls/fox-news-poll-nevadans-trust-trump-over-biden-border-security-22-points"
"@1","p457","45450","If you want to volunteer to help us turn out our target voters in your neighborhood, go to https://trumpforce47.com/ and sign up today"
"@1","p456","45450","Crooked Joe Bidens order is pro-invasion, pro-child trafficking, pro-women trafficking, pro-human trafficking, pro-drug dealers  and they bring death and destruction into our Country. Its really pro-illegal immigration"
"@1","p455","45450","Crooked Joe Biden has imported more illegal aliens than the populations of forty out of our fifty states"
"@1","p454","45450","If Joe Biden truly wanted to sign an executive order to stop the invasion, he only needs a single sentenceit would say, I hereby immediately reinstate every single border policy of President Donald J. Trump."
"@1","p453","45450","Im thrilled to be back in beautiful Arizona with thousands and thousands of proud, hard working American Patriots"
"@1","p452","45450","Join me live in Phoenix, Arizona at 5:00pm Eastern for a Turning Point USA Chase the Vote Town Hall https://rumble.com/v4zrzs9-president-trump-in-phoenix-az.html"
"@1","p451","45450","https://rumble.com/v4zzzhr-tpaction-presents-the-chase-the-vote-town-hall-live-in-phx-with-donald-trum.html"
"@1","p450","45450","https://rumble.com/v4zeepz-live-chase-the-vote-town-hall-with-president-donald-j.-trump-662024.html"
"@1","p449","45450","https://rumble.com/v4zycef-chase-the-vote-a-live-town-hall-with-president-trump.html"
"@1","p448","45450","It would not have mattered whether Steve Bannon, and others, went in front of the Unselect Committee of Criminal Hacks and Thugs, BECAUSE ALL OF THE INFORMATION ENDED UP BEING ILLEGALLY DELETED AND DESTROYED BY THESE CORRUPT RADICALS"
"@1","p447","45450","Join me live in Phoenix, Arizona at 5:00pm Eastern for a Turning Point USA Chase the Vote Town Hall https://rumble.com/v4zrzs9-president-trump-in-phoenix-az.html"
"@1","p446","45450","It is a Total and Complete American Tragedy that the Crooked Joe Biden Department of Injustice is so desperate to jail Steve Bannon, and every other Republican, for that matter, for not SUBMITTING to the Unselect Committee of Political Thugs, made up of all Democrats, and two CRAZED FORMER REPUBLICAN LUNATICS, Cryin Adam Kinzinger, and Liz Out of Her Mind Cheney. It has been irrefutably proven that it was the Unselects who committed actual crimes when they deleted and destroyed all material evidence, in a pathetic attempt to protect Crazy Nancy Pelosi and other Democrats from the TRUTH  THAT I DID ABSOLUTELY NOTHING WRONG. The unAmerican Weaponization of our Law Enforcement has reached levels of Illegality never thought possible before. INDICT THE UNSELECT J6 COMMITTEE FOR ILLEGALLY DELETING AND DESTROYING ALL OF THEIR FINDINGS MAGA2024"
"@1","p445","45450","Debbie Lesko has been an incredible Congresswoman for the State of Arizona A great friend of MAGA, Debbie has been with us from the beginning, fighting hard through Impeachment Hoax 1, Impeachment Hoax 2, and understood many of the bad things going on better than most. Now Debbie is running for the Maricopa County Board of Supervisors. She will work tirelessly to Safeguard our Elections, Protect our Communities, Secure our Border, Stop Migrant Crime, Grow the Economy, and Defend our always under siege Second Amendment. Debbie Lesko has my Complete and Total Endorsement  SHE WILL NEVER LET YOU DOWN"
"@1","p444","45450","Las Vegas, Nevada See you this Sunday at Sunset ParkGet your tickets today at: https://event.donaldjtrump.com/events/president-donald-j-trump-to-deliver-remarks-in-las-vegas-nevada"
"@1","p443","45450","A great honor to speak with four wonderful D-Day Heroes  Donald Cobb, Steve Melnikoff, George Cross, and Harold Radish, from my plane going to Arizona. I LOVE YOU ALL, see you in the White House - DJT"
"@1","p442","45450","WWII Hero James Weir Surprised With Street Designation In Miami https://www.cbsnews.com/miami/news/wwii-hero-james-weir-surprised-with-street-designation-in-miami/"
"@1","p441","45450","Khabib Nurmagomedov, who retired after a RECORD of 29-0, never having lost even a single round, is probably the Greatest Fighter of All Time. I met him at the UFC event on Saturday night in New Jersey. A really smart guy - Big things in the future for Khabib  DJT"
"@1","p440","45450","I will be interviewed by Dr. Phil on Merit Street Media, and the MERIT app Merit Plus, TODAY"
"@1","p439","45450","Great Fighter, Sean Strickland, on Saturday Night after a Victory against the Brazilian Champion, Paulo Costa Sean may not look like a nice guy, but he is - Except in the Ring. Congratulations Sean"
"@1","p438","45449","Today, we honor the immortal heroes who landed at Normandy 80 years ago. The men of D-Day will live forever in history as among the bravest, noblest, and greatest Americans ever to walk the earth. They shed their blood, and thousands gave their lives, in defense of American Freedom. They are in our hearts today and for all time."
"@1","p437","45449","SUCCESS WILL BRING OUR COUNTRY TOGETHER https://www.DonaldJTrump.com"
"@1","p436","45449","I love this Country. I dont want to see this Country get into a nuclear war and be so badly damaged. What we say wont matter. This wont matter. This place wont matter, because practically nothing is going to be here anymore...The only global warming that matters to me is nuclear global warming https://www.DonaldJTrump.com"
"@1","p435","45449","Millions of people are allowed to come in. Its meaninglessCrooked Joes Border Executive Order is a joke...he didnt need anything from Congress. All he has to do is shut the border...I did it We had the best borderthe safest border in history https://www.DonaldJTrump.com"
"@1","p434","45449","TRUMP ON THE GROWING FENTANYL CRISIS"
"@1","p433","45449","What Ive gone through, no one has ever gone through...I have been under siege Nobody has ever seen anything like this in this Countryweve become a Banana Republic. https://www.DonaldJTrump.com"
"@1","p432","45449","Former Border Patrol Chief Rodney Scott on Crooked Joe Bidens Border Executive Order: This is all political theater. Its not going to change anything at the border"
"@1","p431","45449","Theres never been a president like this...hes destroying our Country at the Border...Hes allowing terrorists to flood into our Country...Youre going to have 20 million people by the time he hopefully gets out https://www.DonaldJTrump.com"
"@1","p430","45449","They are doing it for the purpose of hurting a political opponent of Biden ME, and trying to get him to win. Hes the WORST PRESIDENT in the HISTORY of our COUNTRY. Im very proud to fight for our Constitutionwere dealing against a system that is so corrupt...I did nothing wrong https://www.DonaldJTrump.com"
"@1","p429","45449","WILL BE INTERVIEWED ON SEAN HANNITY TONIGHT. 9PM FOX NEWS. ENJOY"
"@1","p428","45449","WILL BE INTERVIEWED ON SEAN HANNITY TONIGHT. 9PM FOX NEWS. ENJOY"
"@1","p427","45449","SOMETHING THAT LOOKS LIKE AN ELECTION YEAR PLOY. THE BIDEN BORDER CRISIS WILL END ON JANUARY 20, 2025 https://www.DonaldJTrump.com"
"@1","p426","45448","THE BIDEN BORDER CRISIS WILL END ON JANUARY 20, 2025 https://www.DonaldJTrump.com"
"@1","p425","45449","Sean Hannity: The White House is guilty of aiding and abetting illegal immigrants."
"@1","p424","45447","MY CIVIL RIGHTS HAVE BEEN TOTALLY VIOLATED WITH THIS HIGHLY POLITICAL, UNCONSTITUTIONAL, AND ELECTION INTERFERING WITCH HUNT. OUR FAILING NATION IS BEING LAUGHED AT ALL OVER THE WORLD https://www.DonaldJTrump.com"
"@1","p423","45447","VICTORY ON NOVEMBER 5TH. SAVE AMERICA https://www.DonaldJTrump.com"
"@1","p422","45447","JOE BIDEN IS NOT TOO OLD TO BE PRESIDENTNOT EVEN CLOSE, BUT HE IS TOO INCOMPETENT AND CORRUPT https://www.DonaldJTrump.com"
"@1","p421","45447","UnConstitutional Raid of Mar-a-Lago"
"@1","p420","45447","Crooked Joe Biden has totally surrendered our Southern Border. His weakness and extremism have resulted in a Border Invasion like we have never seen before. Other countries have emptied out their prisons, insane asylums, and mental institutions, and sent us drug dealers, human traffickers, and terrorists. Millions of people have poured into our Countryand now, after nearly four years of his failed, weak leadership, Crooked Joe Biden is pretending to finally do something about the borderbut in fact, its all for show because he knows we have a debate coming up in 3 weeks"
"@1","p419","45448","Today we launched Swamp The Vote USA. Whether you vote absentee, by mail, early in person, or on Election DayWe will Secure Your Vote. JUST VOTE They are all good options. The way to win is to Swamp Them with Votes Go to https://swampthevoteusa.com/ to request your ballot or pledge to vote early in person today"
"@1","p418","45449","I built a Magnificent Business, which helped rebuild New York City and State, with Amazing, Unparalleled, Historic Properties and tons of CASH, which Crooked Joe Biden and his Prosecutors are trying to wrongfully and illegally take away from me. The statute used to attack me has never been used for such a terrible purpose beforeNo Jury allowed, ridiculous 18 Million for Mar-a-Lago, ignored Statute of Limitations, Ironclad Disclaimer Clauses, No Damages, No Victims, just a Fake Case. We will continue to figure to end this Sham, which is forcing companies and people to flee New York, and not allowing any companies to enter, if they did they would be crazy, because they dont need the Communist China, or old Soviet Union model of business to interfere with their Prosperity and Success, and all of the other Crooked Joe-directed Hoaxes, once and for all. MAGA"
"@1","p417","45449","Meg Weinberger, who is known and loved by so many of my friends, is running to be a BIG VOICE in the Florida State House, in District 94. As your next Representative, MAGA Meg will fight tirelessly to Grow our Economy, Stop Inflation, Secure our Border, End Migrant Crime, Support our Great Military/Vets, Protect our always under siege Second Amendment, and Restore American Energy DOMINANCE. Meg Weinberger has my Complete and Total EndorsementSHE WILL NOT LET YOU DOWN"
"@1","p416","45449","https://townhall.com/columnists/douglasmackinnon/2024/06/04/why-trump-personifies-the-courage-of-our-founding-fathers-n2639944"
"@1","p415","45449","https://humanevents.com/2024/05/30/glenn-jacobs-and-kenny-cody-why-libertarians-should-vote-for-trump"
"@1","p414","45449","https://thenationalpulse.com/2024/06/04/data-trump-surges-with-black-voters-up-15-since-manhattan-conviction/"
"@1","p413","45449","https://dailycaller.com/2024/06/04/no-sign-backlash-cnn-data-guru-more-foreign-born-voters-back-trump-biden/"
"@1","p412","45448","Crooked Joe Biden is saying Medicare will not cover more than 50,000 Americans living with horrible open wounds caused by diabetes. Their message to these Americans: Tough it out. Despite the testimony from doctors, ground-breaking medical research, and pleas from patients for help, the Biden administration is abandoning them. Its bad enough Crooked Joe has broken his word to us about keeping America safe, our Economy sound, and our Borders secure. Now Joes playing Russian Roulette with peoples lives, and doing something he promised hed never do. These people are hurting, but they should know that help is on the way this November"
"@1","p411","45448","https://www.rsbnetwork.com/news/unprecedented-trump-makes-history-by-clinching-third-straight-gop-nomination/"
"@1","p410","45448","https://www.desmoinesregister.com/story/opinion/columnists/caucus/2023/11/16/donald-trump-made-america-prosper-ben-carson/71595734007/"
"@1","p409","45448","https://dailycaller.com/2024/04/02/hold-on-britches-trump-vows-send-migrants-back-where-came-from/"
"@1","p408","45448","https://www.thegatewaypundit.com/2024/04/wayne-root-were-all-gaza-now-trump-was/"
"@1","p407","45448","https://www.DonaldJTrump.com"
"@1","p406","45448","https://www.DonaldJTrump.com"
"@1","p405","45448","https://www.DonaldJTrump.com"
"@1","p404","45448","THE BIDEN BORDER CRISIS WILL END ON JANUARY 20, 2025 https://www.DonaldJTrump.com"
"@1","p403","45448","https://www.DonaldJTrump.com"
"@1","p402","45448","https://www.DonaldJTrump.com"
"@1","p401","45448","Las Vegas, Nevada See you this Sunday at Sunset ParkGet your tickets today at: https://event.donaldjtrump.com/events/president-donald-j-trump-to-deliver-remarks-in-las-vegas-nevada"
"@1","p400","45448","Hello, New York There is a very important Republican Primary Election on TUESDAY, JUNE 25th, for the United States House of Representatives and other important races, and I need you to get out and vote I believe that, with your support, we can WIN the state of New York..."
"@1","p399","45448","Virginiathere is a big and very important Republican Primary Election on TUESDAY, JUNE 18th, for the United States Senate and other important racesand I need you to get out to vote for Hung Cao for U.S. Senate and John McGuire to be the next Congressman for Virginias 5th Congressional District"
"@1","p398","45448","Nevadathere is a very important Republican Primary Election on TUESDAY, JUNE 11th, for the United States Senate and other important races, and I need you to get out and vote"
"@1","p397","45448","Georgia, there is a very important Republican Run-off Election on Tuesday, June 18th, for the 3rd Congressional District, and I need you to get out and vote for Brian Jack"
"@1","p396","45448","Today we launched Swamp The Vote USA. Whether you vote absentee, by mail, early in person, or on Election DayWe will Secure Your Vote. JUST VOTE They are all good options. The way to win is to Swamp Them with Votes Go to https://swampthevoteusa.com/ to request your ballot or pledge to vote early in person today"
"@1","p395","45447","Crooked Joe Biden has totally surrendered our Southern Border. His weakness and extremism have resulted in a Border Invasion like we have never seen before. Other countries have emptied out their prisons, insane asylums, and mental institutions, and sent us drug dealers, human traffickers, and terrorists. Millions of people have poured into our Countryand now, after nearly four years of his failed, weak leadership, Crooked Joe Biden is pretending to finally do something about the borderbut in fact, its all for show because he knows we have a debate coming up in 3 weeks"
"@1","p394","45447","THANK YOU to the great people of the Bronx for coming out and showing your support MAKE AMERICA GREAT AGAIN"
"@1","p393","45447","Crooked Joe Biden does not want RFK Jr. in the debates because Junior is far left of him and they would be debating over the same territory, like ridiculous Open Borders and the Green New Scam, both of which are killing our Country..."
"@1","p392","45447","UnConstitutional Raid of Mar-a-Lago"
"@1","p391","45447","Evan Gershkovich, the Reporter from The Wall Street Journal, who is being held by Russia, will be released almost immediately after the Election, but definitely before I assume Office"
"@1","p390","45447","JOE BIDEN IS NOT TOO OLD TO BE PRESIDENTNOT EVEN CLOSE, BUT HE IS TOO INCOMPETENT AND CORRUPT https://www.DonaldJTrump.com"
"@1","p389","45447","Large scale mounting evidence that all of the unprecedented number of lawsuits brought against me, the Witch Hunt, are conceived of, and coordinated by, the White House and the DOJ. Such a disgrace. All done to illegally help Crooked Joe Biden fight his Political Opponent, ME https://www.DonaldJTrump.com"
"@1","p388","45447","VICTORY ON NOVEMBER 5TH. SAVE AMERICA https://www.DonaldJTrump.com"
"@1","p387","45447","MY CIVIL RIGHTS HAVE BEEN TOTALLY VIOLATED WITH THIS HIGHLY POLITICAL, UNCONSTITUTIONAL, AND ELECTION INTERFERING WITCH HUNT. OUR FAILING NATION IS BEING LAUGHED AT ALL OVER THE WORLD https://www.DonaldJTrump.com"
"@1","p386","45447","My bookkeeper called a Legal Expense, on the tiny description line of the Ledger, a Legal Expense, openly paid to my lawyer, at that time a fully accredited one"
"@1","p385","45447","After sitting for five weeks through that Rigged Trial in Lower Manhattan, which was surrounded by vast but unnecessary numbers of New Yorks Finest in order to keep law abiding MAGA patriots away"
"@1","p384","45447","I AM THE POLITICAL PRISONER OF A FAILING NATION, BUT I WILL SOON BE FREE, NOVEMBER 5TH, AND MAKE AMERICA GREAT AGAIN https://www.DonaldJTrump.com"
"@1","p383","45447","CANT KNOCK TRUMP OUT"
"@1","p382","45447","THANK YOU, TITOMAGA"
"@1","p381","45447","A MUST WATCH  LAWFARE"
"@1","p380","45447","Weak Joe Biden is only now scrambling to fix the DISASTER he created in the Middle East because hes afraid of losing the Election. He is an incompetent person who chose to fund Iranian Terror with our Tax Dollars. We HAD Peace in the Middle East, and we can have it again, but it wont be with Joe Biden in office. NO NEW WARS WHEN I WAS PRESIDENT - A FIRST IN MODERN HISTORY NO MORE WARS. NO MORE TERROR. NO MORE CIVILIANS DYING. NONE OF THIS SHOULD EVER HAVE HAPPENED. Its all because of Weak Bidens INCOMPETENCE. I will fix his mess, and bring Peace to ALL Parties once again, and well get it done FAST"
"@1","p379","45447","https://www.breitbart.com/politics/2024/06/03/bidens-inflation-reduction-act-screws-seniors-with-the-biggest-medicare-premium-increase-ever/"
"@1","p378","45447","https://www.breitbart.com/clips/2024/06/03/fncs-turley-i-dont-see-how-the-trump-conviction-stands-up-on-appeal/"
"@1","p377","45447","https://www.foxnews.com/video/6354220642112"
"@1","p376","45447","THANK YOU to all of the incredible Patriots who came out last night, upon my return to Mar-a-Lago https://www.DonaldJTrump.com"
"@1","p375","45447","Do you have my latest book Before I ran for Politics, they all loved me From Hillary to Oprah to Stupid Robert DeNiro, they all spoke glowingly of me. Do you have a copy of LETTERS TO TRUMP Get yours today https://45books.com/"
"@1","p374","45447","RECORD AMOUNT RAISED FOR PRESIDENT TRUMPS CAMPAIGNIN MAY ALONE  141 MILLION IN SMALL DONATIONS,ALMOST 300 MILLION OVERALLToday, President Trumps Campaign, together with theRNC, announced a massive 141 million fundraising haul in May, a response of support for President Trump while facing the sham Biden trial and verdict that outraged and motivated Americans from every walk of life. This overwhelming financial success is the result of over 2 million donations, A RECORD, which came in at an average of 70.27. In addition to the staggering amount, 25 of Mays donors were brand new to the 2024 campaign, making the month the best ever recorded for any Campaign in History.Additionally, organizations supporting President Trump raised another 150 million in May.Taken together, the Campaign, and other Trump supporting organizations, raised almost 300 million during the month of May alone, ALSO A RECORD"
"@1","p373","45447","We are moved by the outpouring of support for President Donald J. Trump. The American people saw right through Crooked Joe Bidens rigged trial, and sent Biden and Democrats a powerful message  the REAL verdict will come on November 5th, said Trump Campaign senior advisers Chris LaCivita and Susie Wiles. President Trump raised 141 million in small donations alone this month because Americans remember the Roaring Economy, Secure Border, and Peace through Strength at home and abroad under President Donald J. Trump, and want us to return to prosperity and success when he is re-elected in November."
"@1","p372","45447","This total comes after the Campaign raised53 milliononline in the 24 hours -37.6 OF THE TOTAL HAUL ANDMORE THAN 2 MILLION PER HOUR - since Crooked Joe Biden and his New York henchmen secured their rigged verdict in hopes of swaying the election."
"@1","p371","45447","The American people saw the Biden Trials for what they are, a Political Hoax and Election-Interfering attempt to keep President Trump away from voters and confined to a freezing courtroom, THE ICEBOX. Based on these record contribution numbers, and Polling, it didnt work because voters understand the clear contrast between Donald J. Trumps record of success, and Joe Bidens failures, said RNC Chairman Michael Whatley and Co-Chairman Lara Trump. Unfortunately for Democrats, their rigged political operation has backfired in a historic way, and Republicans are in a stronger position than to FIRE Crooked Joe Biden and Make America Great Again by electing President Trump on November 5."
"@1","p370","45447","Bob Good is BAD FOR VIRGINIA, AND BAD FOR THE USA. He turned his back on our incredible movement, and was constantly attacking and fighting me until recently, when he gave a warm and loving Endorsement - But really, it was too late. The damage had been done I just want to MAKE AMERICA GREAT AGAIN, and the person that can most help me do that is Navy Seal and highly respected State Legislator, John McGuire, a true American Hero. John, who fought the Cartels on the Front Line, and then came home and fought the drug dealers in Virginia, will ALWAYS PUT AMERICA FIRST. I had the safest Border in history, built hundreds of miles of Wall, and then Crooked Joe Biden came along and ruined it, making it one of the worst human catastrophes ever in our Country. John and I will correct this situation, and fast He is strong on crime, will protect our great Military/Vets, and will always defend our under siege Second Amendment. John McGuire has my Complete and Total Endorsement MAGA2024"
"@1","p369","45447","Todd Rokita is the strong and highly popular Attorney General of Indiana, a State that I love and won by BIG numbers in 2016 and 2020. Todd is a Fighter and is working hard to Protect our Incredible Police Officers, Secure the Border, Defend the Second Amendment, Uphold the Rule of Law, and Stop the Radical Lefts Woke Ideology in the classroom. Todd Rokita has my Complete and Total Endorsement - HE WILL NEVER LET YOU DOWN"
"@1","p368","45447","Gabe Evans is running to Represent the fantastic people of Colorados 8th Congressional District. A decorated Army helicopter pilot and police officer, Gabe will be an INCREDIBLE Fighter in Congress and will work hard to Grow the Economy, Lower Inflation, Uphold the Rule of Law, Defend the Border, Promote American Energy, and Support our Great Military and Police. Gabe Evans has my Complete and Total Endorsement"
"@1","p367","45447","RECORD AMOUNT RAISED FOR PRESIDENT TRUMPS CAMPAIGNIN MAY ALONE  141 MILLION IN SMALL DONATIONS,ALMOST 300 MILLION OVERALLToday, President Trumps Campaign, together with theRNC, announced a massive 141 million fundraising haul in May, a response of support for President Trump while facing the sham Biden trial and verdict that outraged and motivated Americans from every walk of life. This overwhelming financial success is the result of over 2 million donations, A RECORD, which came in at an average of 70.27. In addition to the staggering amount, 25 of Mays donors were brand new to the 2024 campaign, making the month the best ever recorded for any Campaign in History.Additionally, organizations supporting President Trump raised another 150 million in May.Taken together, the Campaign, and other Trump supporting organizations, raised almost 300 million during the month of May alone, ALSO A RECORD"
"@1","p366","45447","We are moved by the outpouring of support for President Donald J. Trump. The American people saw right through Crooked Joe Bidens rigged trial, and sent Biden and Democrats a powerful message  the REAL verdict will come on November 5th, said Trump Campaign senior advisers Chris LaCivita and Susie Wiles. President Trump raised 141 million in small donations alone this month because Americans remember the Roaring Economy, Secure Border, and Peace through Strength at home and abroad under President Donald J. Trump, and want us to return to prosperity and success when he is re-elected in November."
"@1","p365","45447","This total comes after the Campaign raised53 milliononline in the 24 hours -37.6 OF THE TOTAL HAUL ANDMORE THAN 2 MILLION PER HOUR - since Crooked Joe Biden and his New York henchmen secured their rigged verdict in hopes of swaying the election."
"@1","p364","45447","The American people saw the Biden Trials for what they are, a Political Hoax and Election-Interfering attempt to keep President Trump away from voters and confined to a freezing courtroom, THE ICEBOX. Based on these record contribution numbers, and Polling, it didnt work because voters understand the clear contrast between Donald J. Trumps record of success, and Joe Bidens failures, said RNC Chairman Michael Whatley and Co-Chairman Lara Trump. Unfortunately for Democrats, their rigged political operation has backfired in a historic way, and Republicans are in a stronger position than to FIRE Crooked Joe Biden and Make America Great Again by electing President Trump on November 5."
"@1","p363","45447","John Lee is running to represent the incredible people of Nevadas 4th Congressional District. The former highly popular and successful Mayor of North Las Vegas, John will work hard to Lower Inflation, Uphold the Rule of Law, Revitalize our Economy, Protect our Great Police and Military, and Defend our always under siege Second Amendment. John Lee has my Complete and Total Endorsement - HE WILL NEVER LET YOU DOWN"
"@1","p362","45447","Yvette Herrell is running to once again represent the great people of New Mexicos 2nd Congressional District. A successful entrepreneur, Yvette knows how to Expand our Economy, Fight Inflation, and Create High-Paying Jobs. She will work hard to Lower Gas Prices, Support our Vets, Strengthen our Military, Secure our Border, and Defend the Second Amendment. Yvette Herrell has my Complete and Total Endorsement"
"@1","p361","45447","Colorado Republican Party Chairman Dave Williams is running for Congress in Colorados 5th Congressional District. His opponent is Endorsed, and works closely with, Americans for Chinese Prosperity, a Charles Koch Disaster. Dave helped us deliver a 30-point Blowout Victory on Super Tuesday, and he will help us WIN Colorado this November. In Congress, Dave will work hard to Secure the Border, Fight for Election Integrity, Support our Military/Vets, and Protect and Defend our under siege Second Amendment. Dave Williams has my Complete and Total Endorsement"
"@1","p360","45447","Troy Downing is running to represent the fantastic people of Montanas 2nd Congressional District. As Montanas very popular State Auditor, Troy is a Combat Veteran and successful entrepreneur who knows how to create jobs, protect our Military, and represent Montana values in Congress. Troy will fight to Lower Inflation, Secure our Border, Champion American Energy Independence, and Defend our always under siege Second Amendment. Troy Downing has my Complete and Total Endorsement"
"@1","p359","45447","HOME BUILDING COSTS HAMMERED BY INFLATION"
"@1","p358","45447","Biden Migrant Crime is out of control and is ravaging America Last night, two brave NYPD officers doing their job were shot by a Monster Illegal Immigrant who came here illegally from Venezuela last year and was living in a tax-payer funded migrant shelter. Crooked Joe Biden has trafficked in the worst people from around the world, many with heinous criminal records, and unleashed them into our communities. Soros-funded DA Alvin Bragg should focus on keeping the streets of New York safe, but has instead wasted time and money engaging in a ridiculous political witch-hunt against yours truly. We must focus on finishing the wall, securing our border, and keeping our streets safe. MAGA 2024"
"@1","p357","45446","https://spectator.org/pennsylvania-leadership-conference-stars-as-activists-rally-to-trump/"
"@1","p356","45446","https://www.dailymail.co.uk/news/article-13315885/Trump-Israel-Arab-alliance-Iran-attack-failed-ANDREW-NEIL.html"
"@1","p355","45446"," Thank you to Boris JohnsonThis was a machine-gun mob-style hit job on Trump. It was nakedly political - and will make his victory more likely, not less.It was nakedly political. It was completely artificial. The Democrat prosecutors thought they were being so clever: tripping Trump up over this technicality  like collaring Al Capone for tax evasion, they probably told themselves. Except that everyone with any common sense can see what I consider their real motives, how they were combing the rule book for stuff to use against Trump.The vast mass of American voters could see what I believe was really happening: that the liberal elites were just appalled at Trumps continuing popularity and his ability to connect with voters  and they were using anything they could find to derail his campaign. That is why the anti-Trump lawfare is backfiring."
"@1","p354","45446","Stephen Miller: What are we, as a nation, going to do about it Are we just going to sit down and take itor are we going to RECLAIM THIS COUNTRY FOR FREEDOM, DEMOCRACY, AND THE RULE OF LAW"
"@1","p353","45446","Dr. Sebastian Gorka: In a back and forth lasting for hours, with scores of requests from either side, Merchan accepted every demand from Alvin Braggs team, and none from the defense. Correction: He said off one request, Ill think about it. As Matt Whittaker, former Attorney General, has stated, Judge Merchan should be wearing the jersey of the prosecution. At one point, he even said tothe Presidents attorney, as he was standingup and preparing to make a point: Sit down, I dont want to hear from you again Is any more proof needed than that for you to believe this is a show trial designed to steal the election before the first ballot is cast"
"@1","p352","45446","RIGGED TRIALELECTION INTERFERENCE"
"@1","p351","45446","These are the wages of LAWFARE."
"@1","p350","45446","MARK LEVIN DISCUSSES THE RIGGED TRIAL, A MUST WATCH MARK LEVIN, ON NOW, ABOUT THE RIGGED TRIAL - EVERYONE SHOULD BE WATCHING"
"@1","p349","45446","Pete Hegseth has just written an incredible new book, The War on Warriors: Behind the Betrayal of the Men Who Keep Us Free. When we passed V.A. Accountability  V.A. Choice, Pete was a BIG VOICE for creating lasting reforms to deliver Life-Saving Results for our Great American Heroes We received a 95 Approval Rating, the Highest in American History. Pete understands that in our next Administration, we need to stop the corruption that has seeped back into our Government Institutions, and return power to the people. Petes new Book will be released on Tuesday - Preorder your copy today https://www.amazon.com/War-Warriors-Behind-Betrayal-Keep/dp/0063389428/reftmmhrdswatch0encodingUTF8dibtagsedibeyJ2IjoiMSJ9.A42MMedmFXl1ag1hZPuq6KqwjT7BXLjv-Yq61FgEN795SZ4VkIj0fynS5xWAht98f6Qq5Qe8O632USMXFfxbfFxe7wj5ttpFiXt2yvpdSX1XxwTdMk6RqWhsTnwEca2LcBzo2UD1YN6BTYWYBGzD2Thuw-L6A6SeXGJqvZxxK6c1CSzigCfMtamEjWRzL0.eEvPX6TE9DRoX5DfFBYVcA4vs1Jvf1izZrI1JUcqdkqid1717375503sr8-1dplnkId3a1ad493-18ee-4b66-b398-8cde660ef683nodl1"
"@1","p348","45446","https://www.outkick.com/sports/sean-strickland-donald-trump-ufc-donate-video"
"@1","p347","45446","MARK LEVIN, ON NOW, ABOUT THE RIGGED TRIAL - EVERYONE SHOULD BE WATCHING"
"@1","p346","45446","https://www.breitbart.com/politics/2024/06/01/donald-trump-arrives-at-ufc-302-to-thunderous-applause-days-after-conviction/"
"@1","p345","45446","https://www.thegatewaypundit.com/2024/06/president-trump-receives-heros-welcome-ufc-302-amidst/"
"@1","p344","45446","https://www.thegatewaypundit.com/2024/06/ufc-302-erupts-patriotic-fury-crowd-cheers-f/"
"@1","p343","45446","Thank you to Boris JohnsonThis was a machine-gun mob-style hit job on Trump. It was nakedly political - and will make his victory more likely, not less.It was nakedly political. It was completely artificial. The Democrat prosecutors thought they were being so clever: tripping Trump up over this technicality  like collaring Al Capone for tax evasion, they probably told themselves. Except that everyone with any common sense can see what I consider their real motives, how they were combing the rule book for stuff to use against Trump.The vast mass of American voters could see what I believe was really happening: that the liberal elites were just appalled at Trumps continuing popularity and his ability to connect with voters  and they were using anything they could find to derail his campaign. That is why the anti-Trump lawfare is backfiring."
"@1","p342","45446","When we see this happening in Africa, or in Russia, we denounce it as authoritarian and corrupt. Well, the American people have looked at it, and decided that the methods and the motives are fundamentally the same. Whatever his detractors may say, I believe that Donald Trump  at his best  could offer the world the strong, confident leadership that it needs.By pursuing these cases, they have helped to make his victory more likely, not less."
"@1","p341","45446","The Sentencing for not having done anything wrong will be, conveniently for the Fascists, 4 days before the Republican National Convention. A Radical Left Soros backed D.A., who ran on a platform of I will get Trump, reporting to an Acting Local Judge, appointed by the Democrats, who is HIGHLY CONFLICTED, will make a decision which will determine the future of our Nation The United States Supreme Court MUST DECIDE"
"@1","p340","45446","Nobody even knew what the crime was until the Judge gave his Unconstitutional Instructions. A total Hoax A case like this has NEVER been brought before. A Country in peril. Election Interference"
"@1","p339","45446","I LOVE STATEN ISLAND. THANK YOU DJT Thank you, Staten Island"
"@1","p338","45446","Colorado: VOTE FOR DAVE WILLIAMS FOR CONGRESS. Mail-In Ballots start on Tuesday. Hes ALL MAGA Has my Complete and Total Endorsement  DJT"
"@1","p337","45446","Thank you, Staten Island"
"@1","p336","45446","Relish the opportunity to be an outsiderEmbrace that labelbecause its the outsiders who change the world"
"@1","p335","45446","Thank you, Huntington Beach, CA"
"@1","p334","45446","Thank you, New Hampshire"
"@1","p333","45445","Interview now on Fox  Friends. Enjoy"
"@1","p332","45445","A GREAT night at the UFC"
"@1","p331","45445","Will be on Fox  Friends Sunday at 6:00am Eastern"
"@1","p330","45445","Will be on Fox  Friends Sunday at 6:00am Eastern"
"@1","p329","45445","Going to UFC tonight"
"@1","p328","45445","MAKE AMERICA GREAT AGAINhttps://www.DonaldJTrump.com"
"@1","p327","45445","https://www.DonaldJTrump.com"
"@1","p326","45445","https://youtu.be/masKxperyrcsi9RLZNB9JB4yg6Btr"
"@1","p325","45445","Going to UFC tonight"
"@1","p324","45445","https://www.the-express.com/news/politics/139233/donald-trump-joe-biden-poll-hush-money-trial-guilty-verdict"
"@1","p323","45445","An attack on Trump is an attack on American democracy https://www.telegraph.co.uk/us/comment/2024/05/22/donald-trump-trial-new-york-alvin-bragg-felon-president/"
"@1","p322","45445","ONE YEAR AGOTODAY"
"@1","p321","45444","Gregg Jarrett: I have a right to say this case was RIGGED"
"@1","p320","45444","https://www.foxbusiness.com/video/6353875880112"
"@1","p319","45444","https://www.foxbusiness.com/video/6353806763112"
"@1","p318","45444","https://www.foxbusiness.com/video/6353884455112"
"@1","p317","45444","https://www.newsweek.com/sen-rubio-november-americas-last-chance-lets-take-it-electing-donald-trump-opinion-1907049"
"@1","p316","45444","https://www.DonaldJTrump.com"
"@1","p315","45444","BIDENS POLITICAL PROSECUTION https://www.DonaldJTrump.com"
"@1","p314","45444","THANK YOU https://www.DonaldJTrump.com"
"@1","p313","45444","WE WILL FIGHT FOR OUR CONSTITUTIONTHIS IS LONG FROM OVER https://www.DonaldJTrump.com"
"@1","p312","45444","Thank you, @JonVoight https://www.DonaldJTrump.com"
"@1","p311","45443","WERE FIGHTING FOR AMERICA https://www.DonaldJTrump.com"
"@1","p310","45444","I AM THE POLITICAL PRISONER OF A FAILING NATION, BUT I WILL SOON BE FREE, NOVEMBER 5TH, AND MAKE AMERICA GREAT AGAIN"
"@1","p309","45444","After sitting for five weeks through that Rigged Trial in Lower Manhattan, which was surrounded by vast but unnecessary numbers of New Yorks Finest in order to keep law abiding MAGA patriots away, and as I watched insignificant numbers of fully funded Radical Left troublemakers, with brand new and gleaming professionally made signs, screaming and cursing from areas  said to be closed to us, and all others, I realized that Reason, Truth, and Love of our Country is no longer a force of Good and Change. These are Dark Days in America"
"@1","p308","45444","https://rasheedwalters.substack.com/p/maganomics-trumps-bidenomics"
"@1","p307","45444","https://dailycaller.com/2024/03/29/garrett-ventry-rips-joe-biden-leadership-praises-donald-trump/"
"@1","p306","45444","https://www.washingtonexaminer.com/news/2849757/new-york-jets-owner-voters-remember-better-trump/"
"@1","p305","45444","https://www.americanthinker.com/blog/2024/03/therealreasonboeingisinthenews.html"
"@1","p304","45444","Texas Lieutenant Governor Dan Patrick: The Judge is absolutely corruptThe Judge kept an Expert Witness on Campaign Finance from testifying that the President did not break any Campaign Finance LawThis is a Show Trial like you would see in some Tin-Pot Dictatorship in a Third World Country, or in North Korea, or China, or Iran, or Russia. No one would ever imagine that this would happen in America and, if they can do this to a former President, they can do this to you and any American. Remember - THERE IS NO CRIME, THERE IS NO EVIDENCE OF ANY WRONGDOING, but they are persecuting and prosecuting President Trump because they know they cant beat him in November."
"@1","p303","45444",".There is no one in America who would go through what he is going through for us. Not one person, and President Trump is the only one that can give us our Country back - A Secure Border, deport the Criminals, lock up the Terrorists, bring Law and Order back to our Communities, bring down Inflation, strengthen our Military, make us Energy Independent again, and put an end to this Woke Culture that doesnt bring us together, but only divides us, and so much moreNo matter what they throw at him, he just wont quit because he knows the future of our Nation is at riskNo President in History has been attacked more than him, and hes standing firm for you and meTHE ONLY WAY TO MAKE AMERICA GREAT AGAIN IS TO ELECT PRESIDENT TRUMP ONCE AGAIN TO THE WHITE HOUSE"
"@1","p302","45444","In many respects, our entire constitutional republic is on trial. Were facing very dark times in the future of the American Republic. https://www.DonaldJTrump.com"
"@1","p301","45444","https://www.breitbart.com/politics/2024/05/31/republican-voters-are-fired-up-gop-hits-record-fundraising-numbers-post-trump-conviction/"
"@1","p300","45444","https://paulingrassia.substack.com/p/donald-trump-is-polling-better-than"
"@1","p299","45444","WE WILL FIGHT FOR OUR CONSTITUTIONTHIS IS LONG FROM OVER https://www.DonaldJTrump.com"
"@1","p298","45444","https://www.DonaldJTrump.com"
"@1","p297","45443","WERE FIGHTING FOR AMERICA https://www.DonaldJTrump.com"
"@1","p296","45443","https://www.DonaldJTrump.com"
"@1","p295","45443","Join me from Trump Tower, live at 11:00AM Eastern https://rumble.com/v4ynln9-press-conference.html"
"@1","p294","45443","THANK YOU"
"@1","p293","45443","My bookkeeper called a Legal Expense, on the tiny description line of the Ledger, a Legal Expense, openly paid to my lawyer, at that time a fully accredited one. I was not involved in that designation, but what else would you have called it It was, in fact, a LEGAL EXPENSE. That is the so-called CRIME. On top of that, I wasnt allowed by the judge to use, in any form, the standard RELIANCE ON COUNSEL DEFENSE ADVICE OF COUNSEL. My lawyer, at the time, did virtually everything on the NDA NON-DISCLOSURE AGREEMENT, and I assumed that what he did was correct. I did nothing wrong, and frankly, there was nothing done wrong - NDAs are standard, commonly used, and LEGAL. MAGA2024 WITCH HUNT IF THIS CAN HAPPEN TO ME, IT CAN HAPPEN TO ANYONE"
"@1","p292","45443","https://www.DonaldJTrump.com"
"@1","p291","45443","Senator J.D. Vance: Im hearing from constituents all over OhioTheyre saying, How can I help What can we do The answer is GET INVOLVED. Go to https://www.DonaldJTrump.com. Support the President. Volunteer, Donate, and please, for the love of God, VOTE FOR HIM in November"
"@1","p290","45443","Rep. Jim Jordan: The best line of the day came from President Trump when he said the real verdict will be on November 5th https://www.DonaldJTrump.com"
"@1","p289","45443","THIS WAS A DISGRACEA RIGGED TRIAL BY A CONFLICTED JUDGE WHO IS CORRUPT. WE WILL FIGHT FOR OUR CONSTITUTIONTHIS IS LONG FROM OVER https://www.DonaldJTrump.com"
"@1","p288","45443","   https://www.DonaldJTrump.com"
"@1","p287","45443","Mark Levin: No crime. No jurisdiction. No due process"
"@1","p286","45443","SENATOR MARCO RUBIO: THE REAL VERDICT IS GOING TO BE IN NOVEMBER WHEN WE WIN THAT ELECTION https://www.DonaldJTrump.com"
"@1","p285","45443","The real verdict will be on November 5th by THE PEOPLEthey know what happened here https://www.DonaldJTrump.com"
"@1","p284","45443","Jonathan Turley: The one thing we didnt knowis really what he was found guilty of"
"@1","p283","45443","PRESS CONFERENCE TOMORROW MORNING AT 11:00 A.M. TRUMP TOWER ATRIUM. MAGA2024"
"@1","p282","45443","VICTORY ON NOVEMBER 5TH. SAVE AMERICA"
"@1","p281","45443","https://www.DonaldJTrump.com"
"@1","p280","45443","THIS WAS A DISGRACEA RIGGED TRIAL BY A CONFLICTED JUDGE WHO IS CORRUPT. WE WILL FIGHT FOR OUR CONSTITUTIONTHIS IS LONG FROM OVER https://www.DonaldJTrump.com"
"@1","p279","45443","JOHN YOO, FORMER DEPUTY ASSISTANT ATTORNEY GENERAL: WHAT HAPPENS TO THE PRESIDENCY AND OUR CONSTITUTIONAL SYSTEM"
"@1","p278","45443","MY CIVIL RIGHTS HAVE BEEN TOTALLY VIOLATED WITH THIS HIGHLY POLITICAL, UNCONSTITUTIONAL, AND ELECTION INTERFERING WITCH HUNT. OUR FAILING NATION IS BEING LAUGHED AT ALL OVER THE WORLD"
"@1","p277","45443","Not only did this HIGHLY CONFLICTED, BIASED Judge, Juan Merchan, prevent me from presenting the fact that I did not take a Tax Deduction on the Legal Expense which was marked, correctly, as a Legal Expense, the Judge also did not allow my lawyers to get Tax Records from the former attorney, whose name I am not allowed to mention due to the UnConstitutional Gag Order imposed upon me. ELECTION INTERFERENCE WITCH HUNT"
"@1","p276","45443","The Jury Instructions given by HIGHLY CONFLICTED Judge, Juan Merchan, were UNFAIR, MISLEADING, INACCURATE, AND UNCONSTITUTIONAL. They were also VERY CONFUSING Just what the Judge wanted, BECAUSE THERE WAS NO CRIME"
"@1","p275","45442","ELECTION INTERFERENCE"
"@1","p274","45442","Judge Jeanine: This is a Kangaroo Court"
"@1","p273","45442","LAWFARE"
"@1","p272","45443","Judge Jeanine: It clearly is not fairnone of this is fairthis whole trial is a make believe trial in the sense that these are crimes weve never heard of based upon dead misdemeanors"
"@1","p271","45443","Judge Jeanine: It is unheard of in New York Statethat a defendant can be indicted on a crimeand not know what that crime isits a violation of the Fifth Amendment"
"@1","p270","45443","Karl Rove: What is the Manhattan D.A. doing prosecuting a case that is based upon supposedly a violation of Federal Election Law - The FEC looked at that and took a pass, the Department of Justice, Joe Bidens Department of Justice, took a pass, the Democrat who held the DEA position before Bragg took a pass, and now the guy who said when he was running for office, Im gonna get Trump didnt take a pass"
"@1","p269","45442","Everyones against this case. I havent seen one legal scholar say that this case shouldve been filed. Its 7-years-old, everybody turned it downFederal Elections turned it down, the Southern District turned it downBragg turned it down, then he rejuvenated it when I was running for officeat the request of Crooked Joe Biden."
"@1","p268","45442","This is a very sad day for AMERICA, and NEW YORKThe whole WORLD is watching...its all RIGGED, the whole system is RIGGED"
"@1","p267","45443","Julie Fedorchak is an incredible Candidate who will do a fantastic job representing the Great People of North Dakota in Congress. An America First Conservative, Julie will work hard to grow the Economy, stop Inflation, cut Taxes and Regulations, secure the Border, support our wonderful Military/Vets, and strongly defend our Critical Oil  Gas Industry. She also worked with, and is supported by, my friend, Governor Doug Burgum, and many other well-respected Leaders in North Dakota. Julie Fedorchak has my Complete and Total Endorsement - SHE WILL DO A FANTASTIC JOB"
"@1","p266","45443","Congressman Kelly Armstrong is running for Governor of North Dakota, a State that I love, and WON BIG in 2016 and 2020. In Congress, Kelly strongly defended me through two SHAM Impeachments, and is 100 MAGA. As your next Governor, Kelly will work tirelessly to grow the Economy, stop Inflation, cut Taxes and Regulations, secure our Border, protect North Dakota from Federal Overreach, defend our always under siege Second Amendment, strengthen our Military/Vets, and put our Incredible Farmers, Ranchers, and Energy Producers FIRST. Kelly Armstrong has my Complete and Total Endorsement to be the next Governor of the Great State of North Dakota - HE WILL NOT LET YOU DOWN"
"@1","p265","45443","Will Scharf: A misdemeanor under this business records fraud statute would have been time barred here, it would have been past the statute of limitations. Alvin Braggs team has essentially converted alleged misdemeanor offenses by claiming that the business records fraud was intended to cover up an underlying illegality. Its a very novel use of the statute. Were in somewhat unprecedented legal territory here in terms of the use of this particular statute."
"@1","p264","45443","Very unfair that I am not being allowed to Campaign. Crooked Joe Biden Witch Hunt. Third World Country"
"@1","p263","45443","   https://www.DonaldJTrump.com"
"@1","p262","45443","From Rep. Mary Miller: Rural Illinois from interstate."
"@1","p261","45443","Playing the Ref with Justice Alito doesnt work. It works with many others, but not with him"
"@1","p260","45443","Does anybody ask why the Government, under Soros backed District Attorney, Alvin Bragg, failed to bring in a Long List of Witnesses that they so viciously threatened everybody with Im not allowed to say the names BECAUSE OF THE UNCONSTITUTIONAL GAG ORDER THAT I AM UNDER, but there are plenty. The prosecutors didnt use them because these people would have been very bad for the Governments Case But remember, this is all under the auspices of the DOJ and White House, for the purpose of Election Interference - These are the Thugs and Monsters who are destroying our Country."
"@1","p259","45443","Judge Jeanine: It is unheard of in New York Statethat a defendant can be indicted on a crimeand not know what that crime isits a violation of the Fifth Amendment"
"@1","p258","45443","Judge Jeanine: It clearly is not fairnone of this is fairthis whole trial is a make believe trial in the sense that these are crimes weve never heard of based upon dead misdemeanors"
"@1","p257","45442","THE MAGNITUDE OF THIS JUDICIAL SCANDAL CANNOT BE OVERSTATED"
"@1","p256","45442","Testimony conclusively showed that I clearly stated, I DONT BUY STORIES  Not that there would be anything wrong with doing that  NDAs are PERFECTLY LEGAL AND COMMON"
"@1","p255","45442","Can anybody believe that our Government would be spending Tens of Millions of Taxpayer Dollars on prosecuting this RIDICULOUS Case I DID NOTHING WRONG IN FACT, I DID EVERYTHING RIGHT. The testimony in Court was amazing for the Defense"
"@1","p254","45442","Nobody hates blue-collar, hardworking middle-class Americans more than the Democrat Party. Robert DeNiro is the epitome of that...Hes not just attacking Trump, hes attacking the lifeblood of this countrythe people who make things happen Donald Trump Jr."
"@1","p253","45442","Senator Marsha Blackburn: This is the WEAPONIZATION of our JUDICIAL SYSTEM. This is why so many of my friends who are Democrats and Independents are saying they are voting for Trump. Theyve never voted for him beforebut they know if they can do this to a former President, they can do it to you."
"@1","p252","45442","Chairman Michael Whatley: First they tried to get the President off the ballot, now theyre trying to get him off the campaign trail, and theyre trying to WEAPONIZE the JUDICIARY to win this electionand its just not going to work"
"@1","p251","45442","ELECTION INTERFERENCE"
"@1","p250","45442","Everyones against this case. I havent seen one legal scholar say that this case shouldve been filed. Its 7-years-old, everybody turned it downFederal Elections turned it down, the Southern District turned it downBragg turned it down, then he rejuvenated it when I was running for officeat the request of Crooked Joe Biden."
"@1","p249","45442","This is a very sad day for AMERICA, and NEW YORKThe whole WORLD is watching...its all RIGGED, the whole system is RIGGED"
"@1","p248","45442","Gregg Jarrett: Unanimous jury decisions are a bedrock constitutional principle derived from theSixth and Seventh Amendments.That requirement extends toallkey issues, including every necessary element of an alleged crime and/or the establishment of secondary crimes. This is an indispensable feature of jury trials.Its what defines our rule of law and makes Americas system of justice the envy of the world. But in the trial of Donald Trump, jurors can agree to disagree while still reaching the ultimate verdict in unanimity. Only in an Alice in Wonderland case with a Mad Hatter judge could the cherished principles of fairness be turned upside down."
"@1","p247","45442","Gregg Jarrett: I dare say that in the history of American jurisprudence, never has a defendant been tried on an unidentified charge.No ethical prosecutor would ever do it.No fair or competent judge would ever allow it because every defendant has a right to be informed of the precise accusations against him.It is guaranteed in theBill of Rightsand rigorously guardedThe U.S. Supreme Courthas held that unanimity in jury verdicts is required under the Sixth and Seventh Amendments.That requirement extends toallissues, said the high court.To find someone guilty, jurors must always agree without dissent on every necessary element of the purported crime.This is an indispensable feature of jury trials. Yet, it has inexplicably vanished in this case. District Attorney Alvin Bragg has deprived Trump of a fair trial by robbing him of his due process rights guaranteed under the Fourteenth Amendment."
"@1","p246","45442","Gregg Jarrett: The Sixth Amendment requires prosecutors to inform every defendant of the nature and cause of the accusations against them.The deliberate refusal by the prosecution to do so in this case is an egregious violation of a hallowed constitutional right. Only in closing arguments after the trial testimony concluded and all of the evidence was presented did the prosecutor finally reveal the enigma: it was a federal election crime.But wait.He then contradicted himself by claiming that it was a state crime.Which is itAs a matter of law, neither. It cannotbe the former because a local prosecutor has no authority to enforce a federal law. And it cannotbe the latter, because it was a federal election, not a state contest.State law has no application."
"@1","p245","45442","Gregg Jarrett: The booking entries occurred in 2017, the yearafterthe presidential contest ended.Its factually impossible to influence an election when it is over.Regardless, there was no credible evidence that Trump had anything to do with the accounting methods or even knew about them.Why would heHe was the CEO, not the bookkeeperWho exactly was defrauded Voters who had already voted The government which received full payment on all taxable income The Federal Election Commission FEC that concluded the money paid did not constitute a campaign donation under law Prosecutors never actually disclosed the lynchpin of their case during the trial because they could not. There was no fraud and no conspiracy. It is that simple. Moreover, without a primary crime, there can be no secondary crime It is classic lawfare weaponizing statutes not because the law has been broken but because the accused poses a political threat."
"@1","p244","45442","Judge Jeanine: This is a Kangaroo Court"
"@1","p243","45442","Even the losers at MBDNC admit that this is a bad case, a case that should not have been brought."
"@1","p242","45442","LAWFARE"
"@1","p241","45442","ELECTION INTERFERENCE"
"@1","p240","45442","Thank you https://www.foxbusiness.com/video/6353938226112"
"@1","p239","45442","GOOD MORNING, MONTANA"
"@1","p238","45442","https://www.DonaldJTrump.com/join"
"@1","p237","45442","Stephen Miller: Even though it is Donald Trump on trial, it is Joe Biden  the Democrat Communist prosecutors who are facing the judgment of historyand who will incur the wrath of the American voter."
"@1","p236","45442","Senator J.D. Vance: Democrats are shredding 250 years of constitutional tradition to go after their political opponent"
"@1","p235","45442","Monica Crowley: Theyre so deeply invested in this lawfare because they believed it was going to neutralize Donald Trump...and its only strengthened him...this pile on is completely unjustified"
"@1","p234","45442","Tammy Bruce: With everything weve seen withhow the American Peoplehave responded to this unfairness, wedont like unfairness. The Country is built on a blindJustice SystemIt is not a game."
"@1","p233","45442","Jesse Watters: This is a case with a crime theywont tell you, and its noteven in the D.A.s jurisdiction, but the jury can pick whatever crime they want, and they canall disagree on the crime, and itsstill a unanimous decisionIts like a buffet"
"@1","p232","45442","Greg Gutfeld: We were told for, I dont know,three years, that No one isabove the law, but they were saying thatbecause they were making sure thatTrump was below the Law. They didnt raise the bar forhim, they lowered it, and so you are prosecuting the currentLeading Candidate with an unprecedented theory that is sodifficult to follow that nobodyknows whats going on.Wouldnt you want to streamlinethis, and make it the bestpossible, most persuasive argument possiblesince this is the leading Presidential Candidate"
"@1","p231","45442","Thank you KevinKevin OLeary: If I polled 10,000Independent Voters right now, lets say I could just wave a magic wand and do that on a panel, Ibet you after all of these six weeks,whatever its been, even if youwatch the synopsis every nighton the News somewhere, whateveroutlet you watch, you are still99 totally confused on what the hell isgoing onITS BAD FOR THE AMERICAN BRAND"
"@1","p230","45442","Judge Jeanine Pirro: This is a kangaroo courtIt was a sad day for me.I sat with Andy McCarthy andJonathan Turley and Trey Gowdy, and we were all like This isunheard of."
"@1","p229","45442","Greg Gutfeld: No one knows what the crime is,but its the trial - That is the crime.What is interesting about this isit paints Trump in an incrediblyappealing way.Hes up against the wall.Meanwhile, Joe Biden needs awall to stand up on. And this guy, hes best when hesangry, and hes focused, and hes direct. When you compare the way he is, and that kind of energy to what isin the White House now, itspersuasive.I mean, you look at this guy, and you go, Iget it, that guys pissed off,and hes clear. Meanwhile, this guy speaks inthese amorphous fantasies abouta threat to Democracy.He cant solve anything.He doesnt know whats going on, and this guy is fighting for his life.I mean, its a pretty stark choice forAmericans if theyre payingattention to this, but maybemost of them, theyre tuned out, because they know this is all B.S."
"@1","p228","45442","Neil Cavuto and Shannon Bream should team up and do a Show together. The Ratings wouldnt be good, because theyre anti-MAGA, but its not all about the Ratings"
"@1","p227","45442","Mr. Wonderful: This is bad for the American Brand"
"@1","p226","45442","I never knew Shannon Bream was so nave. In her interview with my Representative, Alina Habba, Shannon just suggested that Crooked Joe Biden was not involved in my Show Trial. HOW STUPID Not only is he involved, he is virtually leading it, and all of the other Trials as well - Meaning, his people, because hes not mentally sharp enough to lead anything Just take a look at the DOJ/White House Thugs involved, and everything else. Biden is incompetent, and feels that Weaponization is the only way he can win. Hes counting on the Shannon Breams of the World to get him there. Bad day for Shannon"
"@1","p225","45442","JUDGE JEANINE: THIS IS UNHEARD OF."
"@1","p224","45442","ELECTION INTERFERENCE"
"@1","p223","45442","WEAPONIZATION OF THE JUSTICE SYSTEM"
"@1","p222","45442","Biden Witch Hunt"
"@1","p221","45442","Judge Jeanine: Thats bizarreNO ONE has heard of this"
"@1","p220","45442","JUDGE JEANINE: THIS IS UNHEARD OF."
"@1","p219","45442","Jim Trusty: As a prosecutor, that judgment has really widened the playing field here by saying there doesnt need to be unanimous agreement."
"@1","p218","45442","Jim Trusty: Its the basics of is there any crime here at all"
"@1","p217","45442","Mother Teresa could not beat these charges. These charges are rigged. The whole thing is rigged"
"@1","p216","45442","ELECTION INTERFERENCE"
"@1","p215","45442","Only the 39 Kids that had to be there showed up"
"@1","p214","45442","Biden Witch Hunt"
"@1","p213","45442","The Scholars and Legal Experts are saying, THERE IS NO CRIME."
"@1","p212","45442","Crooked Joe Biden just announced that he will speak, for a change, at the end of his trial against me. Yesterday he sent his mentally challenged servant, former actor Robert De Niro, to create a little chaos in front of the Courthouse, and to influence the trial. Election Interference"
"@1","p211","45442","According to the Legal Scholars and Experts, the Jury Instructions, given by a highly Conflicted Judge, will go down as the most biased and unfair in Judicial History. Biden Witch Hunt. Election Interference"
"@1","p210","45442","Congratulations to United States Supreme Court Justice Samuel Alito for showing the INTELLIGENCE, COURAGE, and GUTS to refuse stepping aside from making a decision on anything January 6th related. All U.S. Judges, Justices, and Leaders should have such GRIT - Our Country would be far more advanced than its current status as A BADLY FAILING NATION, headed by the Worst President in American History, Crooked Joe Biden"
"@1","p209","45442","IT IS RIDICULOUS, UNCONSTITUTIONAL, AND UNAMERICAN that the highly Conflicted, Radical Left Judge is not requiring a unanimous decision on the fake charges against me brought by Soros backed D.A. Alvin Bragg. A THIRD WORLD ELECTION INTERFERENCE HOAX"
"@1","p208","45442","Thank you Mike"
"@1","p207","45442","WEAPONIZATION OF THE JUSTICE SYSTEM"
"@1","p206","45442","I DONT EVEN KNOW WHAT THE CHARGES ARE IN THIS RIGGED CASEI AM ENTITLED TO SPECIFICITY JUST LIKE ANYONE ELSE. THERE IS NO CRIME"
"@1","p205","45442","Mother Teresa could not beat these charges. These charges are rigged. The whole thing is rigged"
"@1","p204","45441","Criminal Defense Attorney David W. Fischer, The prosecution has not established that a criminal offense took place."
"@1","p203","45441","Kash Patel: @realDonaldTrumps case is littered with reasonable doubt because he is not guilty- there is no crime. He is an innocent man."
"@1","p202","45441","Jonathan Turley: Abstract artist Jackson Pollock once said that his paintings have no objective meaning, so the best way for people to enjoy them is to stop looking for it. For many of us, Manhattan District AttorneyAlvin Bragghas created a new school of abstract lawBragg started with nothing and sold it as a legal abstraction."
"@1","p201","45441","Andy McCarthy: NDAs are legal. An intent to defraud cannot be derived from the performance of a legal act."
"@1","p200","45441","Michael Goodwin, The New York Post: As even CNN commentator Fareed Zakaria put it, I doubt the New York indictment would have been brought against a defendant whose name was not Donald Trump. What a damning indictment of New York Bragg once shared thesame opinion of the flawed case, dropping the long-running probe soon after taking office in 2022. That put him in good company, with the Federal Election Commission, New York federal prosecutors and his predecessor all previously passing on the case."
"@1","p199","45441","Senator Tom Cotton: If the judge wanted to redeem his reputation and credibility he would direct a verdict of not guilty today for the former president."
"@1","p198","45441","Jim Trusty: That is unlike any trial I could ever think of that you go through the entire trial, and its still an open question of how this is a felony case."
"@1","p197","45441","Lawrence Jones:The crime has still not been presented before the court."
"@1","p196","45441","Laura Ingraham:There was no crime that was committed."
"@1","p195","45441","Doug Collins, Fox News: Number one we should have never been here to start with. This is a prosecution in search of a crime. Its not there. Donald Trump didnt do anything."
"@1","p194","45441","Newt Gingrich: In New York we have a corrupt judge and a corrupt district attorney creating a corrupt trial trying to frame President Trump."
"@1","p193","45441","Leo Terrell: This is not a courtroomIt is not legal. Ive been in court for 30 plus years and what is happening in New York, the Democrats, they have hijacked the legal system, and it is outright embarrassing to lawyers."
"@1","p192","45441","David Gelman, Fox Business:Alvin Bragg didnt want to try this case. The only reason he did it is because former D.A.s in his Office went and wrote a book pretty much saying, Hey Alvin, you should do this because its politicalNothing has been proven here. Thats why I keep saying there should be a directed verdict, meaning the Judge should take it out of the jurys hands, and say, Prosecution, you did not meet your burden, you did not find that there is a crime here. Donald Trump, go home, go campaign."
"@1","p191","45441","Gregg Jarrett: There is no credible evidence that Trump engineered or even knew about booking entries by accountants that were not false at all. Nor is there any plausible evidence that he willfully violated campaign laws that were not violations at all. Where is the fraud that prosecutors argued in their opening statement Like Bigfoot, its a fictitious missing link in the case. This has always been a trial in search of an imaginary crime and a disgraceful charade. This case has reasonable doubt written all over it."
"@1","p190","45441","Bill OReilly: There is zero evidence he even thought about campaign funding statutes. Repeat. Zeroevidence. In order toconvict, there has to be criminal intent, as the nation saw with the Hillary Clinton private email thing. So, simple man that I am, I cant see a conviction."
"@1","p189","45441","Caroline Polisi, CBS Mornings:Trump himself didnt go on the drop down menu and say these were reimbursements or retainer fee."
"@1","p188","45441","Mike Davis:When CNNs Jake Tapper is even admitting that the prosecution has failed to prove its case beyond a reasonable doubt, you know its a bad day for the prosecution."
"@1","p187","45441","Mark OMara, CNN Legal Analyst:Fourhour closing argument is way too long ... Making it more complicated, theres reasonable doubt."
"@1","p186","45441","Trial Attorney Randy Zelin, CNN: There is reasonable doubt all over this case."
"@1","p185","45441","Byron York: Prosecutors did not prove that Trump, intending to defraud, caused false company records to be made, starting in Feb 2017. They never proved that he did it or told anybody to do it. And if they did not prove that, its over."
"@1","p184","45441","Andrew Cherkasky: When you cant explain the crime, sometimes thats the evidence of innocence in and of its own right - When you charge them with something, and then youre waiting, and youre waiting, and you never get to it. Thats the idea that the person was innocent all along."
"@1","p183","45441","Pam Bondi: He committed no crime...There is nothing there."
"@1","p182","45441","Gregg Jarrett: The element of the alleged crimes were never proven in this Case - Business Records were not false, they were accurate. Trump had no involvement, theres no evidence he willfully violated Election Laws, and no Laws were even broken. Plus, its factually impossible to influence an Election after its over, yet thats how the Indictment reads...Where is the crime Its nowhere This is what I call a Bigfoot Case. Its a Trial in search of an imaginary crime."
"@1","p181","45441","Gregg Jarrett: This Case against Donald Trump is Election Interference and Brazen Lawfare."
"@1","p180","45441","Pete Hegseth: The Prosecutions case is a disaster"
"@1","p179","45441","NDAs ARE TOTALLY LEGAL AND ACCEPTED"
"@1","p178","45441","DEFENSE OF COUNSEL DEFENSE"
"@1","p177","45441","Gregg Jarrett: They manipulated the justice system to create this illusion of wrongdoing"
"@1","p176","45441","THE D.A.s OFFICE WAS ALLOWED TO GO ON WITH 5 HOURS OF BULL. YESTERDAY. I have no rights against this Crooked Judges Gag Order"
"@1","p175","45441","THEY DONT HAVE A CRIME AND THEY KNOW IT.."
"@1","p174","45441","KANGAROO COURT A CORRUPT AND CONFLICTED JUDGE. RELIANCE ON COUNSEL ADVISE OF COUNSEL NOT ALLOWED BY MERCHAN, A FIRST. HIS RULINGS, ON A CASE THAT SHOULD, ACCORDING TO ALL LEGAL SCHOLARS AND EXPERTS, NEVER HAVE BEEN BROUGHT, HAVE MADE THIS A BIDEN PUSHED WITCH HUNT. THERE WAS NO CRIME, EXCEPT FOR THE BUM THAT GOT CAUGHT STEALING FROM ME IN GOD WE TRUST"
"@1","p173","45441","I never knew how small, both mentally and physically, Wacko Former Actor Robert De Niro was. Today, De Niro, who suffers from an incurable case of TRUMP DERANGEMENT SYNDROME, commonly known in the medical community as TDS, was met, outside the Courthouse, with a force far greater than the Radical Left - MAGA. Robert, whose movies, artistry, and brand have gone WAY DOWN IN VALUE since he entered the political arena at the request of Crooked Joe Biden, looked so pathetic and sad out there. Where have you gone Joe DiMaggio"
"@1","p172","45441","BIDEN WITCH HUNT"
"@1","p171","45441","CAN YOU IMAGINE THAT I, AS A DEFENDANT, AM NOT ALLOWED TO REBUT OR CORRECT THE MANY LIES TOLD DURUNG THE 5 HOUR FILIBUSTER JUST PUT ON BY THE SOROS BACKED D.A.s OFFICE IN THE MANHATTAN COURT. WHAT A DISGRACEFUL PERFORMANCE OF MISREPRESENTATION IT WAS  MAGA2024"
"@1","p170","45441","I DIDNT HAVE A FIXER, I HAD A LAWYER WHO, AT THAT TIME, WAS FULLY ACCREDITED AND ACCEPTED WITHIN THE LEGAL COMMUNITY, BUT THE JUDGE IS NOT ALLOWING ME TO USE THE RELIANCE ON COUNSEL DEFENSE. I MAY BE THE ONLY PERSON IN THE COUNTRY NOT ALLOWED TO DO SO AND, THE ONLY ONE WHO HAS A VERY UNCONSTITUTIONAL AND RESTRICTIVE GAG ORDER. NOT FAIR  FREEDOM"
"@1","p169","45441","THE GREATEST CASE IVE EVER SEEN FOR RELIANCE ON COUNSEL, AND JUDGE MERCHAN WILL NOT, FOR WHATEVER REASON, LET ME USE THAT AS A DEFENSE IN THIS RIGGED TRIAL. ANOTHER TERM, ADVICE OF COUNSEL DEFENSE"
"@1","p168","45441","BORING"
"@1","p167","45441","FILIBUSTER"
"@1","p166","45440","Andy McCarthy: Former FEC commissioner Bradley Smiths testimony would have established that Trump cannot have willfully violated FECA The Federal Election Campaign Act. Because NDAs are notcampaign expenditures, Trump did not have a FECA legal duty with respect to themErgo, he could not have intentionally flouted a known legal duty."
"@1","p165","45440","Mark Levin: The Bragg case is about lawfare run amok against a former president running again for presidentIt also represents the greatest effort to interfere with and steal a federal election in American political historyNever before has a president sought to imprison his political opponent  in Trumps case, a former president running for president again and who holds leads in the most crucial battleground states. Donald Trump is, in fact, the most persecuted man in America  legally and politicallyHeres just some of it:unconstitutional impeachments, relentless Democrat Party-media attacks, attempts to bankrupt him and destroy his businesses with a preposterous statute, the criminalization of the law by Democrat prosecutors in four cases brought in four different jurisdictions and totaling 91 cooked up charges, the use of a criminal warrant and an FBI SWAT team."
"@1","p164","45440",".to search his home, the denial of 1st, 2nd, 4th, 5th, 6th and 8th amendment rights denying him free speech, due process, equal protection, attorney-client privilege, competent representation, imposing hugely excessive fines and denying him a jury trial, judges cutting corners and rushing cases before the election, judges with obvious conflicts of interest overseeing cases and the effective suspension of judicial rules of professional conduct, the leaking of his tax returns, multiple efforts to remove him from state presidential ballotsdenying him executive privilege protection, the use of grand juries in overwhelmingly hostile cities, bar and criminal attacks on his lawyers, etcBy terrorizing Trump they hope to terrorize you.This is typical of an autocracy."
"@1","p163","45440","Gregg Jarrett: Every defendant has the fundamental right to be informed of the nature and cause of the accusation against him. But Bragg never abided by that constitutional guarantee. Even worse, Merchan let him get away with it  the same way he allowed his local court to be misused to enforce a federal law over which he has no authority or jurisdiction."
"@1","p162","45440","Jonathan Turley: A classic closing pitch by lawyers is to use a physical object like a three-legged stool. If any leg is missing, the stool collapses. Even a cursory review of the evidence shows this case does not have a leg to stand onThe case against Trump should end in NOT GUILTY."
"@1","p161","45440","The Wall Street Journal Editorial Board: Alvin Bragg Hasnt Proved His Case in the Trump Trial: The evidence shows why the charges should never have been broughtAfter 20 days in Court, and a trial transcript of 4000 pages, THE MISSING PIECE IS STILL MISSING."
"@1","p160","45440","Bob Good is BAD FOR VIRGINIA, AND BAD FOR THE USA. He turned his back on our incredible movement, and was constantly attacking and fighting me until recently, when he gave a warm and loving Endorsement - But really, it was too late. The damage had been done I just want to MAKE AMERICA GREAT AGAIN, and the person that can most help me do that is Navy Seal and highly respected State Legislator, John McGuire, a true American Hero. John, who fought the Cartels on the Front Line, and then came home and fought the drug dealers in Virginia, will ALWAYS PUT AMERICA FIRST. I had the safest Border in history, built hundreds of miles of Wall, and then Crooked Joe Biden came along and ruined it, making it one of the worst human catastrophes ever in our Country. John and I will correct this situation, and fast He is strong on crime, will protect our great Military/Vets, and will always defend our under siege Second Amendment. John McGuire has my Complete and Total Endorsement MAGA2024"
"@1","p159","45440","Could somebody please ask Judge Merchan, whatever happened to MARK POMERANTZ, the man Alvin Bragg was furious at for the things he did on this contrived and unconstitutional case, and why wasnt he allowed to testify Also, why did Judge Merchan not allow Brad Smith, the leading Election Law Expert in the Country, to testify. He would have ended the case quickly by explaining the Law and stating that President Trump did nothing wrong. Likewise Bob Costello, and all of his direct and irrefutable knowledge, why was he so horribly treated and completely shut down by the Conflicted Judge, and why were his Emails and Text Messages not allowed to be shownAnd then, of course, theres the BIGGEST EVENT OF THEM ALL, but Im not allowed to talk about it because Im under an illegal and unconstitutional GAG ORDER. This is the Biden White House at work. ELECTION INTERFERENCE"
"@1","p158","45440","WHY IS THE CORRUPT GOVERNMENT ALLOWED TO MAKE THE FINAL ARGUMENT IN THE CASE AGAINST ME WHY CANT THE DEFENSE GO LAST BIG ADVANTAGE, VERY UNFAIR. WITCH HUNT DJT"
"@1","p157","45440","Can you imagine, a President of the United States, who got more votes than any sitting President in the history of our Country, and who is also the Republican Nominee for President in the upcoming 2024 Election, and leading in all polls against the Democrat Nominee, Joe Biden, is tomorrow going before a Corrupt and Conflicted Democrat Appointed, Acting New York Judge, on a FAKE  MADE UP CASE by a Soros backed failed D.A., and the Judge himself, to see whether or not he will become a common criminal According to virtually all Legal Scholars and Experts, THERE IS NO CRIME OR CASE against President Trump, and if there was it should have been brought seven years ago, not in the middle of his Campaign for President. Prosecutorial Misconduct. Election Interference"
"@1","p156","45440","Greater love hath no man than this, that a man lay down his life for his friends. John 15:13"
"@1","p155","45439","Helen Kerwin is running in Texas State House District 58 against RINO DeWayne Burns, who has one of the most liberal voting records of any Republican, including his vote to Impeach Texas Great Attorney General, Ken Paxton. As a State Representative, Helen will Champion School Choice, Fight to Secure our Border, Grow the Economy, Cut Taxes, Defend Texas Values, and Protect our under siege Second Amendment. She has a wonderful family, and her daughter, Brooke Rollins, served on my senior staff at The White House for three years, and is now doing an incredible job leading the America First Policy Institute. Helen is strongly supported by Governor Greg Abbott, Lieutenant Governor Dan Patrick, Attorney General Ken Paxton, and many other incredible Texas Conservatives. Helen Kerwin is an America First Conservative, and has my Complete and Total EndorsementTexas, Get out to Vote, Tomorrow"
"@1","p154","45439","Brent Hagenbuch is running for Texas Senate District 30. He is a proud graduate of the U.S. Naval Academy, a successful businessman, and strong supporter of our movement to Make America Great Again. My friend, Lieutenant Governor Dan Patrick, needs an America First Conservative in SD-30. Brent Hagenbuch has my Complete and Total EndorsementTexas, Get out to Vote, Tomorrow"
"@1","p153","45439","Alan Schoolcraft is running in Texas State House District 44 against RINO John Kuempel, who voted to Impeach Texas Great Attorney General, Ken Paxton. In the State Legislature, Alan will Champion School Choice, Fight for Election Integrity, Defend Texas Values, Secure the Border, and Protect our Second Amendment, which is under siege by the Radical Left. Alan is supported by Governor Greg Abbott, Lieutenant Governor Dan Patrick, and Attorney General Ken Paxton, and many other strong Texas Conservatives. Alan Schoolcraft has my Complete and Total EndorsementTexas, Get out to Vote, Tomorrow"
"@1","p152","45439","David Covey is running against Dade Phelan, the Speaker of the Texas House of Representatives, who led the Fraudulent Impeachment of the recently re-elected, in a landslide, Attorney General of Texas, Ken Paxton.David is an America First Conservative who will Secure the Border, Restore Election Integrity, Protect our Families and Military/Vets, and Defend our under siege Second Amendment.Dade Phelan said, I voted for President Trump twice for President, and Im going to vote for him a third time. I think hes going to be the Nominee. Words, however, do not mitigate the Absolute Embarrassment Speaker Phelan inflicted upon the State of Texas and our Great Republican PartyTherefore, David Covey has my Complete and Total Endorsement for Texas 21st State House  DistrictTexas, Get Out to Vote, Tomorrow"
"@1","p151","45439","Happy Memorial Day to All, including the Human Scum that is working so hard to destroy our Once Great Country,  to the Radical Left, Trump Hating Federal Judge in New York that presided over, get this, TWO separate trials, that awarded a woman, who I never met before a quick handshake at a celebrity event, 25 years ago, doesnt count, 91 MILLION DOLLARS for DEFAMATION. She didnt know when the so-called event took place - sometime in the 1990s - never filed a police report, didnt have to produce the dress that she threatened me with it showed negative,  sung my praises in the first half of her CNN Interview with Alison Cooper, but changed her tune in the second half - Gee, I wonder why UNDER APPEAL The Rape charge was dropped by a jury Or Arthur Engoron, the N.Y. State Wacko Judge who fined me almost 500 Million Dollars UNDER APPEAL for DOING NOTHING WRONG, used a Statute that has never been used before, gave me NO JURY, Mar-a-Lago at 18,000,000 - Now for Merchan"
"@1","p150","45439","The reason the Radical, highly Conflicted Judge Juan Merchan had to come up with three FAKE options for the jury to choose from, without requiring them to be unanimous, which is completely UNAMERICAN AND UNCONSTITUTIONAL, is because the Corrupt, Soros backed D.A., Alvin Bragg, couldnt come close to proving that any crime was committed. THERE WAS NO CRIME. Legal Expense paid to a lawyer was marked, by a bookkeeper using a dropdown menu in a computer program, as Legal Expense paid to a lawyer. WHAT ELSE COULD YOU CALL IT There is NO CASE, just a Democrat Persecutor controlled by Crooked Joe Bidens White House, a Democrat Judge, and a biased venue. This is nothing but an Election Interfering Witch Hunt, and the American People know it MAGA2024"
"@1","p149","45439","Hung Cao is a highly respected retired Navy Captain running to represent the Great People of Virginia in the United States Senate.A Combat Veteran and Highly Decorated Special Operations Officer, Hung Cao will be a tireless fighter to stop Inflation, grow our Economy, secure our Border, strongly support our Incredible Military/Vets, and defend our always under siege Second Amendment.Hung Cao has my Complete and Total Endorsement - HE WILL NEVER LET YOU DOWN, AND WE WILL, AT THE SAME TIME, GET RID OF THE WORST PRESIDENT IN THE HISTORY OF OUR COUNTRY, CROOKED JOE BIDEN"
"@1","p148","45439","Can anyone believe that Soros backed D.A., Alvin Bragg, was able to get a DELAY of 7 days to his Corrupt and Unconstitutional Case against me, with no sequester Legal Expense  Legal Expense The only thing Bragg has going for him is the Corrupt and highly Conflicted Judge - Which is a lot"
"@1","p147","45439","In addition to the fact that I did nothing wrong, NDAs are totally legal and commonly used, and that virtually every legal Scholar and Expert says, in written form, that this is a case which has NO MERIT and should not have been brought, my lawyers have informed me that the highly Conflicted and Corrupt Judge, Juan Merchan, will not allow RELIANCE ON COUNSEL, which virtually everyone is allowed to use, as an additional, though not needed because I did NOTHING WRONG, Defense. This Case, which could have been brought seven years ago but wasnt because it has no merit, is a disgrace. It was only begun to interfere with Crooked Joe Bidens Political Opponent, ME. RELIANCE ON COUNSEL. MAKE AMERICA GREAT AGAIN"
"@1","p146","45439","Can anyone believe that Soros backed D.A., Alvin Bragg, was able to get a DELAY of 7 days to his Corrupt and Unconstitutional Case against me, with no sequester Legal Expense  Legal Expense The only thing Bragg has going for him is the Corrupt and highly Conflicted Judge - Which is a lot"
"@1","p145","45439","In addition to the fact that I did nothing wrong, NDAs are totally legal and commonly used, and that virtually every legal Scholar and Expert says, in written form, that this is a case which has NO MERIT and should not have been brought, my lawyers have informed me that the highly Conflicted and Corrupt Judge, Juan Merchan, will not allow RELIANCE ON COUNSEL, which virtually everyone is allowed to use, as an additional, though not needed because I did NOTHING WRONG, Defense. This Case, which could have been brought seven years ago but wasnt because it has no merit, is a disgrace. It was only begun to interfere with Crooked Joe Bidens Political Opponent, ME. RELIANCE ON COUNSEL. MAKE AMERICA GREAT AGAIN"
"@1","p144","45439","Passing over the Charlotte Motor Speedway now - Very exciting DJT"
"@1","p143","45439","The reason I didnt file paperwork for the Libertarian Nomination, which I would have absolutely gotten if I wanted it as everyone could tell by the enthusiasm of the Crowd last night, was the fact that, as the Republican Nominee, I am not allowed to have the Nomination of another Party. Regardless, I believe I will get a Majority of the Libertarian Votes. Junior Kennedy is a Radical Left Democrat, whos destroyed everything hes touched, especially in New York and New England, and in particular, as it relates to the Cost and Practicality of Energy. Hes not a Libertarian. Only a FOOL would vote for him"
"@1","p142","45439","Passing over the Charlotte Motor Speedway now - Very exciting DJT"
"@1","p141","45439","Congressman BillHuizenga is a fantastic representative for the incredible people of Michigans 4th Congressional District.A successful entrepreneur, Bill is fighting to Reduce the federal government, Lower Inflation, Create good-paying Jobs, Secure the Border, Defend our Great Military / Vets, and defend our always under siege Second Amendment.Bill Huizenga has my Complete and Total Endorsement"
"@1","p140","45439","Congressman Mike Johnson is a tremendous champion for Louisianas 4th Congressional DistrictMike is not only our Speaker but is also a Patriot. We get along very well and continue to work closely together. He has done a very good job advancing our America First Agenda, Supporting our Military, Growing our Economy, holding Joe Bidens Crooked Administration Accountable, and Fighting for Free and Fair Elections. Mike Johnson has my Complete and Total Endorsement"
"@1","p139","45439","Steve Scalise has done a tremendous job representing Louisianas 1st Congressional District. As the Majority Leader, Steve is a tireless advocate forour America First Agenda. He works to Protect American Oil and Gas, Secure our Borders, Grow the Economy, Create more Jobs, Support our Veterans and Law Enforcement, Strengthen our Military, and Defend our always under siege Second Amendment. Steve is a TOUGH and SMART American PatriotHe has my Complete and Total Endorsement"
"@1","p138","45439","Senator John Barrasso is an incredible advocate for the great people of Wyoming. John works hard to stop the disastrous policies of Crooked Joe Biden and to secure our border. John is a True Patriot who fights to Create Jobs, Lower Inflation, Promote American Energy, Uphold the Rule of Law, and Support our amazing Farmers and Ranchers. John Barrasso has my Complete and Total Endorsement"
"@1","p137","45439","Congresswoman Harriet Hageman is doing a tremendous job representing the people of Wyoming. Harriet has been fighting against government corruption her whole career. Harriet knows how to stop the federal government from going too far and how to protect our constitutional rights. She is working hard to Lower Inflation, Promote American Energy, Secure the Border, and Defend our always under siege Second Amendment. Harriet Hageman has my Complete and Total Endorsement"
"@1","p136","45439","Congressman Carlos Gimenez is a tireless advocate for the people of Floridas 28th Congressional District.As a career firefighter, Carlos has spent his life putting out the flames of dangerous fires and the flames of the dangerous Biden Administration. Carlos works to Secure our Border, Strengthen our Military, Support our Law Enforcement and First Responders, and Advance our America First Agenda. Carlos Gimenez has my Complete and Total EndorsementHe WILL NEVER LET YOU DOWN"
"@1","p135","45439","Congresswoman Maria Elvira Salazar is doing a tremendous job representing the people of Floridas 27th Congressional District.Maria is not afraid to speak up for the people of Florida and all Americans. Maria is a True Patriot that fights against the corrupt policies of the Radical Left that put us all in harms way. She is working hard to Grow the Economy, Lower Inflation, Defend the Border, and Uphold the Rule of Law.Maria Elvira Salazar has my Complete and Total Endorsement."
"@1","p134","45439","Congressman Mario Diaz-Balart is a tremendous champion for the people of Floridas 26th Congressional District.Mario stands up against the wasteful spending in Washington and supports our Great Military and Veterans. Mario has worked hard to stop the democrats disastrous Socialist policies, and HE WILL NEVER LET YOU DOWNMario Diaz-Balart has my Complete and TotalEndorsement."
"@1","p133","45439","Congressman Brian Mast is a tireless advocate for Floridas 21st Congressional District. The Chair of my campaigns Veterans for Trump Coalition, Brian is a true American Hero and Patriot. Brian works hard to stop the endless wars pushed by some in Washington and is making sure that we take care of Americans First. Brian has never been afraid to put himself in the line of fire. Brian Mast has my Complete and Total Endorsement."
"@1","p132","45439","Congressman Byron Donalds is a tremendous champion for Floridas 19th Congressional DistrictA true patriot, Byron is a fighter for the people of Florida and for all Americans. Byron works hard to protect our always under siege Second Amendment and to stop the rise of the woke culture in our schools. Byron is a Great Friend, and he has my Complete and Total Endorsement."
"@1","p131","45439","Congressman Scott Franklin is a terrific representative for the people of Floridas 18th Congressional District A retired Commander in the U.S. Navy, Scott fights hard to Strengthen our Military, Support our Veterans, Secure our Border, and Protect our always under siege Second Amendment.Scott Franklin has my Complete and Total Endorsement  HE WILL NEVER LET YOU DOWN"
"@1","p130","45439","Congressman Greg Stuebe is a tremendous champion for Floridas 17th Congressional DistrictAfter the terrible 9/11 Attacks on our Country, Greg joined the U.S. Army JAG Corps to serve our country. He continues today to Drain the Swamp, Grow our Economy, Eliminate government Waste, and Lower our Taxes.A True Friend, Greg Steube has my Complete and Total Endorsement"
"@1","p129","45439","Congressman Vern Buchanan is a tireless advocate for Floridas 16th Congressional DistrictVern is a self-made man, and he is working hard to Lower our Taxes, Grow our Economy, Support our Military and Vets, Protect our Seniors, and Defend our always under siege Second Amendment. Vern Buchanan has my Complete and Total Endorsement"
"@1","p128","45439","Congresswoman Anna Paulina Luna is an incredible representative for the people of Floridas 13th Congressional District.Anna works to Protect the Rights of All Americans, Drain the Swamp, Strengthen our Military and Veterans, Defeat the Woke Agenda, and Defend our always under siege 2nd Amendment. Anna Paulina Luna is a Warrior, a Winner, and she has my Complete and Total Endorsement"
"@1","p127","45439","Congressman Cory Mills is a tremendous champion for Floridas 7th Congressional DistrictHe has served in many deployments including Iraq and Afghanistan. When everyone else is running away from the tough fights, Cory is willing to stay and fight. Cory loves our Country, Supports our Veterans, Strengthens our Military, and will NEVER let us down. Cory Mills has my Complete and Total Endorsement"
"@1","p126","45439","Congressman Mike Waltz is an incredible representative for the people of Floridas 6th Congressional District. A former U.S. Army Green Beret, Mike has been a longtime warrior for the people of Florida. Mike continues to Support our Veterans, Strengthen our Military, Defend our always under siege Second Amendment, and Drain the Swamp. Mike Waltz has my Complete and Total Endorsement"
"@1","p125","45439","Congressman John Rutherford is doing a terrific job representing the people of Floridas 5th Congressional District John works every day to Protect our Country, Grow our Economy, Support our Brave Police and First Responders,Defend our always under siege Second Amendment, and Uphold the Rule of Law. As a Sherriff, John spent many years safeguarding our great Communities, and he continues to do so in Congress. John Rutherford has my Complete and Total Endorsement HE WILL NEVER LET YOU DOWN"
"@1","p124","45439","Matt Gaetz is a great representative for the amazing people of Floridas 1st Congressional District Matt is a Warrior for our MAGA Agenda, who tirelessly works to Drain the Swamp, Secure the Border, Support our Brave Veterans and Law Enforcement, Defend our always under siege Second Amendment, Stand Up to the Woke Mob, and Fight the Never-Ending Witch Hunts from the Radical Left that are destroying our CountryMatt Gaetz has my Complete and Total Endorsement"
"@1","p123","45439","Congressman Tom Tiffany is a tremendous representativefor Wisconsins 7th Congressional District Tom is a Patriot working to Grow the Economy, Secure the Border, Uphold the Rule of Law, Support our Veterans, Strengthen our Military, Defend our always under siege Second Amendment, and Champion our incredible Farmers. I am proud to have endorsed Tom forhis landslide Special Election victory in 2020, and I am proud to continue to support him. Tom Tiffany has my Complete and Total EndorsementHe WILL NEVER LET YOU DOWN"
"@1","p122","45439","Congressman Scott Fitzgerald is doing an incredible job representing Wisconsins 5th Congressional District A retired Lieutenant Colonel in the U.S. Army Reserve, Scott is working hard to Support our Veterans, Strengthen our Military, Uphold the Rule of Law, Protect Life, Defend the Second Amendment, and Deliver High-Quality, Affordable Health Care. Scott Fitzgerald has my Complete and Total Endorsement"
"@1","p121","45439","Congressman Derrick Van Orden is a tremendous champion for Wisconsins 3rd Congressional District. A retired Navy SEAL, Derrick bravely served our Country in combat, and brings that same Fighting Spirit to Congress. Derrick strongly advocates for our Great Farmers and American Agriculture, supports our incredible Military/Veterans, and Defends our always under siege Second Amendment. Derrick Van Orden has my Complete and Total Endorsement"
"@1","p120","45439","Senator Josh Hawley is a tremendous Senator for the Great State of Missouri. In 2018 I helped Josh Hawley win a highly competitive Senate race in Missouri, a state that I know and love. An America First Conservative and a True Fighter for our movement to Make America Great Again, Josh is working hard to Secure our Elections, Stop Illegal Immigration, Grow the Economy, Cut Taxes, Strengthen our Military, Support our Veterans, and Uphold the Rule of Law. Josh Hawley has my Complete and Total Endorsement"
"@1","p119","45439","Congressman Jason Smith is a phenomenal representative for Missouris 8th Congressional District As Chair of the Ways and Means Committee, Jason is working hard to Stop the Democrats Reckless Spending, Lower Your Taxes, Advance America First Trade, Secure the Border, and Hold Joe Biden and the Radical Left accountable for their ongoing failures. Jason Smith has my Complete and Total Endorsement"
"@1","p118","45439","Congressman Eric Burlison is a tireless advocate for Missouris 7th Congressional District Eric is fighting hard to Secure the Border, Stop Crime, Grow our Economy, Champion Small Business, Support our Brave Military and Veterans, and Protect and Defend our always under siege Second Amendment. Eric Burlison has my Complete and Total Endorsement"
"@1","p117","45439","Congressman Sam Graves is a tremendous champion for Missouris 6th Congressional District A sixth-generation farmer, Sam is a Conservative Fighter who works hard to Secure the Border, Support our Veterans, Strengthen the Military, Protect Life, Defend the Second Amendment, and Promote American Agriculture and our Incredible Farmers. Sam Graves has my Complete and Total Endorsement"
"@1","p116","45439","Congressman Mark Alford is doing a terrific job representing the people of Missouris 4th Congressional District Mark is working hard to Support our Farmers, Promote American Agriculture, Stop Inflation, Secure the Border, Strengthen our Military/Vets, and Protect our always under siege Second Amendment. Mark Alford has my Complete and Total Endorsement"
"@1","p115","45439","Congresswoman Ann Wagner is a strong advocate for the people of Missouris 2nd Congressional District. Ann is working hard to Grow our Economy, Secure the Border, Hold Big Tech Accountable, Promote American Farmers and Manufacturers, Defend the Second Amendment, and Support our Military, Vets and Law Enforcement. Ann Wagner has my Complete and Total Endorsement"
"@1","p114","45439","Congressman John James is an incredible Representative for the people of Michigans 10th Congressional District A brave Combat Pilot and Job Creator, John is fighting to Grow our Economy, Protect our Country, Support our Military, Defend our under siege Second Amendment, and Provide the Care our Brave Veterans Deserve. John James has my Complete and Total Endorsement"
"@1","p113","45439","Congresswoman Lisa McClain is a great Representative for the people of Michigans 9th Congressional District A tremendous advocate of our America First agenda, Lisa is working hard to Secure our Borders, Defend our always under siege Second Amendment, and Support our Military, Vets, Law Enforcement, and Energy Independence. Lisa McClain has my Complete and Total Endorsement"
"@1","p112","45439","Congressman Tim Walberg is a terrific advocate for the people of Michigans 5th Congressional District Tim is fighting to Secure the Border, Hold Big Tech Accountable, and Restore American Energy Independence. He is working hard to Deliver Education Solutions for our Children, Support our Military and Veterans, Defend our always under siege Second Amendment, and Stop the Trafficking of Opioids into our Communities. Tim Walberg has my Complete and Total Endorsement"
"@1","p111","45439","Congressman John Moolenaar is a phenomenal representative for Michigans 2nd Congressional District He is working hard to Lower Health Care Costs, Champion Our Farmers and Agriculture, Grow our Economy, Secure our Border, Support our Military and Vets, Defend Life, and Protect our always under siege Second Amendment. John Moolenaar has my Complete and Total Endorsement"
"@1","p110","45439","Congressman Jack Bergman is a tireless advocate for the people of Michigans 1st Congressional DistrictA retired Lieutenant General in the U.S. Marine Corps, Jack bravely served our Country in combat, and he is doing an outstanding job in Congress. He is working hard to Secure the Border, Strengthen our Military, Care for our Veterans, Defend the Second Amendment, and Give a Voice to the Working Men and Women of Michigan. Jack Bergman has my Complete and Total Endorsement"
"@1","p109","45439","Congressman Ron Estes is doing a fantastic job representing Kansas 4th Congressional District Ron is fighting hard to secure the Border, defend our always under siege Second Amendment, strengthen our Military/Vets, and champion our Incredible American Farmers. Ron Estes has my Complete and Total Endorsement"
"@1","p108","45439","Congressman Tracey Mann is a tireless champion for the people of Kansas Big First Congressional DistrictTracey strongly advocates for our Great Farmers and American Agriculture, Supports our Brave Military and Veterans, Promotes our Energy, Protects Life, and Defends our always under siege Second Amendment. Tracey Mann has my Complete and Total Endorsement"
"@1","p107","45439","Passing over the Charlotte Motor Speedway now - Very exciting DJT"
"@1","p106","45439","Senator Marsha Blackburn is doing a terrific job representing the incredible people of Tennessee in the United States SenateMarsha has been with me from the very beginning, helping advance our America First Agenda. In the Senate, she is working hard to Secure the Border, Grow the Economy, Cut your Taxes, Eliminate Needless Regulations, Support our Veterans, and Fight for our Constitutional Rights, including our always under siege Second Amendment. Marsha Blackburn has my Complete and Total Endorsement"
"@1","p105","45439","Congressman David Kustoff is a tireless advocate for Tennessees 8th Congressional DistrictA former U.S. Attorney, David is working hard to Uphold the Rule of Law, Fight Crime, Secure our Border, Lower your Taxes, Grow the Economy, Support our Veterans, Strengthen our Military, and Protect our always under siege Second Amendment. David Kustoff has my Complete and Total Endorsement"
"@1","p104","45439","Congressman John Rose is a tremendous champion for Tennessees 6th Congressional District John is working hard to Secure the Border, Provide Access to Affordable Health Care, Create Jobs, Grow the Economy, Uphold the Rule of Law, Support our Veterans, and Protect and Defend our always under siege Second Amendment. John Rose has my Complete and Total Endorsement"
"@1","p103","45439","Congressman Scott DesJarlais is doing a terrific job representing the people of Tennessees 5th Congressional District One of my earliest supporters, he fights for our Military, Vets, Law Enforcement and the Second Amendment Scott DesJarlais has my Complete and Total Endorsement"
"@1","p102","45439","Congressman Chuck Fleischmann is an incredible Representative for the people of Tennessees 3rd Congressional DistrictHe works tirelessly to Lower Taxes, Secure our Borders, and Defend our Country. He strongly supports our brave Military, Vets and Law Enforcement, and he will always protect our under siege Second Amendment. Chuck Fleischmann has my Complete and Total Endorsement"
"@1","p101","45439","Congresswoman Diana Harshbarger is a great Representative for the people of Tennessees 1st Congressional DistrictShe is a tireless advocate for the people of Tennessee, and she fights in Congress for Strong Borders, Secure Elections, the Second Amendment, and our incredible Vets and Military. As she often says, she is an unapologetic conservative Trump Republican, and she will always put America First. Diana Harshbarger has my Complete and Total Endorsement"
"@1","p100","45439","Congressman Paul Gosar is a tremendous representative for the people of Arizonas 9th Congressional District. Paul works hard every day to Secure our Border and Stop the Woke Agenda of the left. He Fights for a Strong Economy, Supports our Great Military, and Defends the Rule of Law. Paul is a true Patriot and he has my Complete and Total Endorsement"
"@1","p99","45439","Congressman Juan Ciscomani is doing an incredible job representing the great people of Arizonas 6thCongressional District. Juan is working hard to Secure our Border, Defend our Wonderful Military and Veterans, Promote Election Integrity, and Expand American Jobs and the Economy. Juan Ciscomani has my Complete and Total Endorsement"
"@1","p98","45439","Congressman Andy Biggs is a Conservative Warrior and an incredible representative for Arizonas 5th Congressional District.Andy is an America First Fighter for Election Integrity, Border Security, our under-siege Second Amendment, and above all, Faith, Family, and Freedom. He is working hard to Lower Inflation, support our Military  Vets, and Defend Life.Andy Biggs is a Champion of the Constitution and our America First Agenda, and he has my Complete and Total Endorsement"
"@1","p97","45439","Congressman Burgess Owens is a fantastic Representative for Utahs 4th Congressional District.A former Super Bowl Champion who knows how to win, Burgess is working hard to Grow the Economy, Support our Military / Veterans, Defend the Second Amendment, Uphold the Rule of Law, and Provide our Children with Excellent Education. I campaigned with Burgess to flip this seat in 2020, and I am proud to support him onceagain. Burgess Owens has my Complete and Total Endorsement"
"@1","p96","45439","Nick Langworthy is an outstanding representative for New Yorks 23rd Congressional District. An America First Patriot, Nick has been with us from thevery beginning. Nick is Tough on Crime, Supports our Great Military and Police, Fights for our Incredible Farmers, and is working to Secure our under siege Southern Border. Nick Langworthy has my Complete and Total Endorsement"
"@1","p95","45439","Congressman Brandon Williams is doing an outstanding job representing New Yorks 22nd Congressional District.A successful entrepreneur and Navy veteran, Brandon is working hard to Grow the Economy and Fight Inflation, Support our Military and Law Enforcement, Secure our Border, and Defend our Country from the Radical Left. Brandon Williams has my Complete and Total Endorsement"
"@1","p94","45439","Elise Stefanik is an Incredible representative for the fantastic people of New Yorks 21st Congressional District. An America First Patriot, Elise is Fighting to Protect ourCountry against the Marxists, Fascists, and Communists on the Radical Left. Elise is working hard to Support our Great Military  Veterans, Grow the Economy and Lower Inflation, Promote American Energy, and Secure our under siege Sothern Border. Elise Stefanik is SMART, STRONG, and TOUGHshe has my Complete and Total Endorsement"
"@1","p93","45439","Congresswoman Nicole Malliotakis is doing an Incredible job for New Yorks 11th Congressional DistrictA fierce advocate for the NYPD and NYFD, Nicole is working hard to Uphold the Rule of Law, Strengthen our Military, Support our Veterans, Grow the Economy, Protect our First and Second Amendments, and Secure our Border.Nicole Malliotakis has my Complete and Total Endorsement"
"@1","p92","45439","Congressman Anthony DEsposito is a fantastic and highly effective representative for the people of New Yorks 4th Congressional District. A retired NYPD police detective, Anthony is working hard to Uphold the Rule of Law, Create Jobs and Lower Inflation, Secure the Border, and Support our Incredible Military and Police Officers. Anthony DEsposito has my Complete and Total Endorsement"
"@1","p91","45439","Congressman Nick LaLota is doing an incredible job representing the people of New Yorks 1st Congressional District.Nick is fighting hard to Grow the Economy and Lower Inflation, Defend our Great Military and Police, Secure our Border, Uphold the Rule of Law, and Protect our Constitutional Rights. Nick LaLota has my Complete and Total Endorsement"
"@1","p90","45439","Congresswoman Stephanie Bice is a wonderful representative for the people of Oklahomas 5th Congressional District. Stephanie is doing a great job Fighting to Promote American Energy Independence, Expand our Economy, Secure our Border, and Uphold the Rule of Law against the Radical Left. Stephanie Bice has my Complete and Total Endorsement"
"@1","p89","45439","Congressman Frank Lucas is a highly respected and effective representative for the fantastic people of Oklahomas 3rd Congressional District. A Conservative Fighter, Frank is working hard to grow the economy and create high-paying jobs, Lower Inflation, Promote American Energy, and Defend our Great American Farmers. Frank Lucas has my Complete and Total Endorsement"
"@1","p88","45439","Josh Brecheen is an incredible advocate for the wonderful people of Oklahomas 2nd Congressional DistrictA Fearless Conservative, Josh is Fighting to Secure our Border, Lower Inflation, Champion American Oil and Gas, Support our Amazing Military  Vets, and Defend our always under siege Second Amendment. Josh Brecheen has my Complete and Total Endorsement"
"@1","p87","45439","Congressman Kevin Hern is doing a fantastic job representing Oklahomas 1st Congressional District.As a successful businessman, Kevin knows how to Fight Inflation, Grow the Economy, Lower Taxes, and Eliminate Government Waste. Kevin is working hard to Secure the Border, Support our Great Military / Veterans, and Defend our always under siege Second Amendment. Kevin is a conservative leader in Congress, and he has my Complete and Total Endorsement"
"@1","p86","45439","Congressman Kevin Hern is doing a fantastic job representing Oklahomas 1st Congressional District.As a successful businessman, Kevin knows how to Fight Inflation, Grow the Economy, Lower Taxes, and Eliminate Government Waste. Kevin is working hard to Secure the Border, Support our Great Military / Veterans, and Defend our always under siege Second Amendment. Kevin is a conservative leader in Congress, and he has my Complete and Total Endorsement"
"@1","p85","45439","Morgan Griffith is doing an outstanding job representing the Great people of Virginias 9th Congressional District. A conservative Warrior, Morgan is fighting to Secure our Border, Promote Energy Independence, Lower Inflation, and Defend our always under siege Second Amendment.Morgan Griffith has my Complete and Total EndorsementHE WILL NEVER LET YOU DOWN"
"@1","p84","45439","Ben Cline is a fantastic advocate for the incredible people of Virginias 6th Congressional District. Ben is fighting hard to Lower Inflation, Create Jobs  Grow the Economy, Secure our Border, and Protect our Great Vets  Military. Ben Cline has my Complete and Total Endorsement"
"@1","p83","45439","Jen Kiggans is a highly effective representative for the great people of Virginias 2nd Congressional District. A former Navy helicopter pilot, Jen is a tireless champion for the Incredible Men and Women of our Military, is fighting to secure our Southern Border, and is working hard to Grow the Economy  Lower Inflation. Jen Kiggans has my Complete and Total Endorsement"
"@1","p82","45439","Rob Wittman is an incredible representative for the great people of Virginias 1st Congressional District. Rob is fighting to protect our Amazing Veterans, Rebuild our Military, Grow our Economy, Lower Inflation, and Defend our always under siege Second Amendment. Rob Wittman has my Complete and Total Endorsement"
"@1","p81","45439","Jeff Van Drew is a FANTASTIC representative for the Incredible people of South Jersey. In fact, he is so incredible that I have made him the Chairman of my campaign for President in New Jersey. There are few like himA very popular and highly respected Congressman, Jeff and I have accomplished many great things together, including a SECURE Border, a SOARING Economy, a STRONG Military, and a Nation of LAW AND ORDER Jeff is Fighting to Protect our Amazing Vets, Lower Inflation, Champion American Energy Independence, and Defend our always under siege Second Amendment.Jeff Van Drew has my Complete and Total EndorsementHE WILL NEVER LET YOU DOWN"
"@1","p80","45438","2024 is our final battle. With your help, we will demolish the Deep State, we will expel the warmongers from our government, we will drive out the globalists, we will cast out the Communists, Marxists, and Fascists, we will throw off the sick political class that hates our country, we will Drain the Swamp, and we will rescue our country from these tyrants and villains once and for all. The Great Liberation of America Begins on November 5th, 2024And the Forgotten Man and Woman Will Be Forgotten No Longer https://www.DonaldJTrump.com"
"@1","p79","45438","Joe Bidens Radical-Left Democrat Party is a fascist movement that wants to throw you in jail if you post a meme they do not like. What you are witnessing under Biden is a toxic fusion of the Marxist Left, the deep state, the military industrial complex, the government security and surveillance services, and their partners, all merging together into a hideous perversion of the American system. Joe Biden is a threat to Democracy. My mission is to LIBERATE our nation from these fascists and frauds. To rescue our democracy. To restore our Republic, and to evict Crooked Joe from the White House so that America can be a FREE NATION once again https://www.DonaldJTrump.com"
"@1","p78","45438","President Trumps appearance at the convention was historic. Saturdays speech marked the first time that a President of the United States addressed the convention, and he noted that he was there in the spirit of unity. https://www.rsbnetwork.com/news/crowd-goes-crazy-when-trump-quotes-founding-father-give-me-liberty-or-give-me-death/"
"@1","p77","45438","Trump Campaign Launches Veterans Coalition Ahead Of Memorial Day https://dailycaller.com/2024/05/25/exclusive-trump-campaign-launches-veterans-coalition-ahead-of-memorial-day/"
"@1","p76","45438","https://youtu.be/JeCC6N7o5Isiu-ziv9CfDL1USGj"
"@1","p75","45438","https://youtu.be/-hm2IOaSl3YsioKY01xl1HwZe3pWs"
"@1","p74","45438","2024 is our final battle. With your help, we will demolish the Deep State, we will expel the warmongers from our government, we will drive out the globalists, we will cast out the Communists, Marxists, and Fascists, we will throw off the sick political class that hates our country, we will Drain the Swamp, and we will rescue our country from these tyrants and villains once and for all. The Great Liberation of America Begins on November 5th, 2024And the Forgotten Man and Woman Will Be Forgotten No Longer https://www.DonaldJTrump.com"
"@1","p73","45438","Joe Bidens Radical-Left Democrat Party is a fascist movement that wants to throw you in jail if you post a meme they do not like. What you are witnessing under Biden is a toxic fusion of the Marxist Left, the deep state, the military industrial complex, the government security and surveillance services, and their partners, all merging together into a hideous perversion of the American system. Joe Biden is a threat to Democracy. My mission is to LIBERATE our nation from these fascists and frauds. To rescue our democracy. To restore our Republic, and to evict Crooked Joe from the White House so that America can be a FREE NATION once again https://www.DonaldJTrump.com"
"@1","p72","45438","We believe that Marxism is an evil doctrine straight from the ashes of hell. Having Marxism in our government is intolerable, and teaching it to our children is child abuse. We believe that the job of the United States military is not to wage endless regime change wars around the globethe job of the United States military is to defend America from attack and invasion here at home. We believe that property rights are fundamental to a free society, and that Joe Bidens rampant inflation is a monstrous THEFT from the American People. We believe that the greatest threat to our country is not from enemies abroadit is the tyrants, Communists, Fascists, and thugs attacking our rights and liberties from WITHIN https://www.DonaldJTrump.com"
"@1","p71","45438","Everyone here tonight believes that we must fight for the same fundamental freedoms: Freedom of Expression. Freedom of Religion. Freedom to own a Firearm. Freedom from over-Taxation. Freedom from over-Regulation. Freedom from government DiscriminationAnd we believe that we do not have a FREE COUNTRY if we do not have FREE SPEECH https://www.DonaldJTrump.com"
"@1","p70","45438","Trump Campaign Launches Veterans Coalition Ahead Of Memorial Day https://dailycaller.com/2024/05/25/exclusive-trump-campaign-launches-veterans-coalition-ahead-of-memorial-day/"
"@1","p69","45438","President Trumps appearance at the convention was historic. Saturdays speech marked the first time that a President of the United States addressed the convention, and he noted that he was there in the spirit of unity. https://www.rsbnetwork.com/news/crowd-goes-crazy-when-trump-quotes-founding-father-give-me-liberty-or-give-me-death/"
"@1","p68","45438","Deranged Jack Smith has asked Judge Aileen Cannon in Florida for a Gag Order on me, so that I cannot talk about all of the Crimes he has committed, including the Illegal, Unconstitutional, and Unwarranted RAID of Mar-a-Lago. I guess theyre hoping they can silence me from telling the TRUTH like the Corrupt and Highly Conflicted Judge in New York City has done. Gag Orders have a very strong tendency to BACKFIRE, and if anybody should be GAGGED, it should be Deranged Jack, who was recently caught doing very bad things - and I should be able to talk about that, and everything else having to do with this Hoax - from which Crooked Joe Biden was FULLY EXONERATED"
"@1","p67","45438","https://www.rsbnetwork.com/news/for-new-yorkers-the-trump-train-moving-into-the-south-bronx-caused-a-political-earthquake-that-will-be-felt-for-many-years-to-come/"
"@1","p66","45438","     .     .     .     .     .     https://www.DonaldJTrump.com"
"@1","p65","45438","To the Great State of TexasThere is a very important Republican Runoff Election on Tuesday for many important races up and down the ballot. In particular, Speaker Dade Phelan, who has done an absolutely horrible jobat ELECTION THEFT and ELECTION INTERFERENCE"
"@1","p64","45438","President Trumps message of making our country wealthy, safe, and prosperous again is resonating with Americans of all backgrounds"
"@1","p63","45438","https://www.rsbnetwork.com/video/live-president-trump-addresses-libertarian-national-convention-in-d-c-5-25-24/"
"@1","p62","45438","I AM VERY POSITIVE AND OPEN MINDED TO CRYPTOCURRENCY COMPANIES, AND ALL THINGS RELATED TO THIS NEW AND BURGEONING INDUSTRY. OUR COUNTRY MUST BE THE LEADER IN THE FIELD. THERE IS NO SECOND PLACE. CROOKED JOE BIDEN, ON THE OTHER HAND, THE WORST PRESIDENT IN THE HISTORY OF OUR COUNTRY, WANTS IT TO DIE A SLOW AND PAINFUL DEATH. THAT WILL NEVER HAPPEN WITH ME"
"@1","p61","45437","GREAT POLL NUMBERS FOR TRUMP. MAKE AMERICA GREAT AGAIN"
"@1","p60","45437","THE WALL STREET JOURNAL - OPINION. ALVIN BRAGG HASNT PROVED HIS CASE IN THE TRUMP TRIAL. THE EVIDENCE SHOWS WHY THE CHARGES SHOULD NEVER HAVE BEEN BROUGHT. New York Prosecutors rested their hush-money case against Donald Trump this week, but after 20 days in Court, and a trial transcript of 4000 pages, the missing piece is still missing. The question is whether Manhattan District Attorney Alvin Bragg presented the evidence necessary for a conviction, and if we were in the jury room, wed say NO."
"@1","p59","45437","Dont waste any Republican or Conservative votes on Junior. Hes one of the most Liberal Lunatics ever to run for office. He caused massive high energy pricing in New York and New England. He just admitted that he was actually OK with the Vaccine. A Phony Radical Left fool whose poll numbers are TERRIBLE, and getting worse. His campaign is falling apart, great dissension https://www.foxbusiness.com/video/6353622144112"
"@1","p58","45437","https://www.foxbusiness.com/video/6353622144112"
"@1","p57","45437","THE WALL STREET JOURNAL - OPINION. ALVIN BRAGG HASNT PROVED HIS CASE IN THE TRUMP TRIAL. THE EVIDENCE SHOWS WHY THE CHARGES SHOULD NEVER HAVE BEEN BROUGHT. New York Prosecutors rested their hush-money case against Donald Trump this week, but after 20 days in Court, and a trial transcript of 4000 pages, the missing piece is still missing. The question is whether Manhattan District Attorney Alvin Bragg presented the evidence necessary for a conviction, and if we were in the jury room, wed say NO."
"@1","p56","45437","The City of New Yorks D.A., Alvin Bragg, is trying to prosecute a Federal case, which cannot be done, and where there is NO CRIME, that has been turned down by everyone, including the Federal Elections Commission, SDNY, the D.A.s Office, and Bragg himself - Until I announced that I was running for President. This case could have been brought 7 years ago, but wasnt. It is another Crooked Joe Biden Election Interference Hoax"
"@1","p55","45437","I HAVE A GREAT CASE, BUT WITH A RIGGED AND CONFLICTED JUDGE. HISTORY PROVES, HOWEVER, THAT I WOULD BE FAR BETTER OFF WITH A BAD CASE AND A GREAT, FAIR, AND HONEST JUDGE"
"@1","p54","45437","Lets put the President in jail for 150 years because a LEGAL EXPENSE to a lawyer was called, by a bookkeeper, a LEGAL EXPENSE to a lawyerWhat else could you call it. Crooked Joe Biden Witch Hunt. Election Interference. MAKE AMERICA GREAT AGAIN"
"@1","p53","45437","LEGAL EXPENSE  LEGAL EXPENSE"
"@1","p52","45437","THE BRONX, NEW YORKTHANK YOUMAGAhttps://www.DonaldJTrump.com"
"@1","p51","45436","WE ARE GOING TO MAKE IT TOO BIG TO RIGMAGA2024 https://www.DonaldJTrump.com"
"@1","p50","45437","THIS WAS A BIG, IMPORTANT, AND EVEN STARTLING EVENT, AND YET MUCH OF THE LAMESTREAM NETWORK MEDIA REFUSED TO COVER IT. Gee, I wonder why https://www.rsbnetwork.com/news/president-trumps-electrifying-south-bronx-rally-captivates-the-media-with-stunning-images-of-25000-new-york-patriots/"
"@1","p49","45437","Rep. Byron Donalds: What I saw was something amazingThe crowd spoke for itselfThey want him backIt was an amazing event, probably the BEST political rally Id ever been to"
"@1","p48","45437","Crooked Joe Biden puts illegal aliens firstI PUT AMERICA FIRST"
"@1","p47","45437","The Worst FBI Director in History, who I inherited from the Obama Administration, but fired almost immediately into ours, along with many other Corrupt Actors in the DOJ and FBI The start of DRAIN THE SWAMP, is going around LYING about the SCAM brought by Soros backed D.A. Alvin Bragg, and perpetuated by the Highly Conflicted, Democrat Appointed Judge, Juan Merchan. If you want to see the real story on Comey, read the Report put out by Inspector General Michael Horowitz, that gives you all the Horrors of Comey, in great detail. If Comey had any respect for our System of Justice, which is being DESTROYED before our eyes, he would be fighting against the Crooked Joe Biden inspired Witch Hunts, instead of spreading LIES"
"@1","p46","45437","When the Disgraceful District Attorney and his Thugs, WITH FULL APPROVAL, I assume, by the Highly Conflicted Judge, Juan Merchan, and the Crooked Joe Biden Administration, who are leading the Trial for ELECTION INTERFERENCE purpose, keep talking about the bookkeeping error or crime, they are referring to the fact that a bookkeeper, with zero influence from or discussion with me, correctly called the payment of a Legal Expense to a lawyer - a Legal Expense. In other words, I am being prosecuted because a bookkeeper, who I had no contact with, marked down, from a dropdown menu in the ledger, a Legal Expense to a lawyer as Legal Expense. What the hell is wrong with that And, what else would you call it."
"@1","p45","45437",".For this ridiculous charge, Millions of Dollars have been spent on the PERSECUTION of a Popular President Got more Votes than any sitting President in History, and the current Leader in the Polls against his Democrat Opponent, Crooked Joe Biden, without whom NO CASE WOULD HAVE BEEN CHARGED. Any other Judge would not have allowed this SCAM to proceed, and neither did D.A. Bragg, nor any other Agency in Government, want to bring it. We are fighting against a Rigged New York System of Justice. WITCH HUNT"
"@1","p44","45437","The bookkeeping error that I am being incorrectly and unconstitutionally prosecuted for is the fact that a bookkeeper, innocently and correctly, called a Legal Expense paid to a lawyer, a Legal Expense. IN EVEN SIMPLER WORDS, I CALLED A LEGAL EXPENSE, A LEGAL EXPENSE. WHAT THE HELL ELSE WOULD YOU CALL IT A BIDEN INSPIRED ELECTION INTERFERENCE HOAX"
"@1","p43","45437","THIS WAS A BIG, IMPORTANT, AND EVEN STARTLING EVENT, AND YET MUCH OF THE LAMESTREAM NETWORK MEDIA REFUSED TO COVER IT. Gee, I wonder why https://www.rsbnetwork.com/news/president-trumps-electrifying-south-bronx-rally-captivates-the-media-with-stunning-images-of-25000-new-york-patriots/"
"@1","p42","45437","Congestion Pricing is a disaster for NYC. I stopped it for years at the Federal level, but Crooked Joe railroaded it through. A massive business killer and tax on New Yorkers, and anyone going into Manhattan. I will TERMINATE Congestion Pricing in my FIRST WEEK back in Office Manhattan is looking for business, not looking to kill business"
"@1","p41","45437","Corrupt, Deeply Conflicted, Democrat Appointed Acting Judge Juan Merchan is doing all he can to even further RIG the Manhattan Sham Trial. He is denying me the opportunity to put on a Highly Respected Election Law Expert who will say, once again, that THERE WAS NO CRIME. This Judge, whose conflicts are completely disqualifying, isnt even requiring a unanimous decision by the jury on key portions of this Criminal Hoax, which is UNCONSTITUTIONAL AND UNAMERICAN. The whole Case should be ENDED IMMEDIATELY, and all the charges THROWN OUT, because everything was done right, with Legal Expenses being reported as Legal Expenses The Judge CANNOT be allowed to do further damage to Justice in New York and our Nation, and every Legal Scholar and Expert agrees with this. The whole Sham is a disgusting Political Witch Hunt by Crooked Joe Bidens White House. ELECTION INTERFERENCE"
"@1","p40","45437","Colorado Republican Party Chairman Dave Williams is running for Congress in Colorados 5th Congressional District. His opponent is Endorsed, and works closely with, Americans for Chinese Prosperity, a Charles Koch Disaster. Dave helped us deliver a 30-point Blowout Victory on Super Tuesday, and he will help us WIN Colorado this November. In Congress, Dave will work hard to Secure the Border, Fight for Election Integrity, Support our Military/Vets, and Protect and Defend our under siege Second Amendment. Dave Williams has my Complete and Total Endorsement"
"@1","p39","45437","Janel Brandtjen is a proven fighter for Wisconsin. She has consistently defended constitutional freedoms and fought for free and transparent elections in Wisconsin. Janel has proven her integrity and dogged determination to keep Wisconsin free. Wisconsin needs leaders who will empower constituents to hold their elected officials accountable. No one does that better than Janel Brandtjen. She has my Complete and Total Endorsement. Janel will  NEVER LET YOU DOWN"
"@1","p38","45437","Great going Frank Ohio expands push to verify voter citizenship status after amendment to state constitutionOhio Secretary of State Frank LaRose wants local elections boards to start removing non-citizens from the states voter registration rolls.https://americasvoice.news/justthenews/ohio-expands-push-verify-voter-citizenship-status/"
"@1","p37","45436","MAKE AMERICA GREAT AGAIN"
"@1","p36","45436","https://www.rsbnetwork.com/news/president-trumps-electrifying-south-bronx-rally-captivates-the-media-with-stunning-images-of-25000-new-york-patriots/"
"@1","p35","45436","God bless Davy and Natalie. Such a tragedy. Haiti is totally out of control. Find the killers NOW"
"@1","p34","45436","WE ARE GOING TO MAKE IT TOO BIG TO RIGMAGA2024 https://www.DonaldJTrump.com"
"@1","p33","45436","MAKE AMERICA GREAT AGAIN I was thrilled to be back in the city I grewup in, the city I spent my life in, the city I HELPED BUILD, and the city WE ALL LOVETHANK YOU"
"@1","p32","45436","5/23/2024  THE BRONX FULL RALLY: https://rumble.com/v4wu1n2-president-trump-in-bronx-ny.html"
"@1","p31","45436","I was thrilled to be back in the city I grewup in, the city I spent my life in, the city I HELPED BUILD, and the city WE ALL LOVETHANK YOU"
"@1","p30","45436","Will see you tonight at 6:00PM Eastern in The Bronx Join me live on @RSBN, @NewsMax, @RealAmericasVoice, and Donald J. Trump @Rumble, among others. See you soonMAGA2024 https://rumble.com/v4wu1n2-president-trump-in-bronx-ny.html"
"@1","p29","45436","Getting ready for the BRONX. Big Crowd Will be broadcast all over television. Enjoy"
"@1","p28","45436","Getting ready for the BRONX. Big Crowd Will be broadcast all over television. Enjoy"
"@1","p27","45436","DEMOCRATS WEAK BORDER BILL JUST FAILED. SO, WHAT ELSE IS NEW"
"@1","p26","45436"," Will see you tonight at 6:00PM Eastern in The Bronx Join me live on @RSBN, @NewsMax, @RealAmericasVoice, and Donald J. Trump @Rumble, among others. See you soonMAGA2024 https://rumble.com/v4wu1n2-president-trump-in-bronx-ny.html"
"@1","p25","45436","WILL SEE EVERYONE IN THE BRONX SOON, THANK YOU https://rumble.com/v4wu1n2-president-trump-in-bronx-ny.html"
"@1","p24","45436","https://www.rsbnetwork.com/news/maga-takes-over-nyc-as-president-trump-holds-big-rally-in-the-south-bronx/"
"@1","p23","45436","LIVE6:00PM EASTERN: https://rumble.com/v4wu1n2-president-trump-in-bronx-ny.html"
"@1","p22","45436","LIVE FROM THE BRONX, TONIGHT AT 6:00PM EASTERN https://rumble.com/v4wu1n2-president-trump-in-bronx-ny.html"
"@1","p21","45436","THANK YOUSEE YOU TONIGHT AT 6:00PM EASTERN https://rumble.com/v4wu1n2-president-trump-in-bronx-ny.html"
"@1","p20","45436","Will see you tonight at 6:00PM Eastern in The Bronx Join me live on @RSBN, @NewsMax, @RealAmericasVoice, and Donald J. Trump @Rumble, among others. See you soonMAGA2024 https://rumble.com/v4wu1n2-president-trump-in-bronx-ny.html"
"@1","p19","45436","THE LEFT CONTINUES TO WAGE LAWFARE AGAINST TRUMP"
"@1","p18","45435","Pam Bondi: I wish all Americans could see what I was able to witness, as to how bad that judge was"
"@1","p17","45435","Gregg Jarrett: Where is the crime Its no wherethis is a trial in search of an imaginary crime"
"@1","p16","45435","https://www.rsbnetwork.com/news/its-time-to-flip-new-york-red-president-trump-rallies-in-the-bronx/"
"@1","p15","45435","https://www.rsbnetwork.com/news/yankee-stadium-gets-a-trump-surprise-just-before-his-south-bronx-visit/"
"@1","p14","45435","https://www.rsbnetwork.com/news/how-to-watch-president-trump-in-the-south-bronx/"
"@1","p13","45435","WILL SEE YOU TONIGHT TICKETS: https://event.donaldjtrump.com/events/president-donald-j-trump-to-visit-the-south-bronx"
"@1","p12","45435","Tickets: https://event.donaldjtrump.com/events/president-donald-j-trump-to-visit-the-south-bronx"
"@1","p11","45435","https://paulingrassia.substack.com/p/engorons-350-million-verdict-against"
"@1","p10","45435","https://nhjournal.com/shock-poll-trump-tied-with-biden-in-solid-blue-new-hampshire/"
"@1","p9","45435","https://www.nationalreview.com/corner/trump-beating-biden-by-9-points-among-new-york-jewish-voters/"
"@1","p8","45435","Ex-Soros Investing ChiefBessent Bets on Trump Rally Ahead of US Election https://www.bloomberg.com/news/articles/2024-02-01/ex-soros-cio-bessent-bets-on-trump-rally-ahead-of-us-election"
"@1","p7","45435","https://www.newsbusters.org/blogs/nb/alex-christy/2024/01/31/cnn-tries-get-nato-chief-denounce-trump-he-praises-him-instead"
"@1","p6","45435","https://thenationalpulse.com/2024/02/20/trump-my-revenge-will-be-success/"
"@1","p5","45435","https://www.foxnews.com/opinion/355m-trump-crazy-civil-court-decision-kinds-unexpected-consequences"
"@1","p4","45435","https://thenationalpulse.com/2024/02/19/fedsoc-founder-trump-ny-case-a-travesty-on-par-with-killing-of-hamilton/"
"@1","p3","45435","https://www.thegatewaypundit.com/2024/02/breaking-big-former-cisa-chief-chris-krebs-lied/"
"@1","p2","45435","Congresswoman Julia Letlow is doing a fantastic job representing the Great People of Louisianas 5th Congressional District Julia is working hard to Secure the Border, Strengthen our Military, Fully Support our Veterans and Parents Rights, Champion American Energy, Grow the Economy, and Protect and Defend our Second Amendment, which is under siege from the Radical Left. Julia Letlow is a Strong Advocate for our America First agenda, and has my Complete and Total Endorsement - SHE WILL NOT LET YOU DOWN"
"@1","p1","45435","Evan Gershkovich, the Reporter from The Wall Street Journal, who is being held by Russia, will be released almost immediately after the Election, but definitely before I assume Office. He will be HOME, SAFE, AND WITH HIS FAMILY. Vladimir Putin, President of Russia, will do that for me, but not for anyone else, and WE WILL BE PAYING NOTHING"
"@1","p0","45435","As usual, the Democrats have pushed Misinformation, AND FAILED. Its the only thing theyre good at - EVERYTHING ELSE THEYRE INVOLVED IN IS DESTROYING AMERICA"
"@1","p1","45435","Deranged Jack Smith, together with his Team of Political Hacks and Thugs, were once again caught in a LIE in the Sham Documents Case, far less in importance or gravity than Joe Bidens Document Case, for which he was fully exonerated on the basis of his TOTAL INCOMPETENCE. They said, in effect, that Biden is not capable of defending himself in Court, but could nevertheless run for President, if he wanted. An Exoneration like that I would not want. The Deranged One, Smith, badly wanted to hide his own GRAVE MISCONDUCT, but must have been prevented from doing so by an Honest and Patriotic Eyewitness. The Corruption of our Justice System has to be put to an end, and those responsible, including Crooked Joe Biden and those controlling him, have to be held to account. MAGA 2024"
