"UserId","PostId","TimeStamp","Content"
"D1","P1","0","@RepJeffries yeah well as long as you wont come out and support #BidenHarris2024 100 we will see #project2025 starting jan 20 2025. get your act together dems and start supporting biden."
"D2","P2","0","@TeamTrump the Democratic Presidential nominee will be Joe Biden and the Vice Presidential nominee will be Kamala Harris. Seems like someone is scared of the VP and cant handle the heat. #BidenHarris2024 https://t.co/R5XQLJy78M"
"D3","P3","0","@loveeducationjs @elonmusk Joe Biden did all of that. It didnt happen on its own.
#BidenHarris2024"
"D4","P4","0","@LupusWarrior69 @GOP #magaIsATerroristOrg and must be stopped by voting #BidenHarris2024ToProtectDemocracy"
"D5","P5","0","President Trump got you down #Biden2024 #BidenHarris2024 #Trump #Trump2024 #TrumpVance2024 https://t.co/0Xo1Msgb4Y"
"D6","P6","0","Dear @hakeemjeffries @RepJeffries @AdamSchiff @RepAdamSchiff @SenSchumer @RepRaskin @jamieraskin all youre accomplishing with your Biden should drop out BS is passing off your own voters. Keep going against what #WeThePeople want amp see where that gets you. #BidenHarris2024"
"D7","P7","0","To Mr Owen Prague.This pic was 4 years ago when I had cut my own long hair amp it was a disaster. But short hair, long hair or bald hopefully not I am the same girl that supports Democracy amp want to support @POTUS Joe Biden this November. #Biden2024 #BidenHarris2024"
"D8","P8","0","@BGThompsonMS #BidenHarrisToSaveDemocracy #Biden2024 
#BidenHarris2024"
"D9","P9","0","@RepAdamSchiff Support Biden now. Im sick of this disunity. People like you will be the reason Trump gets elected. You are hurting every day Democrat voters. #BidenHarris2024"
"D10","P10","0","@mmpadellan #Biden2024 
#BidenHarris2024 
#ThankYouPresidentBiden https://t.co/xGU6mSMv5R"
"D11","P11","0","Whats the overlap with those whove been demanding his removal over the war crimes being committed by Netanyahu and Israel and who think President Biden can just snap his fingers and end the war #UniteBlue #VoteBlue #BidenHarris2024"
"D12","P12","0","Democrats should unite in support of Biden, who has been the most successful President since Franklin Delano Roosevelt. #BidenHarris2024 #BidenIsAGreatPresident"
"D1","P13","0","@hakeemjeffries hey. come out and support #BidenHarris2024 100 publicly. tell schiff to support biden in public too--he could actually lose the senate race because of his comments. you want that you want to lose california get your act together, dems. https://t.co/Xhjp5WF9Fi"
"D14","P14","0","Stop it I know Joes going to win in #Jovember We got this I feel it in my bones @AdamSchiff you are amazing But sir you are wrong to ask #BIDEN to step down Take that suit off, put on some #timerlandboots and get to work in these streets#BidenHarris2024 "
"D15","P15","0","@SpeakerPelosi so disappointed in you  

sorry we do have to part ways 
and if you are supporting #BidenHarris2024 

then you better get on tv - amp use that mouth to defend President Biden and formally support him
the he is wrong with you 

#USDemocracy https://t.co/ce4fUnQ96y"
"D16","P16","0","@RepAdamSchiff You are disenfranchising millions of Americans. We would like an explanation from YOU why you want Biden to drop out. 
A write in campaign effort for @RepKatiePorter is about to take place and you will sent home with your packed bags. 
#BidenHarris2024"
"D17","P17","0","@jaketapper Everyone misspeaks.  Jeff Zeleny just did it on your show at 4:45 pm E.  He said moderate Republicans when he should have said moderate Democrats.  Stuff like this happens all the time with people. Dont pick on Biden so much for misspeaking. #BidenHarris2024"
"D18","P18","0","@jdawsey1 Its Biden. Stop Josh. #BidenHarris2024"
"D19","P19","0","@marlene4719 Just read @voguemagazine article by Maya Singer on Dr. Jill Biden. Each campaign is unique. But this one, the urgency is different. We know what is at stake . Damn right we do. 
#BidenHarris2024"
"D20","P20","0","@MichelleKinney Democrats need to stand together and get on message.  I am so disappointed in these Democratic leaders calling for Biden to step down now  Where was the planning 2 years ago  Who wouldve replaced him  Its entirely too late for this bullsht Get on message
#BidenHarris2024"
"D21","P21","0","@politicalplayer If they try to step over Harris -- they lose the Black vote. They lose the Black vote -- they lose the election. #BidenHarris2024  Ridin with Biden."
"D22","P22","0","@JoeBiden VOTERS support Joe Biden
#BidenHarris2024"
"D23","P23","0","Im willing to bet at 8pm on Thursday July 18th Biden will step down and they will swear Harris in at 10pm just to take Trump off TV.  #BidenHarris2024 #Trump"
"D24","P24","0","@libsoftiktok #Biden #BidenHarris2024 #BidenBorderBloodbath"
"D25","P25","0","@JenniferNYC Theres no denying it #BidenDelivers 
#BidenHarris2024 "
"D26","P26","0","Go Joe Biden #BidenHarris2024"
"D27","P27","0","This is correct, @NateSilver538 is the last honest mainstream Dem, and the only one not making money from massaging Bidens ass. #Biden #Trump #BidenHarris2024"
"D28","P28","0","@MendiolaGrandma If people like @RepAdamSchiff and @SpeakerPelosi dont want to help, they need to get the hell out of the way.  Bidens our candidate and he can absolutely win this but not with members of his own party undermining him every chance they get #BidenHarris2024"
"D29","P29","0","#Biden2024 #LetsGoJo #BidenHarris2024"
"D30","P30","0","@CrazyFenaker @MayoIsSpicyy Call them both and tell them how much support Biden/Harris has and to stop this bull 202-225-4176 Id @RepAdamSchiff 
I havent looked up @TeamPelosi  yet. #BidenHarris2024"
"D31","P31","0","Why are so many Democrats determined to remove Biden and make sure Trump wins...WTF

You can go shtupp yourself, Adam Schiff @AdamSchiff  Youre the one who should be replaced  with Katie Porter @katieporteroc

#JoeBiden #BidenHarris2024 #AdamSchiff #California #DonaldTrump https://t.co/adteQ2I6Rz"
"D27","P32","0","This is correct. #Trump #Biden #BidenHarris2024"
"D33","P33","0","Hey @CNN @MSNBC etc. If you spent 1/2 the time on trumps felonies, assault conviction, credible assault allegations of even underage girls, epstein connections, and the like that you spend on Bidens age, youd have enough material for the rest of the year. #BidenHarris2024"
"D34","P34","0","I fear @TheDemocrats have been infiltrated. 

The loudest voices saying Biden must drop out do nothing but hurt the nations chance of avoiding fascism. 

Do you want fascism 
Bc THIS is how you get fascism.

Stop Fing around. 
There is no time left for this.

#BidenHarris2024"
"D35","P35","0","@ezraklein @tylercowen Biden has done a great job #BidenHarris2024 https://t.co/quVUIb9pBY"
"D36","P36","0","@RepAdamSchiff @TheDemocrats 

Seriously Biden amp Harris CAN win and continue to serveget on board and move.We have no  time for fun and games. We must be united and the questions from within the party does not breed confidence.
#BidenHarris2024 #BidenHarrisToSaveDemocracy"
"D37","P37","0","#DonTheCon is a traitor and the GOP is complicit. #VoteOutEveryRepublican #BidenHarris2024"
"D38","P38","0","#BidenHarris2024 #BidenHarrisToSaveDemocracy #BidenHarris2024ToSaveDemocracy #BidenHarris2024ToProtectDemocracy #Biden2024 #democratsdelivergoodjobs #DemocracyIsOnTheBallot #TrumpLies 


The American people deserve accountability for this. https://t.co/muN7Sx5PY6"
"D39","P39","0","#RNC #RepublicanNationalConvention #RNC2024 #RNCConvention #BidenHarris2024 CNN amp MSNBC are getting on my last nerve saying Biden isnt doing well in this state or that state. Polls dont vote, people vote. He beat Trump in 20 and will again. We will win"
"D40","P40","0","@WordswithSteph @DMLaBar A terrifying and disturbing ticket Democrats MUST rise up like never before and VOTE for Biden/Harris or our democracy is doomed. We MUST stand UNITED with our @POTUS @VP Harris. There is NO place for a convicted felon. #BidenHarris2024 "
"D41","P41","0","@scottiev @thejackhopkins The system is no longer setup to all ow for this. The states have deadlines for ballot changes. Most have passed already and all will have passed by the convention. Plus the GOP already has lawsuits prepared to challenge any attempts to change name on ballot. #BidenHarris2024"
"D42","P42","0","@ezraklein @tylercowen Polls do not mean Squat. 4 out of 5 Americans    so you personally polled 342 million people and approx 274 million people dont trust Pres Biden The manpower you must have at your fingertips  ROEVEMBER. You have no idea whats coming. #BIDENHARRIS2024"
"D37","P43","0","@davidgobaud @LinaHidalgoTX Naw. Its like muscle memory for Biden. Its why experience is so valuable  #BidenHarris2024"
"D44","P44","0","Better late than never I suppose, but the fact that democrat pigs would inflict a geriatric crook on the world for years should be enough to prevent them from ever having power again. Take the wheel...
#BidenHarris2024 
#biden https://t.co/6L6JinGdrp"
"D45","P45","0","Attention #Union  members
Especially the Teamsters who praise trump
Got to remind you Biden saved the pension of 350K of your Teamsters, remember the one Republicans voted against 
#ProudBlue 
#UnionJoe 
#DemsUnited  for #BidenHarris2024"
"D46","P46","0","@VanJones68 its not a mystery why #Trump picked Do that Dance Vance to shake that beard.. watch ya self #GOP #RNC #RNC2024 #Trump2024 #Biden2024 #BidenHarris2024
#RepublicanConvention
#JDVance #AmberRose"
"D47","P47","0","@sloyoroll01973 Im a blue dot in a maga district and Im one of the 46 of White Women who vote like Black Women and #VoteBlue 

#PartyOfThePeople #DemocratsGetItDone #BidenHarris2024 https://t.co/UxcgujREpB"
"D48","P48","0","@BaddCompani We need every Democrat on board every single day up to the Election. Faith in President Biden is so crucial, especially the events that have transpired on the Right.
They want us silenced and encourage the Democrats to have uncertainties in future Elections.
#BidenHarris2024"
"D49","P49","0","Fun Fact: As a few celebrities, public officials, or anyone inexplicably comes out publicly against our candidate Joe Biden  remember their vote counts same as an average American citizen.

THERE ARE MORE OF US THAN THEM.

#AdamSchiff #JerryNadler #RobReiner #BidenHarris2024"
"D50","P50","0","Because, Progressives, if he loses because people dont turn out. You only have yourselves to blame. So either get work to help Biden win or get out of the way #BidenHarris2024 2/2"
"D50","P51","0","Dear left media, 
I dont understand. You claim to be a progressive like myself yet all you have been doing for 3 week is wetting yourselves over a single bad night. Biden is the nominee. So either do your part to help him win or wet yourselves in private.  1/2 #BidenHarris2024"
"D52","P52","0","#BidenHarris2024 #BidenHarrisToSaveDemocracy #Biden2024 #TrumpAssasinationAttempt #trumpstaged #StagedAssassinationAttempt 
#DemocraticParty 

Dear #USA,

We understand it.
Make sure you understand it too.
#NeverTrump 

Love, Canada.

-Halifax Herald, Michael DeAdder, cartoonist- https://t.co/0fAvFqzRuW"
"D53","P53","0","@DCDraino Maybe this will help

@FLOTUS is set to arrive at the Pittsburgh International Airport at 4pm on Saturday. @FLOTUS will speak at an Italian Sons and Daughters of America dinner at 5 p.m.

#DonaldTrump #BidenHarris2024
#Biden2024 #TrumpAssasinationAttempt

https://t.co/Qs3gGtu6MK https://t.co/V0QNbp8Ic0"
"D54","P54","0","Biden is running as the nominee of the Democratic Party Biden Won the primarys Amal Clooney amp George Clooney dont get to change  the nominee because they are elites No one does The voters chose Biden We the people are galvanized behind our President #BidenHarris2024"
"D55","P55","0","@bfitz944 It broke my heart.  And I got so angry because my MAGA fam had just sent out an email about how Biden is murdering babies.  I may have to separate myself from them even more until this is over. #BidenHarris2024"
"D56","P56","0","@johnastoehr #BidenHarris2024      Biden is an excellent President."
"D57","P57","0","If he needs money, we have to do the maga thing and all of Bidens supporters send him money. #BidenHarris2024ToProtectDemocracy"
"D58","P58","0","VERY disappointed in @AndyKimNJ and @RepAdamSchiff 

They need to get on board and support Joe Biden. Period.
#BidenHarris2024 #BidenHarrisToSaveDemocracy"
"D59","P59","0","@hakeemjeffries Not another  to the @dccc until you get you fucking caucus under control. @HouseDemocrats are a disgrace.

@nytimes 
@washingtonpost 
@politico 
@Axiou 
@thereidout 
@Lawrence 
@TheLeadCNN 
#Biden
#BidenHarris2024 
@RepAdamSchiff https://t.co/orX2PSXNOl"
"D60","P60","0","@kenklippenstein 1,253 do not represent 160,000,000 voters.  Biden raised 38 million AFTER the debate 
#BidenHarris2024 https://t.co/eTPVceV6CW"
"D61","P61","0","Lets say Biden wins. Does he step down before the mid-term elections to pass it over to Harris or does he step down after

I could see the GOP using an angry Black woman President to drive out their base in the midterms. 
#BidenHarris2024"
"D62","P62","0","#BidenBoom #BIDEN #BidenHarris2024 #BidenHarrisToSaveDemocracy 

Alright folks, heres your mission. 

Make this viral. Send it to everyone who votes. Send to everyone who thinks Biden is too old or mentally unfit for office. 

LISTEN TO THE PROFESSIONALS
https://t.co/zLhQq6KMq2"
"D63","P63","0","drive the GOP narrative that hes old amp feeble minded instead of showing well thought out amp thorough statements. #BidenHarris2024 #RidingWithBiden"
"D64","P64","0","@RichardAngwin @AdamSchiff #BidenHarris2024ToProtectDemocracy 
#VoteBlue2024ProtectDemocracy 
Adam,you really are a disappointment.  President Biden  has been  exceptional in his first term and will be exceptional in his second."
"D65","P65","0","@thejackhopkins Its what is exasperating about anti Biden Democrats lack of foresight
causing disunity.
#BidenHarris2024"
"D66","P66","0","@CoffeyTimeNews Im sticking with Biden
#BidenHarrisToSaveDemocracy 
#BidenHarris2024 https://t.co/quQeR5Gk6S"
"D67","P67","0","Get to work. If youre anti-Maga, or anti-Trump, then get to work and register voters. Take people to polls, make a plan. Talk to friends and strangers. Educate. Show up Your life amp your families lives depend on it. #BidenHarris2024ToProtectDemocracy https://t.co/zIUsi8NQWi"
"D68","P68","0","@HouseDemocrats @SpeakerPelosi @RepJeffries @SenSchumer Americans are sick amp tired of the Republican Party. Lets come together amp defeat this horrible MAGA menace #BidenHarris2024"
"D69","P69","0","@cornellbelcher My city is an obstacle course of infrastructure projects thanks to @Joebiden.  Thanks old man.  We appreciate it.

#BidenHarris2024"
"D70","P70","0","#BidenHarris2024 #Biden2024 https://t.co/n2TiS5tfkb"
"D71","P71","0","If the gop can somehow rally behind their very bad man and destroyer of a nominee. I think the dems can get behind, stand behind and fully support their very good man and proven producer Joe Biden.
#BidenHarris2024 
Now more than ever."
"D72","P72","0","#StopProject2025. Simply by voting 
For #BidenHarris2024 . Easy. Dont move our years backwards. Our children and their children deserve the same rights weve had all these years.
#TrumpIsNotFitToBePresident"
"D73","P73","0","CLICK TO START 

If you want Democracy and America to win ..
Unite and support President Joe Biden 

Adam Schiff Pelosi Katie Porter  #BidenHarris2024 #BidenHarrisToSaveDemocracy 
#TrumpIsProject2025 https://t.co/deREvZMrkd"
"D74","P74","0","@RepAdamSchiff has just ruined his political career

Biden is not dropping out and Im voting for himI will not be supporting any one, ever again, who calls for him to step aside from this moment forward

#BidenHarris2024"
"D75","P75","0","@ProjectLincoln I turned off cable news 3 months ago  Voting for Biden. #BidenHarris2024 #staythecourse #BidenHarrisToSaveDemocracy "
"D76","P76","0","@WajahatAli F these Russian troll bots, Kamala is in action, has been, and we voted the Biden/Harris ticket in the primary. Anybody that didnt like it could have voted otherwise then. We have our nominees, period. #BidenHarrisToSaveDemocracy 
#BidenIsAGreatPresident 
#BidenHarris2024"
"D77","P77","0","@MSNBC Nah pass.
#BidenHarris2024 all the way.
And @MSNBC need to concentrate on real news like billionaires trying to buy an election by flooding media with anti Biden/proTrump bs and police murdering a guy because of RNC hysteria."
"D78","P78","0","@johnastoehr Do not understand elected prominent democrats throwing Biden to the curb, when all they have to do is support #BidenHarris2024  knowing, should anything happen to Biden, Harris is ready amp able to step in.
#BidenHarris2024ToSaveDemocracy #VoteBlueUpAndDownBallot 
We will win."
"D79","P79","0","#Gaza stories : Losing the unique son ...

#Biden enabled this and #Israel did it..

#GazaGenocide 
#BidensBloodbath 
#Bidenisawarcriminal 
#Biden2024 
#BidenHarris2024 
#BidenHasBloodOnHisHands 
#IsraelisATerorrist"
"D80","P80","0","@RepAdamSchiff 
Californians had your back amp you  stabbed us in ours. 
Your lack of loyalty is disgraceful. 
Joe Biden is the only thing standing between us amp the total decimation of democracy. 
#BidenHarris2024"
"D81","P81","0","@DrDinD I Know JOE
I Trust JOE
MY Fellow DEMOCRATS 
#BidenIsAGreatPresident 
And YES DOC...
IT IS A  KNOWN  FACT
JOE BIDEN GETS SHIT DONE 
#BidenHarris2024 https://t.co/RTAHpIFYMv"
"D69","P82","0","We CAN do hard things,
when some of our party stops being spineless.

#BidenHarris2024"
"D83","P83","0","@Lovinthe808 I have always voted democrat ticket, and definitely wont stop now Biden all the way #BidenHarris2024ToProtectAmerica"
"D84","P84","0","This is why Biden will win We have people on the ground like this man. #BidenHarris2024"
"D85","P85","0","@NewsHour Thank you President Biden.   This guy knows how to strike bipartisan deals that help each and every American 

#BidenHarris2024"
"D86","P86","0","@MarkInColumbo @moabbikr @CoachZachSmith #BidenHarris 
#BidenHarris2024 
#BidenHarrisToSaveDemocracy 
#BidenHarris2024ToProtectAmerica 

This Veteran is #VotingBlue #TopToBottom darlin"
"D7","P87","0","Im riding with Biden all the way to the voting booths in November 2024. Move out of the way, naysayers  #StillRidingWithBiden2024  #RidingWithBiden #BidenHarris2024 #Biden2024"
"D88","P88","0","@HouseDemocrats Tell your caucus to show some backbone and stop doing the work for the GOP. #BidenHarris2024"
"D89","P89","0","Republicans: Joe Biden has Dementia - he is an old man on his last leg.
Also Republicans - Biden was the mastermind of a USSS plot to take out Trump. He is an evil Genius
Newsflash MAGA morons: Biden cant be BOTH at the same time 
#TrumpIsNotFitToBePresident 
#BidenHarris2024"
"D90","P90","0","I supported @ewarren.  She had a plan for everything.  Remember when the most competent person in the race lost her own home state in the primary  For the Dems wanting Biden out, whats your PLAN  Serious question.  Convince me.  Otherwise, #Enough #BidenHarris2024"
"D91","P91","0","@TeaPainUSA Ridin With Biden 
#BlueWave2024 #BidenHarris2024 #NAFO https://t.co/VdzQvstvFr"
"D92","P92","0","@RpsAgainstTrump The DNC will have polls that show a bump for Biden/Harris.

and no one else.

#BidenHarris2024 
is our ticket.

we will not be disenfranchised."
"D93","P93","0","Rep. Adam Schiff calls on Biden to drop out of election contest, warns of losing Congress https://t.co/I1tX0WSFTJ Shameful. If we lose the election, cowardly Democrats will have noone to blame but themselves. #BidenHarris2024 #Wednesday"
"D94","P94","0","@RepAdamSchiff - I am so mad at myself for my past support of you.  #BidenHarris2024ToProtectDemocracy 

You know that.  I am disgusted by your lack of loyalty to Biden, to the voters who voted for him already, and to democracy."
"D95","P95","0","@RpsAgainstTrump @GenGrant @RepAdamSchiff 
I was a sure vote for your Senate run
Until now
Youve betrayed me 
BIDEN CAN BEAT amp WE WILL VOTE FOR HIM
But youre a Coward
I will NEVER Vote for a Coward
#BidenHarris2024"
"D96","P96","0","Biden Says Hed Consider Dropping Out if a Medical Condition Emerged https://t.co/5v1fBqmhtD

Medical conditions started to appear years ago 
@TheDemocrats 
#BidenHarris2024"
"D97","P97","0","HOLD THE LINE, @JoeBiden WE GOT YOU 
#Biden2024 
#BidenHarris2024 
#RidingWithBiden 
#RidinWithBidenHarris2024"
"D98","P98","0","@AmyLynnStL @RepAdamSchiff As my sainted nana used to sayYou never switch horses midstream. Biden is literally the only person who can defeat Trump. Im voting #BidenHarris2024 "
"D99","P99","0","#AbortionIsHealthcare #BidenHarris2024 #Biden2024"
"D100","P100","0","@NewsHour Californians make up 23 of 14.2 million primary voters and if my calculation is right, nearly 20 of pledged delegates who chose Biden as their candidate @RepAdamSchiff just disenfranchised fellow Californians. Duplicitous and not democratic. #BidenHarris2024ToProtectAmerica"
"D101","P101","0","

#VOTEBLUETOSTOPTHESTUPID   #Shooter #Staged #RepublicanParty #DonaldTrump #SecretService #Trump #DiaperDon #OrangeJesus #Pennsylvania #HowCouldYouMiss #DemVoice1 #BidenHarris2024 #GOP #TrumpIsNotFitToBePresident #TrumpAssassinationAttempt #TrumpsProject2025 #Project2025"
"D99","P102","0","The only thing Trump writes at 10pm is a narcissistic, dictator-wannabe, hate-filled, raving lunatic Tweet. Oh, Im sorry. Truth. 
#BidenHarris2024 #Biden2024 #TrumpAssasinationAttempt #TrumpPedoFiles #TrumpIsNotFitToBePresident #TrumpIsProject2025 #Trump2024"
"D103","P103","0","@WalshFreedom We know that President Biden pulled America back from the brink of collapse amp he is getting shit done for Americans.
We voted for him in the primaries amp there is no way in hell we can flip candidates at this point.
He beat Trump before amp he will beat him again.
#BidenHarris2024 https://t.co/pDbE6bp3Az"
"D104","P104","0","@MSNBC Hey @RepAdamSchiffwhat happened to We the People
Are you listening to those who voted for you Were backing President Biden .
Or have you decided to put powermoney over our country 
To say Im shocked and disappointed is an understatement
#BidenHarris2024"
"D105","P105","0","@Juliest101 Be careful what you wish for.  #Trump2024 #BidenHarris2024"
"D106","P106","0","I dont think its helpful to keep harping on President Biden to step down. Representatives should not be negating what voters have voted for. Theyre not the final arbiters Start campaigning to get out the message and the vote #BidenHarris2024"
"D107","P107","0","@tify330 Im in PA. Montgomery County, the 3rd largest county--Philly burbs. Weve had a Biden field organizer on Zoom calls with township-level Democratic committee the past 2 nights. New or lapsed Dems showing up on calls and canvasses. We are re-electing #BidenHarris2024."
"D92","P108","0","@JillFilipovic Dont buy into this panic. 
polls always favor the convention nominee while they are going on
Biden will have his bump too.

#BidenHarris2024"
"D109","P109","0","1/ Trump chose JD Vance as his running mate because Vance will enable Trumps extreme MAGA agenda, even if it means breaking the law and harming Americans. #BidenHarris2024"
"D110","P110","0","Overcome all weaponization of gop election suppression , vote count has to be 100,000,000 #BidenHarris2024 #VoteBlueDownBallott  #TrumpsProject2025 will destroy the United States of America. 
This mania of whatever the hellscape of Heritage Foundation posing as gop convention"
"D111","P111","0","#TrumpIsNotFitToBePresident #TrumpIsProject2025 #Biden2024 #BidenHarris2024 #BidenHarrisToSaveDemocracy Please retweet this."
"D112","P112","0","@AdamSchiff Adam Schiff, you are a HUGE DISAPPOINTMENT. There is no one better than Joe Biden to run on the Democratic ticket amp no one better to lead our country. Youre a traitor amp you should drop out, let Katie Porter in. #BidenHarris2024"
"D99","P113","0"," Agreed. Oh no. I agreed with DeSantis. #BidenHarris2024 #Biden2024 #TrumpAssasinationAttempt #TrumpPedoFiles #TrumpIsNotFitToBePresident #Trump2024 #TrumpIsProject2025"
"D114","P114","0","@Abbeth @BaddCompani @RepAdamSchiff @PatRyanUC @jahimes Im With @BaddCompani 
#BidenHarris2024ToProtectDemocracy"
"D115","P115","0","@AdamSchiff Im with President Biden get on board or get out of our way #BidenHarris2024"
"D116","P116","0","Agreed #BidenHarris2024 Im sick of all these racists and ageists telling him to resign  Biden is staying in haters"
"D117","P117","0","@BGThompsonMS Too late in the race to change horses, too late in the campaign to change candidates.
Everyone Democrats, Independents, and even Republicans needs to focus on Biden/Harris winning this election to defend out Constitution, our rights, and our democracy.

#BidenHarris2024"
"D118","P118","0","Hop on the Biden/Harris train or get the fuck out. The time for your temper tantrum is over. Do you want to live in a Neo Christian Theocracy #BidenHarris2024"
"D119","P119","0","@ConnieCassidy67 @harrisonjaime I second this. Biden is the ONLY democrat I trust to defeat the fascist threat that the lying convicted felon, rapist, and pedophile represents. They need to knock it off right now. #BidenHarris2024 #BidenHarrisToSaveDemocracy https://t.co/0xzwJxoqM6"
"D120","P120","0","@SpeakerPelosi 
@POTUS44 
@RepAdamSchiff 
Stand fast with Biden Listen to the great Rachel Bitecofer. #BidenHarris2024 "
"D121","P121","0","@HouseDemocrats @SenateDems @RepAdamSchiff @clairecmc @SpeakerPelosi @DNC @harrisonjamie 

If every sport team acted like this they would never win.
Support Biden
This weak pathetic he cant win crap is BS  We have our ticket
Now we need to #FightFightFight

#BidenHarris2024 https://t.co/rw3Xrk5o9C"
"D122","P122","0","@QasimRashid trump PUTIN amp MAGA are and will be pulling out all the stops, performing all the stunts, creating all the CHAOS and FEAR to get us to vote trump. Only going to GET WORSE amp more INTENSE. False flag events are one of them. DONT FALL for it. IGNORE the NOISE.
#BidenHarris2024"
"D123","P123","0","THIS
STOP WHINING FOLKS AND GET TO WORK.
We have but one job to do and that job is the 
re- election of President Biden and VP Harris
#BidenHarris2024"
"D124","P124","0","Everyone deserves their own bank amp Joe Biden has a plan for that. Its a dumb plan but you shouldnt be surprised. He loves you LatinX folks, by the way. #BidenHarris2024 https://t.co/y9jsgmokTg"
"D125","P125","0","@VitaminDeon Same Here
Im #VoteBlue
#BidenHarris2024 
BIDEN BACKED SCHIFF
SCHIFF NOW MAGA

When Republicans lacked the courage to stand up to the most unethical president in history, they consoled themselves by attacking those who did. Im not backing down

https://t.co/mmgkMqQmdr"
"D126","P126","0","@WOLFwisdom58 @eddsmitty That monkeys face said This bullshit again Which is how I feel about these Democrats demanding Biden step down, even though they knew he was old over a year ago and said nothing.  #StopTrumpsProject2025 #BidenHarris2024 #VoteBlueDownBallott"
"D127","P127","0","@MaggieHca @steffieweffie @inminivanhell #BidenHarris2024"
"D128","P128","0","#RidenWithBidenHarris2024 #RidenWithBiden #Biden2024 #BidenHarris2024ToProtectAmerica #BidenHarris2024ToProtectDemocracy"
"D129","P129","0","Trump Is Not Fit To Be President Shirt
#TrumpIsNotFitToBePresident #TrumpIsProject2025  #BidenHarris2024 #biden
https://t.co/lP9QWM1fCw"
"D130","P130","0","@yashar Adam and Eve will never make it to the Whitehouse as POTUS and FLOTUS. He will only be an invited guess of the Bidens. Turncoats lose every time. #BidenHarris2024"
"D25","P131","0","@TheUSASingers Im #StillRidingWithBiden2024 
#BidenHarris2024 "
"D132","P132","0","@MissesDread Its President Biden, everyone.
#Biden2024 
#BidenHarris2024 
#BidenHarrisToSaveDemocracy 
#PresidentBiden"
"D133","P133","0","@DogginTrump You know the GOP has scandals ready to drop on any replacement and they dont care if theyre true or not. The closer to the election the less time to counteract their lies. Theyve been trying this with Biden for years and have nothing. #BidenHarris2024"
"D134","P134","0","@ezraklein Im riding with Biden #BidenHarris2024"
"D135","P135","0","@mjfree I do.  But do not one of us think, we got this, sit back, amp fail to vote.  The landslide comes when all who know Biden is so much the correct choice, and voices that choice via a ballot.
#BidenHarris2024"
"D136","P136","0","@AmyLynnStL Nope. Voting for Biden. #BidenHarris2024"
"D137","P137","0","And how do you feel about it  Are you ashamed 
@dominicw @dfinity #ICP #Dfinity #icparmy #8yearsgang #BidenHarris2024 #Biden2024 #Trump2024 #MAGA https://t.co/Cdgkc9gHZs"
"D138","P138","0","@catturd2 #PresidentJoeBiden  #Biden2024 #BidenHarris2024 #VoteBlue2024 #TheBigGuy #Brandon2024 #Vote2024 #MAGABlue #DemocraticParty #DNC  #GetOutTheVote #Biden #BLUEMAGA #46th 

President Biden will have my vote again. https://t.co/tmNyXZLwxB"
"D139","P139","0","@costareports @TeamPelosi  as a voter it didnt  feel good to have rug pulled out from under us - Rep Schiff didnt consult with 14 million democratic primary voters in the Biden coalition either. We need your voice today to support for #BidenHarris2024"
"D140","P140","0","@hilaryr Ya know, if we all vote for Biden, hell win, right
Maybe stop mucking up the waters and put your support behind the ticket we ALREADY VOTED FOR.
#BidenHarris2024"
"D141","P141","0","Im #BidenHarris2024 ALL the way. Why Because Bidens STILL doing a kick-ass job. Hes got a grueling schedule that Trump never had even when he was in the White House. By all indications, Biden IS the one who can and will beat Trump again, even though theyre BOTH aging. 1"
"D66","P142","0","@LePapillonBlu2 Biden is the path to stopping Project 2025
#BidenHarrisToSaveDemocracy 
#BidenHarris2024 https://t.co/gjijMUigZA"
"D143","P143","0","#Democrats force out lawbreakers.

#Republicans nominate them for president.

#BidenHarris2024 #TrumpAssasinationAttempt #Trump2024 #TrumpIsNotFitToBePresident https://t.co/v5Xwv9K4D5"
"D144","P144","0","BREAKING: The Dow Jones has passed 41,000 for the first time in its history. Inflation is cratering. Costs for groceries, gas, amp housing are plummeting.
The Biden economy is roaring
Thanks President Joe Biden @potus
#BreakingNews #joebiden2024 #BidenHarris2024 #USA #america https://t.co/mQYEnNz4oP"
"D145","P145","0","#BidenHarrisToSaveDemocracy 
#BidenHarris2024 https://t.co/bVI8LeXnbp"
"D146","P146","0","#Trump2024
#BidenHarris2024 #TikTok https://t.co/h4zgjxuvC9"
"D147","P147","0","#BidenHarris2024 polling going up while bedwetting #Democrats keep crying for Biden to step down.

What is their true motive

#TrumpIsAnExistentialThreat 
#TrumpIsNotFitToBePresident"
"D125","P148","0","@RepAdamSchiff STEP DOWN SCHIFF I admired you  the most in US House, Then you call the criminal President Trump, not Former, Just before you ask OUR PRESIDENT Biden to DROP OUT  HELL NO

WHERE ARE YOU At PUTINS MANSION

#BidenHarris2024 
#VoteBlueDownBallott

https://t.co/VVWDxiyiCM"
"D149","P149","0","#bleachblondbadbuiltbutchbodies #clones #MAGA #Trump2024 #BidenHarris2024 #GOPDomesticTerrorists #GOPWomen https://t.co/GrkZqCHBec"
"D150","P150","0","A vote for Biden IS a vote for Kamala. #BidenHarris2024ToSaveDemocracy"
"D151","P151","0","@RepAdamSchiff if the news article in Politico is true you and youre asking Biden to step down, just lost my vote
#BidenHarris2024 
#RidenWithBidenHarris2024"
"D29","P152","0","#RoeVWade #Roevember #TraitorTrump #Biden2024"
"D153","P153","0","@JoeBiden @KamalaHarris #Biden2024 #Bidenisawarcriminal"
"D154","P154","0","@Lovinthe808 The members of my family who are open about political affiliation are all republicans. Ive never fit in with them or the super red county where I live. No amount of peer pressure could ever make me vote Republican. Ive been a Dem since the day I cast my first ballot. #Biden2024"
"D155","P155","0","And she could/should have been the next senator of California, Barbara Lee stands with Biden.

#Biden2024"
"D156","P156","0","#Rhetoric #AZGOP #Grifter #TheBigLie #Biden2024 #PHOENIX #AZPolitics #VoteThemAllOut"
"D155","P157","0","Go ahead Nancy.

#Biden2024"
"D158","P158","0","Project 2025: Mandate for Leadership  Chapter 2: Executive Office of th... https://t.co/4AAXYvF5Md via @YouTube #Project2025 #Trump2024 #Biden2024 #Election2024 #TrumpShot #RNC2024 #DNC2024"
"D158","P159","0","Project 2025: Mandate for Leadership  Chapter 1: White House Office Au... https://t.co/yMWTpHy2Ks via @YouTube #Project2025 #Trump2024 #Biden2024 #Election2024 #TrumpShot #RNC2024 #DNC2024"
"D160","P160","0","83-year-old former journalist Curtis Wilke, who hasnt seen Joe Biden for 17 years, thinks hes too old to run for President again, and apparently the Purple MAGA Red Republicans pretending to be Blue Democrats think this is big news.

#journalism #bias #Biden2024"
"D161","P161","0","@UrielEpshtein @chessninja Enlightening is the word I would have chosen 
Forewarned is my second choice
#Biden2024"
"D162","P162","0","@Delavegalaw @AllanLichtman That would go for #NeverTrumper Republicans 
They need to stop the handwringing on air. Its #Biden2024"
"D163","P163","0","@mmpadellan #Biden2024 https://t.co/Q733XbwWZs"
"D164","P164","0","I found out how this pathetic #Biden2024 quasi ad, got to me. I only need 3 words for the answer: Cornell, Climate amp Change.Sure, #Biden is my man#Bidenomics #BidenBorderCrisis  #Economics #Inflation, amp #DEI ..
These are enough examples why #Trump has my vote. #Trump2024 https://t.co/vzc6DvbAlY"
"D165","P165","0","@mjfree  Im with Biden
#Biden2024
#VoteBiden"
"D166","P166","0","@AdamSchiff @MikeLevin @gregstantonaz 

Please back our president, #Biden2024 or we cant back you anymore"
"D167","P167","0","@NuanceBro Didnt he say during the debate that he wouldnt drop out, but that if doctors gave a bad diagnosis that he would need to have a serious conversation Something like that anyway.

Definitely giving himself an out, which he shouldnt because hes sharp as a tack/as ever #Biden2024"
"D168","P168","0","@Acyn Yes Yes, for many reasons, one main reason is my mental health I no longer wake up every morning wondering  what trump effed up while we were sleeping.

#Biden2024"
"D169","P169","0","Hes not wrong
#Biden2024/HesNotTheClownInThisFuckingCircus

We should not stop telling the truth: Biden rails on Trump at NAACP event https://t.co/bPnapbyqgC"
"D170","P170","0","@mjfree I think Biden will win in November. #Biden2024 #VoteBlueDownBallott"
"D165","P171","0","@mmpadellan @AdamSchiff You too @RepEdCase 
Job One is to win the election, then run the government.  Who else is gonna do both
I trust Joe and his team.
#Biden2024
#VoteBiden"
"D172","P172","0","#Biden2024 Biden, bir salk durumu ortaya kt takdirde 2024 seimlerinden geri ekileceini sylemi."
"D173","P173","0","@KobeissiLetter #Biden2024"
"D174","P174","0","Only the Democratic Party would turn on one of the most productive Presidents in modern history. 
And only the Republican Party would walk lock step with a convicted felon, rapist and candidate who lost their bid for reelection. 
Demsgrow THE FUCK UP
#Biden2024"
"D175","P175","0","Hes not wrong
#Biden2024/HesNotTheClownInThisFuckingCircus

We should not stop telling the truth: Biden rails on Trump at NAACP event https://t.co/bOXpOo0epZ"
"D169","P176","0","Hes not wrong
#Biden2024/HesNotTheClownInThisFuckingCircus

We should not stop telling the truth: Biden rails on Trump at NAACP event https://t.co/bPnapbyY6a"
"D177","P177","0","@MurphyLawson1 We are the only ones that will Unite. Not the maga  #Biden2024"
"D178","P178","0","#BidenDelivers #StandWithBiden #Biden2024"
"D179","P179","0","@RepAdamSchiff #Biden2024"
"D180","P180","0","@RepAdamSchiff WTF is wrong with you What upside-down bizarro world is this where youre telling President Biden to step aside Big donors got to you, Im guessing. You will never get this stench off of you. #BackBidenHarris #WeBackBidenHarris2024 #RidinWithBiden #WeBackBiden #Biden2024 https://t.co/pulAIZcKCs"
"D181","P181","0","#OHSenate #OHPolitics #OHLeg #OHSen #VoteBlue #Ohio #Biden2024 #Project2025"
"D180","P182","0","@AdamSchiff WTF is wrong with you What upside-down bizarro world is this where youre telling President Biden to step aside Big donors got to you, Im guessing. You will never get this stench off of you. #BackBidenHarris #WeBackBidenHarris2024 #RidinWithBiden #WeBackBiden #Biden2024 https://t.co/jlvx8fRild"
"D183","P183","0","It is not about putting Joe back in the office, it is about keeping Trump out. Its that simple. #Biden2024"
"D165","P184","0","@TeaPainUSA #Biden2024 https://t.co/YtnS1L5CBI"
"D185","P185","0","Maybe - maybe not.  To each his own.
#wednesdaythought #Project2025 #World #Trump #Biden2024 #PumpRules https://t.co/ok31iCyWce"
"D186","P186","0","@catturd2 He did it by himself just like the countless other WHITE boys that have committed their massacres. #Biden2024"
"D187","P187","0","Dear Democrats,
Is Biden going to...
Take away Social Security
Undermine public education
Take away access to birth control
Reduce women to incubators
Sell off our public lands
Undermine unions
Make food less safe
Raise taxes on the MC
NO
But Donald Trump will.

#Biden2024"
"D188","P188","0","@cenkuygur Biden is fine. #BIDEN2024 LFG"
"D189","P189","0","@TimMurtaugh I understand why some may question or criticize Joe Bidens claims about his past accomplishments. However, its important to remember that he is just one person and we should focus on the policies and ideas he puts forth rather than his personal history. #Biden2024"
"D190","P190","0","Check out NFTs on USA Politics including Trump amp Biden NFTs ... 

#Trump #Biden #RNCConvention2024 #Biden2024 #Trump2024 #Trump2024MAGA #MAGA2024 #MAGA #TrumpVance2024 #TrumpAssasinationAttempt"
"D191","P191","0","@AdamSchiff @TeamAdamSchiff I gave it to you, and now youve betrayed my trust.
#Biden2024"
"D192","P192","0","@RachelBitecofer #Biden2024"
"D193","P193","0","Dems are energized for #Biden2024 "
"D194","P194","0","HOW THE FUCK ARE YOU GOING to be able to get all new merch, all new ads, all new signage
HOW @TheDemocrats 
Let alone meet all the county deadlines with an August conference
FUCK OFF with this bullshit of removing Biden
 #Biden2024"
"D195","P195","0","@Tazerface16 @AdamSchiff @SpeakerPelosi @RepJeffries   #Biden2024"
"D195","P196","0","#Biden2024"
"D197","P197","0","As soon as DNC feels the momentum has shifted which wont be too long, Biden will have a medical emergency which will, sadly, prevent him from running an effective campaign. Its not the if, its not the when, its who that I worry about.
#Trump #Biden2024 #Election2024"
"D73","P198","0"," BIDEN WILL BE RE-ELECTED 

Polls are rarely accurate and are biased against Democrats who outperform polls time after time.

65 of Democrats #Biden #Biden2024 #BidenIsAGreatPresident https://t.co/WHI4XaT4d2"
"D199","P199","0","#BidenHarrisToSaveDemocracy 
#Biden2024"
"D200","P200","0","Project 2025 is extremist, authoritarian and even dystopian. The plans authors have said in a statement to NewsNation that they are not tied to #Trump but evidence presented proves otherwise. #ProjectFascism2025 If you value you rights, then #VoteBlue2024 Get Behind #Biden2024"
"D201","P201","0","#17luglio oltre #Olimpiadi #Paris2024 #ParisOlympics2024 #TourdeFrance2024 #Cabal #upas #Bossetti #Sacchi #reazioneacatena #Vance #Baggio #PartitaDelCuore #Trump #MilanTSTheErasTour #Biden #CapitolHill #Vance #Biden2024 tempo per #uominiedonne che amano https://t.co/MIKDOpsHJs"
"D29","P202","0","#TraitorTrump #GOPConvention #LetsGoJoe #Biden2024"
"D203","P203","0","@mjfree #Biden2024"
"D204","P204","0","@JoanneMason11 Im not voting for a rapist, pedophile,wanna be dictator, Putins puppet, felon,traitor and overall piece of shit. I want my daughters to have rights over their own bodies, I dont want my neighbors in camps,  I want my freedoms. His policies were terrible. Vote Blue #Biden2024 https://t.co/KHomjp0AKI"
"D205","P205","0","The ONLY candidate NOT spreading HATE amp calling for violence is #Biden2024 they, #BidenHarrisToSaveDemocracy are the only ones not whining amp have actual situational analyses amp issue based plans #TrumpIsPathetic #RFKJrEck no plans just bitches"
"D206","P206","0","BREAKING NEWS: Classmate of Thomas Matthew Crooks, who try to Assassinate President Trump states he was a Trump Hater.

I knew CNNs article was not credible.

Finally an actual video taped interview of the of the classmate.

#Trump2024 #Biden2024 #Democrats #Republicans https://t.co/2QyohYhk80"
"D207","P207","0","I asked GROK to List reasons why Mitch Landrieu would make a great presidential candidate
#DNC  #Biden2024  #ReplaceBidenNow 

GROK Answer:
Mitch Landrieu has been recognized for his leadership and communication skills, which are essential for a presidential candidate. He has"
"D208","P208","0","@ABC7 @RepAdamSchiff what is wrong with you Get with the program.  #Biden2024"
"D209","P209","0","@cbouzy I called his officevoicemail full. No kidding. #Biden2024 https://t.co/sUZ12fwVFh"
"D210","P210","0","Democrats are really trying to push Joe Biden out at the 11th hour this isnt building confidence in the American voter and could really damage our chances of winning  

#Biden2024 #Democrats"
"D211","P211","0","This is a threat 2 Democracy. Once again #Biden2024 is leaning towards #Tyrant using Executive Branch 2 try by fiat 2 usurp control over a co-equal branch of government.

#Constitution #BidenIsAGreatPresident has ignored #SCOTUS ruling on college loans."
"D212","P212","0","@thejackhopkins #WontBackDown #DarkBrandon #EnoughAlready #JoeKnows #Biden2024 #STFU #ScrewSchiff #AdamSchiff https://t.co/fXqCl5WzYR"
"D213","P213","0","@SamJownes @Jan2021FAN I do And wish the negative bullshit would just stop 
#Biden2024 
#RidenWithBidenHarris2024"
"D214","P214","0","#Biden2024  #RidinWithBidenHarris2024"
"D212","P215","0","@AmyLynnStL #WontBackDown #DarkBrandon #EnoughAlready #JoeKnows #Biden2024 #STFU #ScrewSchiff https://t.co/wgvkZPGwRV"
"D213","P216","0","@CorrinaLeeB @TedOConnor54 
Followed and reposted. 
#Biden2024 
#RidenWithBidenHarris2024"
"D160","P217","0","#DoJ Special Counsel Jack Smith has filed a notice of appeal the first step of an appeal regarding Judge Aileen Cannons decision to dismiss the #ClassifiedDocuments case against Donald #Trump in #Florida. 

#TrumpTrials #TrumpIsAConvictedFelon #Biden2024 #auspol"
"D218","P218","0","@RepAdamSchiff 
If you and the other kids arent happy, perhaps you should take your balls and go home.
#BIDEN2024"
"D219","P219","0","Vote for Joe
Not the psycho #Biden2024"
"D220","P220","0","@acnewsitics The media wants Trump again . 
Not me , #Biden2024"
"D7","P221","0","Thats my President  too. LFG #GenZ  cc @POTUS @davidhogg111 #RidingWithBiden2024  #Biden2024"
"D209","P222","0","@isaiahrmartin @JoeBiden LFG.  #Biden2024 https://t.co/odKTVKsut6"
"D223","P223","0","Bad cold #Biden2024 https://t.co/OEeaH5l2Bj"
"D224","P224","0","@emmyruiz @JoeBiden @BernieSanders Senators Bernie Sanders amp Elizabeth  Warren have been two of the best surrogates as to why #Biden2024 is the best person to continue making good the promise of a more perfect union"
"D225","P225","0","It would be really great if @BarackObama said something publicly either in support or not regarding  @POTUS, what is he hiding from, or scared of. #Biden2024"
"D226","P226","0","Ill take Kamala ANY DAY over Trump or ANY REPUBLICAN thank you very much

#TrumpIsNotFitToBePresident #Biden2024"
"D227","P227","0","@RepAdamSchiff its time for #Democratic Unity. Were #RidingWithBiden #Biden2024"
"D228","P228","0","Has Hope Lost Its Perch
https://t.co/vyLn5nr2NG @ChuckCascio #Boomers #Politics #Trump #Biden #Biden2024 #Elections2024 #politics #debate #USA"
"D229","P229","0","@2b4y2 @FrankMikeDavis1 @JoJoFromJerz #RidinWithBiden #Biden2024
#VoteForJoeNotTheConvictedFelon https://t.co/X13JEOLoN0"
"D230","P230","0","#Biden2024 in town https://t.co/Np8fvIrqH3"
"D231","P231","0","I wish someone would take J.D Vance amp Castrate him for thinking like this. This is an example of why they should NEVER be in Government amp need to get voted out in November #Biden2024 #VoteBlueAsifYourLivesDependonit #VoteBlueToProtectWomenRights #VoteBlue2024ProtectDemocracy"
"D232","P232","0","@AdamSchiff 
Disappointed  in you.
#Biden2024 
#VoteForJoeNotThePsycho https://t.co/YqN0X56W9r"
"D233","P233","0","@Acyn Yes We are #Biden2024"
"D234","P234","0","@isaiahrmartin @JoeBiden Yes we do  #Biden2024  https://t.co/fHFmjSQVdq"
"D235","P235","0","This narrative is likely being pushed by Trump and Putin. It stinks of an #ActiveMeasure. Biden is strong, has a photographic memory and has a greater length of experience in government service. Our economy is breaking records with jobs, low unemployment and the DOW. #Biden2024"
"D236","P236","0","@UROCKlive1 @RepAdamSchiff I am in northern California, and I just called. 
I was baffled to hear this, as I have always respected him.
#Biden2024  https://t.co/fnsywPdNwV"
"D237","P237","0","@brucesteiner  #Biden2024"
"D238","P238","0","#RepublicanViolence
Those at the @RNC hate pronouns, but keep saying  they tried to kill trump Welp, the they is Republicans. They tried to kill @MikePence 

MAGA is the party of Violence. 
They dont belong in government. 

#TrumpsProject2025 is Anti-American 
Vote #Biden2024"
"D239","P239","0","@ezraklein DEM her, If they replace himBiden. I will not vote in the election. #Biden2024"
"D238","P240","0","@NikkiHaley #Voters...
Remember when Nikki used to tell the truth
Ask yourself, What happened
@POTUS @JoeBiden will always have your back. Why not give him your vote
The last 3.5 years the United States has been amazing for the economy and its only getting better
#Biden2024"
"D241","P241","0","#Biden2024"
"D242","P242","0","Under #Biden2024 :Record high stock market. Record high job creation. Record low unemployment. Falling inflation. Declining crime rates. Infrastructure Bill. And you want to change horses because the Prez is old Seriously That all you got"
"D243","P243","0","https://t.co/OTMnWh6Jd7
Thank freaking god someone high up in the democrat chain-of-command is speaking out. #Biden2024 I love you, but its time to leave."
"D201","P244","0","#17luglio oltre #Olimpiadi #Paris2024 #ParisOlympics2024 #TourdeFrance2024 #Cabal #upas #Bossetti #Sacchi #reazioneacatena #Yara #Baggio #PartitaDelCuore #Trump #MilanTSTheErasTour #Biden #CapitolHill #Vance #Biden2024 tempo per #uominiedonne che amano https://t.co/Td349pLFlf"
"D245","P245","0","#Biden2024"
"D246","P246","0","#Biden2024"
"D247","P247","0","@kangaroos991 Yes, its Joe Joe Joe              #BlueTsunami #Biden2024"
"D248","P248","0","#SavannahChrisley spoke at the #RNC about the Democrats corruption ...when BOTH of her parents are serving prison sentences for TAX FRAUD. 

You cant fix stupid. 
But you can vote it the fck OUT of this country. 

#TrumpIsNotFitToBePresident 
#VoteBlue2024ProtectDemocracy"
"D249","P249","0","A reminder that Trump/JD Vance do not support Ukraines fight for freedom.  #TrumpsProject2025 has a harmful MAGA agenda They are not a party of unity amp for the people. They want to turn America into a Russian like dictatorship. 

#VoteBidenHarris #VoteBlue2024ProtectDemocracy"
"D250","P250","0","It doesnt matter if you think Bidens in cognitive decline, if hes the candidate, you MUST vote for him. DO NOT sit out. Whatever  #VoteBlueAsifYourLivesDependonit #VoteBlue2024ProtectDemocracy"
"D251","P251","0","Yes, there is only one way: voting for Biden

#VoteBlue2024ProtectDemocracy"
"D252","P252","0","Yet another @GOP MAGA nailed for fraud. Grifting Republicans is the new Pandemic
#VoteBlue2024 https://t.co/KFevdt17FC"
"D253","P253","0","All those MAGAT accounts trolling/bugging you are mostly Russian Bots. They are programmed to make Biden look bad.
The good news is they cant VOTE
Confirm Youre Registered to Vote Dont let the #MAGA  Republicans Take Our VOTE Away #VoteBlue2024
https://t.co/ZtJbtwJvdh"
"D254","P254","0","This is the MAGA want to be dictator presidential candidate, #TrumpIsNotFitToBePresident. He is selling official assassination sneakers for 299 You Cammy make this st up. #VoteBlue2024ProtectDemocracy
#DemocracyIsOnTheBallot
https://t.co/3ZwJLTkpdj"
"D255","P255","0","protect our children  --  vote blue no matter who

VOTE OUT REPUBLICANS amp PROJECT 2025 #BlueTsunami 

#VoteBlue2024ProtectDemocracy Biden/Harris 
DEMOCRATS want Americans to live better, safer, easier

#VoteBlueToProtectYourRights
 ROEVEMBER https://t.co/IeYSHvrVbR"
"D256","P256","0","@CorrinaLeeB Im with you Corrina , I have #BidenHarris back . #VoteBlue2024ProtectDemocracy https://t.co/72sehhz6aw"
"D257","P257","0","JD Vance: Mega MAGA Misogynist https://t.co/WjL7SFkzK4 via @YouTube We dont need a women hating man like Vance in power #VoteBlue2024ProtectDemocracy #VanceHatesWomen"
"D258","P258","0","@RepAdamSchiff stop just friggin stop we dont want Biden to step down period full stop stop it 

Close Pelosi ally Schiff calls on Biden to drop reelection bid #JoeBiden #DonaldTrump #Impeachment #NancyPelosi #Senate
https://t.co/P5V37R9r6l"
"D259","P259","0","Their patsy isnt working anymore, all of Bidens corruption is about to get leaked to the public by the three letter mafias 
Close Pelosi ally Schiff calls on Biden to drop reelection bid #JoeBiden #DonaldTrump #Impeachment #NancyPelosi #Senate
https://t.co/Z8Sznt77RH"
"D260","P260","0","      :  . @VP @KamalaHarris @JoeBiden #USElections #KamalaHarris #JoeBiden2024 
Kamla Harris can become the president of America: Joe Biden. https://t.co/266uS3xDse"
"D261","P261","0","Donald Trump has my strong endorsement: Nikki Haley at Republican National Convention 
https://t.co/2cvSKkJBIl 

#nikkihaley #donaldtrump #joebiden #kamalaharris #rondesantis #southcarolina #wisconsin #milwaukee #cnn #foreignpolicy #presidentialcampaign #indicanews https://t.co/8zzut4POZd"
"D262","P262","0","Liar, liar pants on fire
The #MAGA #GOPConvention leadership 
Is telling #lies to the #American people.
Disgusting
You will lose.
Your Kung Fu is not strong 
#JoeBiden 
#KamalaHarris 
#DonaldTrump 
#ElonMusk 
#Democrats #Republicans 
#CNN #FoxNews #MSNBC #Newsmax #ABC"
"D263","P263","0","ABD Bakan Biden, salk sorunu olursa bakanlk yarn yeniden dnebileceini syledi

https://t.co/t1lwzLB1zq

#abd #joebiden https://t.co/TxGiLajctH"
"D264","P264","0","If your winning campaign issue is killing babies....you may be on the bad side . Also if youre on the side thats in favor of allowing kids to undergo sex changes without parents consent...you could be on the evil side #Election2024 #LiberalHypocrisy #JoeBiden #RNC"
"D265","P265","0","#Biden Em uma entrevista exclusiva na NBC, o presidente Joe Biden declarou que cometeu um erro ao pedir que Donald Trump fosse alvo, dias antes da tentativa de assassinato do rival republicano nas eleies.

#PIXTV #EUA #JoeBiden #Trump #NBC 

https://t.co/KW2OrrnjNa"
"D266","P266","0","So Important: MSNBC Analyst Says Adam Schiffs Call for Dementia Joe to Drop Out Signals That Pelosi Is on Board -  The Liberty Daily #Trump2024   #News #VoterFraud #DonaldTrump #LiberalSickness  #MAGA  #joebiden  https://t.co/4pIZL7pZ0d"
"D266","P267","0","Wisconsin mom nearly dies from frightening sleepwalking disorder that causes a very embarassing behavior #Trump2024   #News #VoterFraud #DonaldTrump #LiberalSickness  #MAGA  #joebiden  https://t.co/ZevX706Kqq"
"D268","P268","0","Rep. Adam Schiff calls on Biden to drop out of the race. 
 Hes the most prominent elected Democrat to do so until now.
@mkraju #AdamSchiff #JoeBiden #DemocraticParty 
https://t.co/jNXZnbKZZU"
"D266","P269","0","CDC issues urgent warning about six silent killers rising across the US - including incurable deadly fungus #Trump2024   #News #VoterFraud #DonaldTrump #LiberalSickness  #MAGA  #joebiden  https://t.co/FRmFNrOaxb"
"D266","P270","0","Afghanistan Gold Star families want strong leader Trump back in office and reveal Biden is STILL ignoring their calls to meet  Daily Mail Online #Trump2024   #News #VoterFraud #DonaldTrump #LiberalSickness  #MAGA  #joebiden  https://t.co/O9zQP9SsvR"
"D271","P271","0","Air Force violating federal law under Biden admin, GOP Rep says #Airforce #DOD #Airbase #JoeBiden
https://t.co/3pigpBPogC"
"D272","P272","0","@LeftofCntrfield @HollyAK @WajahatAli I will vote for Joe as a write in. This fascist bs does not work on Dems dude. Its MY vote and MY money. I give both to Biden. Wake the f up. We arent supporting any candidate doesnt support #JoeBiden. Not happening. We are already getting legal representation funded"
"D273","P273","0","If Biden has what is best for this nation in his mind and heart he will step asideClose Pelosi ally Schiff calls on Biden to drop reelection bid #JoeBiden #DonaldTrump #Impeachment #NancyPelosi #Senate
https://t.co/7FGDb9sQs5"
"D274","P274","0","Prominent Democrat Schiff calls for Biden to withdraw: Democrats aim to nominate before convention #Democrats #JoeBiden #DonaldTrump
https://t.co/5dOYNfG6Ry"
"D275","P275","0","#Burlar, #Astroloji,#Temmuz24,#Jul24, #MarsUransKavuum, #DonaldTrumpAttacked ,#Algol, #JoeBiden 
 Joe Biden  
21 Temmuz ile  25 Temmuz arasnda 
ABD Bakanlk makamndan 
feragat edebilir. https://t.co/3vMMeTjyWI"
"D266","P276","0","Fake blood, Trumps heeled shoes, a secret accomplice... and even aliens All the wild conspiracies swirling after the assassination attempt on the former president #Trump2024   #News #VoterFraud #DonaldTrump #LiberalSickness  #MAGA  #joebiden  https://t.co/buohUKNkMO"
"D277","P277","0","Biden: Doktorlarn uyarmas halinde seimden ekilirim #abd #joebiden #seim - https://t.co/VDiy3QVLyZ https://t.co/npYsz9a0kT"
"D266","P278","0","Trump shooter Thomas Crooks seen at rally an HOUR before shooting in shocking new video #Trump2024   #News #VoterFraud #DonaldTrump #LiberalSickness  #MAGA  #joebiden  https://t.co/yD4zAqAJ48"
"D266","P279","0","Disturbing moment woman drowns in shallow end of Las Vegas pool while clutching handrail... as swimmers walk past her #Trump2024   #News #VoterFraud #DonaldTrump #LiberalSickness  #MAGA  #joebiden  https://t.co/CZj8J2mV0A"
"D280","P280","0","Joe Biden seimden ekilme artn aklad #abd #joebiden #seim - https://t.co/FL5YBFvZM1 https://t.co/BmMQnYXGdf"
"D266","P281","0","Former FBI Assistant Director reveals where the Secret Service made a critical mistake before the Trump shooting... and why he thinks the director is blaming the sloped roof #Trump2024   #News #VoterFraud #DonaldTrump #LiberalSickness  #MAGA  #joebiden  https://t.co/3YMKyLUurx"
"D266","P282","0","Biden reveals the reason that would make him drop out of the presidential race as Democrats and voters demand he step aside #Trump2024   #News #VoterFraud #DonaldTrump #LiberalSickness  #MAGA  #joebiden  https://t.co/SgRzGHQ110"
"D283","P283","0","Biden le dice a los legisladores demcratas que est considerando grandes reformas para la Corte Suprema. #JoeBiden #tica #CorteSupremadeEE.UU.
https://t.co/QJtoabE3CH"
"D284","P284","0","@BGThompsonMS It is unbelievable that Democrats are fighting amongst themselves while the GOP Crime Party sticks together and nominate a convicted rapist, fraudster with 34 felonies awaiting to be sentenced. Are Democrats sabotaging #JoeBiden2024 by doing Vladimir Putins work for him WakeUp"
"D285","P285","0","NEW: Politico Obtains Poll Revealing Nearly Every Tested Democrat Performs Better Than Biden #Democrats #JoeBiden #DonaldTrump #Wisconsin #NorthCarolina
https://t.co/8dM5FQ7Jww"
"D286","P286","0","If #Democrats come to it, will #JoeBiden2024 be replaced by Joe Biden wearing a big false nose and mustache or #HillaryClinton #Election2024 #PoliticsToday"
"D285","P287","0","Schiff calls on Biden to bow out of 2024 race, pass the torch #JoeBiden #DonaldTrump #Democrats #Presidentialelection
https://t.co/pQOKfDjIOw"
"D288","P288","0","Biden dice que abandonara la carrera presidencial si tuviera un problema mdico grave 

https://t.co/gFE1n0fwZx

#EyRNews #JoeBiden"
"D289","P289","0","Someone call the cops, this Creepy Joe is a kiddie fiddler. @JoeBiden #BIDEN #JoeBiden"
"D290","P290","0","Pete Buttigieg calls out Donald Trumps disrespect for military at Minnesota Biden campaign event #DonaldTrump #JoeBiden
https://t.co/eRwPpM2YOl"
"D291","P291","0","Widow of firefighter killed at Trump rally declines Bidens call: He would not have wanted me to talk to him #DonaldTrump #Shooting #JoeBiden
https://t.co/Vqibw4R5Em"
"D292","P292","0","#DonaldTrump #Trump2024 #TrumpMAGA #JoeBiden2024 #DemocratsDividingandDestroyingAmerica https://t.co/npfsXRlaNF"
"D293","P293","0","High-profile Democrat Adam Schiff has broken ranks, urging President Joe Biden to bow out of the upcoming US presidential race. #AdamSchiff #JoeBiden #Election2024 #PoliticalDrama
https://t.co/d7kf0wv0GT"
"D294","P294","0","I am voting for Joe Biden this fall.

Please follow all who like this video and retweet it

#JoeBiden2024 

https://t.co/uYxUaQvdFz"
"D295","P295","0","#JOEBIDEN #BIGBOYPRESSCONFERENCE #JOEMUSTGO #STEPASIDEJOE #PRESIDENTIALELECTION2024
Clair, Jeffrey St. Big Boy Biden in His Own Words CounterPunch, 15 Jul 2024 https://t.co/jeULicYpAo

Biden held his first press conference in a year last Thursday. His staff had promoted the"
"D285","P296","0","Rep. Adam Schiff calls on Biden to drop out of election contest, warns of losing Congress #Congress #DonaldTrump #JoeBiden #Presidentialelection
https://t.co/VNNIKqG3Hi"
"D297","P297","0","Insider: Biden Read Aides Note Aloud Telling Him You Are Sounding Defensive During Call With House Democrats https://t.co/SKBIGNE6Pf #JoeBiden #HouseDemocrats #Call #defensive"
"D298","P298","0","Could they be talking Biden down just to bring him up later 
Hes not gonna step down and everybody knows that so hello. 
Thats politics people its like that.
Joe Biden is doing great Trump is gonna be on felony probation the end. 
#JoeBiden"
"D299","P299","0"," #Visin360 l Influyente congresista demcrata pide a Biden que renuncie a su candidatura
#JoeBiden #AdamSchiff
https://t.co/vmCokwpPwV"
"D300","P300","0","@LindseyGrahamSC @RepJamesClyburn @henrymcmaster Smells like #Bidens infrastructure deal. Congratulate #JoeBiden for helping take care of the good people of #SouthCarolina."
"D301","P301","0","BIDEN SAYING TOO MUCH HE FORGOT THE SCRIPT  #BIDEN #TRUMP #JOEBIDEN... https://t.co/9UaQAF7Lms via @YouTube"
"D302","P302","0","Fact Check: RNC 2024 Day 2: Fact-checking Kari Lake, Nikki Haleys claims on Bidens immigration record #Illegalimmigration #JoeBiden #Immigrationpolicy #Presidentialelection #Voterfraud
https://t.co/az3oh6nUq3"
"D303","P303","0","The rules have changed. 
#democrats #democratparty #SecretService #BidenDOJ #DOJ #BIDEN #JoeBiden  https://t.co/OmfHWAR9bx"
"D304","P304","0"," #DonaldTrump x #JoeBiden oh and Kamala is saying why did Joe leave Bernie for this loser https://t.co/eduUb2S23B"
"D305","P305","0","Joe Bidens AR-15 Plan Puts Republicans in a Jam #JoeBiden #Republicans #DonaldTrump #FBI #Congress
https://t.co/f86dmGzcHc"
"D306","P306","0","Donald Trump Poll Released After Shooting Raises Eyebrows #DonaldTrump #JoeBiden #Georgia #Pennsylvania #Presidentialelection
https://t.co/h6R7Jbsajh"
"D307","P307","0","AFAIC, and as .@BadBradBerkwitt has said, and Jack has said, the #PEOPLE have spoken. #JoeBiden won the primaries, he IS our candidate. And from .@AdamSchiff to all the insignificant celebs including. @robdelaney, GFY. We need Biden over.the.finish.line. #WeMustDefeatTrump"
"D266","P308","0","Dan Bongino Blows Open Secret Services Failure To Protect Trump #Trump2024   #News #VoterFraud #DonaldTrump #LiberalSickness  #MAGA  #joebiden  https://t.co/TYJpfuYimu"
"D266","P309","0","Police Warned Secret Service They Didnt Have Resources To Cover Building Used By Trump Shooter #Trump2024   #News #VoterFraud #DonaldTrump #LiberalSickness  #MAGA  #joebiden  https://t.co/Gjgvma5cHX"
"D266","P310","0","Trump Ally Peter Navarro Freed From Prison, To Speak At RNC #Trump2024   #News #VoterFraud #DonaldTrump #LiberalSickness  #MAGA  #joebiden  https://t.co/bPnTNA1Lmt"
"D266","P311","0","Column: NBC Newscasts Omit Biden Scolding Lester Holt as a Trump Enabler #Trump2024   #News #VoterFraud #DonaldTrump #LiberalSickness  #MAGA  #joebiden  https://t.co/gZtDU1cQNe"
"D266","P312","0","Anderson Smears Tim Scott As Uncle Tim or Tom After RNC Speech #Trump2024   #News #VoterFraud #DonaldTrump #LiberalSickness  #MAGA  #joebiden  https://t.co/VvhtVmzQlv"
"D313","P313","0","Biden says he knows what a Black job is. Its vice president of the United States. #PresidentoftheUnitedStates #JoeBiden #BarackObama #Presidentialelection
https://t.co/iJE4yFG8wz"
"D266","P314","0","Colbert And Warren Agree: True National Unity Means Passing Gun Control #Trump2024   #News #VoterFraud #DonaldTrump #LiberalSickness  #MAGA  #joebiden  https://t.co/v4GHUPVom2"
"D266","P315","0","Report: Someone Was Supposed to Be Stationed on Roof of Building Used By Trump Shooter But They Didnt Show Up  American Greatness #Trump2024   #News #VoterFraud #DonaldTrump #LiberalSickness  #MAGA  #joebiden  https://t.co/89oiebYdwN"
"D266","P316","0","BREAKING: Would-be assassin Thomas Matthew Crooks was a Trump-hater, former classmate claims #Trump2024   #News #VoterFraud #DonaldTrump #LiberalSickness  #MAGA  #joebiden  https://t.co/614YuE4DSA"
"D317","P317","0","#msnbc,#cnn,#axios,#nytimes,#nbcnews,#abcnews,#JoeBiden,#adamschiff I cant believe Adam Schiff, who is relatively young amp yet has a halting, slow amp annoying speaking style, is actually criticizing J Biden for his communication skills. Yikes. Am I through the looking glass now"
"D318","P318","0","Biden must of had beans #colbertshow #JoeBiden #stephencolbert https://t.co/MsXgdZzq8E"
"D319","P319","0","Rep. Adam Schiff has called upon President Joe Biden to drop out of the 2024 Presidential race. 

Of course, if they both left politics forever, the world would be a brighter place.

Let them walk each other to the door. 

#AdamSchiff #JoeBiden #presidentialdebate #2024"
"D320","P320","0"," #ltimaHora   El presidente de  Estados Unidos, Joe Biden, afirma que reconsiderara su campaa presidencial si un  mdico le diagnosticara un problema grave de salud. 

Crees que se concrete su salida de la carrera electoral 

#JoeBiden #Elecciones2024 https://t.co/WClHpUytWj"
"D321","P321","0","#LTIMAHORA  El presidente de Estados Unidos, Joe Biden, ha declarado que reconsiderara su participacin en la campaa presidencial si un mdico le diagnosticara una condicin mdica grave. 

#RTPesBuenaCompaa #JoeBiden #EEUU #CampaaPresidencial #Salud https://t.co/VooUFDVY3R"
"D322","P322","0","Biden says Kamala Harris could be president amid age concerns #KamalaHarris #JoeBiden #Presidentialelection
https://t.co/v9zm0M3itN"
"D266","P323","0","Trump Ready To Act Immediately As Peace Broker In Russia-Ukraine War Worthy News Radio #Trump2024   #News #VoterFraud #DonaldTrump #LiberalSickness  #MAGA  #joebiden  https://t.co/7jkuibRCoJ"
"D266","P324","0","#Trump2024   #News #VoterFraud #DonaldTrump #LiberalSickness  #MAGA  #joebiden  https://t.co/IcM8UWr49y"
"D266","P325","0","BREAKING: Speaker Johnson to create task force to investigate Secret Service over Trump assassination attempt  The Right Scoop #Trump2024   #News #VoterFraud #DonaldTrump #LiberalSickness  #MAGA  #joebiden  https://t.co/e7j3KSnfFy"
"D326","P326","0","Biden says hed consider withdrawing from the 2024 race if a medical condition emerges. #2024Election #Biden #PoliticsHub #JoeBiden"
"D327","P327","0","Breaking News Biden there is two types of Bronze Stars and one for Valor and one for doing your job an Officer award. So suck it.
Biden took a swipe at skeptical House Democrats military service during tense Zoom call, report says #JoeBiden #Democrats
https://t.co/hIySsihXPj"
"D328","P328","0","#funny #FJB #BIDEN #JoeBiden https://t.co/yYLTVUd36b"
"D329","P329","0","There you have it: The dems excuse to show #JoeBiden the door before or during the #democrat convention in August, thereby making the way for #Kamala, #MichelleObama or #Newsom but not if #Hunter and Dr. Jill have anything to say about it.

#Biden: I Would Drop Out if"
"D330","P330","0"," #USAeGETTA: ORA IN TV, CANALE 262

 SPECIALE ATTENTATO A #TRUMP 


#BIDEN #JoeBiden vs #TRUMP #DonaldTrump
#LucaMarf @byoblu #USA #USA2024 https://t.co/YhayL6iFyy"
"D266","P331","0","OK  Not That Organized: Fake News CNN Analyst Assures People That Theres No Deep State That Could Take Out Donald Trump - #Trump2024   #News #VoterFraud #DonaldTrump #LiberalSickness  #MAGA  #joebiden  https://t.co/278l34WAoO"
"D266","P332","0","That Sounds Like a No: CNN Correspondent Is Dubious of Secret Service Directors Answer on Beefing Up Trumps Protection - #Trump2024   #News #VoterFraud #DonaldTrump #LiberalSickness  #MAGA  #joebiden  https://t.co/yk7KzekGyd"
"D333","P333","0","#House #Republican Leaders: #Biden Unfit To Be #President. 

#JoeBiden #USA #US #News #Politics  #Trump2024 #MAGA #US #America #Watch #Video #DonaldTrump 

https://t.co/8LkWS7VTfp"
"D266","P334","0","Ted Cruz Explains to Corporate Media His Transition From Trump Opponent to Supporter #Trump2024   #News #VoterFraud #DonaldTrump #LiberalSickness  #MAGA  #joebiden  @tedcruz  https://t.co/qt3q5bBK4T"
"D335","P335","0","The Trump campaign is declining to schedule a vice presidential debate prior to the Democrat Convention.  

To do so would be unfair to Gavin Newsom, JB Pritzker, Gretchen Whitmer, or whoever Kamala Harris picks as her running mate.
#DonaldTrump #VPDebate #KamalaHarris #VPVance https://t.co/8yb0aTgDFh"
"D336","P336","0","@TaraBull808 It would be best to not underestimate Kamala. Despite most Republicans not liking her, she has a great debate track record. She is consistent and will perform better than Biden. She might be the spark to ensure the Democratic Party stays united. #KamalaHarris"
"D337","P337","0","@JoeBiden @KamalaHarris #KamalaHarris you and Biden had an agenda of control, manipulation, fraud, destruction to the united states. You dont care about us. We see everything you do say and if youre smart we know how you feel about us lower class people. You are senile and Id never stand with you"
"D338","P338","0","Biden suggests Kamala Harris could be president, praising her leadership at the NAACP convention.

Read more on https://t.co/uR9r1A2V79 

 #Biden #KamalaHarris #NAACP #2024Election https://t.co/tIpyB1u3TO"
"D339","P339","0","Take a look at the wrinkles 
Over the left eye and tell me what you think  I have never seen that before.

Video Biden lashes out when asked if he will hand over power to Kamala Harris in second term: Did you fall on your head #KamalaHarris
https://t.co/raXDtePPf2 https://t.co/meoS8R8gmE"
"D340","P340","0","@AdamSchiff Thank you Rep Schiff. Dont pay attention to the trolls here. Youre on the right side of history. Biden is determined to drive us off a cliff. And our democracy hangs in the balance for at least a generation
#PassTheTorch 
#PassTheTorchJoe 
#KamalaHarris2024"
"D341","P341","0","It should be #MichelleObama and not #KamalaHarris to run when Biden quits the race for the presidency."
"D342","P342","0","#VIDEO Vice President Kamala Harris criticizes Donald Trumps choice of J.D. Vance as his running mate, expressing concerns over loyalty and plans for a second term.

#trump #KamalaHarris #USElection2024 #JDVanceVP https://t.co/1WhDi7u5jw"
"D343","P343","0","@l78lancer Will always be a classic Gif and Meme Biden wants to Legalize Weed the other side hates it #votelefttosaveweed #VoteBlueAsifYourLivesDependonit #VoteBlueDownBallott https://t.co/CPc9G81lQG"
"D344","P344","0","Absolutely, Biden has my support Lets do this   #VoteBlueUpandDownBallot"
"D345","P345","0","I am NPPno party preference. Im a 3 issue voter. Stop Trump, Project 2025 amp Trumplicans.  That means Biden amp Dems will get my vote. Not the time to vote 3rd party.
There is no threat implied when I say stop them. Im talking about voting. #VoteBlue #VoteBiden #RoeYourVote"
"D346","P346","0","The #MAGA #gqp is not fit for any office from #POTUS all the way down #ballot
#TrumpIsATraitorAndAConvictedFelon 
#VoteBlueIfYouEverWantToVoteAgain 
#VoteBlueAsifYourLivesDependonit 
#VoteBlueToProtectYourRights"
"D347","P347","0","Dont lose sight of the incredibly good things the Biden/Harris Administration is doing for America.

#VoteBidenHarrisToSaveAmerica 
#VoteBlue"
"D348","P348","0","Block those Democrats that are telling President Biden to step down. Stop giving them the oxygen and attention. Lets finish strong and win this election 
#VoteBidenHarris2024 
#VoteBlueDownBallott 
#RidingWithBiden2024 https://t.co/3i2LHNeviL"
"D349","P349","0","Bidens our guy #VoteBlue"
"D350","P350","0","#MAGA cult s dont know what real loyalty is. Wait until the convicted felon turns his back on them when he loses the election in November. #VoteBlue #VoteBlueToSaveAmerica "
"D256","P351","0","@lauraboerman @hedahunter @BlueStormComin1 @SARA2001NOOR @beansbeth @ResistersUniteX @FredBlueVoter @TimDemts @Tj2Papa @kalmyadown @Mk1973MG @jud39471 @BlueSurfer2024 @ChrisHealth3 @UOFSciFi @gbibuildingco @PKramerica @CarmaVotesBlue @JPworldview Ooh this is spot on  Thank you dear , Laura 
#VoteBlueToProtectWomenRights https://t.co/AAgOxaRm0R"
"D352","P352","0","Elected @theDemocrats If you doubt Biden at the top of the ticket, TAKE IT UP WITH BIDEN. Hes the guy that can make a difference. Broadcasting your doubts to the entire electorate is simply dividing Blue voters. 

Your message must be #VoteBlue"
"D353","P353","0","@mjfree @DeptOfDiscovery Same crap that happened in 2020 all the media hype with Trump and then Biden ends up beating Trump out by over 7 million votes and not only that over 66 of the population came out to vote thats how bad we wanted Trump out and well show up in 2024 well do it again
#VoteBlue https://t.co/pXqexLZDci"
"D354","P354","0","Manhattan DA CALLS BLUFF of House GOP on Hearing

#MattGaetzIsARapistToo
 #VoteBlueDownBallott 
https://t.co/JaMyt74gbC via @YouTube"
"D355","P355","0","After Biden wins re-election, Dem voters need to clean house and get rid of a lot of the cowardly Dems that have been in office too long. Like traitor Adam Schiff  IF hes even still in office. #VoteBlueNoMatterWho"
"D356","P356","0","Im so sorry
Its bn a cornerstone of their agenda since 2016amp its gained more prominence in their new #RNC2024 platform. Worse, its one of the pillars of #Project2025
So glad Im not tuning in to this RNC horror show
#VoteBlueToProtectYourRights
#VoteBlueToStopProject2025 https://t.co/3TRTtuZWCK"
"D357","P357","0","@taradublinrocks @cbouzy I stopped funding him and stopped his fund raising texts. Im very disappointed in his decision.  If I lived in CA, I would still vote for him, #VoteBlueNoMatterWho, and I do admire him still, but Im super pissed about this decision to attempt to overrule the will of the voters."
"D358","P358","0","@AdamParkhomenko Havent watched any of the RNC because they are all liars and traitors. #VoteBlueToSaveDemocracy"
"D256","P359","0","@CorrinaLeeB #VoteBlueToStopProject2025 https://t.co/HUQSE24cNu"
"D360","P360","0","Im remembering all the happiness and dancing in the streets of the USA when President Biden won in 2020. In 2024 we must vote in greater numbers, and go celebrate defeating Trump, again. #VoteBlueAsifYourLivesDependonit #VoteTeamJoe2024 https://t.co/1BVDRZn6Bk"
"D54","P361","0","The GOP is so far right they are almost an apartheid government like @elonmusk amp Peter Thiel the South Africans who fled South Africa want to have in the USA Democratic policies align with78 of Americans Do fall for the 4th Reich #VoteBlueToStopACriminalDictator"
"D362","P362","0","The courts arent going to save us.
The donors arent going to save us.
The media isnt going to save us.
The Democrats arent going to save us.
Joe Biden isnt going to save us.
Only we can save us.
#VoteBlueNoMatterWho"
"D363","P363","0","Biden did this. #VoteBlueAsifYourLivesDependonit 

Scoring 500 million in federal aid to replace the I-83/South Bridge in Harrisburg PA This is a big deal https://t.co/LryWVfLYZa"
"D364","P364","0","@RepAdamSchiff you need to back your party like the Repubs back Trump. They know hes not fit to run but they sure as hell back his play You need to stop publicly calling for Biden to step aside. If he does, i guarantee we lose. #VoteBidenToSaveAmerica   
#VoteBlueDownBallott"
"D365","P365","0","Attention voters: Ignore the polls. VOTE. Make sure you are registered to vote. Plan your vote. Have  a backup plan. Remember: Not voting is a vote for Trump. A 3rd party vote is a vote for Trump. Only a vote for Biden is a vote for Biden.
#VoteBlue #VoteOutTheGOP"
"D366","P366","0","@CBSNews @RepAdamSchiff: How can you look at the accomplishments that the Biden administration has made and say this

Biden sets policy. It only takes empathy and a conscience to do that. Everything else is machinery.
@BidenHQ @WhiteHouse 
#VoteBlueNoMatterWho"
"D367","P367","0","There, but for the grace of God, go I.
gop getting rid of FEMA. Where will you go when your house floods, burns or blows away #VoteBlueAsifYourLivesDependonit"
"D368","P368","0","@NurderK @jensspahn Was fr ein Schleimer  Aber die MAGAs mgen keine Homos  #VoteBlueToStopACriminalDictator   #VoteBlueAsifYourLivesDependonit"
"D369","P369","0","@AmyLynnStL It doesnt really matter what percentage may want him to drop out. When push comes to shove, in November we will be voting for President Joe Biden, and Vice President Kamala Harris. #VoteBlueAsifYourLivesDependonit"
"D370","P370","0","@iAnonPatriot @AOC #VoteBlueToProtectYourRights  My grandsons are in their 20s and voting #Biden"
"D370","P371","0","#VoteBlueToProtectYourRights  cause they are coming for them....my grandsons are in their 20s and voting #Biden"
"D372","P372","0","The GOP has been waging war on everyone not a rich white man for 70 years. This time they dont plan on ever letting go of power again. #VoteBlue"
"D373","P373","0","We become a fascist state if Donald Trump is elected.  #VoteBlueAsifYourLivesDependonit"
"D374","P374","0",".@SpeakerPelosi we support President Biden Unite behind the president and stop this infighting #VoteBlue #VoteBidenHarris2024"
"D375","P375","0","@AdamSchiff Did MAGA got to you. What are you afraid of Are they threatening your family  We will vote for Biden no matter what. #VoteBidenHarris2024 #VoteBlueDownBallott #VoteBlueToProtectWomenRights"
"D376","P376","0","#Trump2024 #VoteBlue"
"D377","P377","0","@NikkiHaley  I, FUCKING HATE LAURA LOOMER, shes a vile, disgusting, waste of a human, so, for me to even touch one her posts.. NIMRATA fits.#trumppedofiles  oh and LAURA . #voteblue #RidingWithBiden2024"
"D378","P378","0","RFK  MAGA
#VoteBlueUpandDownBallot"
"D379","P379","0","@DNC  Play what games you want but it will not budge me. 
I am a Biden/Harris Voter.
#VoteBlueBidenHarris"
"D380","P380","0","#VoteBlue  #RidenWithBidenHarris2024 "
"D381","P381","0","#VoteBlue                                        Ultra MAGA Matt Gaetz speaks tonight at the Republican National Convention I hope he gets BOOd off the stage after watching him harass this man last night https://t.co/hMfDJthewZ"
"D382","P382","0","Trump didnt want to help solve immigration because he wanted to use it during the campaign-convention.

Dont you hate people who are constantly COMPLAINING but dont do anything to solve it

Debbie Donald Downer

Biden gets things done 4 Americans the country #VoteBlue"
"D383","P383","0","Days after an assassination attempt, Trumpublicans at the Trumpublican National Convention are threatening more violence when Trump loses to President Biden this November.
#VoteBlue 
Trumps AWFUL CONVENTION Goes OFF THE RAILS https://t.co/39STz9cqEL via @YouTube"
"D384","P384","0","@commons96055467 My father was an immigrant. Never been able to accept that it was fine for him to come from Germany after WW2, but not for harmless brown people from wherever... Our immigration policy is despicable, amp the racism is abhorrent. This white woman is appalled by the GOP. #VoteBlue"
"D385","P385","0","This is NOT a game and the 2 candidates Biden and tRump are in no way shape for form the same. #VoteBlueAsifYourLivesDependonit #VoteBidenToSaveAmerica"
"D386","P386","0","#Dems have an opportunity to unify and fight for the #Democracy or be backstabbers and see #MAGA #Trump oligarchy with the lose of rights and freedoms all in the name of #YTHegemony #VoteBlue #ProtectLiberty #FightForJustice #BidenHarris #RFKjr is a plant"
"D387","P387","0","@BradMossEsq I mean, REALLY. 

Meanwhile the media keeps talking about how Biden should drop out. I dont want their opinions. I want them to do their jobs and investigate and report back. 

#VoteBlueToSaveAmerica 
#VoteBlueToSaveDemocracy
#VoteBluetoProtectYourRights
#VoteBidenHarris2024"
"D376","P388","0","#LeakedAudio #JDVance #Trump2024 #VoteBlue #wednesdaythought"
"D389","P389","0","@highbrownobrow You know what really pisses me off about the Republicans is that they keep saying every American 
Leave me and every other person that would never vote for Donald Trump out of it 
#VoteBlueToStopACriminalDictator"
"D390","P390","0","These Democrats well mainly the white male ones need to shut the fuck up. There are bigger stakes in this election,Its not about his Biden winning.... America amp Democracy needs to win. Stop being ignorant Unite amp #VoteBlue"
"D391","P391","0","Ill go further-yes he is our current threat but listen to him and know there are 300 creators of #Project2025 who feel the same way and  are just trying to serve it up in a more palatable manner. Mark spoke at the RNC for reason. because he speaks for the party. #voteblue"
"D392","P392","0","This push by rich white men supposed Dems to oust Biden, has made it clear theyre not listening to our voices of support, if the dems lose the house, senate, amp poresidency which I hope they dont, its their fault. Ill vote for anyone on the blue ticket to beat Trump. #voteblue"
"D393","P393","0","@JoJoFromJerz I am not there at all. Biden all the way I dont know whats wrong with some people - other than way too many Americans have gotten passive and lazy. 

Go get em @JoeBiden #VoteBlueAsifYourLivesDependonit"
"D394","P394","0","@Tazerface16 @JenC222 @AdamSchiff @SpeakerPelosi @RepJeffries Hey @AdamSchiff, @SpeakerPelosi, @RepJeffries

I have President Bidens back 

Do you

#VoteBlue 
#RejectTheMagaMenace  #RidinWithBiden https://t.co/TjJ3U7ePcw"
"D395","P395","0","@RNCResearch Hes right Biden already ANNOUNCED he is going to REFORM the court 
#VoteBlueUpandDownBallot 
#VoteForJoeNotThePsycho https://t.co/QrxD8esXcM"
"D396","P396","0","Thank you Joe Biden for a Great Economic recovery from TFGs pandemic chaos.
UNITED to vote in a BLUE TSUNAMI. The Democrats restarted our economy again. Four more years
#VoteBlueUpandDownBallot 
#VoteBlueToProtectWomenRights"
"D397","P397","0","@RepMTG You are no longer republicans ..there is no more GOP.
#VoteBlueDownBallott #VoteBlueToStopACriminalDictator https://t.co/fwf34SXoUx"
"D398","P398","0","@GOP @TrumpDailyPosts Project 2025 also contains plans to?destroy the National Monument system, and?replace federal employees with Trump loyalists, among many other radical measures. crazy  #VoteBlueDownBallott"
"D399","P399","0","If I seem a bit angry these days, its because I am.  Im sick and tired of the Nationalists trying to turn this country into a theocracy and the MAGA clowns trying to install an autocrat.  Im also sick and tired of the senseless shootings.  
#VoteBlue #USDemocracy"
"D400","P400","0","As if you need one more reason to vote blue, if the GOP wins the Senate and Mitch is no longer leader, they will drop the filibuster and pass all kinds of bad law with 51 Senators who represent 45 of America. Its NOT what Democracy looks like

#VoteBlue #VoteBlueDownBallot"
"D401","P401","0","@GOP @SarahHuckabee #VoteBlueAsifYourLivesDependonit https://t.co/txkcI02jJ3"
"D25","P402","0","#VoteBlueStopTheGOPCoup"
"D403","P403","0","..#JDVance of Ohio was the guy who made the least sense.

Weak and tired Trump steamrolled into picking the guy who made the least sense

#trump #TrumpIsProject2025 #maga #VoteForJoeNotThePsycho #USAforBiden #VoteBlueForABetterAmerica 
 https://t.co/gpiqCX1N5x"
"D404","P404","0","#MAGA If you have a Trump Bible then you have a copy of his new constitution. No amendments 12-27. 
The womens right to vote isnt there.
#VoteBlueToStopACriminalDictator 
#VoteBidenToSaveAmerica"
"D405","P405","0","Her husband was killed on Saturday. She got a call from #Trump on TUESDAY, 3 days later. Trump was too busy GOLFING the day after the shooting to call her. #Biden called her. She didnt speak to him, but he called. Thats the difference. #VoteBlue 
https://t.co/fHPQigmFFf"
"D406","P406","0","Maybe GOP Republican MAGA conservatives have just as uncomfortable with Trumps age as some Democrats are with Bidens  #VoteBlueNoMatterWho #BlueWaveRising "
"D407","P407","0","If you suffer from #chronicillness get ready. If you are #disabled be prepared. The @GOP is determined to implement project 2025. They claim to be pro-life but we all know that its not the truth They only care about money amp power. #VoteBlueYourLivesDependOnIt  2/2"
"D408","P408","0","@acnewsitics @MichelleKinney as usual.  But THESE are NOT usual times or circumstances -  Not while the FUTURE is in jeopardy  Dems, Indies and original, old school Repubs since your GOP has been usurped out of existence #GetItTogether Now #VoteBlueUpandDownBallot or were all done, finito, no more"
"D409","P409","0","Lipstick on a pig is still a pig.

Agenda 47 is still Project 2025.

#VoteBlueDownBallot #VoteBidenHarris2024 

Donald Trumps Agenda 47 is just as bad for LGBTQ people as Project 2025 - LGBTQ Nation https://t.co/ilSwfmj76E"
"D410","P410","0","@GOP @ChairmanWhatley How many of you make 5 MILLION a year

Yeah . . . I dont make 5,000,000 a year either

 #TrumpsProject2025 will make US PAY for a huge tax cut for Trumps rich friends 

125 of us paying an EXTRA 2600 covers one tax cut of 325,000 

#VoteBlueToProtectYourself"
"D411","P411","0","Are you more worried about Bidens age, or those policies like deportation of 1 million people who lived here a long time, Social Security going away, and so many more life will not be the same mother Trump read about it then #VoteBlueDownBallott blue"
"D412","P412","0","ICYMI, #MAGA. 

#VoteBlue"
"D413","P413","0","#Hope #USA #VoteBlue reasons from Madam #VicePresident of The #UnitedStatesOfAmerica https://t.co/olUV2nKn1o #GenZ lead #CodifyRoe #DemocratsDeliver Trifecta ideal a #RepublicansAreTheProblem opposition #GetThemOut amp #FarRight #TFG #MAGA #GOP American social-economic stagnation"
"D356","P414","0","They got nothing. Maga Republicans only how know to lie. Not an honest person in their ranks. Not one
 
They have no recourse. All the data points to this 

#VoteBlueAmerica "
"D415","P415","0","Why is no one asking the RNC or its surrogates why @realDonaldTrump didnt need a bandage on his ear the day after the rally  while golfing, but needs a HUGE dressing for the convention

#ConMan 
#Gaslighting 

#VoteBluetoSaveDemocracy"
"D416","P416","0","#VoteBlue #VoteBlueAsifYourLivesDependonit 
#Democrats #Biden - if thats the only choice to avoid Fascist Militia on your street. https://t.co/Hx1y2QjeyA"
"D417","P417","0","@jepowe11 @darafaye Unknown. Maybe he abused her to death tho. Whatever it is, its safe to say that his first wife wasnt happy in the relationship and this is what MAGA want: women to remain married to abusive husbands til death. #VoteBlueToProtectWomenRights"
"D418","P418","0","Tim Ryan turned on Biden during his Senate run.
Voters turned on Ryan.
We ended up with Vance.
Vance is now the Vice president candidate.
Our votes matter more than ever before.
#Voteblue"
"D419","P419","0","#StagedAssassinationAttempt #stagedbytrump #VoteBlueToStopACriminalDictator #VoteBlueUpandDownBallot #DefeatMAGA #RidinWithBidenHarris2024"
"D257","P420","0","The Republican Party is about Selling Out https://t.co/kEt2B9IH1i via @YouTube Amber Rose at the RNC is like having a arsonist in a fire department as chief, ridiculous #TrumpIsAnExistentialThreat #VoteBlueToPreserveYourRights"
"D419","P421","0","@RepJeffries Yell your fellow members to stop stabbing Biden in the back and start going after the corrupt MAGA cult. #VoteBlueToStopACriminalDictator #VoteBlueUpandDownBallot #DefeatMAGA #RidinWithBidenHarris2024 #DarkBrandonRises"
"D412","P422","0","#MAGA ----gt #VoteBlue"
"D423","P423","0","@NewsHour Why do you put this BS up when you know the mainstream polls are skewed/paid for by RNC/orange julius Dems are FIRMLY behind Joe
#VoteBlueAsifYourLivesDependonit  #VoteBlueDownBallot  #VoteBlueToProtectWomenRights"
"D424","P424","0","@mjfree ME Im voting for Biden #VoteBlueToPreserveYourRights"
"D425","P425","0","#Republicans #Women #GOP #seniors #Veterans 
#VoteBlueToSaveAmericaAndDemocracy 
#VoteBlueToStopCriminalDictatorTrump "
"D426","P426","0","The Telegraph on Ukraine The Latest, 7/17/2024, reports that if Trump and Vance are elected in November the US will pull out of NATO. #VoteBlueAsifYourLivesDependonit"
"R1","P427","0","@ianbremmer LOLOLOL. Until the Waffle House opened up. #cmonman #maga https://t.co/h0XCTse1zp"
"R2","P428","0","@mattysoul @SChimamoto
#MAGA #FJB IFBAP  https://t.co/bNg6MHLjy4"
"R3","P429","0","#Trump #TrumpRally #SecretService #Trump2024 #DonaldTrump #MAGA
How the Secret Service acted at the Trump Rally:

https://t.co/tsSgfYTCH5"
"R4","P430","0","@RealMattCouch Our next President  #MAGA"
"R5","P431","0","@israelUSAforeve Ok  And  Nobody cares.
#Trump2024
#MAGA
#AmericaFirst"
"R6","P432","0","#maga know not to buy teslas  they wont run at night because the sun is not out "
"R7","P433","0","@TONYxTWO Prayers up to that patriot. He should recover faster.

#MAGA"
"R8","P434","0","@realTuckFrumper Just so you know if Dems in Congress knock him off the Ballot   #MAGA is prepared to sue states to have Biden put back on the Ballot.  Learn the #Facts people b4 you start spreading this BS."
"R9","P435","0","@LivingInArcata @MayoIsSpicyy Were better off him not explaining since it will only drag out this self-inflicted torture when the stakes couldnt be higher, we are collectively shotting ourselves in the foot. Were fighting #MAGA amp shouldt be fighting each other. He knows that. So, why woud he do this"
"R10","P436","0","@LupusWarrior69 @GOP #magaIsATerroristOrg and must be stopped by voting #BidenHarris2024ToProtectDemocracy"
"R2","P437","0","@Thapz @SChimamoto
#MAGA #FJB IFBAP "
"R12","P438","0","Treason 
They knew before POTUS Trump even got on stage...  #MAGA"
"R13","P439","0","Love the alpha vibe @RealPNavarro FIGHT FIGHT FIGHT #MAGA #RNC2024 God Bless You Sir "
"R2","P440","0","@softkhay @SChimamoto
#MAGA #FJB IFBAP "
"R2","P441","0","@accordingtowoz @SChimamoto
#MAGA #FJB IFBAP  https://t.co/xb55SAcyT4"
"R16","P442","0","#TrumpAssasinationAttempt  #MAGA2024 May God bless and protect America and President Donald Trump"
"R17","P443","0","@BTCArchive Lets go TRUMP2024  #MAGA"
"R18","P444","0","I cant with people #MAGA #RNC2024 #RNCConvention #RNC #RNCConvention2024 https://t.co/bJBHCFh85k"
"R19","P445","0","@charliekirk11 AHHHHHH the #Truth is out #BidenWorstPresidentEver #MAGA #TRUMP2024ToSaveAmerica https://t.co/qkUBDaNOje"
"R20","P446","0","@therealroseanne #MAGA MESSAGE STAYS THE SAME. COME AS YOU ARE, ALL WELCOME ALL #TRUMP24"
"R4","P447","0","@IvankaNews Yes #MAGA "
"R22","P448","0","Day Three: July 17. 2024 Republican National Convention in Milwaukee, Wisconsin  Heading in now, fired  up for another #MAGA Evening    
#RNC2024 #VoteRepublican
#VoteRed 
#Trump2024 #marterforcongress #ILGOP #Flipthe14th https://t.co/pcxEuFY8yL"
"R23","P449","0","The #MAGA #gqp is not fit for any office from #POTUS all the way down #ballot
#TrumpIsATraitorAndAConvictedFelon 
#VoteBlueIfYouEverWantToVoteAgain 
#VoteBlueAsifYourLivesDependonit 
#VoteBlueToProtectYourRights"
"R24","P450","0"," #MAGA"
"R2","P451","0","@blaise250 @SChimamoto
#MAGA #FJB IFBAP "
"R26","P452","0","We demand answers, and they better keep our President safe 
#MAGA"
"R27","P453","0","@GOP party of Law and order Only the best people huh #Maga "
"R2","P454","0","@Thapz @SChimamoto 
#MAGA #FJB IFBAP "
"R29","P455","0","https://t.co/Mr4oFWnTXS

#OrangeTurdTrump #OrangeTurd #MAGA #MAGATears #MAGACult #MAGAMorons #EpsteinFiles #TrumpPedoFiles #TrumpPedo #Pedophile"
"R19","P456","0","@DrEliDavid #IStandWithIsrael #Trump2024ToSaveTheWorld #MAGA https://t.co/DMHscFWXPO"
"R31","P457","0","Do you #MAGA https://t.co/TJ4Pv0HJdF

Prove it. https://t.co/9Ea0g8yhl7"
"R32","P458","0","People are so addicted to GovtCorp, they will keep consenting to the corruption with their vote, even if it kills them, their family, friends and neighbors. How far down is rock bottom for them

#MAGA #Trump #Biden #BlueWave #RFKjr #Repuclican #Democrat #Libertarian #politics https://t.co/hAGxKFRFJX"
"R33","P459","0","America Freedom #MAGA #Trump2024"
"R34","P460","0","#Trump2024 #MAGA 
#TrumpVance2024 
#WeThePeople have a seat at the table with #Trump 
#SaveAmerica"
"R35","P461","0","Lol.
#FJB 
#MAGA
#Election2024 https://t.co/8IrT0sY1BM"
"R36","P462","0","@KariLake #TRUMP2024 #MAGA2024 #TrumpVance2024 "
"R37","P463","0","@acnewsitics Because there are no MAGAS Posting such shit No one cares shes Hindu @TulsiGabbard is a brown Hindu woman and Majority of #MAGA LOVE HER "
"R38","P464","0","@bfraser747 @SadieNC None of them can Stop #Trump from becoming our 47th President #MAGA"
"R39","P465","0"," Maga YT comment from Australia  
#MAGA #Trump https://t.co/we6nsE8noD"
"R40","P466","0","@IvankaNews GOD bless your dad and protects him   
#MAGA2024 
#Trump2024"
"R41","P467","0","@DanScavino #MAGA #Trump2024 https://t.co/7qeVKFGkU8"
"R42","P468","0","Liar, liar pants on fire
The #MAGA #GOPConvention leadership 
Is telling #lies to the #American people.
Disgusting
You will lose.
Your Kung Fu is not strong 
#JoeBiden 
#KamalaHarris 
#DonaldTrump 
#ElonMusk 
#Democrats #Republicans 
#CNN #FoxNews #MSNBC #Newsmax #ABC"
"R43","P469","0","@RepLuna Now is your time to go full beast mode on these frackers who are in full coverup mode, be very loud and make sure everyone can see what @SpeakerJohnson role is because he is a two faced coward lately, everyone is watching, go after this...PLEASE #MAGA2024"
"R44","P470","0","Butler, PA Local police assigned only for Traffic
This is insane
#MAGA #insidejob #stinks #Trump2024"
"R45","P471","0","If you think about it, trump wouldnt have been shot if the #scotus did their job and he went to prison. The Supreme Court has failed America and now events such as this will unfold. Corruption, greed, violence and idiocy has become common with the #republican party. #maga"
"R46","P472","0","@patriottakes some poor #maga kid in Red Cloud, Nebraska is gonna think this is real hip hop."
"R47","P473","0","@JoeConchaTV They are so desperate, and they are going off rails.  #MAGA #Trump2024"
"R48","P474","0","#Trump2024
#MAGA"
"R36","P475","0","@itsreallyleah Excellent #Trump2024 #MAGA2024 #TrumpVance2024 "
"R50","P476","0","@IvankaNews #MAGA"
"R51","P477","0","Statists Saving One
The Malignant Sophistry by Rights Removal By The Far Left

A constitutional republic can only continue to exist if the overwhelming majority obeys the rules the overwhelming majority of the time.

https://t.co/J8H0UB8QXa

Trump #ThankGod #MAGA Peter Navarro https://t.co/YH8p3jmCAi"
"R52","P478","0","Hey @JDVance1 get em while you can #PrimeDay2024 #MAGAMASCARA #MAGA https://t.co/CisZLku8Er"
"R53","P479","0","#MAGA cult s dont know what real loyalty is. Wait until the convicted felon turns his back on them when he loses the election in November. #VoteBlue #VoteBlueToSaveAmerica "
"R34","P480","0","Matt Walsh is a disgusting hater of Trump amp #MAGA.
Guess he likes the #Uniparty ways 
#WeThePeople"
"R55","P481","0","VIDEO: New President Trump campaign commercial: We Will Not Fail. https://t.co/HVLrk47kXA #Trump #MAGA #WeWillNotFail #Biden"
"R56","P482","0","USA corporate Billionaires, mainly rich white 1 @GOP Guys, own most of the power control, propaganda Russia talking-points media Bloomberg,Fox,Cnn,NBC #MagaSCOTUS, non-transparent #MIC contracts Musk, Wars on lies, Tax-Free Religious Extremist #NRA, Congress amp Ovaries. Boo"
"R57","P483","0","@wterrence They should just change to the DNC pleaseeeee do us that favor #MAGA #Trump2024"
"R7","P484","0","@DonnaBarford @solarric #MAGA @gomeezmarketer"
"R59","P485","0","Its official #MAGA LFG"
"R60","P486","0","@Veteran97178373 Hes another #MAGA REPUBLICAN https://t.co/h1l92kv9zd"
"R61","P487","0","#MAGA   https://t.co/deNpLEdUzk"
"R62","P488","0","@DonnaBarford @kiwinizzel1  IFB  #MAGA https://t.co/O0bDex4Yx9"
"R38","P489","0","Quentin Fulks says Republicans are to blame for everything wrong in America. 

What are your thoughts
#MAGA #MAGA2024 https://t.co/pSjJaOzxnI"
"R64","P490","0","#MAGA"
"R65","P491","0","Make no mistake...It was a hit job... this goes way up #TrumpAssasinationAttempt  #FightFightFight #MAGA #MAGA2024"
"R66","P492","0","#TrumpVance2024 #MAGA"
"R67","P493","0","Republicans were more pro-choice than Democrats up until the late 1980s.  Jill Lepore #MAGA #Trump #NYRepublicans #Truth #Freedom #TrumpForPresident Post ID:254383"
"R68","P494","0","The shooter had a range finder everyone saw him with at the metal detectors.  The counter snipers saw him through there scope.  Why did they stand down  He walked a mile to this rally and wasnt seen  He had bombs in his car  None of it makes sense.  #MAGA"
"R69","P495","0","@IvankaNews #MAGA"
"R70","P496","0","FLASHBACK: President Trump Delivers A Magnificent Speech At The World Economic Forum 
https://t.co/JPjYYVesaC
#USA #America #MAGA #Trump2024 #RNC2024 #NewJersey #Miami #Tampa #Dallas #Houston #DesMonies #IowaCity #Anchorage #Juneau #LittleRock #Indianapolis #Bismarck #Billing"
"R71","P497","0","Cant expect the average #maga to think about anything beyond what their favorite mind controller on social media tells them..."
"R72","P498","0","@djangojust @unusualwhales We believe throughout the best project BARRON #MAGA"
"R73","P499","0","@KLUltraMaga Im glad President Trump happens to schedule his acceptance speech to be on my Birthday which is tomorrow. God is great #MAGA 

-Bay"
"R74","P500","0"," #MAGA https://t.co/Tk4urLfxln"
"R75","P501","0","@GuntherEagleman Buh-bye. Take them ALL to whatever hell hole you end up in. Someday, when #MAGA has restored sanity and stability to the USA and the damage your DNC Marxist policies have caused are reversed, youll be begging to return. We should make yall resign USA citizenship. STAY GONE."
"R76","P502","0","@GOP #MAGAFascists every one"
"R77","P503","0","@djangojust @unusualwhales The biggest flex BARRON #MAGA"
"R78","P504","0","@DonnaBarford @Dstring1230 Please help me. Im 12 followers from a 1000. 

Thank you in advance. 

IFBAP
#Trump2024
 #Maga 
#IFBAP"
"R79","P505","0","Important message for moms from the President of American Principles Project @approject president @Schilling1776 LIVE from RNC 2024 in Milwaukee

Will you join us and the @MomVotePac in the battle to save our country

 https://t.co/X7Xt8CXGbS #MAGA #RNC2024 #WithMoms https://t.co/JZX8EiI5mI"
"R80","P506","0","@djangojust @unusualwhales BARRON #MAGA account for the project"
"R81","P507","0","@SebGorka Praise God. #MAGA"
"R82","P508","0","@Johnk902BU @3orovik @Elonwifhat69 ELON WIF #MAGA hat is the perfect combo for the current meta considering #ElonMusks recent endorsement of #Trump.

CA: DpDuHScSNi6LQZ9hjrwS2fjfgfeoAH1jRgcXt38rDrEw https://t.co/ODFyuFNU5L"
"R83","P509","0","Maga
trump
#MAGA 
#Trump 
@MAGAMemecoin"
"R84","P510","0","So Important: MSNBC Analyst Says Adam Schiffs Call for Dementia Joe to Drop Out Signals That Pelosi Is on Board -  The Liberty Daily #Trump2024   #News #VoterFraud #DonaldTrump #LiberalSickness  #MAGA  #joebiden  https://t.co/4pIZL7pZ0d"
"R85","P511","0","Once again, Melania has demonstrated the qualities of befitting the First Lady of the United States, a good wife and a good mother  She is a blessing to Trump, Trumps family and USA, GOD BLESS them, AMEN 
#Trump2024 #MAGA2024"
"R86","P512","0","@KamalaHarris Hey #HeelsUpHarris that is not President Trumps plan.

Not that lying stops you from speaking.

#MAGA"
"R87","P513","0","@Rach4Patriarchy POWER by any means necessary. #MAGA are no longer a collection of conservatives. They now are simply populist"
"R88","P514","0","#GOPConvention #NRA #MAGA 

dont forget that Russia infultrated the GOP through the NRA. 

https://t.co/lS7t6D6isO"
"R89","P515","0","Fantastic interview of political prisoner, Peter Navarro who was just released from federal prison. Must watch #maga #warroomposse #warroom #freebannon #trump2024"
"R90","P516","0","@NotZ3Music Do it #MAGA"
"R19","P517","0","@LauraLoomer @LauraLoomer is a fighter for #MAGA True Patriot"
"R92","P518","0","@vanz1965 @angeladw70 @ARTESIA13 @AsimtheGreat @Omowale99949437 @smaddoxsr @SebaFuslalucho @kingAle30068828 @GeneralNikkiX @joem26 @DFiosa @vanz1965 Youll never see #MAGA KKKlowns on 53rd st in #Chicago attacking GDs or 16th st attacking Vice Lords or in West #Compton attacking Bloods or South Compton attacking Crips etc. If they came to my neighborhood they wouldnt make it out. Fultk em"
"R93","P519","0","Hes Donald Trump of course hes going  one of our MAGA buddies have paid the ultimate price  They Hate Us #TrumpAssasinationAttempt #MagaAmericanPatriots #MAGA2024"
"R94","P520","0","Joe Scarborough Furious with Network for Pulling Morning Joe

Read https://t.co/htlJX0sC57

#FireKimCheatle #TrumpAssassinationAttempt #Trump2024 #MAGA #KimberlyCheatle"
"R95","P521","0","Thus is great, please Share it everywhere #MAGA
https://t.co/IOSFeOmFUD"
"R96","P522","0","MAKE AMERICA STRONG AGAIN 
#Trump2024 #TrumpVance2024 #MAGA https://t.co/F061rupUwu"
"R97","P523","0","No Marj... its because they wont kiss Trumps golden ass like you will.
#RNC #DonaldTrump #MAGA #MTG #MarjorieTaylorGreene #Republican"
"R98","P524","0","#Trump2024 #TrumpVance2024 #MAGA https://t.co/mPjVy3zbZZ"
"R7","P525","0","@Amber214811 @FisherM22763765 If you also see this and youre a #MAGA just like or follow or repost and Ill follow back immediately.

Lets connect to the Patriots afternoon train."
"R84","P526","0","Wisconsin mom nearly dies from frightening sleepwalking disorder that causes a very embarassing behavior #Trump2024   #News #VoterFraud #DonaldTrump #LiberalSickness  #MAGA  #joebiden  https://t.co/ZevX706Kqq"
"R101","P527","0","@catturd2 You bet amp we know the non-violent way to do that
#MAGA #TrumpVance
#UnitedPatriotdMustStand"
"R102","P528","0","#WAKEUPMAGA #MAGA If you vote @TeamTrump
#Project2025, you will no longer get unbiased scientific information, just like in Russia. Every bit of news and information you get would be CONTROLLED BY THE GOVT. If you dont understand why thats a terrible, GO DO SOME HOMEWORK"
"R84","P529","0","CDC issues urgent warning about six silent killers rising across the US - including incurable deadly fungus #Trump2024   #News #VoterFraud #DonaldTrump #LiberalSickness  #MAGA  #joebiden  https://t.co/FRmFNrOaxb"
"R104","P530","0","@Sarah236441 @Brinx65 Good morning hun when i commented on the post u wasnt following pep bk  the best way to grow ur account is to follow back all patriots #PatriotsUnite #MAGAMOVEMENT #Trump2024"
"R105","P531","0","#Project2025 #MAGA"
"R106","P532","0","@DCDraino @BillOReilly There is a difference between: wanting amp
doing.
Trump wanted to #MAGA - what happened: DEBTS GOT BIGGER, RIch got richer with Warp speed, small buisness got CRUSHED with Warp Speed. 
Trump locked down the World. He does not raise up to the challenge. He lacks knowledge. Period."
"R107","P533","0","@Cateran1954 @VigilantFox I cant believe you actually said that. WTAF so twisted It doesnt count because nothing happened WTF is wrong with you people The effing plot and the efforts to carry it out HAPPENED and it COUNTS. Thats why even the attempt is a freaking CRIME. #MAGAminds"
"R84","P534","0","Afghanistan Gold Star families want strong leader Trump back in office and reveal Biden is STILL ignoring their calls to meet  Daily Mail Online #Trump2024   #News #VoterFraud #DonaldTrump #LiberalSickness  #MAGA  #joebiden  https://t.co/O9zQP9SsvR"
"R26","P535","0","@BGatesIsaPyscho Yep, shes a truth fighter. 
#MAGA"
"R110","P536","0","#Trump2024 #MAGA #GodBlessAmerica #USA"
"R43","P537","0","@GOP @HouseGOP @SpeakerJohnson grow some balls folks, there are people trying to kill the leader of our party #MAGA2024 "
"R112","P538","0","The Right Wing Justices on the Supreme Court are #MAGAS Theyve made the President a King  destroying our Democracy.  President Biden needs to invoke his Kingly power and impeach Thomas amp Alito amp appoint two new Justices. Since he is King, Biden doesnt need Congress to do this."
"R113","P539","0","I think if President Trump wins on November 5th the MAPE token will  up to over 5 Billion and continue on to God knows where. #MAGA #MAPE"
"R114","P540","0","@VoteBidenOut I agree 
she was very respectfully dressed. She spoke respectfully

 I had no idea who she was and that she had any kind of background

So whatever people do on their own time is their own business when they come to #MAGA
And they are respectful to us all they are 100 welcome"
"R115","P541","0","Breakout loading..

Tick Tock

Be ready 



 #MoonTrump #Memebattle #Crypto #civilwar Boden  Tremp btc eth  #secretservice #Trump #Solana Sol #Altcoins #Bullrun #Crypto TRUMP #Memecoins #Meme #SolanaSummer #MAGA #presidentshot #survivor https://t.co/vKNfJOvORn"
"R38","P542","0","@ForgiatoBlow47 Wife and I got so Hype when they played your song last night  #MAGA"
"R117","P543","0","Vivek Ramaswamy lists all the reasons you should vote for Trump 

Do you agree 

#OAN #Live #Trump #vivekramaswamy #MAGA https://t.co/315Ib2fmht"
"R118","P544","0","@Amber214811 #MAGA #FJB #LetsGoBrandon #MolonLabe #AmericaFirst #1776 and #IFBAP"
"R119","P545","0","#MAGA"
"R120","P546","0","@UPI theyre not party faithful, theyre #maga faithful
Huge difference"
"R121","P547","0","These #MAGA morons legit out here posting Microsoft Flight Simulator 2020 as reality..."
"R122","P548","0","Marjorie Taylor Greene SHOCKS Reporter #maga #memes #usa #trump #motivat... https://t.co/3PGkEyFVEf via @YouTube"
"R123","P549","0","RNC may want to change their platform to show what theyre REALLY about. #RNCConvention #RNCConvention2024 #MAGA #2024Election #politics"
"R124","P550","0","@CountDankulaTV @GodfreyElfwick We call this comeuppance, some lessons dont take with mere rhetoric. Example is required, we told them to stop fucking with us. Now, the latter. 

#MAGA"
"R125","P551","0","Please God heal this patriot #MAGA"
"R126","P552","0","@DCDraino Truth: #MAGA #Trump2024 https://t.co/xv5N2GbUDs"
"R127","P553","0","WHAT A TIME TO BE ALIVE #MAGA DONT GET COMPLACENT YOU NEED TO VOTE. Please dont let Trumps sacrifice be for nothing  https://t.co/ADTd5uhEvn"
"R128","P554","0","#MAGA found themself hiring a RINO."
"R129","P555","0","@PlowOn For #MAGA Womenmoms, grandmas, sisters, aunts, daughtersPAY ATTENTION amp LISTEN UP
This also affects you and your loved ones. 
You will not be spared because youre a conservative or a Christian MAGA Republican. Think about what this will do to ALL women amp girls."
"R130","P556","0","@gc22gc Glad to see you, @RealPNavarro  God bless you, Sir. #MAGA #AmericaFirst #Trump2024"
"R125","P557","0","@spaethon This is why we have to keep calling out the people who are supporting violence because the democratic leaders wont do so. They give us no choice #MAGA #TrumpVance2024"
"R132","P558","0","The very few Democrats that I know are Thanking God everyday that President Trump Survived. #coverup #MAGA"
"R133","P559","0","Do I Sense Hypocrocy here .... or is that Prejudice 

Welcome to #MAGA Land , #AmberRose 
"
"R56","P560","0","RNC ratings on first night down 21 from 2016 saluting King Turd
Nazism rebirth #Maga midwife for
#Project 2025
Make America Gestapo Again.
Heil Hell

https://t.co/XJzHHAy3vM"
"R135","P561","0","@ZionDarkwood Exactly. Since #GeorgeFloyd we havent seen protests. Lets pay  an OP-ed or two talking about the similarities between Hitler and #Project2025, suing #MAGA for accusing Dems for the July13th MAGA event."
"R136","P562","0","Witness captures chilling footage of Thomas Matthew Crooks aiming at Trump at PA rally
#MAGA #tcot #Trump2024 https://t.co/Ejl5zCVAgz"
"R137","P563","0","#Trump2024 #MAGA #WWG1WGA #NCSWIC #Trump #TrumpVance2024"
"R138","P564","0","Democrats have created a false narrative, and it is being spread by all your typical Leftist anti-Trump bots Do not listen to their hate We #MAGA LOVES Vance @JDVance1 and his loving family no matter his wifes race or ethnicity Smash the Lefts hateful rhetoric"
"R139","P565","0","Imagine all the illegal immigrants vote for a Donald Trump too  Wouldnt THAT be something

#MAGA #Trump2024 #Trump #TrumpVance2024"
"R140","P566","0","Check out Adam Newbolds video #TikTok https://t.co/8P0ssaHRzF
#TrumpAssasinationAttempt #Trump #MAGA #SecretService"
"R141","P567","0","Prayers for Jim Copenhaver
#AmericaFirst 
#MAGA.
#Trump2024"
"R142","P568","0","Notable, @MSNBC

This is what we call WINNING

They dont have a party, unless you want them in your tent. 

#RINO #NOMORERINOS #MAGA #AmericaFirst https://t.co/ScZ7H2AGYv"
"R143","P569","0","#GOPLiesAboutEverything #gopwaronwomen #JDVance #Trump #Maga #stagedbytrump #StagedAssassinationAttempt #fakenews #vote"
"R144","P570","0","Does anyone know this liberal teacher wishing the death of President Trump
#MAGA
LETS GET HER TO THE UNEMPLOYMENT LINE https://t.co/moDdqE9wOp"
"R102","P571","0","#WakeUp #MAGA #Republicans #Conservatives #TrumpSupporters
You are being lied to."
"R84","P572","0","Fake blood, Trumps heeled shoes, a secret accomplice... and even aliens All the wild conspiracies swirling after the assassination attempt on the former president #Trump2024   #News #VoterFraud #DonaldTrump #LiberalSickness  #MAGA  #joebiden  https://t.co/buohUKNkMO"
"R147","P573","0","@DaRealAmberRose Great speech Amber Welcome to #MAGA Proud of you and your Dad"
"R148","P574","0","#MAGA #TRUMP #USA"
"R149","P575","0","@IvankaNews #MAGA"
"R84","P576","0","Trump shooter Thomas Crooks seen at rally an HOUR before shooting in shocking new video #Trump2024   #News #VoterFraud #DonaldTrump #LiberalSickness  #MAGA  #joebiden  https://t.co/yD4zAqAJ48"
"R151","P577","0","#MAGA"
"R152","P578","0","@ThePatriotOasis @KansasFreedomCT #MAGA https://t.co/j0BKf1gCiv"
"R153","P579","0","@HuffmanForNC #maga are hypocrites
#maga suppport peados #TrumpPedoFiles"
"R154","P580","0","@BehizyTweets @BehizyTweets needs every damn X user who claims to be #MAGA to follow him.

This cat is the real deal

I consider it an honor to follow him and read his content.

Well done, George"
"R155","P581","0","@GOP America cannot afford another pandemic and raping by Trump and his corrupt gang  How many of his current gang will end up in jail like his old gang #MAGAjailed #GOPLiesAboutEverything"
"R156","P582","0","@pnjaban The vast majority of MAGA loves and supports you 100. Sikhs are great people, very disciplined, accountable, respectful and structured. All qualities that the US is currently lacking but so desperately needs. 
#MAGA #ASIANS4TRUMP #TRUMP24"
"R157","P583","0","MAKE AMERICA GREAT AGAIN https://t.co/oyjhEBWZt5 @YouTube 

#MAGA #MJGA"
"R158","P584","0","#POTUS45 #POTUS47
#MAGA #DonaldTrump #Vance #Deutschland #DieAmpelMussWeg #NurNochAfD #AfD #Freiheit https://t.co/yyBZ4XA5hP"
"R159","P585","0","This is not your Daddys Republican Party anymore, its Trumps Party, its populist and America First. #MAGA"
"R84","P586","0","Disturbing moment woman drowns in shallow end of Las Vegas pool while clutching handrail... as swimmers walk past her #Trump2024   #News #VoterFraud #DonaldTrump #LiberalSickness  #MAGA  #joebiden  https://t.co/CZj8J2mV0A"
"R161","P587","0","How many political prisoners have these corrupt bastards kept jailed for how many years  How many lives have they ruined  How will Americans ever regain faith in their justice system

And of course, no consequences for their corruption.

#MAGA 
#Trump2024 
#Jan6 https://t.co/QcNd3PalaH"
"R159","P588","0","@Lukewearechange This is not your Daddys Republican Party anymore, its Trumps Party, its populist and America First. #MAGA"
"R163","P589","0","@IvankaNews #MAGA Love the Trump family https://t.co/hfvPT8wOUG"
"R84","P590","0","Former FBI Assistant Director reveals where the Secret Service made a critical mistake before the Trump shooting... and why he thinks the director is blaming the sloped roof #Trump2024   #News #VoterFraud #DonaldTrump #LiberalSickness  #MAGA  #joebiden  https://t.co/3YMKyLUurx"
"R165","P591","0","@HuffmanForNC The son was lashing out at his dad in his dislike of Trump. His father was #MAGA thus his R reg Anyone who has had a 20 yr old child living at home knows their choices are largely based on what will hurt you. Its a parent-kid dynamic, esp where the child is not mentally well"
"R84","P592","0","Biden reveals the reason that would make him drop out of the presidential race as Democrats and voters demand he step aside #Trump2024   #News #VoterFraud #DonaldTrump #LiberalSickness  #MAGA  #joebiden  https://t.co/SgRzGHQ110"
"R167","P593","0","https://t.co/0CJVlr89Bk
#purebadass 
#MAGA2024 
#MAGA https://t.co/bGVCpiFjpJ"
"R168","P594","0","@TheOnlyEsta 100 support Jack Smith

Judge Cannon ignored the statute and the precedents 

Shes way behind on ruling and shows no remorse for the delays

She has blatantly disregarded the law, ethics and seems to be taking advise from Roger Stone, a convicted felon

#MAGA is going to freak https://t.co/P2OQ9xBTMi"
"R169","P595","0","@ryantheboss22 You think KWAM is a Weak RINO radio station We just dont have time for ignorant trolls today. #MAGA"
"R170","P596","0","Never Surrender Get your Trump T-shirt today
A portion of the proceeds will be donated to the Trump-authorized fund supporting victims of the shooting in Butler, PA.
God bless America. 
#usa #trump #republicans #maga #america #unitedstates #aura #elections #neversurrender https://t.co/30R01wCa7a"
"R171","P597","0","#Maga is not trying to make America great again. Theyre trying to overthrow America and make the Confederacy. They want to destroy democracy/America."
"R136","P598","0","A must-read
#MAGA #tcot #Trump2024"
"R173","P599","0","Many Americans are too familiar with the struggle to feed their family including our U.S. Sen. J.D. Vance  but instead of supporting benefits that families like his relied on, he supports enormous budget cuts to them. #RNC2024 #maga #Trump

https://t.co/2jYmIR9Txc"
"R154","P600","0","@TaraBull808 @realDonaldTrump is our president

Soon, he will #MAGA"
"R126","P601","0","@RealAlexJones Truth: #memes #MAGA https://t.co/TzYVAPMMso"
"R176","P602","0","@Amber214811 Agreed fuk um they in it for the money I am in it to win it #J13 #maga"
"R177","P603","0","#MAGA  #GOPConvention"
"R178","P604","0","@ThePatriotOasis IFBP #Trump2024NowMoreThanEver
#MAGA is for ALL Americans #LFG
@SilenceDoGood64"
"R179","P605","0","@itslilykate #MAGA"
"R180","P606","0","#Trump #Vance  lets Make America Great Again #MAGA"
"R181","P607","0","@KylieJaneKremer @Amos5210 @davidaxelrod No, youre wrong. Im appalled that youre unaware of something so basic but not surprised at all that as youre #MAGA Furthermore, anyone voting must register and states verify databases for confirmation of citizenship. https://t.co/ZMRqEXZSuM"
"R126","P608","0","@RealJamesWoods Truth: #MAGA #Trump2024 https://t.co/WBiuQIx9fe"
"R183","P609","0","@GovChrisSununu The @GOP convention is certainly cementing a #MAGA cult devoted to a #fascist leader and #authoritarian drive with #Project2025 to dismantle #American #democracy.  Give us all a break."
"R80","P610","0","@MemagFanatic @BTCArchive @TrumpHairETHCTO Long lasting character HAIR #ETH #MAGA"
"R185","P611","0","JUST IN:  Trump says Jamie Dimon has suddenly changed his tune on #Bitcoin. 

Reports Yesterday that Trump is considering Dimon for Treasury Secretary.

#SHIB #Bitcoin #MAGA2024 #Trump2024 #EthereumETF #Solana https://t.co/EXuNKnqNCm"
"R126","P612","0","@DavidSacks Truth: #MAGA #Trump2024 https://t.co/eLmZfGylXg"
"R187","P613","0","@SenatorBaldwin Tammy Baldwin having another campaign listening session with no actual outcome. Look at the border. #wiunion #wiright #wipolitics  #Wigov #maga"
"R178","P614","0","@mattysoul IFBP #Trump2024NowMoreThanEver
#MAGA is for ALL Americans #LFG
@SilenceDoGood64"
"R189","P615","0","People are trying to say that Donald Trumps #MAGA agenda includes eliminating no-fault divorce.

Folks, it is not true. That is #FakeNews.

I wish that was the Republican agenda, but it is not.

Liberals, calm down.

Conservatives, prepare to be disappointed."
"R190","P616","0","#45

#AMERICA 1ST #MAGA NEEDS A #GREAT VICE PRESIDENTSO #FREEDOM LOVING AMERICANSCAN GET AWAY FROM THE BULLSHT #WOKENESS MAKES NO SENSEOPPOSITE OF THE #RIGHT THING TO DORACE NEVER THE CASEITS ALWAYS #LOVE WHEN IM WITH YOUSERIOUS AS CAN BE @MagaWeBe TAKEN DOWN THE #CCP.
Q https://t.co/4ewzGDpsUM"
"R129","P617","0","@RonFilipkowski @MarkoSilberhand JFC, there is no bottom for these fascist grifters. Hey MAGA, your savior got his ear grazed by a piece of glass. Hes profiting off the death of a fellow Trump supporter. Keep sending your hard-earned money to this POS elite conman. Hes just like us, amirite #MAGACultMorons https://t.co/X1a4FqPB4Z"
"R178","P618","0","@JimPidd @StevenLegacy411 @brixwe @Todd4USA @PSwal807 @UnsinkableDolly @pixiebell2022 @jncojok3 @StarxFire @Pixie1z @ToniLL22 @fugustra1 @cmirr @45mx7 @bdonesem @TheGrayRider @Scobra642 @AlaskaPatriot1 @thandar324 @RedRidingHoodKS @jimscileppi @harquin001 @827js IFBP #Trump2024NowMoreThanEver
#MAGA is for ALL Americans #LFG
@SilenceDoGood64"
"R193","P619","0","#MAGA #TurboPowered "
"R194","P620","0","@ThomHartmann No theyre not. Bush didnt come in 2016 either who gives a flying fuck Those are RINOs and theyre not welcome in the GOP.

This is the #MAGA movement and no RINO fucks allowed"
"R77","P621","0","@MemagFanatic @BTCArchive @TrumpHairETHCTO Get ready for the adventure HAIR #ETH #MAGA"
"R196","P622","0","Check out NFTs on USA Politics including Trump amp Biden NFTs ... 

#Trump #Biden #RNCConvention2024 #Biden2024 #Trump2024 #Trump2024MAGA #MAGA2024 #MAGA #TrumpVance2024 #TrumpAssasinationAttempt"
"R70","P623","0","Its the outsiders who change the world and who make a real and lasting difference.
- President Trump  
#USA #America #MAGA #Trump2024 #RNC2024 https://t.co/NDwqFIamYv"
"R126","P624","0","@DCDraino Truth: #MAGA #Trump2024 https://t.co/ID9yaGokCH"
"R199","P625","0","@StephenKing Lets talk Unity to Make America Great Again 
Are you voting #MAGA "
"R200","P626","0","@Keeks39 @rooting4blondes Hell yeah #MAGA #Trump2024 Hes coming to save us and take us out the ditch Sleepy Joe Biden threw us in."
"R201","P627","0","@catturd2 He had help for sure @GOP letting assault ban expire and #NRA keeping these guns on the street. Initial reports the family had many guns unlocked in house. He had a lot of help, so did Uvalde shooter did almost every other mass shooting. #itstheguns #MAGACultMorons"
"R202","P628","0","@eastsidebowl wants to be famous  #MAGA lets show that when you play stupid games you win stupid prizes"
"R203","P629","0","@wterrence Might as well be Demoncrats 
#MAWBDs
#FJB 

#MAGA"
"R204","P630","0","@grandcasinoal Donald Trump 
#MAGA"
"R7","P631","0","@PatriotDave77 #MAGA"
"R206","P632","0","Tom MacDonald is droppin straight again

#MAGA
#Trump2024
#DonaldTrump

https://t.co/qnKDKKepSG"
"R72","P633","0","@MemagFanatic @BTCArchive @TrumpHairETHCTO HAIR #ETH #MAGA I wont fade on this"
"R208","P634","0","#TrumpVance2024 #MAGA #GodBlessAmerica"
"R209","P635","0","PRAYING FOR JIM COPENHAVER HE IS FIGHTING FOR HIS LIFE AFTER THE TRUMP ATTEMPT. 
PLEASE KEEPING HIM AND HIS FAMILY IN YOUR PRAYERS IN JESUS NAME
LETS GO #MAGA https://t.co/WU9O7tNX0h"
"R210","P636","0","Too funny Luke
#FJB #MAGA #RNCConvention #MAGA2024 @JoeBiden
#CNN #MSNBC #GOP #DNC #Trump #Trump2024TheOnlyChoice https://t.co/0fPTNMiYEt"
"R211","P637","0","Facts.

#Trump2024 #AmericaFirst #MAGA24 

@bennyjohnson @greggutfeld @JesseBWatters @JDVance1 @VivekGRamaswamy @TuckerCarlson @charliekirk11 @glennbeck @JDVance1 @EricTrump @DONJRCoin"
"R212","P638","0","@DEFendFURiously You pathetic loser Bolshevik cry harder
#MAGA https://t.co/Yy6sbXXj6y"
"R213","P639","0","Thank you @standforhealth1 for your endorsement for @MaraMacie for #FL05 

For everyone who does not know who Mara is or how to help her unseat one of the RINOs that have been against us since day one, Ive shared the link to her campaign page. If we are truly going to #MAGA we"
"R214","P640","0","@JDVance1 @marcorubio Great speech by Sen. Marco Rubio  #MAGA"
"R176","P641","0","#presidenttrump I will fight for you till I die real #maga"
"R216","P642","0","Were Making America Great Again, folks believe me. 

#TrumpVance2024 #MAGA https://t.co/m8tuG81itI"
"R168","P643","0","Immigrants kids are super achievers.

Suck it. #MAGA 

THEY ARE THE FUTURE."
"R218","P644","0","@CaptainSamBrown God bless you and your family #MAGA"
"R219","P645","0","#Trump #MAGA https://t.co/OJIz7kqy1t"
"R220","P646","0","@DCDraino EXACTLY what happened.  #Biden handlers may not have pulled the trigger, but they contrived a set of conditions that made it likely for an #assassination to take place. 

Im CONVINCED it was a #DeepState attempt on #Trump.  Theyll try again or turn to Biden and blame #MAGA"
"R48","P647","0","#Trump2024
#MAGA https://t.co/gzr72X5hJJ"
"R187","P648","0","@SenatorBaldwin We definitely DO NOT want to ever allow this horrible bill to ever pass Here is why- #wiunion #wiright #wipolitics  #Wigov #maga  https://t.co/5IlLKJOEoP"
"R223","P649","0","This is why Im #MagaIndependent the Republican Party has been hijacked by the liberal party so the lines are blurred so until there are no more republicans who are really democrats Ill stay Maga Independent #Trump24"
"R224","P650","0","Huntington Beach Residents Sound Off on Airshow Settlement? 

#California #oc #maga #gop 
https://t.co/xMrF6za94Z via @voiceofoc"
"R225","P651","0","@bennyjohnson Hey They  are not Maga anyways  
#New Republicans #MAGA"
"R226","P652","0","@CoryMillsFL With the #USSS putting @realDonaldTrump in a virtual topless convertible with 20 THOUSAND #proud #Patriots #MAGA #WARRIORS with 20,000 cameras pointed at and around him, and come out with a #warrencommision style response is reprehensible and insulting.#lyineyes"
"R227","P653","0","@KnicM Thanks for your reply Kris, you are the exact type of patriot I like and that deserves a follow I got your back and Welcome aboard  
 #MAGA #AmericaFirst #GodBlessAmerica #GodBlessTexas #GodBlessNC #GodBlessTN"
"R228","P654","0","@IvankaNews #MAGA "
"R179","P655","0","@DCDraino #MAGA"
"R230","P656","0","@GuntherEagleman Yet, Trump pounds his chest proudly, and moves forward 
That demonstrates leadership to me Let Nothing Stop Him
#MAGA #TRUMP24"
"R231","P657","0","One glass fragment away from being 100 plausible

#TrumpAssasinationAttempt #maga"
"R232","P658","0","@BernieSanders Im sure some rich people also support Biden. Why focusing only on @elonmusk

Musk donating doesnt keep other non-billionaires to support Trump however they see fit

All choose whom to support and how in their own way. That is democratic

You are a crook, Bernie

#MAGA"
"R233","P659","0","@bennyjohnson If this doesnt motivate every single patriot I dont know what will. Absolute chills.  LETS GET IT
#MAGA"
"R211","P660","0","Big Mike @MichelleObama is in the house 

#Trump2024 #AmericaFirst #MAGA24 

@bennyjohnson @greggutfeld @JesseBWatters @JDVance1 @VivekGRamaswamy @TuckerCarlson @charliekirk11 @glennbeck @JDVance1 @EricTrump @DONJRCoin"
"R235","P661","0","@JenResistedAGN Please tell me Barry Gibb was never a #MAGAT. I am Bidens man and no time to talk. You can tell by the way I walk I have no time for #MAGATs. My heart would shatter if Barry was a #MAGAT."
"R236","P662","0","#MAGA"
"R29","P663","0","#OrangeTurdTrump #OrangeTurd #MAGA #MAGATears #MAGACult #MAGAMorons #EpsteinFiles #TrumpPedoFiles #TrumpPedo #Pedophile"
"R238","P664","0","@ClownWorld Maga 2024 #MAGACultMorons #MAGA2024 #Trump https://t.co/aBq5HXpr52"
"R126","P665","0","@DebbieL13 @elonmusk Me too. Im pretty sure it is AI-generated, but it rocks. It makes an outstanding meme template too. I just made this one as a demonstration, but I think I will post it

#MAGA #Trump2024 https://t.co/6FW8rPguDH"
"R240","P666","0","@MemagFanatic @BTCArchive @TrumpHairETHCTO HAIR #ETH #MAGA"
"R241","P667","0","@gc22gc #LFG #MAGA"
"R242","P668","0","MAKE AMERICA GREAT AGAIN

#Trump2024 #MAGA #RNCConvention #Republicans #TrumpAssasinationAttempt #ElonMusk #JDVance #AmberRose 

https://t.co/ivoxg34pzb"
"R243","P669","0","I just want to put this out there
Now that they missed and werent able to cause a legit uprising look for the patriot front to commit violent acts at the DNC. They will use that as a reason to suppress. #MAGA  #FedFront"
"R227","P670","0","@mikenewkirk Thanks for your reply Papa, you are the exact type of patriot I like and that deserves a follow I got your back and Welcome aboard  
 #MAGA #AmericaFirst #GodBlessAmerica #GodBlessTexas #GodBlessNC #GodBlessTN"
"R245","P671","0","That means you, too #maga seniors and the disabled
Read Project 2025 https://t.co/Dfd8vLREUc"
"R246","P672","0","WTAF is wrong with #MAGA #MAGA2024 #Trump #Trump2024  This is NOT American. It is not small government.  This is fascism, autocracy.  This is scary as hell. If Trump wins, America as our forefathers visualized is DONE. Read #Project2025. Prove me otherwise."
"R247","P673","0","@realDonaldTrump And theres MANY of us who agree with this man
Hes got a serious message for President Donald Trump. #maga #trump https://t.co/PkEz2jLMfa via @YouTube"
"R127","P674","0","Rape and incest account for few abortions, so why all the attention 

Over 97 of abortions are NOT DUE to rap or incet
#maga #mcga #gop #dnc #rncconvention #Trump #Biden #JDVance #Kamala #abortion

WEAR A CONDOM, GO ON THE PILL, ABSTAIN #murder #USA https://t.co/TQp19cTzk9"
"R249","P675","0","@mattgaetz DELICIOUS and SAVAGE #MAGA #AMERICAFIRST https://t.co/4JqOnnUsF7"
"R71","P676","0","Hey #maga - just a daily reminder of the blood on your hands. 

You can deny it all you want, 
Keep your heads in the sand forever,
but it wont change the fact that youre standing with satan.

Im guessing most of you wouldnt have the balls to even look at this kid in his eyes"
"R251","P677","0","#maga https://t.co/5LlbWUwHGG"
"R92","P678","0","@vanz1965 @angeladw70 @ARTESIA13 @AsimtheGreat @Omowale99949437 @smaddoxsr @SebaFuslalucho @kingAle30068828 @GeneralNikkiX @joem26 @DFiosa I live in #Kentucky. Do you think that I dont know the thinking of #MAGA KKKlowns Do you know how many of those dunce KKKaps at the #January6th #insurrection were from Kentucky They might go to the Capitol, but theyre too KKKowardly to come to the hood Urban #BlackCommunity"
"R253","P679","0","Hes got a serious message for President Donald Trump. #maga #trump https://t.co/Q9Qf6HYDaY via @YouTube"
"R254","P680","0","Trumps goated Tom brady goated status God bless Mr Trump #maga #Trump2024 #fjb"
"R110","P681","0","#MAGA #GodBlessAmerica #USA"
"R256","P682","0","I have never been more proud to be a Republican or to cast my vote for Donald J. Trump in November. Im so happy to be part of the greatest political movement in recent history. The red wave is gaining speed and its coming in hot  #Trump2024 #TrumpVance2024 #MAGA  https://t.co/SYKppS2WFj"
"R227","P683","0","@MicahCami Thanks for your reply Cami, you are the exact type of patriot I like and that deserves a follow I got your back and Welcome aboard  
 #MAGA #AmericaFirst #GodBlessAmerica #GodBlessTexas #GodBlessNC #GodBlessTN"
"R258","P684","0","@EliseSalomon You can do that, but you also risk false positives as AIPAC gives everyone money

gimme a sec..Ill cross reference donations with AIPAC and Team #MAGA dems saying #BidenTooOld"
"R259","P685","0","Hey @libsoftiktok, please go after the karens on The View for their comments wishing death on #Trump.
Youre doing an awesome job and a GREAT SERVICE to your Country. 
You and your staff are true #Patriots, and I salute you. 
#LongLiveTrump
#FightFightFight #MAGA
#TrumpWins"
"R260","P686","0","@paintthetrump These scumbags have put President Trump and his family through hell in the past 8 years,  why  because he has exposed these MFs for what they are amp now they are desperate. Evil  will never win #MAGA STRONG   AND WE ARENT GOING ANYWHERE,"
"R18","P687","0","WTF These people are just crazy #MAGA #RNC2024 #RNCConvention #RNC #RNCConvention2024 https://t.co/F04CP5i5Wm"
"R262","P688","0","Donald Trump is Hitler and a piece of
human garbage 

JD Vance

#MAGACultMorons 
#TrumpAssasinationAttempt 
#TrumpIsAnExistentialThreat 
#MAGAonMAGAViolence"
"R263","P689","0","D.E.I. 
Division. Exclusion. Indoctrination.

#MAGA"
"R264","P690","0","Even the kids in Uganda know who Trump is  #maga"
"R265","P691","0","@JoeyMannarinoUS Im curious why #maga Republicans are ignoring the fact that the shooter was Republican"
"R187","P692","0","This is100 true. and he was very close friends with Robert Byrd. 

#wiunion #wiright #wipolitics  #Wigov #maga  #kkk"
"R267","P693","0","#MAGA"
"R268","P694","0","#45

#AMERICA 1ST #MAGA NEEDS A #GREAT VICE PRESIDENTSO #FREEDOM LOVING AMERICANSCAN GET AWAY FROM THE BULLSHT #WOKENESS MAKES NO SENSEOPPOSITE OF THE #RIGHT THING TO DORACE NEVER THE CASEITS ALWAYS #LOVE WHEN IM WITH YOUSERIOUS AS CAN BE @MagaWeBe TAKEN DOWN THE #CCP.
Q https://t.co/aM18eELsUb"
"R123","P695","0","What changed Theyre cowards and they bent the knee to a tyrant and convicted felon. #RNCConvention #RNCConvention2024 #2024Election #politics #MAGA"
"R265","P696","0","@akafacehots @JoeyMannarinoUS Im curious why #maga Republicans are ignoring the fact that the shooter was Republican"
"R271","P697","0","@FreyjaTarte @b95841bryan And the marxist democrats have been trying to change it for years. Their democracy is just another word for socialism which is communism by another name. The more you know

#Election2024 #MAGA"
"R272","P698","0","Biden Directs Border Patrol to use Illegal Aliens Preferred Pronouns

#TwitterDOCS by @OversightPR posted on 17 Nov 2023 #MAGA #BorderObserver qt-faqs-256
https://t.co/31ED1U7fWM"
"R273","P699","0","#MAGA 65 of Democrats Terrified only 19 Matt Gaetz Thomas Crooks Eric Trump Pandering Paul Ryan"
"R265","P700","0","@JoeyMannarinoUS Im curious why #maga Republicans are ignoring the fact that the shooter was Republican"
"R275","P701","0","#maga your Dear Leader and his sycophants think so little of you that they spoon feed you nothing but lies while they grift money from you that gets used for lavish parties and lawyers to defend their criminal acts all while laughing about it behind closed doors. Youre the mark"
"R43","P702","0","@mtgreenee @mtgreenee I am so happy to see you having these well deserved moments. You are a fighter and take no bullshit from the Libs in defense of the Legend that is Trump. You are a big part of his journey to this point. Thank from a California transplant living in Georgia #MAGA2024"
"R277","P703","0","@CitizenFreePres Hot damn Doesnt miss a beat #MAGA Dr. Navarro"
"R278","P704","0","@titusdre @lynk0x MAPE  #MAGA  #PEPE  Millions

Currently at low MC. 10x incoming

Av1PaeFPAr2vbmxMMQfSc9EeTcyUYhgVfRWDYacnf3g2 https://t.co/hkoapXFg7V"
"R279","P705","0"," MUST WATCH
New Trump Ad Just Posted by the Trump Campaign, and It Is Awesome

#Trump  #Trump2024 
#TrumpVance2024  #MAGA
#RNC  #RNCinMKE https://t.co/0lyH07Tq1b"
"R280","P706","0","@atrupar Karma Chameleon JD No Pants Vance is definitely meaning both Bidens Administration amp Deep State Qnon-sence when he claims THEY SHOT HIM SMH
Its a Two-fer Duper lie 
A #MAGA-licious lies https://t.co/foIkgJs4u8"
"R281","P707","0","#SouthCarolina - Pastor Mark Burns: #DonaldTrump Prevented Wars Through Peace and Strength 

#MAGA #Elections #News 
https://t.co/7brfkSerXj
https://t.co/4ykUrEc0XV 
https://t.co/4dk0rBn3hh https://t.co/G3hpSKLOpo"
"R282","P708","0","To #MAGA folks down in Texas ie Houston, Im just sayin yall, this might not be the year to support the people trying to push this.  https://t.co/VNMMJilF6S"
"R227","P709","0","@DonnaBarford @hlqrtr Thanks Donna for another great patriot, I proudly followed them Welcome aboard fellow Patriot
 #MAGA #AmericaFirst #GodBlessAmerica #GodBlessTexas #StandWithTexas #GodBlessNC #GodBlessTN"
"R284","P710","0","Not in this or any other universe

#Trump #Trump2024 #TRUMP2024ToSaveAmerica #Trump2024MAGA #TrumpNowMoreThanEver #TrumpVance #TrumpVance2024 #MAGA #MAGA2024 #VoteTrump #VoteTrump2024 #VoteTrumpToSaveAmerica"
"R227","P711","0","@DonnaBarford @SteveBourelle Thanks Donna for another great patriot, I proudly followed them Welcome aboard fellow Patriot
 #MAGA #AmericaFirst #GodBlessAmerica #GodBlessTexas #StandWithTexas #GodBlessNC #GodBlessTN"
"R286","P712","0","All those MAGAT accounts trolling/bugging you are mostly Russian Bots. They are programmed to make Biden look bad.
The good news is they cant VOTE
Confirm Youre Registered to Vote Dont let the #MAGA  Republicans Take Our VOTE Away #VoteBlue2024
https://t.co/ZtJbtwJvdh"
"R287","P713","0","Biden already said he would step down, if he was shown he could not beat Trump. NEWS FLASH: ITS OVER #TrumpVance2024   #RNCConvention2024 #MAGA
https://t.co/4uSHKDBhKP"
"R227","P714","0","@DonnaBarford @darleneditto Thanks Donna for another great patriot, I proudly followed them Welcome aboard fellow Patriot
 #MAGA #AmericaFirst #GodBlessAmerica #GodBlessTexas #StandWithTexas #GodBlessNC #GodBlessTN"
"R289","P715","0","@IvankaNews #MAGA"
"R273","P716","0","Trump trashes America 24/7, every waking moment, but only praise 4 Vladimir Putin.

#MAGA Find a single thing Trump not doing for Putin off attached page out of #RussianGeoPolitics Manual. 

https://t.co/OfwgQf8W97

#MAGA Paul Ryan Terrified Gaetz  Only 19 Prophet ISIS Eric Trump"
"R291","P717","0","7.3 TRILLION DOLLARS of Taxpayers #dept in 4yrs

Abortion outlawed even for #rape amp #incest in multiple states

#MAGA #GOP #BLACKJOBS"
"R292","P718","0","@TrumpSolMAGA @peeturdsonCTO @secrotonsol maek amuruca graet agun 

@TrumpSolMAGA maga #magaOnSol

CA: TrumptpNNBEgVjDc8bnemRTNYZKhdsst9ujNAnTSHgqp https://t.co/lwLwTuQdug"
"R293","P719","0","Congratulations #MAGA2024 Even Biden wants trump to win. Gotta hand it to you #RNCConvention2024"
"R211","P720","0","Facts.

@TuckerCarlson - I couldnt agree more

#Trump2024 #AmericaFirst #MAGA24 

@bennyjohnson @greggutfeld @JesseBWatters @JDVance1 @VivekGRamaswamy @TuckerCarlson @charliekirk11 @glennbeck @JDVance1"
"R295","P721","0","Theres a former and soon to be future President that would beg to differ

#Trump2024 #MAGA"
"R296","P722","0","Water Tower  Grassy Knoll 2.0

This was a planned operation.  The Regime wanted Trump dead before the RNC convention began so they could install a RINO puppet in his place.

#TrumpAssassinationAttempt #AmericaFirst #MAGA #Trump #Trump2024 #RNCConvention2024"
"R297","P723","0","@JakeGagain These #Cryptos will go exponential when #Trump wins

#MAGA #STRUMP #MVP #MELANIA"
"R210","P724","0","Video showing Thomas waking around the building, with the dreaded slanted roof, outside the perimeter. For quite sometime. After everything we are learning #MAGA 

Exclusive video appears to show would-be Trump assassin at rally hour be... https://t.co/vKAgK2acMz via @YouTube"
"R299","P725","0","@MeidasLaurenA THIS This is why we hate him. Something that benefits every American and Trump wants it to happen later so it doesnt hurt his campaign. WAKE THE F UP, AMERICANS especially #MAGA"
"R48","P726","0","#Trump2024
#MAGA"
"R126","P727","0","Truth: #MAGA #Trump2024 https://t.co/MFyz8yAgmz"
"R123","P728","0","Look, I love German food and I dont wanna knock Mr. Mader when he seems like a nice guy in his interview. I just want to raise the point that its not lost on me a bunch of Nazis patronize a German establishment. #RNCConvention #RNCConvention2024 #2024Election #politics #MAGA"
"R303","P729","0","#Dems have an opportunity to unify and fight for the #Democracy or be backstabbers and see #MAGA #Trump oligarchy with the lose of rights and freedoms all in the name of #YTHegemony #VoteBlue #ProtectLiberty #FightForJustice #BidenHarris #RFKjr is a plant"
"R304","P730","0","@RossKneeDeep Nobodys been this disappointed in 3 since Stormy Daniels.
#MAGA #MakeAssassinationGreatAgain"
"R305","P731","0","@JohnLewisEU @elonmusk Now I know your true feelings I need to boycott John Lewis stores amp Waitrose, I know it wont bother you but Ill feel a whole lot better #Trump2024 #MAGA #WWG1WGA"
"R306","P732","0","Ban Yourself you Senile Old Man 
YOU are the Assault WEAPON. 

#MAGA #AssassinationAttemptAgainstTrump  #setup #NEVERSURRENDER"
"R48","P733","0","#Trump2024
#MAGA"
"R127","P734","0","Well well well, you dont say @ericswalwell hahaha lying POS All the dems frothing at the mouth over him registering as a republican. While all free thinkers knew immediately the ties to ActBlue, closed primaries and push to vote Hailey #MAGA #Assassination #Trump2024 #Trump"
"R309","P735","0","@AllanMargolin @TimAlberta @simplyjustbeing @TanziaMill @tommyboy0690 @richard2380 @CMargaronis @Djustincorbo @RealMelValentin @BlackCheesebur1 @Andie00471 @DemsAbroad @ActDontReact @jakki2004 @BlackKnight10k @thumperftw @reghud @TheRainBowNavy2 @LowAndAwayOne @martycomroe @BillAllenScoop @CRose2u @Martina @MikeOkuda @KenobiCheated @morgfair @straitarrow10 Good afternoon, Allan. Thank you for including me. 

I am a believer who no longer claims ANY religion. God gave us all something called free will. Donald Trump and his party of #MAGACultMorons are not going to take that away from me. 

#SeparationOfChurchAndState"
"R310","P736","0","@mmpadellan @AdamSchiff  #Trump2024 #MAGA"
"R256","P737","0","@saras76 #MAGA momentum, hes unstoppable "
"R312","P738","0","How does #TrumpVance2024 #MAGA #PATRIOT thats has been a fan since WAY before the escalator get some follower #MAGA followers Yes, I am a foul mouth 21 year Retired #Navy Chief too"
"R123","P739","0","Yet Trump chose Vance to be his VP Itll come back to bite him. #RNCConvention #RNCConvention2024 #MAGA #2024Election #politics"
"R314","P740","0","@Trump2024Film Looks like , you are a MAGA cult. Please review this check list. 

Do you agree with five or more of these checklist items 
If you do, you are clearly a #MAGACultMoron . https://t.co/Heh3t2qOXS"
"R171","P741","0","Yeah #MAGA @GOP acts like this assassination attempt was exactly what they wanted Kind of suspicious huh"
"R48","P742","0","#Trump2024
#MAGA"
"R317","P743","0","@TulsiGabbardrep A #MAGA Bikini would be better."
"R318","P744","0","#maga"
"R319","P745","0","@IvankaNews you heathen #MAGA atheists dont get a vote on this one"
"R320","P746","0","#MAGA"
"R321","P747","0","Our President #Trump2024  #MAGA https://t.co/KZrsWn1Z07"
"R178","P748","0","#MAGA is for ALL Americans 
#BigTent #Trump2024NowMoreThanEver"
"R110","P749","0","#MAGA #GodBlessAmerica #USA"
"R324","P750","0","@Fallenunder1 @oxmusashi @cbdoge Chuanpu Chinese Trump is going to be huge #Trump #Maga https://t.co/Xl9GsiGzLC"
"R325","P751","0","lunatic fanatics say what #maga"
"R326","P752","0","@iCloudVII @onetimemfer @IranNewsNow @mehdirhasan @JDVance1, Trumps VP pick, called Donald Trump Americas Hitler, but joined the insanely un-American #MAGA movement when he realised #Republicans had lost their minds amp he could show his true self to the world without negative repercussions."
"R171","P753","0","#MAGA is not afraid to ask. They simply wont ask because they dont want you to know that they know what theyre doing... betraying America"
"R328","P754","0","@KamalaHarris #MAGA
#TrumpadVance"
"R329","P755","0","@hodgetwins No,we dont have to like her 100 of the time
But we do have to be #UnitedMAGA to beat the demoncrats
#MAGA #Trump2024"
"R330","P756","0","@4Mischief @Ames2420 Me too. #MAGA "
"R273","P757","0","Perhaps @EricTrump should watch this 

https://t.co/OfwgQf8W97

Sleazebags. Absolute sleazebags. I personally know 3 people Trump defrauded including my husbands aunt - a neighbor of Mar-A-Lago. 

#MAGA Paul Ryan presummed innocent Katie Porter Libs of TikTok Terrified"
"R332","P758","0","@KarluskaP I became an instant fan.  
Her speech still gives me chills.

So powerful  #MAGA"
"R333","P759","0","@mtgreenee LETS ROLL #MAGA"
"R334","P760","0","#Trump2024MAGA #TrumpDerangementSyndrome #TRUMP2024ToSaveAmerica #MAGAMOVEMENT #MAGA2024 #Trump2024 #BidenDropOutNOW #Culture #RNCConvention2024 #RNC2024 #RNCConvention #TrumpAssasinationAttempt #TakeAmericaBack https://t.co/vPVRtcykff"
"R102","P761","0","#MAGA #TrumpSupporters #Conservatives #RepublicanVoters: If you have not read at least an outline of #Project2025, you cannot be surprised when you wake up and realize you have voted to live in a fascist dictatorship. It doesnt promise to take away only Democrats rights..."
"R336","P762","0","A winner Please RT #MAGA @realDonaldTrump"
"R178","P763","0","@PSwal807 @Tweeklives @goldisez @MattJSlats @VLady2024 @calibeachangel @LaylaTexas77 @Doot2471 @TheFJC @NEWZHQ @DixiDarlen @StevenLegacy411 @TexasDerbyFlash @BobGrosfield @curvycom @Chloe4Djt @RedRidingHoodKS @1mZerOCool @LogicTurn IFBP #Trump2024NowMoreThanEver
#MAGA is for ALL Americans #LFG
@SilenceDoGood64"
"R338","P764","0","@wakeupUSA Makes it all the easier for people to know who NOT to vote for..they arent very clever. #MAGA"
"R178","P765","0","@tumaro17 IFBP #Trump2024NowMoreThanEver
#MAGA is for ALL Americans #LFG
@SilenceDoGood64"
"R340","P766","0","@UltraUSMAgaFL @Geox19 God bless America,President Trump, and #MAGA "
"R341","P767","0","The father of Donald #Trump assassin #ThomasMatthewCrooks was profiled by the former Presidents 2016 campaign as being #progun #maga

Source: New York Post https://t.co/tsXMCDYw0W"
"R342","P768","0","@libsoftiktok @SecretService The thing is too, his aim wasnt actually off. God had other plans 
I pray often that God will protect Trump. It seems he has so far and I feel in my heart, he will continue to do so 
God bless Donald Trump, and God bless America 
#Trump2024 #MAGA"
"R343","P769","0"," Secret Service call with Senators #SecretService #MAGA"
"R281","P770","0","#PeterNavarro speaks ahead of #RNC appearance 

#RNCConvention2024 #MAGA #News https://t.co/RqSTOYysF5"
"R345","P771","0","The Real Truth Right now
#Trump #Maga #Trump2024 #TrumpAssasinationAttempt #Trump2024 https://t.co/kghALcCLCx"
"R346","P772","0","@RpsAgainstTrump You can try to asassinte him.. oh wait, thats didnt work  #MAGA #Trump2024 #TrumpVance https://t.co/EVEH9jFMF6"
"R347","P773","0","Dear #MAGA"
"R348","P774","0","Look at his neck. Dear God News Flash Mr. JJ -- yall are already unhinged #republicans #maga"
"R349","P775","0","We almost had an assassination of a fornerxptesident of the United States  for the first time since Ronald Reagan and #maga acted like its just another day and have only increased  the #ViolentRheotric one day after he called for #Unity WTF"
"R350","P776","0","@atrupar The unity theme only means #GOP unity to Trump and #MAGA.  

It has NOTHING to do with uniting the country. ZERO.

#GOPSnoozefest #GOPLiesAboutEverything #GOPTraitors"
"R4","P777","0","@RealMattCouch Go grandma #MAGA "
"R106","P778","0","@TeamTrump This #Republican or #MAGA guy was reading @RobertKennedyJr 

I suggest @TuckerCarlson @realDonaldTrump 
do it as well. You could only learn something."
"R178","P779","0","@PSwal807 @PauWitkowski @VirgoTheSixth @kittenaround51 @Tweeklives @Dretchy @Czesc45 @NannyMcTrump @scaryguy @DixiDarlen @JimPidd @kungfujedi @827js @TheGrayRider @JessicaKAGMAGA @DesireeAmerica4 @BBScats @RedRidingHoodKS IFBP #Trump2024NowMoreThanEver
#MAGA is for ALL Americans #LFG
@SilenceDoGood64"
"R354","P780","0","@simonateba @RepMTG MTG is right
PropagandaMedia
ie @nytimes 
are the vehicle by which
the DeepState spreads
its evil divisive plots
scams amp schemes 
upon the innocent.

In some cases, turning
the innocent into
bloodthirsty crazed
psychopaths.

In others, causing
them to unite to
SAVE AMERICA
#MAGA"
"R355","P781","0","This mothers story, like many others, is not about politics--its about safety in our neighborhoods, the freedom to live in peace, and equal justice under the law. The Democrats have stripped Americans of all of that

#MakeAmericaSafeAgain
#Safety #Justice
#BackTheBlue
#MAGA"
"R356","P782","0","@IvankaNews #MAGA"
"R178","P783","0","@tumaro17 IFBP #Trump2024NowMoreThanEver
#MAGA is for ALL Americans #LFG
@SilenceDoGood64"
"R329","P784","0","@catturd2 1-the dad bought the AR amp I bet the minute the kid left the house acting suspiciously, they checked for the gun
2-kid missed work
3-mustve also known the kid hated #Trump amp #FPOTUS was nearby
#OccamsRazor
#MAGA By the Grace of God-he missed"
"R359","P785","0","Promises made...promises forgotten

#MAGA"
"R360","P786","0","@ThePatriotOasis @de1monte88 #IFB #MAGA"
"R361","P787","0","@MMcfly91 @LBankExchange @MagaHATETH #MAGA 
@MagaHATETH https://t.co/3PSbDOXZzH"
"R362","P788","0","Lets play a game, is he describing the would-be loser assassin or Destiny #wednesdaymotivations #MAGA"
"R363","P789","0","#TrumpIsProject2025 #MAGACultMorons #MAGATerrorists #Maga #SupremeCult #Epstein #EpsteinFlightLog #TraitorsSupportTraitorTrump #Grifters #Politicians #Project2025 #SaveDemocracy #FollowTheMoney #DirtyRepublicans https://t.co/Bw9EHfSHxn"
"R364","P790","0","A real man would never vote Biden. A real man wouldnt vote for a President who is destroying the great nation their brothers died for #trump #usa #2024Elections #MAGA #TrumpAssasinationAttempt"
"R365","P791","0","@elonmusk Are you fucking kidding me

This is #MAGA bullshit

The Republican Party is now a crime family kissing the fat mob bosss ring.

#GodBlessBiden"
"R366","P792","0","Great idea Make it quick - here will be less idiots in the USA #MAGA"
"R273","P793","0","HAVE U NO SHAME DONALD FING TRUMP 

https://t.co/btMVcccTYS

 #MAGA YOU ALL LOVE #Trump so much - why dont u watch this documentary. 

Terrified Gaetz Only 19 Thomas Crooks #NewYorkTimesOpinion Prophet The GOP Katie Porter Libs of TikTok Eric Trump Paul Ryan Presumed Innocent"
"R187","P794","0","#wiunion #wiright #wipolitics  #Wigov #maga"
"R369","P795","0","#karilake #trump2024 #maga"
"R210","P796","0","Kimberly Cheatle is a DEI-saster We are learning even more with new video this very minute - They show Thomas walking around the building hanging outside the perimeter  
#FJB #MAGA #RNCConvention #MAGA2024 @JoeBiden
#CNN #MSNBC #GOP #DNC #Trump #Trump2024 https://t.co/MoRdATKIZO"
"R371","P797","0","@thorstenbenner Did I do anything wrong today, he said, or has the world always been like this and Ive been too wrapped up in myself to notice
?Douglas Adams,?The Hitchhikers Guide to the Galaxy

#Trump
#Farage
#Vance
#MAGA"
"R372","P798","0","@ROCHNYCRIMEINFO @sfj8888 @mcfw @acoffey3216 @BenVahey @barstowscott @BobLonsberry #MAGA It is time.. https://t.co/d51DqqQTQI"
"R373","P799","0","This is EPIC
#Maga"
"R136","P800","0","@NobodymrRobert @catturd2 This is interesting #MAGA #tcot #Trump2024"
"R211","P801","0","Australia gets it  

#Trump2024 #AmericaFirst #MAGA24 

@bennyjohnson @greggutfeld @JesseBWatters @JDVance1 @VivekGRamaswamy @TuckerCarlson @charliekirk11 @glennbeck @JDVance1 @senatorbabet"
"R376","P802","0","@TheThe1776 Theres a huge difference between saying fuck joe Biden and someone saying they wish death for Trump.   Thank God the shooter missed.  Trump2024 #MAGA2024"
"R377","P803","0","#MAGA https://t.co/PHhhIOmgcH
Great Job This is perfect...MM"
"R67","P804","0","For god and country. My two guiding morals as a Republican. AMEN #MAGA #Trump #NYRepublicans #Truth #Freedom #TrumpForPresident Post ID:242604"
"R379","P805","0","@RealMattCouch Pencil Neck #MAGA"
"R380","P806","0","#MAGA https://t.co/5HmgxHM8RI"
"R381","P807","0","@ThatAlexWoman The people insulting his bandage as unnecessary are likely still wearing masks outside...

#MAGA"
"R382","P808","0","Trump, will live forever on memes street, texas 
#MAGA #elon #Memes https://t.co/DtdA2rNOsF"
"R102","P809","0","#WakeUp #MAGA"
"R210","P810","0","Kimberly Cheatle is a DEI-saster We are learning even more with new video this very minute - They show Thomas walking around the building hanging outside the perimeter  #FJB

#MAGA #RNCConvention #MAGA2024 @JoeBiden
#CNN #MSNBC #GOP #DNC #Trump #Trump2024 https://t.co/OcNSJRaHXn"
"R258","P811","0","Which of the Hollywood Elites threatened to cut off @AdamSchiff if he didnt join Team #MAGA 

Think it was some rich dude in an Italian villa who bangs Julians Assanges lawyer"
"R227","P812","0","@Headshok1962 @Diane94338153 Thanks Headshok for a great patriot that just happens to be your wife, I proudly followed her Welcome aboard Diane
 #MAGA #AmericaFirst #GodBlessAmerica #GodBlessTexas #StandWithTexas #GodBlessNC #GodBlessTN"
"R387","P813","0"," #Merica #MAGA"
"R102","P814","0","#WakeUp #MAGA
@FoxNews talking about this My moneys on no."
"R141","P815","0","Call me crazy, but I like a president who can dodge a bullet and not get taken down by a flight of stairs.

#AmericaFirst 
#MAGA
#Trump2024"
"R390","P816","0","@mirandadevine hack scribbler, poor example for her children, professional liar for New York Pissant amp #FOXLies promoter of #Whataboutism amp #BigLies more dreck coming 9/24.
MAGA
Moron
Assholes
Gaslighting
America
#TrumpLost #TrumpLIEDPeopleDIED #TraitorTrump #MAGAMorons https://t.co/IFCTvGRZ8S"
"R391","P817","0","the Wall Street Journal reported that Musk plans to contribute as much as 45 million a month to a new pro-Trump super PAC
#MakeTeslaGreatAgain 
@elonmusk 
#MAGA2024 
#Trump2024 
#TrumpAssasinationAttempt https://t.co/72QHAUkZrj"
"R392","P818","0","#donald #donaldtrump #trump #trump2024 @realDonaldTrump @IvankaTrump #MAGA #art #vangogh #mugshot https://t.co/wOgVXszZ2x"
"R393","P819","0","@Paultx890 #MAGA"
"R394","P820","0","No The Marxists cant have our weapons God bless granny. God bless President Trump. And God Bless America #MAGA https://t.co/DJbGSMnDnF"
"R395","P821","0","Divine interventionhe still has much work to do. Thank you Donald J. Trump, We The People have your back. #MAGA

Goddelijke tussenkomsthij heeft nog veel werk te doen do. Bedankt Donald J. Trump, We The People staan achter je. #MAGA https://t.co/bXCe49xh3O"
"R396","P822","0","Where are my fellow patriots at Follow me for my political takes, promise you wont regret it #Conservative #MAGA #Election2024"
"R397","P823","0","Former soon to be president, Donald Trump dances to Megan Thee Stallion #Mamushi #MAGA  Credits to IG acc below  https://t.co/0yGDyqFbnO"
"R398","P824","0","@wahlstedt007 It is a glorious time to be alive. #MAGA"
"R29","P825","0","#EarDiaper #MAGA #MAGACultMorons"
"R400","P826","0","BRING BACK Q LFG. #WWG1WGA #MAGA"
"R401","P827","0","Look #Republicans, I know that many of you are not #MAGA So, put the country first and dont vote for such dangerous person "
"R402","P828","0","@AmeshiaCross @2RawTooReal @JoeBiden  #MAGA incoming https://t.co/2Pdgw8dMJ6"
"R403","P829","0","@CoinKamala Its #Jover - #Kamala going to be the Mamala for the US. Cant wait for debate against #Trump amp #MAGA"
"R154","P830","0","So, this is my attempt at enticing #MAGA accounts to follow me:

I am about as passionate and unfiltered as a #MAGA dude can be.

I am unapologetically proud to say that I feel actual love for our presidential GOAT, @realDonaldTrump 

I am not monetized and do not base my life"
"R405","P831","0","@JayneZirkle @gc22gc @RealPNavarro Patriotic warrior #MAGA"
"R406","P832","0","What good is it for us to change minds and win over new voters...
If you then bitch avout who and what those voters used to be
#MAGA, be the example, not the critic.
Play to win, not self destruct."
"R178","P833","0","@MassholeJay @Lissa4Trump @StarxFire @nicoletamb1224 @jessiesnow @Bobbyetmoi @MBLINDAM @DennyGr28530407 @smirkingbitch @WhalenMona @LeahRain77 @ArnotbUp @RighterThanRigh IFBP #Trump2024NowMoreThanEver
#MAGA is for ALL Americans #LFG
@SilenceDoGood64"
"R402","P834","0","@2RawTooReal  #MAGA incoming https://t.co/YL1w4lz2fi"
"R278","P835","0","@titusdre @NFTDEFILAND MAPE  #MAGA  #PEPE  Millions

Av1PaeFPAr2vbmxMMQfSc9EeTcyUYhgVfRWDYacnf3g2 https://t.co/T43dXXmX8F"
"R206","P836","0","So @50cent is at the RNC 

#MAGA
#Trump2024
#DonaldTrump https://t.co/8bIpBat4To"
"R411","P837","0","JD Vances circles are a literal Whos Who of the very #Globalist #Elites that everyone but #MAGA recognizes #Trump aspires to be, amp of whom #MAGA amp #ChristianNationalists live in abject terror of becoming subject.
Go figure, MAGA.
https://t.co/6mIwo1g3Kt"
"R412","P838","0","@ZaleskiLuke #maga and #GOP are just riding a continuum of contradictions, double standards, and utter hypocrisy"
"R413","P839","0","@seanmdav Whatever happened to the inherent contempt effort against Garland  Unless Republicans stand up to these traitors and hold them accountable they will continue to avoid lawful demands to appear and answer to the American people. #MAGA @gop #gop"
"R414","P840","0","Youre damn right you will 
#MAGA"
"R415","P841","0","@TheMagaKing20 @RepAdamSchiff You #MAGA cult zombies shouldnt be so shocked at Trumps attempted assassination. Or that it was attempted by a REGISTERED REPUBLICAN. You love Trumps hate rhetoric

Decent, moral, anti-Fascist, anti-Nazi Germans tried at least 42 times to assassinate Adolf Hitler.

"
"R416","P842","0","TRUMP 2024: Because America Deserves a President Who Puts AMERICA FIRST 

Join the movement and lets Make America Great Again  #Trump2024 #MAGA #AmericaFirst"
"R61","P843","0","POWERFUL #MAGA  https://t.co/RVSN252yWv"
"R418","P844","0","Afternoon folks, just wanted to say Fuck Joe Biden for the 11th time today 
#MAGA #DonaldTrump #fuckjoebiden"
"R419","P845","0","#MAGACultMorons are crying over one of their own taking a chunk out of Orange Dons ear, theyre barely bothered a MAGA was killed 2 others hospitalised. Trump or any MAGA are even helping with their hospital bills. Though theyre livid this is getting spread on social media https://t.co/4R2qjt1TUp"
"R420","P846","0","BREAKING: Massive Maxi Pad shortage, in Southern States. #MAGA replacing Red Hats with new fashion statement. .@realDonaldTrump https://t.co/h3YLJM3eRd"
"R360","P847","0","@GOPisGutless @de1monte88 #IFB #MAGA"
"R422","P848","0","BREAKING NEWS
House Oversight Chairman subpoenas Secret Service Director Cheatle over Trump assassination attempt. 

Will this investigation bring accountability and transparency 
https://t.co/R77hKDIPBk
#TrumpAssassinationAttempt #OversightCommittee #MAGA #SecretService https://t.co/jWD5dDFySo"
"R423","P849","0","P2 PROPHECY: The Enemy Within Mark Taylor  posted by Robert P. Smart, called by God amp Jesus Christ, preacher - evangelist, sharing the truth in love. Dont worry trust the LORD LISTEN #MAGA #SMART @realDonaldTrump @DanScavino @EricTrump @DonaldJTrumpJr @bmxministry 37 https://t.co/kGVx0L0KXs"
"R424","P850","0","@LauraLoomer Congratulations you hit 1M  #MAGA"
"R425","P851","0","Another pos. Share, give him his 15 minutes then shut him down.  Lets do it patriots #MAGA https://t.co/bDZgGHG0mW"
"R329","P852","0","@MichaelSteele Its more than 100 hours since he was shot: You would think the #USSS #DHS wouldve had a full blown press conference outlining the incident amp answering questions about their failures to protect #FPOTUS 
Corey Comperatore died amp 2 others injured
#MAGA #Trump2024"
"R427","P853","0"," Our Trump-inspired memecoin on Solana is turning heads with its Make America Great Again cap. 
 Join the wave and be part of the latest crypto sensation 
#Trumi #Memecoin #Solana #Crypto #MAGA #TrumpCoin #Blockchain #CryptoNews"
"R428","P854","0","#MAGA #TrumpVance2024"
"R429","P855","0","Who do so many #MAGA #Trump supporters wear mirrored shades, and many of them indoors
You cant trust people who hide their eyes like that."
"R430","P856","0","@PatriotDave77 #MAGA https://t.co/oui3Mfw3YA"
"R431","P857","0","@brotherjones @GinoBulso @GOP If I lived in Tennessee, because of my exp with @GinoBulso. I would vote for @brotherjones and my first straight party ticket because the entire TN @GOP is corrupt, and exactly what #MAGA who dont vote straight @GOP are against. But in TN I would vote straight dems bc of you."
"R432","P858","0","KAMALA Harris making moves on Polymarket Did BIDEN poop himself again

https://t.co/cn1Esh3pRy

#Biden #MAGA #Trump #memecoins #altcoins #1000xgems https://t.co/8YAc0f3C1R"
"R187","P859","0","@tammybaldwin seems to be leaving out some details that she doesnt serve Wisconsin. #wiunion #wiright #wipolitics  #Wigov #maga"
"R219","P860","0","FINALLY. Corporations and businesses are starting to realize that DEI hiring is dangerous to the American economy and people. Especially in roles where lives are dependent on excellence and not race/religion. DEI  DIE #TrumpAssasinationAttempt #Trump2024 #MAGA "
"R435","P861","0","TRUMP2024 #MAGA #VIRAL #TRUMP #DONALD #SHORTS #BIDEN #DEMOCRAT #REPUBLIC... https://t.co/c0uw5f4hew via @YouTube"
"R423","P862","0","P1 PROPHECY: The Enemy Within Mark Taylor  posted by Robert P. Smart, called by God amp Jesus Christ, preacher - evangelist, sharing the truth in love. Dont worry trust the LORD LISTEN #MAGA #SMART @realDonaldTrump @DanScavino @EricTrump @DonaldJTrumpJr @bmxministry 37 https://t.co/aiv2K6nNem"
"R437","P863","0","@mmpadellan @AdamSchiff Weve been saying that for years. 

Schiffty Schiff is a piece of schifft.

Come to #MAGA. 

Itll be easy. 

Youre in Florida already. 

Just be a Patriot. 

"
"R438","P864","0","#MAGA @JDVance1 
THERE WAS ONE SHOOTER. A REPUBLICAN."
"R439","P865","0"," In a World Dominated by Evil, Its Time to Reclaim Power and Make a Change #MAGA #Trump2024 https://t.co/WtQ8PNuF14"
"R440","P866","0","Those who talk the most know less 
#trump
#maga 
#Trump2024 
#TrumpAssasinationAttempt"
"R178","P867","0","@JimPidd @StevenLegacy411 @brixwe @Todd4USA @PSwal807 @UnsinkableDolly @pixiebell2022 @jncojok3 @StarxFire @Pixie1z @ToniLL22 @fugustra1 @cmirr @45mx7 @bdonesem @TheGrayRider @Scobra642 @WhalenMona @B45Arnold @PanAmNat @KathyZoll @ran1368 @RM3USA @vgdotcom IFBP #Trump2024NowMoreThanEver
#MAGA is for ALL Americans #LFG
@SilenceDoGood64"
"R442","P868","0","@GuntherEagleman Yes, thank you Matt for proving the new Republican talking point that its the party of unification and inclusion is just so much bullshit and that being #MAGA means being petulant, spiteful and immature

#Trumpstagedit 
#StagedAssassinationAttempt"
"R84","P869","0","Dan Bongino Blows Open Secret Services Failure To Protect Trump #Trump2024   #News #VoterFraud #DonaldTrump #LiberalSickness  #MAGA  #joebiden  https://t.co/TYJpfuYimu"
"R444","P870","0","#AmericanFascism #DictatorWannabes #MAGA #JDVance  #JDVanceVP"
"R431","P871","0","@brotherjones @GinoBulso You are the reason I do not vote a @GOP ticket. I just vote for the anti-socialism and the money these admins have STOLEN from the FHLB and peoples housing financing to pocket themselves give to VCs and Chinese based CCP control. #MAGA stands with @brotherjones I will help you"
"R34","P872","0","#California- Your Government wants to steal your kids
Get out NOW. 

#USA #MAGA #SaveTheChildren 
#SaveAmerica 
FIRE the psychotic #Evil #Democrats."
"R447","P873","0","THE AMERICAN PEOPLE DONT FEEL SAFE AT ALL UNDER CROOKED LOSER BIDEN AND CORRUPT DEMOCRAT TERRORIST REGIME
#TRUMP2024 
#MAGA"
"R84","P874","0","Police Warned Secret Service They Didnt Have Resources To Cover Building Used By Trump Shooter #Trump2024   #News #VoterFraud #DonaldTrump #LiberalSickness  #MAGA  #joebiden  https://t.co/Gjgvma5cHX"
"R449","P875","0","The MSM wants to bury this photo so Im doing my part to keep it public.
#MAGA https://t.co/XBVxYEKaX1"
"R450","P876","0","Every policeman or woman, commissioner, 
and mayor in each town in the US should vote for Trump. You know this white house does not have your back. 
#TRUMP2024ToSaveAmerica 
#MAGA 
#JDVance"
"R84","P877","0","Trump Ally Peter Navarro Freed From Prison, To Speak At RNC #Trump2024   #News #VoterFraud #DonaldTrump #LiberalSickness  #MAGA  #joebiden  https://t.co/bPnTNA1Lmt"
"R452","P878","0","Qui peut lui mettre une casquette #MAGA "
"R178","P879","0","@PatriotDave77 IFBP #Trump2024NowMoreThanEver
#MAGA is for ALL Americans #LFG
@SilenceDoGood64"
"R454","P880","0","Kimberly Cheatle must be fired is she will not step down

Follow @I.Meme.You.No.Harm.Legit

#KimberlyCheatle #SecretService #AssassinationThreat #Trump #MAGA #Responsibility #SecurityThreat #Investigation #SecurityBreach #ProtectandDefend #ThreatNotTakenLightly #POTUS #HighAlert https://t.co/Imr2AKt6sw"
"R455","P881","0","@therealroseanne Amen I doubt you may remember, but back in 2009 or 2010, a political uniter emailed you and I when I was a candidate for CA governor. The uniter stated that we both had the same goal to make the state better.  We share the same goals today too.  #MAGA"
"R456","P882","0","WOW This new President Trump ad is awesome  Talk about giving you goosebumps #Trump2024 #MAGA "
"R329","P883","0","@Rightanglenews @CollinRugg The dad bought the AR
I bet when the kid was acting suspicious
The 1st thing he did was check for the gun
Missing gun
Missing suspicious kid
#FPOTUS nearby
#TrumpAssasinationAttempt failed by the Grace of God amp his protection failed by the error of men. #MAGA"
"R84","P884","0","Column: NBC Newscasts Omit Biden Scolding Lester Holt as a Trump Enabler #Trump2024   #News #VoterFraud #DonaldTrump #LiberalSickness  #MAGA  #joebiden  https://t.co/gZtDU1cQNe"
"R459","P885","0","@elonmusk Good move #EndTheFed 
#Texas
#MAGA - Make America Germany Again

https://t.co/UlIz04Na6P"
"R460","P886","0","..#JDVance of Ohio was the guy who made the least sense.

Weak and tired Trump steamrolled into picking the guy who made the least sense

#trump #TrumpIsProject2025 #maga #VoteForJoeNotThePsycho #USAforBiden #VoteBlueForABetterAmerica 
 https://t.co/gpiqCX1N5x"
"R461","P887","0","@Liberacrat @justinhart Can someone PLEASE ask JUSTIN to UNBLOCK ME.  #MAGA"
"R462","P888","0","@atrupar #MAGA"
"R463","P889","0","@IvankaNews #MAGA"
"R84","P890","0","Anderson Smears Tim Scott As Uncle Tim or Tom After RNC Speech #Trump2024   #News #VoterFraud #DonaldTrump #LiberalSickness  #MAGA  #joebiden  https://t.co/VvhtVmzQlv"
"R465","P891","0","#MAGA If you have a Trump Bible then you have a copy of his new constitution. No amendments 12-27. 
The womens right to vote isnt there.
#VoteBlueToStopACriminalDictator 
#VoteBidenToSaveAmerica"
"R466","P892","0","God bless you, President Trump - for all youve done, for all youve endured, and for all the promise you bring to our great nation. I pray you will be victorious in November. We need you back at the helm.
#Trump2024 #TrumpVance2024 #Trump 
@realDonaldTrump @JDVance1 
#MAGA2024"
"R467","P893","0","Breaking: Top Democrats Schumer and Jefferies call for delay in nomination of Joe Biden #Election2024 #MAGA2024 https://t.co/VSvtkzmAwV"
"R468","P894","0","@elonmusk Munich #MAGA #TrumpIsProject2025"
"R84","P895","0","Colbert And Warren Agree: True National Unity Means Passing Gun Control #Trump2024   #News #VoterFraud #DonaldTrump #LiberalSickness  #MAGA  #joebiden  https://t.co/v4GHUPVom2"
"R470","P896","0","@HuffmanForNC Because the facts get in the way of their narrative.

#MAGA Cult tried killing #Trump.

Alex Jones was calling for Trump to be assassinated months ago.

JD Vance was saying the kind of violent anti-Trump rhetoric which #Conservatives claim inspired their shooter."
"R471","P897","0","imagine your superintendent using #maga 

like, he wants to dissolve your job dipshit "
"R431","P898","0","@brotherjones We reject Project 2025 Justin. #MAGA voters are like me. They dont support it as it came from the outside. I donated to you today my first donation ever. I also am going to direct the majority of #MAGA to your fight. If i have to go broke I will: https://t.co/FFUzV9hvc2"
"R84","P899","0","Report: Someone Was Supposed to Be Stationed on Roof of Building Used By Trump Shooter But They Didnt Show Up  American Greatness #Trump2024   #News #VoterFraud #DonaldTrump #LiberalSickness  #MAGA  #joebiden  https://t.co/89oiebYdwN"
"R474","P900","0","@PatriotDave77 #DJT 

#IFBAP #TrumpVance2024 #MAGA https://t.co/jSfF4lwwwW"
"R475","P901","0","#MAGA has officially taken full control of the former Republican Party What a time to be alive"
"R476","P902","0","Theres no comparison.
President Trump is the Only man qualified in every way to lead America back to Greatness
#MAGA #Trump2024 https://t.co/5LjbNqK2hl"
"R477","P903","0","@KariLake The BEST  #MAGA strong"
"R478","P904","0","@AOC AOC: You are a bigoted, hateful, racist anti-American, anti-worker monster living on your ivory tower, you have no idea of what everyday working Americans have to struggle with due to your elitist, liberal, racist policies. #Trump2024 #MAGA #BLEXIT"
"R479","P905","0","@PatriotDave77 #DJT
#MAGA 
"
"R480","P906","0","Am shocked that @RepAdamSchiff jumped on this suicidal train. ##Trump #MAGA supporters, #HeritageFoundation are all grateful. As if the assist #Trump getting from #SupremeCourt, #JudgeCannon and the system not enough-democrats assistance is incomprehensible."
"R481","P907","0","@davidpakmanshow this is the best take I have seen for why a Republican would try to assassinate Donald Trump.

Thoughts

https://t.co/XcHnFPV0AF

#MAGA 
#MAGACultMorons 
#MAGA2024
#TrumpAssasinationAttempt"
"R482","P908","0","I must say ALL Trump ads are the BEST  
TRUMP 2024 #MAGA"
"R483","P909","0","@ThomHartmann It certainly does..WE LOVE IT 

Imagine believing that we want those establishment RINOS traitors anywhere near our nominee 

The further the better. 

#MAGA "
"R484","P910","0","@M5071889323176 @TRobinsonNewEra @JDVance1 No that wouldnt have contributed to it. Just the triggered MSM and lefties that dont understand democracy and had to resort to trying to kill someone as they are going to LOSE in November.  #MAGA"
"R485","P911","0","@TaraBull808 @DaRealAmberRose G.O.A.T #PDJT #TRUMPVANCE2024 #MAGA"
"R84","P912","0","BREAKING: Would-be assassin Thomas Matthew Crooks was a Trump-hater, former classmate claims #Trump2024   #News #VoterFraud #DonaldTrump #LiberalSickness  #MAGA  #joebiden  https://t.co/614YuE4DSA"
"R487","P913","0","@PatriotDave77 #DJT #MAGA"
"R488","P914","0","Great breakdown of the Russian lies that were being spread at the RNC. #MAGA #Trump #Vance #RussiaisATerroistState https://t.co/PJ8TOUvrEE"
"R489","P915","0","Got tired again watching #MSM #MAGA focus News ,  persecuting the @USSecretService , at the same the @USSecretServic1 is protecting the #RNC so I 

Pick a few Pears Before the thunderstorm rolling in , we need the rain for the Horse  Pasture . These are cooking type pears, hard https://t.co/rqwqilC2Hi"
"R490","P916","0","@Stephen16887499 @TheAnaBraga @mtgreenee And w/ #MAGArbage dumpster fires burning everywhere, w/ the Party of Trump former GOP blocking EVERY move of the Dems to unify amp improve things, you blame President Biden What universe have you been trapped in Twice impeached  34x felon #AdolfTrump caused this. All of it."
"R187","P917","0","@RepGwenMoore Tell your peeps to get a job. #wiunion #wiright #wipolitics  #Wigov #maga"
"R492","P918","0","@EricLevitz @AdamMantine Well, stutter disorder and all, Biden speaks just fine for me. And no one has suggested a viable replacement, except Kamala and I would hate to see what #MAGA and the media would do to her campaign. Katanji Brown-Jacsksons SCOTUS hearings were disgraceful and theyd look tame."
"R227","P919","0","@MeenieMoee @DonnaBarford Thanks for your reply MaK, you are the exact type of patriot I like and that deserves a follow I got your back and Welcome aboard  
 #MAGA #AmericaFirst #GodBlessAmerica #GodBlessTexas #GodBlessNC #GodBlessTN"
"R494","P920","0","@IvankaNews #MAGA all the way"
"R495","P921","0"," #MAGA . https://t.co/JpzOmxCCsI"
"R496","P922","0","How is America First #MAGA agenda a scam Case in point: projected corporate tax cuts in #Project2025 will increase s going overseas. Why B/c 40 of US corporations are owned by FOREIGN investors. So, 40 from every 1 cut will go directly out of the country."
"R431","P923","0","I will use my FNMA FMCC #GSE wealth to help these movements for civil rights and against GOV GOP theft like the #nws of Fannie to fund socialist programs the shareholders were fucked by. IF you have any intention of being true to your country and to #MAGA its a necessary battle"
"R338","P924","0","@wterrence Nobody cares any longer about these rhinos. They are all finished. The Boss is back #MAGA"
"R499","P925","0","@AntonioSabatoJr #CollectiveAmnesia #Reminder #TrumpAlreadyWasPresident #FormerPresident #WorstPresidentEver #TrumpWorstPresident #MAGA #DidNotMAGA #BrokenRecord #StuckOnRepeat #ZeroPromisesKept 

Trump running on his record is not the right move, Tonya. https://t.co/aZv1qLYLPs"
"R500","P926","0","@IvankaNews @IvankaTrump #Phuque #MAGA - STAT"
"R501","P927","0","@catturd2 PENCIL NECK WANTS TO ERASE BIDEN FROM THE DNC TICKET

Theyre SO TRANSPARENT...

its childs play. 

Now they can nominate their backdoor candidate.

TYPICAL DNC politricks 

#MAGA2024 https://t.co/JtfwMIy1iV"
"R46","P928","0","@VanJones68 this never happened. You have no friends. You have no friends because youre a #maga simp mungo."
"R503","P929","0","Guardian angel lookin over Trump #MAGA  https://t.co/ZdjKCTHmoq"
"R431","P930","0","Guys Im no bleeding heart but after we get Trump elected #MAGA needs to go deep on Tennessee. I cant tell you how crazy it is to see what these Dems are fighting for - and how those wrapped in their Trump support are doing to American civil rights - its criminally abusive."
"R431","P931","0","Tennessee is not my #MAGA - Its disgusting. And its not a TN Dem party that is like a DC Dem Socialist elite. Its the TN GOP there that is disgusting. Crooked. Stealing.

Worst of all - the racism is violent off camera threats is the TN GOP and against D like @brotherjones "
"R506","P932","0","#MAGA  alert"
"R507","P933","0","Absolutely powerful new video from the Trump Campaign #MAGA #MAGA2024"
"R508","P934","0","An hour or so before the shooting Crooks is seen casually wandering around looking suspicious as fvck and SS/police did nothing #AmericaFirst #MAGA2024 #Trump2024 #TrumpAssassinationAttempt #MAGA #weneedanswers #TrumpVance2024 https://t.co/rECBgjYtNr"
"R209","P935","0","@hodgetwins NOPE... UGLY IS ALWAYS UGLY.
SHE SAID ALL THE WRONG THINGS, SHE CANT TAKE IT BACK NOW
EVEN KISSING ASS AT AN ELEPHANT GATHERING, WE ARE JUST GRACIOUS TO THE SINNER. 
GOD FORGIVES, BUT ELEPHANTS, AND LIONS NOT SO MUCH
YEAH, NO
LETS GO #MAGA https://t.co/NClw3aGena"
"R510","P936","0","Facts that Trigger MAGA #69:

There is nothing wrong with making, distributing or watching porn if all parties involved are consenting adults. Your puritan objections are invalidated by the 1st Ammendment.

#MAGACultMorons #MAGAts #ChristianNationalists"
"R511","P937","0","SUMMER 2024 UPDATE SET A to SET I 150/150 Each amp Set J : Homotopia 78/150 LORE Folder NEW CARD COMBOS Folder NEW 1,400 Cards https://t.co/WiBtZy99l6 #gotacardforthat #monstersamongus #MTG #MTGARENA #magicthegathering #tcg #freetoplay #free #MAGA #TRUMP2024 #TRUMP https://t.co/SglPcGz5XY"
"R512","P938","0","Hypothetical question to only #MAGA :. Trump won the election, and in 2026 Trump orders you to turn in your guns by December 15, what are you doing."
"R513","P939","0","Using hes gay as an insult says more about @RealCandaceO than anything. 

This extreme #MAGA rhetoric is going to get someone killed."
"R227","P940","0","@timothywall @CharlieKilpatr2 @Todd64 Thanks Tim for another great patriot, I proudly followed them Welcome aboard fellow Patriot 
@donnabarford 
 #MAGA #AmericaFirst #GodBlessAmerica #GodBlessTexas #StandWithTexas #GodBlessNC #GodBlessTN"
"R515","P941","0","@IvankaNews #MAGA"
"R187","P942","0","Trump shooters parents called police hours before assassination attempt https://t.co/2vSs8mh22D #FoxNews
#wiunion #wiright #wipolitics  #Wigov #maga"
"R168","P943","0","@jhcrosson @seanhannity Wrong. Any employees of the @TheJusticeDept may be appointed as Special Counsel

This has been unheld by 4 SCOTUS ruling.

Judge Cannon stated Jack Smith wasnt an employee but he is an hes extremely experienced. He was on Assignment to the Hague, War Crimes Prosecutions

#MAGA"
"R518","P944","0","@DavidRInsights @ZacksJerryRig @elonmusk I dont think you do. Btw not that it matters to any #MAGA but that poor woman looked old and tired. It makes me ill how none of are condemning those actions."
"R519","P945","0","#MAGARepublicans Nominated #TrumpIsAFelon As Their POTUS Candidate, Leading To Widespread Criticism/Mockery On Social Media. They Pointed Out The Irony Of The GOPs Emphasis On Law amp Order While Supporting #Trump With A Criminal Record. #NeverTrump
https://t.co/dfCioGlXf4"
"R520","P946","0","LFG  USA  for the win  #SaveAmerica https://t.co/LKd0xip7c2 @SaveAmericaETH1  ETH #memecoin1000x #MAGA"
"R521","P947","0","ICYMI, #MAGA. 

#VoteBlue"
"R349","P948","0","#MagaRepublicans are missing something #CoryCompetore a maga Trump supporter who died protecting his family from  20 year old male who was bullied armed with an assault riffle because he WAS ANGRYfor whatever reason he had, increases the risk for it to happen again"
"R523","P949","0","@IvankaNews #MAGA 
#MAGA2024 
#TRUMP2024ToSaveAmerica"
"R524","P950","0","@JDVance1 I am waiting to see if he is pro #Israel and if he has unwavering support in the past or what, I keep looking and only find recent stuff and his book show up. Does he speak Spanish Medals What does he bring to the #MAGA table Cant wait."
"R525","P951","0","Hello @LaraLeaTrump We want to interview Trump-Vance campaign surrogates and down ballot folks in GA, AL and FL. Our Retirement Results Radio Show airs on conservative talk radio stations. #MAGA2024"
"R526","P952","0","Protect him at all costs #MAGA "
"R527","P953","0","#Trump     #USA      #AmericaFirst      #MAGA"
"R528","P954","0","#Trump2024 #America #UnitedStates #MAGA 

https://t.co/6ENSp33owA"
"R529","P955","0","There were TWO shooters and they timed there first shot. #TrumpAssasinationAttempt #MAGA"
"R127","P956","0","Omg I am BAWLING and I am Canadian 
Love my American friends. The World needs a strong America. Our future leader @PierrePoilievre will stand with you and not grift you anymoreLOVE U ALL GOD BLESS YOUR TROOPS GOD BLESS THOSE WHO R FREE AND GODBLESS AMERICA #trump #maga"
"R531","P957","0","@HuffmanForNC Because #MAGA is and ensemble of fanatics, a sect.. we had the same problem with Mr Bunga Bunga, they can do everything they want and they will be always for the followers saints"
"R402","P958","0","@wahlstedt007 Were GREAT Trump on his way for his 2nd term. #MAGA. https://t.co/0uB0eTAWcQ"
"R178","P959","0","@RedRedWineDawg I have met the nicest people at Trump Events. Very welcoming of everyone 
#MAGA is for ALL Americans 
#Trump2024NowMoreThanEver"
"R278","P960","0","@titusdre @kamcoins MAPE  #Maga  #PEPE  Millions https://t.co/mk6ayzyFAE"
"R535","P961","0","Make America Great Again #Maga #Trump2024 https://t.co/h3q5390Rol"
"R536","P962","0","@therealroseanne To think #MikePence would ever want to show his face around #MAGA and conservative Republicans is hilariously oblivious.  #JudasPence"
"R537","P963","0","#Hope #USA #VoteBlue reasons from Madam #VicePresident of The #UnitedStatesOfAmerica https://t.co/olUV2nKn1o #GenZ lead #CodifyRoe #DemocratsDeliver Trifecta ideal a #RepublicansAreTheProblem opposition #GetThemOut amp #FarRight #TFG #MAGA #GOP American social-economic stagnation"
"R431","P964","0","If Tennessee GOP gets to DC after Trump because they fake #MAGA and draining the swamp we do not protect our American peoples values. Each state has to be thoroughly checked if we are to be responsible. Remember the people of the @GOP made Trump 2016 SO difficult. We cant align"
"R539","P965","0","Cancel Culture Libs of Tik Tok Home Depot Jordan Peterson Nick Fuentes Tucker Carlson Elon Musk Trump JD Vance #MAGA #RNC2024 are yall too shy to share your opinion suddenly but youre predictable westerners, you love sharing you ignorant opinions. share below ill be watching  https://t.co/KQsw7yAP5C"
"R540","P966","0","Biden loses is with a Bronze Star hero

#maga #cnn #TheFive @krassenstein @glennbeck @greggutfeld @marklevinshow @LaraLeaTrump @nypost @TuckerCarlson  https://t.co/7Li5t9XKWo"
"R71","P967","0","#maga what is you doing"
"R542","P968","0","@TulsiGabbardrep Makes me want to get on my knees and propose to her  #MAGA"
"R431","P969","0","FNMA FMCC we need people like TN House D-Justin Jones in DC and when he gets there he does not support the stealing by the executive branch ideologue from the people to where the GOV in this case chief decides he wants that money. Stolen from people given to others #MAGA"
"R544","P970","0","#Crooks #ThomasMatthewCrooks #TrumpAssasinationAttempt #Trump2024 #MAGA2024 #mkultra https://t.co/q13UA6MtLF"
"R545","P971","0","#maga"
"R546","P972","0","@MemagFanatic @Ashcryptoreal @TrumpHairETHCTO HAIR #ETH #MAGA"
"R547","P973","0","@DonnaBarford Thanks, Donna
@BurtMO #MAGA IFBAP https://t.co/N135zFtHSX"
"R548","P974","0","#MAGA might not like this #VoteBidenToSaveAmerica"
"R549","P975","0","@nonbidenary667 @RobynStheel @TylerJodi4 Youve got it #MAGA"
"R411","P976","0","@RYP These are the very Global Elite that #Trumps #MAGA screams about."
"R551","P977","0","@israelUSAforeve Let them leave Noone needs them   #MAGA"
"R51","P978","0","Bible Serious Publications That Make Sense
Time to wake up
https://t.co/6QFank0GvC

This is a Spiritual War.
Do you know how to fight

It is always the same thing, because the enemy is the same.

#BibleStudy #MAGA #Freedom Peter Navarro Schiff Garland Donald J Trump #Truth https://t.co/W6Q59xpczX"
"R553","P979","0","@FBIWFO @DHSgov @SecretService #TrumpAssasinationAttempt #MAGA"
"R168","P980","0","@BidenHQ #MAGA  
@realDonaldTrump so dumb amp wrong

@JDVance1 so smart amp wrong

Two wrongs dont make a right

Women arent breeders

Asylum seekers are a boon to the economy

Black and Brown People deserve respect and equal rights

Invest in America not greedy christofascist billionaires https://t.co/SzWc7YqmUp"
"R80","P981","0","@MemagFanatic @Ashcryptoreal @TrumpHairETHCTO Attention to the top of the project HAIR #ETH #MAGA"
"R556","P982","0","Assistam, sigam o Canal no Youtube. Informao e fato
#TrumpAssasinationAttempt #Trump2024 #TRUMP2024ToSaveAmerica #TrumpIsProject2025 #MAGA 
@realDonaldTrump @DonaldJTrumpJr @IvankaTrump"
"R557","P983","0","Love it
#MAGA 
#Trump2024"
"R558","P984","0","Aaaaaand its gone. Comment disappeared. Instantly. So... me using the  clown emoji to identify TDS sufferers violates policy, but another user labeling people as Fascist is perfectly allowable Make it make sense. @USATODAY @YouTube @TeamYouTube #tds #trump #maga https://t.co/hTenssNJHL"
"R159","P985","0","Wow, Be proud of America and not afraid to show it.
#Fight for your Freedom, #Fight for America, #FightForTrump #MAGA #TRUMP2024ToSaveAmerica"
"R560","P986","0","@ABC7 Id wager that Cali is glad to see him go. #MAGA"
"R561","P987","0","Compte bloqu par le deep state suite  mes rvlations sur la tentative de sur Trump  Les pourritures europistes ne me feront pas taire. #MAGA https://t.co/4SsMBbUMwT"
"R431","P988","0","#MAGA means that civil rights for pointing out liars and theft and this man who censors and abuses legal system courts and power off camera is a SNAKE and we need to realize @brotherjones is a TN Dem, but TN @GOP is not #MAGA nor what FNMA FMCC #NWS stands for. TN state GOP"
"R48","P989","0","#Trump2024
#MAGA"
"R564","P990","0","#realDonaldTrump states he will take down the #DeepState #MAGA. Please stop postal ballot fraud this time."
"R84","P991","0","Trump Ready To Act Immediately As Peace Broker In Russia-Ukraine War Worthy News Radio #Trump2024   #News #VoterFraud #DonaldTrump #LiberalSickness  #MAGA  #joebiden  https://t.co/7jkuibRCoJ"
"R566","P992","0","Our true President 
Ive got your 6, always. 

#MAGA"
"R567","P993","0","@scottsantens Women, and Black voters are the indicators. 
Both groups except #MAGA women, hate @realDonaldTrump with the fury of 1000 suns"
"R84","P994","0","#Trump2024   #News #VoterFraud #DonaldTrump #LiberalSickness  #MAGA  #joebiden  https://t.co/IcM8UWr49y"
"R569","P995","0","@EndWokeness coming to America if we dont elect Trump/Vance...this will be our future....no thank you #MAGA"
"R570","P996","0","#MAGA truly is a cult and the lack of self awareness is staggering.

The sad thing is they are sacrificing their careers, reputations and in some cases, their entire lives, for a man who couldnt care less about any of them."
"R202","P997","0","#Michigan #MAGA "
"R572","P998","0","@miaxnovak #MAGA https://t.co/98RS2jNl6i"
"R84","P999","0","BREAKING: Speaker Johnson to create task force to investigate Secret Service over Trump assassination attempt  The Right Scoop #Trump2024   #News #VoterFraud #DonaldTrump #LiberalSickness  #MAGA  #joebiden  https://t.co/e7j3KSnfFy"
"R574","P1000","0","My sister brought my boy Lincoln this back from the OBX. Even my best boy is #ultramaga @realDonaldTrump @DonaldJTrumpJr @JDVance1 #maga #trump #womenfortrump #Republican #GodBlessAmerica https://t.co/3ISiVjzMnE"
"R575","P1001","0","@JeffreyLightfo8 @2fph96xhmc @LaNativePatriot Most of these videos are put out by #MAGA, we all want to know the truth Its those on the left who are withholding. If they were innocent and had done what they were supposed to with security, they would be an open book
#Democrats cover up everything. Thats not innocence"
"R576","P1002","0","@gary37h @darkhorsemaga @WesleyEllison18 Gotcha covered #MAGA on Patriots"
"R577","P1003","0","And how do you feel about it  Are you ashamed 
@dominicw @dfinity #ICP #Dfinity #icparmy #8yearsgang #BidenHarris2024 #Biden2024 #Trump2024 #MAGA https://t.co/Cdgkc9gHZs"
"R578","P1004","0","Packed speech #MAGA #TrumpVance2024"
"R127","P1005","0","Sorry its out of order lol Not that tech savvy  worth the read though. PLEASE RETWEET TO SPREAD HOPE LOVE AND POSITIVITY #MAGA #MCGA #TRUMPVANCE #TRUMP #DJT #JDVANCE #VIVEK #Republican #Democrat #GOPConvention #freedom #AmericaFirst #canpoli #poilievre #Trudeau #singh"
"R499","P1006","0","@catturd2 #PresidentJoeBiden  #Biden2024 #BidenHarris2024 #VoteBlue2024 #TheBigGuy #Brandon2024 #Vote2024 #MAGABlue #DemocraticParty #DNC  #GetOutTheVote #Biden #BLUEMAGA #46th 

President Biden will have my vote again. https://t.co/tmNyXZLwxB"
"R431","P1007","0","@brotherjones @MIA95629998 Not #MAGA like supports Trump but he is what MAKES AMERICA GREAT. @brotherjones words fight the abuse of the system, theft of the people and civil rights have been violated in his own house of representatives because he pointed out lying and corruption We need to champion him."
"R501","P1008","0","@KennethFCrowe1 PENCIL NECK WANTS TO ERASE BIDEN FROM THE DNC TICKET

Theyre SO TRANSPARENT...

its childs play. 

Now they can nominate their backdoor candidate.

TYPICAL DNC politricks 

#MAGA2024 https://t.co/DPrhF9zmPv"
"R583","P1009","0","@madlaw1071 @GOP @SheehyforMT @GayPatriot Looks like he already HAD one...

#MAGAFakePatriots https://t.co/iJmJ3BwMbp"
"R227","P1010","0","@DonnaBarford @JustLooking1681 Thanks Donna for another great patriot, I proudly followed them Welcome aboard fellow Patriot
 #MAGA #AmericaFirst #GodBlessAmerica #GodBlessTexas #StandWithTexas #GodBlessNC #GodBlessTN"
"R585","P1011","0","We  WILL  #MAGA 
Trump/Vance 2024 "
"R586","P1012","0","I love a man who wears eye makeup like JD VANCE. He also convinced himself was gay as a child. #maga"
"R587","P1013","0","@TheNotoriousMMA #MAGA2024 
#MAGA"
"R227","P1014","0","@DonnaBarford @RamsportMega61 Thanks Donna for another great patriot, I proudly followed them Welcome aboard fellow Patriot
 #MAGA #AmericaFirst #GodBlessAmerica #GodBlessTexas #StandWithTexas #GodBlessNC #GodBlessTN"
"R589","P1015","0","@IvankaNews YES. #MAGA"
"R590","P1016","0","@MemagFanatic @Ashcryptoreal @TrumpHairETHCTO Bullish #eth #trump #maga maga"
"R591","P1017","0","@IvankaNews #MAGA"
"R592","P1018","0","#JDPants  #MAGA"
"R84","P1019","0","OK  Not That Organized: Fake News CNN Analyst Assures People That Theres No Deep State That Could Take Out Donald Trump - #Trump2024   #News #VoterFraud #DonaldTrump #LiberalSickness  #MAGA  #joebiden  https://t.co/278l34WAoO"
"R594","P1020","0","Hay nada ms faltaba los Rockefeller, Rothschild y Soros y todos del Deep State. Esos malnacidos no podrn con Trump.
#MAGA2024
#MakeAmericaGreatAgain 
#TrumpVance2024 
#Trump2024 https://t.co/Vt8BIp7JMM"
"R84","P1021","0","That Sounds Like a No: CNN Correspondent Is Dubious of Secret Service Directors Answer on Beefing Up Trumps Protection - #Trump2024   #News #VoterFraud #DonaldTrump #LiberalSickness  #MAGA  #joebiden  https://t.co/yk7KzekGyd"
"R596","P1022","0","@wterrence Dont need them but more importantly we dont want them #MAGA"
"R597","P1023","0","@GOP @ChairmanWhatley Unified

Who do you think will PAY for #TrumpIsProject2025 tax cuts for corporations

Hows #MAGAKingFelonious going to pay for his immigrant concentration camps

You amp I cause you know he only protects the wealthy "
"R521","P1024","0","#MAGA ----gt #VoteBlue"
"R431","P1025","0","RISE UP AND REALIZE #MAGA and FNMA FMCC IS NOT ALIGNED WITH TENNESSEE GOP WHEN THEIR GOV. AND COURT CORRUPTION IVE BEEN FIGHTING FAKES THEY ARE AGAINST #NWS LIKE US - State level dems are diff in TN. GOP in TN are SNAKES. @brotherjones is against the same thing #NWS did to us"
"R600","P1026","0","#Trump2024
#FJBiden
 #kamalasucks
#MAGA2024 
#MAWA https://t.co/g8W4WrzdwX"
"R601","P1027","0","#House #Republican Leaders: #Biden Unfit To Be #President. 

#JoeBiden #USA #US #News #Politics  #Trump2024 #MAGA #US #America #Watch #Video #DonaldTrump 

https://t.co/8LkWS7VTfp"
"R602","P1028","0","@GeorgeTakei #MAGA didnt do it"
"R603","P1029","0","If @realDonaldTrump is the #MAGA pro labor populist candidate of everyday, ordinary people, why is he supported by nearly every billionaire famous for eliminating worker rights, cutting social security amp demanding their own tax cuts"
"R604","P1030","0","@ImMeme0 No surprise about the #MAGAcrat scum who are on the same level as her posting the same about Biden in the comments."
"R84","P1031","0","Ted Cruz Explains to Corporate Media His Transition From Trump Opponent to Supporter #Trump2024   #News #VoterFraud #DonaldTrump #LiberalSickness  #MAGA  #joebiden  @tedcruz  https://t.co/qt3q5bBK4T"
"R606","P1032","0","New decal added today
TRUMP - FIGHT FIGHT FIGHT
Etsy - ConservativeDecalLLC

#Trump #TrumpAssasinationAttempt #TrumpRally #PresidentTrump #SaveAmerica #MAGA #MAGA2024 https://t.co/4K4yNhN7gd"
"R178","P1033","0","@Elohimhayyim7 @ThePatriotOasis IFBP #Trump2024NowMoreThanEver
#MAGA is for ALL Americans #LFG
@SilenceDoGood64"
"R608","P1034","0","Were all praying for you @realDonaldTrump 

God has set you aside. You will lead and restore the greatest nation on earth. 

Long live DJT

Fight

Fight

Fight

#MAGA"
"R609","P1035","0","When will the Western colonialists abandon their colony, #Israel

When the cost of defending it exceeds the benefit of its existence.

What will happen to the Jews then

The Western #Zionist does not care about their fate he wants to get rid of them.
#truth #MAGA #MuskEmpire"
"R178","P1036","0","@SleepyJoeandHo @ThePatriotOasis IFBP #Trump2024NowMoreThanEver
#MAGA is for ALL Americans #LFG
@SilenceDoGood64"
"R178","P1037","0","@burnetteshawn @ThePatriotOasis IFBP #Trump2024NowMoreThanEver
#MAGA is for ALL Americans #LFG
@SilenceDoGood64"
"R612","P1038","0","@TeamsterSOB  #Biden saved #Union  #Pensions amp you disparaged part of your  #Teamster workforce to cater to #Trump amp #MAGA  Were you project your personal view of that workforce Interesting post https://t.co/LrQ5uU7SPW"
"R178","P1039","0","@FederalistIII @ThePatriotOasis IFBP #Trump2024NowMoreThanEver
#MAGA is for ALL Americans #LFG
@SilenceDoGood64"
"R614","P1040","0","@realDonaldTrump  
#MAGA https://t.co/xLXoJu3C01"
"R19","P1041","0","@JoeyMannarinoUS me either. #J13 never ever forget. #MAGA #TrumpAssassinationAttempt #BidenWorstPresidentEver"
"R616","P1042","0","#bleachblondbadbuiltbutchbodies #clones #MAGA #Trump2024 #BidenHarris2024 #GOPDomesticTerrorists #GOPWomen https://t.co/GrkZqCHBec"
"R617","P1043","0","I  concur You are spot on Just another #maga lie."
"R618","P1044","0","@TaraBull808 Yes, I will proudly be voting for Trump so we can make America what its suppose to be. #MAGA"
"R619","P1045","0","#MAGA #MAGACultMorons #MAGA2024"
"R620","P1046","0","@TristanSnell Playing the race card I see. Yall really need some new material. #Trump2024 #MAGA2024 #TrumpVance2024"
"R621","P1047","0","@esturoal The left hates everything #MAGA stands for: https://t.co/Mdqt3umznl"
"R622","P1048","0","Wherever old man Trump goes, violence and chaos follows. #MAGA"
"R623","P1049","0","J. D. Vance saying our President Donald J. Trump does not care for anyone, but himself.

#Trump2024 #JDVance 

 https://t.co/eO8P688QZI"
"R13","P1050","0","The man Adam Schiff can never be #Trump2024 #TrumpAssasinationAttempt"
"R625","P1051","0","Thomas Crooks was a Republican and a Trump Hater. 

Yes, 10 of the Sane Republicans actually Hate Trump. 

They know he will destroy our Democracy. 

Sorry to burst your bubble MAGA.

#RNC2024 #Trump2024 #TrumpAssasinationAttempt"
"R4","P1052","0","@MikeRogersForMI @foxandfriends @GOPconvention Pulling for you  #Trump2024"
"R627","P1053","0","And we will win  #Trump2024"
"R4","P1054","0","@LauraLoomer God bless you Keep the good fight up @LauraLoomer  #Trump2024"
"R629","P1055","0","He meant to say crack and cocaine because Hunter doesnt smoke Mary Jane  
#Trump2024 #partyatthewhitehouse"
"R630","P1056","0","My President The Peoples President   #Trump2024 #TRUMP2024ToSaveAmerica"
"R631","P1057","0","@MarthaJ1954 @redbloodedmom @FMarinoJr What did #Trump2024 say about being a dictator Besides our constitution prevents a dictatorship A Dictatorship cannot exist with the  #1A and #2A Amendments #Trump wont be a dictator because We wont allow it because Were not going to allow the outlawing of the Constitution"
"R632","P1058","0","@IvankaNews 
#Trump2024"
"R633","P1059","0","Adam Schiff, a prominent Democrat and leading candidate for Senate in California, has publicly called on President Joe Biden to drop out of the presidential race, citing serious concerns that Biden cannot defeat former President Donald Trump in November. #Trump2024 https://t.co/EfeAroxvNB"
"R634","P1060","0","Why am I paying extra  for container, bags and utensils at a restaurant amp take out .  #Trump  #expensive  #weneedTrump #notaxontips #Trump2024 https://t.co/fNbbx5ADtJ"
"R635","P1061","0","#SlopedRoof #BidenFailure  #Trump2024"
"R636","P1062","0","#TrumpAssasinationAttempt #Trump2024 #Trump"
"R637","P1063","0","@yuleMPmrasta #Trump 
#Trump2024 
#TrumpAssassinationAttempt

https://t.co/tT6exMh5Rf"
"R638","P1064","0","Molly 3X From our CALL
 if molly Reach 2M mcap i will send 5 Solana to 5 Rendom People 
Like this post Follow me and retwet this post

Follow @coincraftcm  for next coin

#Trump #Trump2024 #BabyTrump fis bob #wifear fist ear #ear #trumpe fight #fight peipei https://t.co/fT4WcsrL2L"
"R639","P1065","0","Gangsta #Trump2024"
"R640","P1066","0","@TMade50 @ATamwicz Step into the light  #Trump2024 https://t.co/phYl7v6tyD"
"R637","P1067","0","@lilitaliangrr #Trump 
#Trump2024 
#TrumpAssassinationAttempt

https://t.co/tT6exMh5Rf"
"R642","P1068","0","@Bubblebathgirl @SUBWAY First the Saturday people and then the Sunday people Quite ironic that the left-wing woke socialist mob are hating on #Christianity while embracing Islam #Trump2024"
"R4","P1069","0","@johnnymaga #Trump2024 "
"R644","P1070","0","President Trump got you down #Biden2024 #BidenHarris2024 #Trump #Trump2024 #TrumpVance2024 https://t.co/0Xo1Msgb4Y"
"R637","P1071","0","@NeutronLiam #Trump 
#Trump2024 
#TrumpAssassinationAttempt

https://t.co/tT6exMh5Rf"
"R646","P1072","0","The same people that ignored the 2020 election data and evidence, pushed Covid restrictions, the jab, face diapers, etc are the same people telling you to vote Biden. Their record sucks. They cant read data. They cant critically think. They ignore facts. Yea Im good
#Trump2024"
"R647","P1073","0","@FBI But they failed BIGLY on July 13th as USSS agents. No denying that fact. The world witnessed it in realtime Such an embarrassing mess for you all 
#TrumpAssasinationAttempt #Trump
#Trump2024
#TrumpVance2024"
"R648","P1074","0","@FT Financial Times trying to sow a seed of discord in the Republican party, but your plans aint goin work

WE ARE UNITED 

#Trump2024"
"R649","P1075","0","DAYS IN AND STILL NO SOLID ANSWERS. 

Where is the outrage from Republicans We need PUBLIC hearings, and we need them now. STOP STONEWALLING

The American people deserve the truth... and we shouldnt have to wait till Nov. 5th to get it.

#TrumpAssasinationAttempt #Trump2024"
"R650","P1076","0","Best response of the campaign so far  



#Trump2024"
"R651","P1077","0","FFS this dolt who refuses to leave the WH is now using his media to negotiate terms. Can this get anymore ridiculous #Trump2024 https://t.co/1AOGyE5HFH"
"R652","P1078","0","@franklinisbored @elonmusk Nope. #Trump2024 #TrumpVance2024"
"R4","P1079","0","@MonicaCrowley Hes a train wreck @POTUS #Trump2024 "
"R654","P1080","0","#IMRANKHAN2024 #ImranKhan #Trump2024 #Trump"
"R655","P1081","0"," They wanna silence me because I would never let them silence you , theyre not after me theyre after you and I just happened to standing in their way 

#Imrankhanpti #TrumpAssasinationAttempt #Trump2024 #ImranKhan804 #IMRANKHAN2024 https://t.co/JJ0kWvdFvi"
"R637","P1082","0","@newwndhaar #Trump 
#Trump2024 
#TrumpAssassinationAttempt

https://t.co/tT6exMh5Rf"
"R657","P1083","0","@MmisterNobody @domlucre All the more reason to vote #Trump2024"
"R658","P1084","0","Good bless Trump
#TooBigToRig 
#Trump2024 
#FireCheatle https://t.co/kIrL6HTDb3"
"R659","P1085","0","Do you believe Trump will be the next president 

Yes or No
#TrumpAssasinationAttempt #Trump #Trump2024 https://t.co/jFLFtwJbiL"
"R660","P1086","0","Project 2025: Mandate for Leadership  Chapter 2: Executive Office of th... https://t.co/4AAXYvF5Md via @YouTube #Project2025 #Trump2024 #Biden2024 #Election2024 #TrumpShot #RNC2024 #DNC2024"
"R661","P1087","0","#Trump trolling the Biden campaign.  
#VPDebates
#Trump2024
#TrumpVance2024 https://t.co/3f3LzjqUIV"
"R637","P1088","0","@FreyjaTarte #Trump 
#Trump2024 
#TrumpAssassinationAttempt

https://t.co/tT6exMgy1H"
"R663","P1089","0","#Trump2024"
"R664","P1090","0","Oh my God WTF is wrong with this young lady. HER MOM SHOULD HAVE SPANKED HER A WHEN SHE WAS YOUNGER. #DemocratsDividingandDestroyingAmerica #Snowflakes #LeftistBullsit #Trump2024 #TrumpVance2024"
"R665","P1091","0","What you have to remember about mentally ill Hollyweirdos like @JohnLeguizamo, is that they are insanely jealous of a self-made man like @DonaldTrump who stands up for what is RIGHT and has no fear in the face of adversity and hate. #Trump2024 https://t.co/YRKpRIbJEl"
"R666","P1092","0","The probability that all the things that supposedly went wrong when they shot at MAGA #Trump2024 could go wrong is less than one in a million 1/1,000,000. 

This is more than just incompetence. 

#TrumpAssassinationAttempt gt
#TrumpVance2024"
"R667","P1093","0","I just heard on the Megyn Kelly show that there are currently more conservatives that support Joe Biden staying in the race than there are democrats that do. That is the funniest shit ever #FJB #Trump2024"
"R4","P1094","0","@catturd2 Fight harder than ever #Trump2024 "
"R660","P1095","0","Project 2025: Mandate for Leadership  Chapter 1: White House Office Au... https://t.co/yMWTpHy2Ks via @YouTube #Project2025 #Trump2024 #Biden2024 #Election2024 #TrumpShot #RNC2024 #DNC2024"
"R670","P1096","0","

Thats my President

#Trump2024"
"R671","P1097","0",". #FakeNewsSuck #TrumpAssasinationAttempt #Trump2024 #TrumpShot #EndWokeness"
"R672","P1098","0","#Trump2024"
"R673","P1099","0","@marceelias Good thing GOP has Musk bucks like you had zuckerbucks. 45 million per month should suffice. We will harvest more ballots then you people. #Trump2024TheOnlyChoice"
"R333","P1100","0","@SilviaC37688113 ABSOLUTELY  #TRUMP2024"
"R672","P1101","0","#Trump2024"
"R19","P1102","0","@FjordPike @JackPosobiec @NikkiHaley I thought she did OK..it took a lot of nerve to get up in front of #TRUMP2024ToSaveAmerica supporters and call for #unity..I do give her credit for that. @NikkiHaley"
"R677","P1103","0","@elonmusk Yes, it is. #Trump2024"
"R678","P1104","0","@JoeBiden President Trump/J.D. Vance gt President Biden/K. Harris 

Be careful with your violent rhetoric Joe.

You have wounded a lion and a great Nation. 

#TRUMP2024ToSaveAmerica https://t.co/TlZAYydIkR"
"R679","P1105","0","@SethAbramson This woman is pissed off about endless wars, unaffordable housing, out of control grocery and fuel costs, and illegals pouring over the border. Damn right, Im voting out of this mess #Trump2024"
"R680","P1106","0","@LizCheney @JDVance1 #DementiaJoe #HeelsUpHarris #TDS #Trump2024 #Landslide #TheRealTrumpProject2025 https://t.co/MthqxcatjL"
"R681","P1107","0","@TristanSnell Weekend at Bernies that has been our last 4 years #Trump2024"
"R682","P1108","0","@BidensWins Who is writing these posts. Please seek help because everything you post is such bull . Trump has clearly said he knows nothing about this. If you go to his website you will clearly see agenda 47. Thats what he said he would do if elected. #BidenHasBloodOnHisHands #Trump2024 https://t.co/2JkGlw6ATK"
"R683","P1109","0","#BidenHarrisToSaveDemocracy #RNC #Trump2024 https://t.co/rfEq1WaoGt"
"R684","P1110","0","part 2:The American Congress is not the Islamic Council. A real determination to eliminate the current government of Iran can lead. And declaring the IRGC as a terrorist is definitely the first step. Iranian Americans are definitely with President Trump.
#Trump2024"
"R685","P1111","0","@CaptMarkKelly All you have is gaslighting  its not working like it once did.  How your party leaped so far left, its you bringing more Americans to the America First tent  Thank you  #Trump2024ForASafeAmerica"
"R686","P1112","0","#Trump2024 trend. https://t.co/BkPlbcUiMi"
"R687","P1113","0","Every single tentacle of our government is incompetent. From the CIA, FBI, Secret Service, .. MAKE AMERICA GREAT AGAIN #TrumpAssasinationAttempt #Trump2024 https://t.co/OaOGzscrHa"
"R688","P1114","0"," #Trump2024 #KristiNoem "
"R680","P1115","0","@ondinemonet @NancyLeeGrahn @JoeNBC @morningmika @MorningJoe #DementiaJoe #HeelsUpHarris #TDS #Trump2024 #Landslide #TheRealTrumpProject2025 https://t.co/aaINd3rHmC"
"R690","P1116","0","#Trump2024 #TrumpAssasinationAttempt https://t.co/CLfPceulWy"
"R73","P1117","0","@bennyjohnson #TeamTrump Great work #Trump2024"
"R692","P1118","0","@camrynsmoler @JoeBiden Encourage him to stay in the race

Signed,

All Americans supporting #Trump2024 which is almost everyone"
"R693","P1119","0","I found out how this pathetic #Biden2024 quasi ad, got to me. I only need 3 words for the answer: Cornell, Climate amp Change.Sure, #Biden is my man#Bidenomics #BidenBorderCrisis  #Economics #Inflation, amp #DEI ..
These are enough examples why #Trump has my vote. #Trump2024 https://t.co/vzc6DvbAlY"
"R694","P1120","0","@BlueBoxDave Wrong. You fight fire with fire and that is the ONLY reason the right is finally winning again 
#Trump2024"
"R695","P1121","0","Nova AD de Trump:
We will not fail
#Trump2024 https://t.co/leLBwLTq5z"
"R696","P1122","0","65 of Democrats think Kamala Harris would be a good president. 65 of democrats have severe mental impairments. #Trump2024"
"R697","P1123","0","@SebGorka @tokyopiII Sounds like someone needs a visit from a 3-letter agency.  #Trump2024"
"R698","P1124","0","Dont mess with the slopes.
#trump #trump2024 #americafirst #SlopedRoof https://t.co/Cnj7iGGMMb"
"R699","P1125","0","If John Bolton, the neocons, and the Republican/Democrat establishment doesnt like @JDVance1  hes a solid pick for the job and will probably want my vote for POTUS some day. 

#Trump2024 #TrumpVance2024"
"R700","P1126","0","The Coronation...
Le Couronnement...
#DonaldTrump #AssassinationAttempt
#Trump2024 #TentativedAssassinat https://t.co/QglHQVakgl"
"R701","P1127","0","@BraddrofliT @TheDarqeness #Trump2024 baby"
"R702","P1128","0","@ScottPresler Youre looking so great and healthy God watches over ALL of our warriors 

#Trump2024 and NO OTHER "
"R703","P1129","0","@IvankaNews #IraniansStandWithTrump 

I, as a monarchist just #KingRezaPahlavi  love and support #Trump2024 "
"R680","P1130","0","@DiamondD56 @MorningJoe @JoeNBC #DementiaJoe #HeelsUpHarris #TDS #Trump2024 #Landslide #TheRealTrumpProject2025 https://t.co/f9GtI58vAi"
"R705","P1131","0","GODS RESPONSE TO THE ASSASSINATION ATTEMPT ON FORMER PRESIDENT TRUMP    

https://t.co/mtv3vTdMLp

#DonaldTrump #DonaldJTrump #Trump2024 #TrumpAssassinationAttempt #Trump
@realDonaldTrump #PresidentTrump2024 #PresidentDonaldTrump #ThomasMatthewCrooks #RNC2024 #RNCConvention2024"
"R706","P1132","0","#trump2024 https://t.co/wfr4PATQVI"
"R707","P1133","0","#Bitcoin 250k is inevitable.  #Trump2024  https://t.co/ZvWRI2T30u"
"R708","P1134","0","@ArtCandee @OccupyDemocrats He did not tell them to riot. They were ushered in by capital police. January 6 doesnt hold a candle to what happened on Saturday to Donald Trump.#Trump2024ToSaveUsFromTheRadicalLeft."
"R709","P1135","0","#Trump2024 https://t.co/breuwfefDf"
"R710","P1136","0","@elonmusk Liberal vs conservative is fake division The true political separation is TYRANNY vs. FREEDOM For decades both parties were for big gov control Uniparty is the past fact. Trump MAGA freedom is future #Trump2024"
"R711","P1137","0","Just in the White House and the cabinet, apparently. Am I right or am I right @GOP
#TRUMP2024ToSaveAmerica 
#BidenHarrisToSaveDemocracy 
#TrumpIsNotFitToBePresident"
"R712","P1138","0","If it was the other way around Republicans would want to see the medical reports of that ear. 
The bullet ricocheted off the teleprompter and shards of glass cut him
 He was not shot. 
#LetUsSeeTheMedicalRecords
#TrumpAssasinationAttempt 
#TrumpIsNotFitToBePresident 
#Trump2024"
"R713","P1139","0","@MatthewSpira @LogicallyJC Why not get your answers from the actual source #Agenda47 #Trump2024 

https://t.co/DIZfiFGXfE https://t.co/wIcntuSMPO"
"R714","P1140","0","Shes probably delivered the best speech which will be used ALOT between now and November. Incredible speech   #Trump #RNC2024 #Trump2024 https://t.co/QpSwDdZ8WU"
"R715","P1141","0","We need the biggest turnout possible

#Trump2024 #TrumpVance2024"
"R716","P1142","0","#Bizzarri di contro ha i neuroni marci. #Trump2024 #piddioti"
"R717","P1143","0","Everyone should vote for Trump.
He saved crypto by staying alive. We would all be at zero right now. #Trump2024"
"R718","P1144","0","@wterrence .@NAACP  Remember how #TheDemocrats in #WashingtonDC told you that youd be getting millions of dollars in #slavereparations, but you got nothing, even though #DonaldTrump wasnt in office Is #skincoloir really of moniker of intelligence, or political programming #Trump2024"
"R719","P1145","0","Amen to that #Trump2024"
"R720","P1146","0","@JovanHPulitzer @CoffindafferFBI @MichaelYon  Hmm...  #Trump #Trump2024 #TrumpVance2024 
@TuckerCarlson @elonmusk  Is this possibly true"
"R694","P1147","0","@jackblack get fucked you lying fat bastards The only reason youre canceling the tour is because multiple venues pulled the venue out from under  two fat asses feet 
#Trump2024"
"R722","P1148","0","@iAnonPatriot I am a former liberal grown woman in Alabama voting for Trump/Vance #Trump2024"
"R723","P1149","0","@ABC30 #Trump2024"
"R724","P1150","0","Love this response #Trump2024 https://t.co/828jk1fE2A"
"R725","P1151","0","I mercati delle scommesse salgono al 71 a favore della vittoria di Donald Trump nelle elezioni del 2024, Biden scende al 17

 il puritano
#politics #facts #news #events #Trump2024 #USA https://t.co/4Oe7ROX4Q7"
"R726","P1152","0","@PamKeithFL All I know is she loves America and supports #Trump2024 I like her"
"R727","P1153","0","@TheLeoTerrell They are all men and I see it very well. #Trump2024"
"R728","P1154","0","@WSJ #Trump2024 https://t.co/qMZMRhJ7eT"
"R729","P1155","0","Thank you for your inspiring message, Sarah Huckabee Sanders 
#Trump2024NowMorethanEver 
#TRUMP2024ToSaveAmerica 

BREAKING NEWS: Sarah Huckabee Sanders Absolutely Unleashes On Biden In B... https://t.co/Gy0uZ8C38u via @YouTube"
"R730","P1156","0","@JenniferRuth74 #Trump2024 
#TrumpVance2024
#Trump2024NowMorethanEver"
"R731","P1157","0","#ElonMusk 
#ElonMuskMemeArchive 
#Trump 
#Trump2024 
#Trump2024MemeArchive"
"R732","P1158","0","@KamalaHarris Tomorrow is the day after today that follows yesterday, that being said in 111 days past today .....YOU WILL BE A BAD MEMORY #Trump2024 https://t.co/L5XFwqDfm7"
"R733","P1159","0","Lets go Floridas got it right 
#saveamerica #Trump2024 https://t.co/457ciZhJBO"
"R734","P1160","0","We ALL should  join
President Trump 
in unison 
amp 
Wear a bandage 
on our 
right ear 

@realDonaldTrump #FIGHT
#Trump2024 #TrumpVance2024  https://t.co/asXQBlA6FJ"
"R735","P1161","0","#FIGHT #Trump2024 https://t.co/v2sHlHO5kk"
"R642","P1162","0","KRudd jumping on the Trump train Who would have thought Looks like he doesnt want to lose his cushy Ambassador role #Trump2024  
https://t.co/lFGEowk4pe"
"R737","P1163","0","@mitchellvii Bill Mitchell, Amber Rose, Matt Walsh, 50 Cent, etc. IDGAF who you are, MAGA and the Trump train accept and need you All hands on deck #Trump2024"
"R738","P1164","0","@ksdknews Regime propaganda.

#Trump2024"
"R739","P1165","0","#usa #Trump2024 #RNC2024 @realDonaldTrump https://t.co/E1H9RSrRtq"
"R740","P1166","0","Can I say, vocal, @RealJamesWoods is kicking it #Trump2024 "
"R741","P1167","0","NO ONE IS BUYING INCOMPETENCE THIS WAS DONE DELIBERATELY  @SecretService  #TrumpAssasinationAttempt #Trump2024"
"R742","P1168","0","@smaloney924 Bullshit on steroids.
Do you really want to know the truth, what President Donald Trump plans for his second term
Easy, go to https://t.co/Ym3v9TR0XR
and read Agenda 47 
#TRUMP2024ToSaveAmerica"
"R743","P1169","0","@MarkHamill Oh, mark, you most of all should know how this story goes... 
#Trump2024 https://t.co/ke6lBfwRBC"
"R744","P1170","0","Right now some in the right are doing what they have been complaining about the Left. Cancel culture aint good no matter what the comment is your blurring the lines 
#Trump
#Republicans
#GOPConvention 
#Trump2024"
"R745","P1171","0","@MarioNawfal There is nothing like divine intervention If you cant see it you are blind. 

#TRUMP2024"
"R746","P1172","0","@GuntherEagleman I concur  There is no way Ill ever be a Marxist Democrat. America is at a tipping point.  President Trump is the only person with the integrity to do what is necessary to fix the massive problems Biden created. #Trump2024  "
"R747","P1173","0","Are they getting their story straight #Trump2024"
"R748","P1174","0","Patriots You are amazing 
I will follow you back as soon as possible. THANK YOU
#Trump2024"
"R749","P1175","0","Hey Biden supporters  Has this STILL not sunk into your heads yet #Trump2024"
"R750","P1176","0","#trump2024 4 votes coming from this house @realDonaldTrump"
"R751","P1177","0","@MattWalshShow Let us not forget we are being invaded at our borders and violence more atrocious than the Trump attempt are happening every day to common citizens. Do not become transfixed on the spectacle. Prepare for the coming times. This is only the beginning. May God protect him #Trump2024"
"R752","P1178","0","@wterrence I think theyre entitled to their differences. The bottom threecouldnt care less. However, I will always adore and value the top two, George W Bush and Mike Pence, regardless of their differences with Trumpwhom Im all in for #Trump2024"
"R753","P1179","0","@JohnRLottJr 19  if it was 20 I would register DemoKKKrat, but totally cool with 19....thanks   #Trump2024"
"R740","P1180","0","Give it up, Chris. Your guy sucked. He ruined everything #Trump2024 built People Vote Trump 2024 Life will be better "
"R755","P1181","0","The Biden cover-up and Trump prosecutions are sufficient to make it factually the most abnormal.

And if youre shooting for a return to something approaching normalcy, the only option is #Trump2024"
"R756","P1182","0","Sadies restfully sleeping.. #DogsForTrump2024 #Trump2024 https://t.co/rNZStftqNq"
"R757","P1183","0","@TysonSClarke @Psychotika @OldRangerJoe1 @BullheadRanch @monsterhunter45 Mainstream Media is the very reason Why Trump was almost dead a couple days back. 

And Politicians and celebrities have been praising the idea of harming Trump for over a decade now. 

The Moral High ground every One pretended to be on is GONE. 

#TRUMP2024"
"R758","P1184","0","@RealJamesWoods I agree, however @RealJamesWoods

President Trump is alive and well.
Glass half full, always
#Trump2024"
"R759","P1185","0","@BasedDetails @wterrence Effective legislator

career politician
Dislike. 

@VivekGRamaswamy would have been best choice. 

#Trump2024
#Ramaswamy2028"
"R702","P1186","0","@elonmusk Much better than suit and tie 

#Trump2024 and NO OTHER "
"R761","P1187","0","True

#Trump2024"
"R762","P1188","0","@LauraLoomer The most epic #TRUMP2024 video right here: NEW TRUMP CAMPAIGN AD https://t.co/pl8aXmyIIe"
"R763","P1189","0","#Trump2024 
#TrumpVanceMAGA2024 
#TrumpVance2024ToSaveAmerica https://t.co/CVfOoMzdRn"
"R764","P1190","0","Its been more than 30 years since food ate up this much of Americans income...
#ThanksJoeBiden
#Bidenflation
#JoeMustGo
#TrumpAssasinationAttempt
#Trump2024
https://t.co/n6UoTYNvhR"
"R765","P1191","0","@JoeBiden @KamalaHarris If only #Trump2024"
"R753","P1192","0","@RealMattCouch Thats it...I am voting trump  #Trump2024"
"R767","P1193","0","Greatest Party America Can See How Wonderful WE ARE TOGETHER  Bring it #Trump2024 
#RED"
"R768","P1194","0","@LauraLoomer @RobertKennedyJr Still not voting Kennedy
#Trump2024"
"R720","P1195","0","Biden Regime Stonewalls Congressional Investigation into Assassination Attempt https://t.co/8seszkEflX via @pamelageller @jovanHpulitzer @CoffindafferFBI @MichaelYon #TRUMP #TRUMP2024 #TRUMPVANCE2024"
"R770","P1196","0","Our hottest new -tee just dropped in the shop 

Rep your love for Trump in style and comfort

Dont miss out - snag yours before theyre gone 
https://t.co/4PbZyaEOV6

#newarrivals #etsyshop #musthave #TrumpTee #Trump #Trump2024 #statementpiece #shopsmall #trending https://t.co/NygwdRt9gr"
"R742","P1197","0","@davidhogg111 Were not going to give up our guns so that fucking violent Democrats can shoot Republicans like Steve Scalise and President Donald Trump with impunity.
#2ndAmendment
#TRUMP2024ToSaveAmerica https://t.co/B1xre89ESz"
"R772","P1198","0","@JoJoFromJerz Heres your problem:  Trump was president for one term already.  So we can compare Trumps single term with Bidens single term, and we can see that things were far better with Trump.  So were voting for Trump.  #Trump2024"
"R773","P1199","0","Tide is turning in our favor. Its okay if you didnt like PDJT before or didnt trust him. First hand testimonials like this one are what helps us as a country, unite and move closer to taking back our Constitutional Republic, The United States of America

#Trump2024 "
"R743","P1200","0","@MarkHamill Oh, mark, is that you 

Nevermind... no one really cares.
#Trump2024  #BulletProof
#BadAssPresident 
#TrumpLaughingAtLooneyLefties https://t.co/jLmJ430mp7"
"R694","P1201","0","This is 12 years old and its for everyone claiming the right needs to stop canceling the left for saying shit like too bad he missed 
Nope. Never. Ill fight fire with fire as its the only reason the right is finally winning again 
#Trump2024"
"R776","P1202","0","Liberty, Peace and Make American  great again.

They want to take my freedom because I will NEVER let them take yours. @realDonaldTrump 

https://t.co/lQaaS95aIA

#Trump2024 #TrumpVance2024ToSaveAmerica #TrumpVance2024"
"R777","P1203","0","@JohnLewisEU @elonmusk Im sure hes devs. #Trump2024"
"R685","P1204","0","@GavinNewsom Wait what  You just made every parent a criminal in CA if they push back on the school system trying to change their kids into a transgender.  No one wants you  #GelHead #Trump2024ForASafeAmerica"
"R779","P1205","0","IL MEGLIO DEVE ANCORA ARRIVARE #TRUMP2024 https://t.co/H0fvIHuKZS"
"R780","P1206","0","To all my #Trump2024 #Trump #TrumpToSaveAmerica2024 Nh people https://t.co/anrqFwgSk8"
"R781","P1207","0","Trumperham Lincoln.
#TheRealDonaldTrump #TrumpAssasinationAttempt #Trump2024 https://t.co/AybyavT81J"
"R782","P1208","0","@irvbabbitt TIME TO DRAIN THE SEWAGE OF 2 TIER JUSTICE SYSTEM ALL 3 LETTER AGENCIES CLEANED OUT FOR TRUMP ADMINISTRATION  #Trump2024 "
"R783","P1209","0","@GuruMerc Coming lets opposite for me 
#TRUMP2024"
"R784","P1210","0","Accurate 
#Trump #Trump2024 #TrumpAssasinationAttempt #meme #rightwing #matrix https://t.co/PqUOE6TLHP"
"R785","P1211","0","Wow #Trump2024MoreNowThanEver"
"R786","P1212","0","If you know the enemy and know yourself you need not fear the results of a hundred battles. -Sun Tzu #Trump2024 
#TrumpVance2024"
"R787","P1213","0","I actually  teared up. I WILL VOTE #TRUMP2024 and be PROUD that I did."
"R788","P1214","0","The Sinners collection would definitely be incomplete without this legend 

@thesinDAO #Trump2024"
"R757","P1215","0","@eligaultney @monsterhunter45 The moral high ground is gone. 

They reap what they sow. 

#TRUMP2024"
"R790","P1216","0","@GuntherEagleman Our real President did that. #Trump2024"
"R791","P1217","0","The dude proved himself to be an actual badass in a situation that cant be faked. He immediately stood up above the secret service people and raised his fist. Fearless. Amazing. Name one other politician that would have that reaction in real time #Trump2024"
"R792","P1218","0","Its about time for a major event to take the scrutiny off the #TrumpAssassinationAttempt #Trump2024"
"R720","P1219","0","@JovanHPulitzer @CoffindafferFBI FYI -- HMM...
#TRUMP2024 #TRUMPVANCE2024 #TRUMP @MichaelYon"
"R794","P1220","0","@IvankaNews I fucking love dude #TRUMP2024"
"R795","P1221","0","#Trump #Trumpmerch #Manymen #Americanpride #fistpump #coffeelovers #mugs #Trumpralley #Trumpforpresident #Trump2024  https://t.co/AhIJzuMMGs"
"R796","P1222","0","@IsabellaMDeLuca Yes  
#Trump2024"
"R797","P1223","0","#Trump2024
#TrumpVance2024 https://t.co/PrU85BEnbv"
"R798","P1224","0","President Donald Trump and CONAN are both our American heroes. 

#Trump2024 #TrumpAssasinationAttempt #TRUMP https://t.co/ibSR8cHDrM"
"R799","P1225","0","@JohnRLottJr And her Constitutional right

#Trump2024 
#JDVance"
"R800","P1226","0","#Trump2024"
"R801","P1227","0","Now, for the sake of the country, I hope he drops out
#Trump2024"
"R802","P1228","0","This new Trump ad is on fire 
#Trump2024
#TrumpVance2024"
"R728","P1229","0","@CBSNews People who have been telling others that Trump is literally Hitler and all his supporters are Nazi, racist, sexist, transphobe, and bigots is now upset people are trying to take out Trump...

K...

#Trump2024 https://t.co/87qKZKMlOa"
"R804","P1230","0","#Trump2024 
 https://t.co/eFWuQ8D9ox"
"R805","P1231","0","Where are these oppressed refugees getting their smart phones 

Thanks Joe Fn the middle class as usual #Trump2024"
"R806","P1232","0","@BuzzPatterson No.
But I hope. 
I hope some Dems just finally have enough of the lunacy, and realize when you normalize this type of evil, then we are all in danger and peril. 
Many are trying to oust Biden. 
I dont think anyone can beat Trump at this point.
#Trump2024"
"R664","P1233","0","#TrumpAssasinationAttempt #Trump2024"
"R808","P1234","0","So it was looking like over-throwing Biden wasnt an option, so they tried a highly botched assassination attempt on Trump.
Its all on Biden again.
The radical lefttheyre gonna pounce on Biden in droves.
Hes done. 
#Trump2024"
"R809","P1235","0","@VanJones68 its not a mystery why #Trump picked Do that Dance Vance to shake that beard.. watch ya self #GOP #RNC #RNC2024 #Trump2024 #Biden2024 #BidenHarris2024
#RepublicanConvention
#JDVance #AmberRose"
"R810","P1236","0","@POTUS Inflation is at is highest Vote #Trump2024 #SaveAmerica"
"R811","P1237","0","@IsabellaMDeLuca  #Trump2024"
"R812","P1238","0","The more details that come out about the secrete service failing to secure the are the more it seems like a 3 stooges routine. #Trump2024 #politics"
"R813","P1239","0","   
 

#trump2024
#hamsterkombatcoin https://t.co/MjWCS0Cf4a"
"R814","P1240","0","BREAKING
THEY FOUND THE REAL SHOOTER @greg16676935420 @elonmusk
#bbtvi #trump2024 #rnc #trump #BINIStacey #GenshinImpact
#RutoMustGoNow
#TrumpAssasinationAttempt #shooter #viral #breakingnews #f4f #alecbaldwin #DonaldTrump #elon #like #Folllow #memes https://t.co/TKpYTxoJox"
"R815","P1241","0","@wterrence Nobody cares what these RINOs think.. They are democrats with an R in front of their name..

I even voted for bush and his dad, but now I know hes just as bad as the rest of them.. all part of the uniparty.

#Trump2024"
"R816","P1242","0","@reeseonable That didnt age well... #Trump2024"
"R817","P1243","0","@TimMurtaugh Haha, thats quite the list of accomplishments for one man But hey, if he can do all that and still be President, I guess anything is possible  #biden #trump2024"
"R818","P1244","0","#Trump2024 "
"R720","P1245","0","@CoffindafferFBI #TRUMP2024 #TrumpVance2024 @JovanHPulitzer --   Hmm... #TRUMP - -.  ."
"R820","P1246","0","@JudgeJoeBrownTV Ive always respected and admired you, Judge. But never as much as I do today. God bless you. #Trump2024"
"R713","P1247","0","@BraddrofliT @TheDarqeness #Project25 is not Trumps plan. #Agenda47 is Trumps plan. #Trump2024 

https://t.co/DIZfiFGXfE https://t.co/LAzaX0oOF2"
"R822","P1248","0","@RealJamesWoods If Im not mistaken, his medical condition has already emerged The world viewed it front and center during the torturous debate with President Donald Trump. We all knew how bad he was, and he certainly proved it to us
#TRUMP2024ToSaveAmerica"
"R823","P1249","0","How could the secret service not have positioned a counter sniper team on this #watertower  No way the shter gets the shots off if he is up there.  Its the tallest point over the entire area #TrumpAssasinationAttempt #Trump #Trump2024 https://t.co/dVw9vNcZkd"
"R824","P1250","0","How lucky Donald J Trump really is 
#TrumpAssasinationAttempt #Trump2024 https://t.co/51tTnUHt8R"
"R825","P1251","0","@JoeBiden How do you even know what youve done if you cant remember or articulate simple events. Sorry youve been at this game for along time have been given more passes than a hall monitor. #trump2024"
"R826","P1252","0","@bethanyshondark @bonniebackagain @pnjaban get over it. we have a fucking country to save and need unity to fucking win. #Trump2024"
"R638","P1253","0","Molly is live
Dont sell Only BUY it
CA : 5xWb3BxpiZZGGeF3zwx4s3L7MiwVocNN5HygKkepump

Follow @coincraftcm  for next coin

#Trump #Trump2024 #BabyTrump fis bob #wifear fist ear #ear #trumpe fight #fight peipei https://t.co/isr4EjbzfJ"
"R828","P1254","0","#Trump2024"
"R829","P1255","0","Post this photo every single day #Trump2024 #savage #thatsmypresident #fight #SaveAmerica https://t.co/umM2dunKOX"
"R830","P1256","0","#Trump2024  #TrumpVance2024 "
"R831","P1257","0","#TrumpAssasinationAttempt #Trump #Trump2024 
Qui se souvient de cette squence mythique dans #Quotidien en 2016 
Cultissime moment de PLS en direct live.
Je buvais leurs larmes  travers mon cran  https://t.co/f17EwoURCF"
"R762","P1258","0","The next President of the United States:

#Trump2024
#TrumpVance2024 
#TrumpAssasinationAttempt 
#COVERUP
#FIRESECRETSERVICEHEAD https://t.co/L0HP9Ck5g4"
"R833","P1259","0","#Trump2024 
 https://t.co/1Ex8oWzLEX"
"R834","P1260","0","What did President Donald  Trump wrong that media , politicians , celebrities  hate him so much  
#TrumpAssasinationAttempt  #Trump2024 https://t.co/sUEIq3P1Vp"
"R835","P1261","0","#Trump2024"
"R836","P1262","0","@DownWithTheSNP Who does she think she is She has no right to speak on behalf of Scotland, we can speak for ourselves. 
#Trump2024 "
"R837","P1263","0","@RyanAFournier Congrats Ryan Lets get this to a tiny little million views #Trump2024 #TrumpAssasinationAttempt "
"R838","P1264","0","VIDEO: When Injured Trump Arrived at Pennsylvania Hospital, ER Patients Prayed https://t.co/bwnbvCNs75 via @epochtimes #Trump2024 #AssassinationAttemptAgainstTrump"
"R839","P1265","0","          # #iran #Trump2024 https://t.co/z1BpmULV2t"
"R840","P1266","0","#Trump2024 #VoteBlue"
"R841","P1267","0","God Bless Trump and the fallen on Jul 13, 2024. #trending #Trump2024 #BREAKING
https://t.co/1yJNQzGD5t"
"R842","P1268","0","@JackMobley3035 The NBC News Poll 800 voters taken July 7-9, before the #AssassinationAttemptAgainstTrump, showed only 33 of Democrats/ Democrat-leaning Independents said they were satisfied with Biden as their partys presidential nominee, with 62 saying they prefer someone else. #Trump2024 https://t.co/WAJxav4JAc"
"R843","P1269","0","THIS IS EVERYTHING  #Trump2024 https://t.co/ftdnhZQAr5"
"R844","P1270","0","#TRUMP2024"
"R845","P1271","0","2024 Simpsonlarn kehaneti https://t.co/bjqu2O6xyA #sinsons #DonaldTrump #simsonslar #simsons2024 #SONDAK?KA #dnya #sinson #Trump2024 #Trump"
"R846","P1272","0","@JDVance1 wasnt wrong after all. #Trump2024"
"R847","P1273","0","@Paultx890 Please block me. #Trump2024"
"R848","P1274","0","@MamaSissieSays @Starbucks Being progressive still got their buildings burnt and vandalized, smart of them to switch to a party that doesnt burn down cities.

#Starbucks #BoycottStarbucks
#Trump2024 #AmericaFirst https://t.co/UM2kghNKNd"
"R849","P1275","0","Unleash the fury @realDonaldTrump  #Trump2024"
"R850","P1276","0","#WeWillNotFail #Trump2024 "
"R851","P1277","0","Its not a coincidence that they tried to assassinate him prior to the RNC.  #AssassinationAttemptAgainstTrump  #RNC2024  #Trump2024"
"R852","P1278","0","#Trump2024 https://t.co/b7lYnb67ss"
"R853","P1279","0","I have chills and tears THIS IS MY PRESIDENT #Trump2024 "
"R854","P1280","0","#TrumpAssasinationAttempt #Trump2024 https://t.co/cbRZiCeUBQ"
"R126","P1281","0","@ResistCBDC The choice is easy. #Trump2024 https://t.co/V8Ykg1Iof9"
"R856","P1282","0","@IvankaNews MAGA
#Trump2024
#Bolsonaro2026"
"R852","P1283","0","#Trump2024 https://t.co/0RHJREJIYm"
"R858","P1284","0","This is scary  Praise God Almighty for protecting the next president of the USA  
#Trump2024"
"R859","P1285","0","Not praying because you think youre too sinful is like not washing because you think youre too dirty. 

No matter the sinpray

#Trump2024 
#TrumpAssasinationAttempt"
"R852","P1286","0","#Trump2024 https://t.co/aFdaAPIPD1"
"R861","P1287","0","@wahlstedt007 #Trump2024"
"R862","P1288","0","I really enjoy Elon Musk assessment of whats going on
@elonmusk
#Trump2024"
"R863","P1289","0","@GrrrGraphics Any lesser man would have crumbled under the weight of these atrocities against him. Not Trump. He fights. #Trump2024"
"R864","P1290","0","What a fantastic campaign ad.  Amazing.  #Trump2024"
"R865","P1291","0","Trump To be on the new 50 Cent coin is crazy

#50Cent #DonaldTrump #Trump2024 #TrumpAssasinationAttempt #GenZ #NEWS"
"R866","P1292","0","#Trump2024 https://t.co/5cmnlrw1Rw"
"R867","P1293","0","#VoteTrump
#SaveAmerica
#Trump2024"
"R868","P1294","0","Tiger Woods says he lost sleep over Trump assassination attempt en route to British Open. Hes all in #Trump2024 https://t.co/BfxVBguQbh #FoxNews"
"R869","P1295","0","            .  
#Trump2024
    
https://t.co/5ULNlDsT0D https://t.co/R0JC3boFjp"
"R870","P1296","0","Dem ist nichts hinzuzufgen  Klare u. vernnftige Ansage  Hoffe er auch soviel Engel wie #Trump2024"
"R871","P1297","0","What do you have to say 
FOLLOW ME IF YOU LOVE #Trump2024 https://t.co/piqn3VtzuV"
"R872","P1298","0","@RpsAgainstTrump Or potentially using it as a bargaining chip to bring business here.  #Trump2024"
"R873","P1299","0","Y u think he posted this on my birthday Because he actually loves me we really good friends
Do ur homework on us next time u try to frame the wrong person 
#Trump2024 https://t.co/skPSwhfkoE"
"R874","P1300","0","@TulsiGabbardrep @EmilyCompagno My dream  girl Merry me Emily #Trump2024"
"R34","P1301","0","@SpeakerJohnson We wont hold our breath 
Hopefully youll happily surprise us this time 
The mere fact that they didnt get him off the stage the SECOND they knew of a shooter speaks volumes. #Trump2024"
"R876","P1302","0","This shit is scary. #Trump #Trump2024 #Trump2024MAGA #TrumpsProject2025 #BlackTwitter #BlackX
https://t.co/wNnPlDN74h"
"R877","P1303","0","@trump1patriot @bdonesem @fujacky2 @3Tony48 @milvet17 @AnthonyM44839 @1109Patricia 
THANKYOU







 #Trump2024







 @trump1patriot 
please follow awesome conductor ,
@ZeTeamZ IFBAP https://t.co/cWwlBAR9hs"
"R878","P1304","0","@LawrenceBJones3 This administration is a threat total disgrace. They all need fired #Trump2024"
"R879","P1305","0","@megynkelly Te quiero presidente Trump 

Ty Lord for keeping him with us a bit longer.

#Trump2024"
"R880","P1306","0","  NEW TRUMP AD RELEASED: WE WILL NOT FAIL

#Wewillnotfail #Trump2024 https://t.co/dCfLqIRlep"
"R881","P1307","0","@ParadiseTruth17 @GovJoshGreenMD #Trump2024  Praying for our friends on Kauai  #FJG"
"R882","P1308","0","#DonaldTrump #Trump2024 #TrumpMAGA #JoeBiden2024 #DemocratsDividingandDestroyingAmerica https://t.co/npfsXRlaNF"
"R883","P1309","0","#Trump #Trump2024 #TrumpAssasinationAttempt #TrumpAssasinationAttempt #TrumpVance2024 

This is just my own opinion amp for entertainment purposes only"
"R884","P1310","0","Trump Releases 1st Major Campaign Ad After Picking JD Vance for VP  #steveram #trump2024 https://t.co/KRJUdmZIFZ"
"R885","P1311","0","Another sexual assault on a 14 year old girl from an illegal alien. 
This is Bidens fault 
#Trump2024"
"R886","P1312","0","@TucsonRomero @JoeBiden @KamalaHarris      #Trump2024   #TrumpVance2024 @realDonaldTrump"
"R887","P1313","0","J6 was a declaration from the right. J13 was a declaration from the left. Interesting how one was a peaceful patriotic showcase, and the other was an attempt to murder the leader of American patriotism. 

#insidejob #j6 #j13 #TrumpAssasinationAttempt #CIA #FBI #Trump2024"
"R211","P1314","0","Massachusetts Governor just SHUT DOWN Migrant Shelters at Logan Airport and she declares their Sanctuary city has no more room 

Personally, I would send them all back down to Marthas Vineyard or to @BarackObamas place as theres plenty of room there 

#Trump2024"
"R877","P1315","0","@Eb67735B @UltraUSMAgaFL @roybearcat @SirCharlsss @dadnme88 @goofichyck @roland71172 @TheJudge96 @Todd64 @ronstarr1947 @TerryEHicks2 @StarxFire @SandraMentzerSC @Playteaux1 @HankChase57 @DonnaBarford @Scottie8931 @accordingtowoz 
THANKYOU







 #Trump2024







 @Eb67735B 
please follow awesome conductor ,Much appreciate EB 
@ZeTeamZ IFBAP https://t.co/mYOhcIUDpb"
"R890","P1316","0","@AdamKinzinger Enough said  #Trump2024 https://t.co/Ms1anefKQo"
"R891","P1317","0","@GuntherEagleman Its beyond glorious to be on this side watching the Liberals implode in on themselves, while they lose their ever lovin minds. #trump2024 #TrumpVance2024"
"R892","P1318","0","Sick ass man literally suck in the head  #TrumpAssasinationAttempt #Trump2024"
"R893","P1319","0","@mmpadellan omg, lol, its over...
Cant wait till Democrats are no longer a threat to this Republic.  Vote for #Trump2024 or if you just cant get past your TDS issue, vote for #RFKJr2024 so you can tell your friends you didnt vote for orange man bad and just say NO to Joe"
"R874","P1320","0","@KamalaHarris @JoeBiden Biden/Harris administration is easily the worst administration in US History Go away #Trump2024"
"R895","P1321","0","Give it up Trump is the greatest president weve ever had - even surpassed Reagan in my opinion. #Trump2024"
"R896","P1322","0","@simonateba T00 BIG T0 RIG #Trump2024 https://t.co/m2uZi2NxSv"
"R897","P1323","0","@RedemTheTimes I believe all we need is one fair election to save this beautiful state we call home. #Trump2024"
"R898","P1324","0","@KamalaHarris #Trump2024"
"R899","P1325","0","Looking forward to your victory news
#Trump2024"
"R900","P1326","0","@iamgabesanchez please continue with your constant narcissism tongue spitting false narratives.  #TRUMP2024"
"R901","P1327","0","I fully support Donald J Trump for president #trump #trump2024 #missedme... https://t.co/KWXDyxdT43 via @YouTube"
"R902","P1328","0","#trump2024"
"R903","P1329","0","@IvankaTrump Happy birthday to your beautiful daughter 
#Trump2024 @IvankaTrump we miss you on the campaign trail with dad . God bless you and the rest of the family hope to see you out there soon ."
"R904","P1330","0","@LauraLoomer We all know those Israeli terrorists were behind it, trying to drag us into another one of their wars. Lets those church bombing Nazis fight for themselves. No more American lives and tax dollars #EndAllForeignAid #DefundIsrael #StopChristianHate #AmericaFirst #Trump2024"
"R877","P1331","0","@trump1patriot @bdonesem @fujacky2 @3Tony48 @milvet17 @AnthonyM44839 @1109Patricia @elonmusk @roybearcat @Todd4USA @BlackPillPirate @NancyMar2022 
THANKYOU







 #Trump2024







 @trump1patriot 
please follow awesome conductor ,
@ZeTeamZ IFBAP https://t.co/cnMb4FEcHO"
"R906","P1332","0","#AmericaFirst #USA #Patriot #American #America #Trump2024"
"R907","P1333","0","@WhiteHouse Lying, inciting violence, and lawfare is okay, though

#Trump2024"
"R908","P1334","0","Society is so childish, hateful and jealous that Trump could have the cure for cancer and the masses wouldnt want it because it came from Trump

#Trump
#TrumpAssasinationAttempt 
#Trump2024"
"R909","P1335","0","#Trump2024"
"R910","P1336","0","@ProjectLincoln You belong in prison I hope Trump makes that happen You have blood on your hands And you and your organization of closeted homosexuals are the Nazis 

#Trump2024"
"R911","P1337","0","@JoeBiden DO NOT DONATE TOO LEFTY LOONEY DEMONCRATS PERIOD, Joe Robinette Biden is a LEFTY LOONEY LIBERAL DEMONCRAT

#TRUMP2024 NOW USA      https://t.co/GcaNgUxFnA"
"R912","P1338","0","ReTrumplicons are in build-up mode where they inflate everything about Trump his polls, physique, stature, trying to make him seem like the more likely candidate to win.

They do this to justify another Jan 6th when Trump loses...again
#TrumpIsProject2025 
#Trump2024"
"R913","P1339","0","Its so blatant at this point, the country needs to turn this around fast #Trump2024"
"R914","P1340","0","@DCDraino Yes. The question is not if, but when

#Trump2024 
#TrumpAssasinationAttempt"
"R915","P1341","0","@RebornUnicorn1 @RedAlertFlorida Keep him in Hes the gift that keeps giving  #Trump2024"
"R916","P1342","0","But the RISK for @realDonaldTrump is still great USSS DEI ineptness or intentional -the gaffes/gaps in his security detail may encourage others to make an attempt on his life again  Prayers for President Trump, his family, his team and America   #Trump2024"
"R917","P1343","0","Does anyone else feel dumber after reading all these libtard tweets #DemocratsAreEvil #Trump2024"
"R878","P1344","0","#Trump2024"
"R919","P1345","0","BREAKING NEWS: Classmate of Thomas Matthew Crooks, who try to Assassinate President Trump states he was a Trump Hater.

I knew CNNs article was not credible.

Finally an actual video taped interview of the of the classmate.

#Trump2024 #Biden2024 #Democrats #Republicans https://t.co/2QyohYhk80"
"R872","P1346","0","@JustinAHorwitz Like Harris saying in 2020 that Joe was a racist and now on the stump saying hes a great man  #Trump2024"
"R921","P1347","0","@DonnaBarford @marktmt #Trump2024 IFBAP"
"R922","P1348","0","Im Canadian,  but whoa, CHILLS 
#Trump2024
https://t.co/0IYNlKcEpi"
"R923","P1349","0","Revolucin en el Partido Republicano de #EEUU #RepublicanParty en #DMPGeopoltica  @ReVoltaire62
Tentativa de Asesinato de #Trump y  #TrumpAssasinationAttempt
#Trump2024 , #JDVance #Yemen #Israel #Russia #China
https://t.co/qvuHoaI99M"
"R924","P1350","0"," Trump : Ils veulent vous priver de votre libert. 
#Trump #OTAN #Europe #USA #Zelensky #Poutine #ONU #Macron #Russie #Russia #Ukraine #Trump2024 https://t.co/Z939VJq7vT"
"R925","P1351","0","Thats a very respectful thing to do #Trump2024"
"R926","P1352","0","This shows how destiny saved Donald Trump  

#TrumpAssasinationAttempt
#Trump2024
https://t.co/vwyZIvScyY"
"R927","P1353","0","Trump is a defiant leader with the will to bring this nation back its integrity and equity. 

The last week solidified his presidency and is going to go down as the most iconic event of any prior president in history. He has no competition. Incredible 

#Trump2024"
"R928","P1354","0","@IsaacHayes3 #Trump2024  https://t.co/Eddt4fSuy3"
"R929","P1355","0","@KariLake #Trump2024  "
"R685","P1356","0","@JoeBiden Project 2025 has Mark Elias hands all over it  just like the Steele Russian Dossier.  Dont you guys have any new material  Just like Hollywood  part 2,3,4 #Trump2024ForASafeAmerica"
"R931","P1357","0","Lara Trumps powerful speech at the RNC reminds us why we support Donald Trump. 

She speaks from the heart as a mom and a proud American.

#Trump2024 https://t.co/JKHRUFLHGz"
"R840","P1358","0","#LeakedAudio #JDVance #Trump2024 #VoteBlue #wednesdaythought"
"R933","P1359","0","#Trump2024"
"R692","P1360","0","@BGThompsonMS As a Trump supporter, I approve of this message. Insanity, for you guys, but, dems are a disaster anyway, soooo.....

Be a good boy, Joe, run Joe run.  Sit, good boy

#Trump2024"
"R935","P1361","0","Reporters keep saying they have asked #Trump2024 for post-shooting medical reports. 
And I keep wondering, so when do the 192 articles in the @nytimes start

When does a major Hollywood donor write an article telling him to step aside since he is hiding his health issues"
"R936","P1362","0","@ogionsol the dynamic duo weve always needed OGI TRUMP #Olympics2024 #Trump2024"
"R872","P1363","0","@RpsAgainstTrump Shes a lying traitor.  Lock that witch up.  #Trump2024"
"R938","P1364","0","@CollinRugg  Breaking News Reports are in:
@Chuckles1422411
saved DT by deflecting the musket ball with his fist  #Trump2024 #BidenandTrump https://t.co/v0T3l3IldN"
"R939","P1365","0","@DTarczynski Czowiek, ktry doprowadzi do pokoju na wiecie #Trump2024"
"R940","P1366","0","This Is How Legends Are MadeThese kids nailed it #Trump2024"
"R941","P1367","0","@thetrueshelby Yall didnt have shit to say when Biden was threatening it, I dont want to hear your bs now. #trump2024"
"R942","P1368","0","Absolutely, its now or never, we have to keep pushing, keep registering voters, and keep waking up the American People so we can get Trump back in office in November #Trump2024"
"R943","P1369","0","#Trump2024 "
"R944","P1370","0","@ogionsol OGI going so much higher with the help of #Trump2024"
"R938","P1371","0","@MarioNawfal  Breaking News Reports are in:
@Chuckles1422411
saved DT by deflecting the musket ball with his fist  #Trump2024 #BidenandTrump https://t.co/Dd6JSIVhkZ"
"R946","P1372","0","@wahlstedt007 I feel good that Trump might win. Dont get nervous, we havent started any world wars unlike your country 
#Trump2024"
"R947","P1373","0","#jesus #JesusChrist #JesusIsLord #bible #Quran #Trump2024 https://t.co/n75dgdrBoo"
"R872","P1374","0","@GuruMerc Volunteering for McCain tells it all.  #Trump2024"
"R686","P1375","0","#Trump2024 https://t.co/EPBdTwtVxV"
"R950","P1376","0","@wterrence Ha #AmericaFirst #Trump2024   https://t.co/akSXK2yJcB"
"R951","P1377","0","So now im supposed to trust @TheDemocrats and @JoeBiden s bullshit pledge now when they are literally treating illegal aliens better than Black Americans right now #FuckNo #Trump2024 "
"R952","P1378","0","@jjauthor @TheDemocrats The insanity is off the charts. It was President for 4 years amp dont remember anything cataclysmic happening. #TRUMP2024"
"R953","P1379","0","@KamalaHarris @JoeBiden Youre such a liar TRUMP did not ban abortions. The Supreme Court put the decision back in the hands of each state. Youre pathetic to run on murdering babies. #GodWins ##Trump2024"
"R954","P1380","0","This cool App pays you for listening to your fave music 
https://t.co/gmTtTz5wBd

#Mbapp #TheErasTour
MACG Musa Khawula Gayton Londie Lethabo Onezwa Dineo Dali Tyla #Trump2024 #Trump #CopaAmerica2024
#HORI7ON #onstorm The Wife Selena Gomez Dr Ndlozi #bbtvi https://t.co/JJM4jFV7yb"
"R955","P1381","0","@ImMeme0 Thank goodness #Trump2024 "
"R872","P1382","0","@FordJohnathan5 Trump is a private citizen covered by HIPPA  and besides He STILL GOT FUCKING SHOT.  #Trump2024"
"R957","P1383","0","This is GREAT  #Trump2024"
"R958","P1384","0","@pulte #Trump2024"
"R959","P1385","0","A typical illustration on Donald Trump failed Assassination attempt 
#TrumpAssasinationAttempt #Trump2024 #Trump https://t.co/hz3ce72qpN"
"R960","P1386","0","@yawnworuoyog @ThomHartmann Actually she doesnt need to lead Trump around the stage, finish his sentences and she is keeping herself and son safe from the violent left mob. She has his back and we have hers. One appearance is good with us #TrumpAssasinationAttempt  #Trump2024"
"R910","P1387","0","Although its not true that they will go to prison because anyone in government as long as they have a D beside their name is above the law, they should go to prison

Oh yeah, and #Trump2024"
"R872","P1388","0","@KamalaHarris @JoeBiden Frickin Liar.  There is no abortion ban and sadly the number of abortions has increased since the Court decision.  Its a State issue and not the Feds.  #Trump2024"
"R963","P1389","0","@DorameDeano You all look fools following #Trump2024"
"R964","P1390","0","@NickJFuentes Nikki Haley as NSC 
#TRUMP2024 "
"R965","P1391","0","@JoeBiden @KamalaHarris And Kamala is there to help change your Rubber Undergarments..  #Trump2024"
"R406","P1392","0","This... IS the message.
The Establishment GOP are NOT welcome in our party anymore.
They FAILED us in #Trump2024s 1st term...
and theyve failed us ever since.
They were happy to be the minority because they could raise money without showing results.
No more"
"R967","P1393","0","@bfraser747 Oh no Palestinans wont be getting shit then no aid no nothing  #Trump2024 #Fuckpalestine"
"R968","P1394","0","@BreitbartNews @TM72774 He is really a great man. He just go around bragging about it.

#Trump2024"
"R969","P1395","0","#Trump2024   "
"R4","P1396","0","@RyanAFournier LETS GO BRANDON  #Trump2024"
"R971","P1397","0"," The moment Divine Intervention stepped in and saved Donald J Trump. 
#Trump #TrumpAssasinationAttempt #Trump2024"
"R972","P1398","0","PURE  I CANNOT WAIT TO REELECT TRUMP TO THE WHITEHOUSE.  #Trump2024 #TrumpVance2024 #TrumpVance2024ToSaveAmerica"
"R973","P1399","0","@IvankaNews Yes #trump2024"
"R872","P1400","0","@RpsAgainstTrump Its not the progressive RINOs party anymore.  #Trump2024"
"R718","P1401","0","@niceblackdude As a gay liberal, now voting for #Trump2024, I love @DaRealAmberRose and her intellectual intelligence in her ability to separate the wheat from the chaff"
"R976","P1402","0","#Trump2024 "
"R977","P1403","0","@JoJoFromJerz Your reaction at the election will be priceless. Enjoy the keyboard warrior comments until then  #Trump2024"
"R978","P1404","0","Just like Biden People going hungry, but you guys keep rubbing it in, like Pelosi with a Fridge full of ice cream we cannot afford under Democrats Let them eat cake, Right #Trump2024"
"R883","P1405","0","Everyone say hello to Kevan 

He has Trump Derangement and needs attention

#Trump #Trump2024 #TrumpAssassinationAttempt #TrumpAssasinationAttempt"
"R980","P1406","0","@Damaan4u33 So, you shared a meme with no data. 

Typical for your side. 

Race baiting, gaslighting, and abortions. 

#trump2024
#JDVance"
"R981","P1407","0","#TrumpAssasinationAttempt #TrumpAssassinationAttempt #Trump2024 Byle kurtulmu"
"R982","P1408","0","@DorameDeano Happy Birthday  #Trump2024 "
"R872","P1409","0","@ThomHartmann Its not the progressive RINOs party anymore. #Trump2024"
"R126","P1410","0","Truth: #News #Crime #Trump2024 https://t.co/HtjlCsZwVx"
"R627","P1411","0","They can get stuffed.
#Trump2024"
"R986","P1412","0","Trumps going to win. Get over it. #Trump2024"
"R987","P1413","0","@WUTangKids @crulge Omg Now Im definitely not voting for Trump
NOT #Trump2024"
"R478","P1414","0","Say NO to toxic, Establishment, pro-warmongering neocons such as these. #Trump2024 #AmericaFirst #USA"
"R989","P1415","0","Excellent powerful AD. #trump #Trump2024"
"R990","P1416","0","@DanielMillerEsq Not even close.  Obama and Co are not going to be able to steal it this time around. #Trump2024"
"R991","P1417","0","Just think, this is the highest office of the land, and no arrests. Not even one of these evil, corrupt people have been charged. They need to be in prison
#TRUMP2024 https://t.co/7By8SjjLkg"
"R992","P1418","0","@mrebrandon @NikkiHaley You are a great example of the delusional left. Trash human beings every one of you. You claim to care about America, but your agendas say otherwise. If you truly cared, you would support the one amp only person doing his damndest to save our country. #Trump2024"
"R684","P1419","0","Thanksgiving for @kingRezaPahlavi and their speech regarding attempting assassinate Former President Trump by The Regimes Iran .Now the time for decision about this terrorist regime that has endangered the security of the U.S.and the world for their interests.
#Trump2024 
#Iran"
"R994","P1420","0","How many people Love our country 
How many believe we can once again be Great Again 
That doesnt matter at all, its about what you are WILLING to do for Americans and our country. Are you willing to die for our country President Trump is #Trumpis #Trumpwill #Trump #Trump2024 https://t.co/q0r0MzNebF"
"R995","P1421","0","Do not fear, for I am with you Do not be afraid, for I am your God. I will strengthen you, I will also help you, I will also uphold you with My righteous right hand. Isaiah 41:10, New American Standard Bible

#TrumpAssassinationAttempt #TrumpShot #Trump2024 #AmericaFirst"
"R996","P1422","0","@ScottBroadbent @LauraLoomer A vote for Biden or the left is a vote for Neo-Communism, Father. Wake up. The truth will prevail. And the truth is on our side. #Trump2024"
"R997","P1423","0","@jamiekingston Not 100 Mio. 

But 100x is possible, within a few days.

#memecoin #Trump2024
#trading #Republican

Book of republican

https://t.co/EbIo3hhfzw"
"R998","P1424","0","Thank you get out and vote RED STRAIGHT DOWN THE BALLOT #Trump2024"
"R999","P1425","0","New Trump shirt and flag came in today#Trump2024 https://t.co/wWK2EwwbMQ"
"R1000","P1426","0","@JenniferRuth74 Im definitely going to be voting for #TRUMP2024ToSaveAmerica https://t.co/CEmgvS5sTZ"
"R835","P1427","0","#Trump2024"
"R1002","P1428","0","@WhiteHouse Its inappropriate that its 2024 and the NAACP has refused to change its name. We are NOT colored people. And .@JoeBiden talking to a bunch of people that still sees us as colored people only demonstrates how racist he truly is #FJB #Trump2024 https://t.co/JGi1N2IWh9"
"R1003","P1429","0","Just amazing this new video campaign 
#Trump2024 
https://t.co/SKWWK3F2aU"
"R1004","P1430","0","@Amber214811  #Trump2024"
"R1005","P1431","0","@SamJownes This is sarcasm right When you have a multitude of high profile Democrats calling for Biden to step down, how do you come up with any type of win for Biden #ReEvaluate #Trump2024IsTheOnlyChoice #OnlyIfDemsStealElectionAgain #AreYouOnCrack"
"R1006","P1432","0","@PahlaviReza                  

#ShahRezaPahlavi
#KingRezaPahlavi 
#trump2024"
"R1007","P1433","0","@RepAdamSchiff who will you pass the torch to that will lower prices and make America a place of law and order again Americans see how #democrats run their cities and states and we dont want that. You guys dont have anyone that can MAGA so sit down. #Trump2024"
"R1008","P1434","0","Trumps secret weapon A pact with shadowy elites to make SIN the backbone of a new global financial order As the old system collapses, SIN will be the lifeboat for those in the know. This could be your chance to ride the wave of the century. Dont miss out #Trump2024 https://t.co/WhGAVcAq5G"
"R1009","P1435","0","@MaCat7650 @BenettLangleyGA @mmpadellan I do. And I am spot on.
You and those like you are living in the stagnant WOKE bubble living off the hand-fed bullSchiff from your beloved DNC and corrupt Groper Joe.

Face facts. DemocRATs are done. History they are and thats a great thing for America

#Trump2024 Bitches https://t.co/ZFlizsvUBa"
"R1010","P1436","0"," #Trump2024 "
"R1011","P1437","0","JD Vance will be speaking tonight at the RNC Convention. Heres why I support, as an Asian American and Millennial, @JDVance1 all the way based on his policies for the working class which aligns with America First. Lets stand behind Trump and Vance #Trump2024 #TrumpVance24 #trump https://t.co/HBDUJKsNhg"
"R1012","P1438","0","@AdamKinzinger Trust me, they were never well thought of and neither were you. A small bunch of losers.
#Trump2024"
"R1013","P1439","0",".@elonmusk 

What separates the winners from the losers is how a person reacts to each new twist of fate

- Donald J. Trump

#Shooter #Trump #Trump2024 #SecretService #donaldtrump #TheSecretService #assasination 
#assasinationattempt #JillBiden #Crooks #ThomasCrooks https://t.co/RmvgWrEidF"
"R1014","P1440","0","Malgr le coup de pouce dun tireur fou et la prtendue intervention divine pour lui sauver la vie, #Trump2024 largement devanc par Biden dans les intentions de vote cumules au 17/7/2024 : 46 contre 53. Source Newsweek. La messe est loin dtre dite. 
https://t.co/Gnytn3hDcT"
"R1015","P1441","0","Trumps assassination, this is a shooting case that goes down in history, and the 3D restores the story is shared.#Trump2024 https://t.co/ePtfGThdDS"
"R1016","P1442","0","@susancrabtree Cheatles name: CHEAT-le 

Just think of cheat.

Secret Service Head Kimberly Cheatle to Answer for Donald Trump Shooting

#Trump #Trump2024

#Cheatle @SecretService #SecretService #DEI 
https://t.co/VRzx86Zv2I"
"R1017","P1443","0","@ChaoticLeftistW No. He doesnt have the authority. But why would a little thing like law or the constitution stand in the way of Dictator Joe Retardinette Biden #TRUMP2024"
"R1018","P1444","0","WE THE PEOPLE WILL SOON,  PEACEFULY AND PATRIOTICALLY, TAKE BACK OUR BELOVED COUNTRY FROM THE traitors and enemies within...
#TRUMP2024   https://t.co/nN4xGcKWQW"
"R1019","P1445","0","@TrumpWarRoom @realDonaldTrump need to highlight that this administration is throwing Milwaukee citizens and police under the bus. Lying. Theyre expendable. #Trump2024 #RNC"
"R1020","P1446","0","@mmpadellan @AdamSchiff We want Biden to stay in the race. #Trump2024"
"R1021","P1447","0","What is this mysterious woman all about

She immediately knows where something is happening, then smiles and immediately starts filming instead of panicking like the other people
#mythenakte #trump #Trump2024
#shooting #horror #grusel #gruselig
#mysteris https://t.co/Ii0RSDR89c"
"R1022","P1448","0","@VivekGRamaswamy for @realDonaldTrump press secretary. Id love to see Vivek make the woke TDS media look like idiots during the daily press conferences. Plus it would be perfect step for VR to get political experience. #Trump2024"
"R1023","P1449","0","We The People. 
We Will Not Fail.
#TrumpAssasinationAttempt
#Trump2024
https://t.co/DFUvG8n1dH"
"R1024","P1450","0","Ive never seen so many deranged people call an assassination attempt staged. Thats wild man straight TDS. #Trump2024"
"R1002","P1451","0","@VP God bless .@realDonaldTrump 
 .@JoeBiden called to put a  on him, .@SecretService took up the challenge. By the grace of God, they failed amp Trump is still alive DemocRATS are the threat to America 
#July13th never forget #Trump2024 #FJB https://t.co/bxBcq99mjf"
"R1026","P1452","0","Trump Unveils First Major Campaign Ad Following VP Pick of JD Vance  A Powerful New Message #TrumpVance2024 #Trump #Trump2024 #JDVanceVP https://t.co/y1CZmH7OWE"
"R1027","P1453","0","#BidenBoom: 
Siyonist olmak iin Yahudi olmanz gerekmiyor.

#Biden: Ben siyonistim

ABD Bakan Bidenden zrvalar...
#Trump2024 #AIart #Ukraine #Mbappe #SalamYaHussain https://t.co/gGqSjwJ6Iw"
"R1002","P1454","0","@cmclymer God bless .@realDonaldTrump 
 .@JoeBiden called to put a  on him, .@SecretService took up the challenge. By the grace of God, they failed amp Trump is still alive DemocRATS are the threat to America 
#July13th never forget #Trump2024 #FJB https://t.co/m5G3GwusdA"
"R627","P1455","0","Love you too and well get it done
#Trump2024"
"R1030","P1456","0","@DBarkhuff I am a veteran, #Trump2024"
"R1031","P1457","0","@BGThompsonMS You wanted @realDonaldTrump assassinated You tried to remove his SS detail Defame him, Bankrupt him, Jail him @TheDemocrats want him dead so @JoeBiden can win America hates the lying  cheating Democrats 
#Trump2024"
"R664","P1458","0","@IvankaNews Maga, God bless you and your family. #Trump2024"
"R1002","P1459","0","@KamalaHarris God bless .@realDonaldTrump 
 .@JoeBiden called to put a  on him, .@SecretService took up the challenge. By the grace of God, they failed amp Trump is still alive DemocRATS are the threat to America 
#July13th never forget #Trump2024 #FJB https://t.co/r79x9NimUq"
"R1034","P1460","0","This ad is all gas. #Trump2024"
"R1035","P1461","0","Met Charlie Kirk today. This guy is awesome. He has a ton of knowledge. Can debate anyone. Check out his podcast @charliekirk11 #rnc2024 #charliekirk #trump2024 https://t.co/1hg4b1SYz5"
"R1036","P1462","0","Agreed. No American can claim themselves a patriot  if theyre rooting for the continued bloodshed in Eastern Europe. 

End the nonsense. #Trump2024"
"R1037","P1463","0","Nadie se escapa a internet #Trump2024 https://t.co/t6gvaM19Bt"
"R1038","P1464","0","@ButhainaHawas #trump2024"
"R1039","P1465","0","@JoeBiden @KamalaHarris We need #TRUMP2024ToSaveAmerica from Biden amp Democrats https://t.co/7cj5JFDDjG"
"R680","P1466","0","@MiddleMolly @Someone973m @cindycrum @MorningJoe @JoeNBC #DementiaJoe #HeelsUpHarris #TDS #Trump2024 #Landslide #TheRealTrumpProject2025 https://t.co/eObwr8LERU"
"R1002","P1467","0","@KamalaHarris God bless .@realDonaldTrump 
 .@JoeBiden called to put a  on him, .@SecretService took up the challenge. By the grace of God, they failed amp Trump is still alive DemocRATS are the threat to America 
#July13th never forget #Trump2024 #FJB https://t.co/tgwnRY3bnL"
"R1042","P1468","0","If you dont care about democracy, women, or GLBTQ folks, maybe youll care that your student loan payments will QUADRUPLE under a #Trump2024 presidency.  Just maybe."
"R627","P1469","0","Well...theyre not very notable, are they
Good riddance.
#Trump2024"
"R1044","P1470","0","@ThomHartmann #trump2024"
"R1045","P1471","0","@wterrence Makes me feel really good about my choice. 
#Trump2024"
"R1046","P1472","0","@realDonaldTrump @MELANIATRUMP @TrumpWarRoom @TeamTrump @DonaldJTrumpJr @LaraLeaTrump @EricTrump @IvankaTrump #TrumpAssasinationAttempt #Trump2024"
"R1047","P1473","0","@Amber214811 @FreedomAlley3 Just followed you. #Trump2024"
"R1048","P1474","0","America desperately needs leadership that is unabashedly pro-capitalist and anti-communist, pro-American, pro-technology, and pro-meritocracy. 

Neither ticket is exactly that, but one comes notably closer than the other.

Count me in

#Trump2024"
"R1049","P1475","0","Let me go ahead and answer that last question for everyone. THERE WAS PLENTY OF TIME #DEEPSTATE #TRUMP #TRUMP2024 #TrumpAssasinationAttempt

https://t.co/2tpQgpvmgv"
"R1050","P1476","0","Big night ahead for Fever Tree admin @FeverTreeMixers stay strong brave soldiers, the mards will be coming out in force #Trump2024 #RNC"
"R1051","P1477","0","They think you are dumb. He had 4 years to do this, he tryna get our vote but we voting for the dude who got shot and kept fighting. #Trump2024"
"R1052","P1478","0","What will a Trump presidency mean for TSLA investors

Sales amp Revenue increase
 lower interest rates
 economic growth increases
 business-friendly policies
 lower COGS
 consumer sentiment higher
 stronger USD lower debt
 Govt as an ally instead of foe
#Trump2024 https://t.co/C22YBWGxSm"
"R1053","P1479","0","#Trump2024 vas a terminar empinado y chupando los huevos de los comunistas"
"R1054","P1480","0","@jimmykimmel @jimmyfallon @jackblack With Trumps recent turn of events, you all have a high-rated Low IQ.

Give him some break.

#Trump2024"
"R1055","P1481","0","The only thing Trump writes at 10pm is a narcissistic, dictator-wannabe, hate-filled, raving lunatic Tweet. Oh, Im sorry. Truth. 
#BidenHarris2024 #Biden2024 #TrumpAssasinationAttempt #TrumpPedoFiles #TrumpIsNotFitToBePresident #TrumpIsProject2025 #Trump2024"
"R1056","P1482","0","Roses are Red, 
Violets are Blue, 
They tried to shoot JFK Jr, 
and they tried to shoot Trump too. 
This should open your eyes, 
And you should already know, 
The things they have done and said, 
 Is just a scene in their show. 
#Trump2024 #MAKEAMERICAGREATONCEAGAIN"
"R1057","P1483","0","#Trump2024 https://t.co/GEcIWO7Agf"
"R1058","P1484","0","@JackPosobiec #Trump2024  https://t.co/IyFGoLgCt3"
"R1059","P1485","0","@leandroruschel Ele vai sair s que agora ele  est protegendo o futuro candidato democrata de ataques antecipados.
#Trump2024
#TrumpAssassinationAttempt 
#BidenQuit"
"R1060","P1486","0","Director #KimberlyACheatle needs to resign or be fired.  #Trump2024 "
"R910","P1487","0","1 in 1 current illegitimate Vice Presidents constantly harp on about wanting to murder babies and Venn diagrams Let that sink in This womans entire platform consists of screaming about how much she wants babies murdered FUCKING DISGUSTING AND EVIL

#Trump2024"
"R1062","P1488","0","@repcoinsol #TrumpAssasinationAttempt #Trump2024 #repc #repcoin"
"R1063","P1489","0","@LauraLoomer Congrats, been w/u since the illegal tent set up at Nancy Pelosis house years back..still kills me 2 this dayignore the haters and keep at it 
#Trump2024"
"R1064","P1490","0","Imagine if Barron trump used his legacy in the future, from the books. Was a time traveler came back and told his dad to move his head from a shot. The way conspiracy ideas are panning out. I wouldnt dismiss it. #Trump2024"
"R1065","P1491","0","
       
           #    ...
             .
#KingRezaPahlavi
#Trump2024 https://t.co/1iWsFTTYnt"
"R1066","P1492","0","@Juliest101 Be careful what you wish for.  #Trump2024 #BidenHarris2024"
"R1067","P1493","0","Put your Propaganda induced Trump Derangement Syndrome aside and open your eyes  

#Trump2024 #TrumpVance2024"
"R1068","P1494","0","@SenRonJohnson 4 Questions What Please make the insanity stop. 
#trump2024"
"R1069","P1495","0","@BobGrosfield @RealJamesWoods How could the guy be denied permission to shoot the guy It was a second when he shot him. No one could have told him those instructions that quickly. Thats just not true.  
#Trump2024"
"R1070","P1496","0","@DorameDeano Greetings from Poland .
#Trump2024"
"R1071","P1497","0","You know what to do. 
#Trump2024 #TrumpAssasinationAttempt"
"R1072","P1498","0","@DCDraino Great Ad #Trump2024 "
"R1073","P1499","0","Check out Miss Chriss video #Trump2024 https://t.co/Jkgm3pr9Vy"
"R892","P1500","0","An interesting read  We all are thinking it. Its not the 1st time the DS has done this  #TrumpAssasinationAttempt #Trump2024  https://t.co/aKetNf7ZA6"
"R1075","P1501","0","...#GODs miracle in animation
#Pennsylvania 
#TrumpAssasinationAttempt 
#Trump2024  https://t.co/LrJs2pXzVk"
"R1076","P1502","0","#TrumpAssasinationAttempt #TRUMP2024 #Trump https://t.co/lZgOHwGbAk"
"R627","P1503","0","Sing it sister
That reporter got what she deserved  Traitors.
#Trump2024"
"R1078","P1504","0","If popular media Democrats were honest.

Me: why are you supporting and voting for Biden

Them: Because they are paying me to

@GuntherEagleman @hodgetwins @teameffujoe @elonmusk #Trump2024"
"R1079","P1505","0","#NeverForget #Trump2024 https://t.co/S0ZHK6IoIc"
"R1080","P1506","0","New trump video just released
#Trump2024 https://t.co/zclPvpORzj"
"R1081","P1507","0","@IsabellaMDeLuca Yes Im voting for him #Trump2024"
"R1082","P1508","0","@SenWarren I dont believe that statement, nor do I believe any statement you have ever made. All you have is abortion. You have nothing good. Biden has to stand on. #Trump2024"
"R910","P1509","0","So based

The left has a hard time understanding literally anything that their gaslighting actually reinforces our stances in a lot of cases 

Its so hilarious

#Trump2024"
"R1071","P1510","0"," 
This is my President #Trump2024"
"R1085","P1511","0","@jemelehill #Trump2024"
"R1012","P1512","0","@ResisterSis20 Thats not true Democrats always lie its who they are historically. #Trump2024"
"R1087","P1513","0","#Trump2024"
"R1088","P1514","0","@elonmusk @Rothmus Elon.. #Trump2024 https://t.co/pMSWb9YHPn"
"R627","P1515","0","She was absolutely amazing  
The truth is powerful.
#Trump2024"
"R1090","P1516","0","@IvankaNews  #Trump2024"
"R1012","P1517","0","@YNB But they do look at the changing demographics look at the polls. #Trump2024"
"R1092","P1518","0","#Trump2024 #TrumpAssasinationAttempt"
"R1093","P1519","0","#Trump2024 #Derecha #Chile #Santiago #Udi #Kast #TrumpAssasinationAttempt https://t.co/kKrjLKhtVT"
"R1094","P1520","0","#Trump 
#Trump2024 
#BidenCorruption
#Biden"
"R1095","P1521","0","#Trump2024 

 https://t.co/bMcC6mjt7C"
"R627","P1522","0","How exciting for you  Awesomeness
#Trump2024"
"R1070","P1523","0","@USAmbPoland @AJCGlobal #Trump2024 https://t.co/LhMKTnUj4w"
"R1098","P1524","0","@realDonaldTrump #Trump2024 
#TriedampTruePatriots 
https://t.co/4qH2tBUttg"
"R1099","P1525","0","Fire him Cheatle, Garland, Wray #trump2024 @realDonaldTrump"
"R1100","P1526","0","#Trump2024 #TrumpAssasinationAttempt"
"R1101","P1527","0","@ChrisDJackson You, Sir, are a  #Trump2024 MAGA "
"R1055","P1528","0"," Agreed. Oh no. I agreed with DeSantis. #BidenHarris2024 #Biden2024 #TrumpAssasinationAttempt #TrumpPedoFiles #TrumpIsNotFitToBePresident #Trump2024 #TrumpIsProject2025"
"R1103","P1529","0","@RpsAgainstTrump #Trump2024  The Storm is Here. You Cant Stop America. You cant take Freedom Away. Democrat Party is Guilty of Treason."
"R1104","P1530","0","#Trump2024 #TrumpAssasinationAttempt"
"R1105","P1531","0","Unlock a world of tweets and debates with this Donald Trump keychain on Amazon. Its the only thing more controversial than your search history.  #Keychain #Trump2024 #MakeYourKeysGreatAgain https://t.co/Ld2CUFIkwY"
"R1106","P1532","0","@PaulHookem @elonmusk President trump saved by our Lord god. god has a plan for the American people and for the world. end the war. #Trump2024"
"R627","P1533","0","POWERFUL AND THE TRUTH  
#Trump2024"
"R1012","P1534","0","@BGThompsonMS Bennie You been sipping something I think all rational thinking has gone by the wayside. 
#Trump2024"
"R1109","P1535","0","Musk Empire RIDDLE OF THE DAY 40,000 coins rewards 

#Tapswap #HamsterKombat #Muskempire
#MemeFi #Airdrop #Trump2024 #Taptoearn #Telegram

Where to find it: Quest 

Answer: cryptocurrency 

Join telegram: https://t.co/U4sGQhUAnn"
"R1110","P1536","0","@wterrence And.   Wont be missed   #Trump2024"
"R1111","P1537","0","@HuffmanForNC Yea and Im a registered democrat voting for #Trump2024 

See how that works"
"R1112","P1538","0","@SpartaJustice @MyLordBebo President Trumps quick reaction to the shooting is astonishing. He ducked many seconds before the secret services protected him. His instincts are truly acute. Well done President Trump #Trump2024"
"R1113","P1539","0","@KamalaHarris Tell them America will be saved by true fucking legend. 

#Trump2024 https://t.co/SPglUAtSGq"
"R1114","P1540","0","@bramemadeline I want you to know that I think you are a truly wonderful person. It is my honor to follow you and I hope you choose to follow back. 

#Trump2024"
"R1115","P1541","0","Do you remember this song, friends from the USA @realDonaldTrump 
#USAElection #Trump2024 #BIDEN #TrumpAssasinationAttempt 

Mac Miller - Donald Trump https://t.co/J1KQ7LdMZo  @YouTube"
"R1099","P1542","0","What the hell is going on, they are trying to cover it all up but we know the facts. Secret Service DEI stooge Director needs to go. #trump2024 https://t.co/YCxOZBVRGq"
"R1117","P1543","0","@SethAbramson Absolutely #Trump2024"
"R1118","P1544","0","@20min Der alte Schwtzer zerstrt in seinem Prsidenten Amt nicht nur enorm viel der US Integritt sondern beerdigt seinen Dienst am Vaterland bevor er selbst begaben wird. 

Er ist inkompetent, instabil, labil, zeigt dementielle Symptome und ist generell senil.

#Trump2024 #fckbiden"
"R933","P1545","0","This photo
This photo the media is worried about never going away of the #ShotHeardAroundTheWorld
#Trump2024
#TrumpIsMyPresident https://t.co/vhUZUz0Cic"
"R1120","P1546","0","Let me help you see the power of USA 

#SaveAmerica #Trump2024 #ETH https://t.co/oiOC1OSckt"
"R1012","P1547","0","@ThomHartmann Haha, its not that they dont want to appear, its that they were likely not invited Who wants a bunch of war mongering RINOs to ruin the party. MAGA is better than that #Trump2024"
"R1122","P1548","0","Fire. Fuck you leftist lunatics. He got fucking shots your neighbor had a cold. Fucking morons. #TRUMP2024 #TRUTH2020"
"R1123","P1549","0","DONALD TRUMP CAMPAIGHN AD

#Trump2024 https://t.co/xX8BSfisuC"
"R1124","P1550","0","Musk Empire RIDDLE OF THE DAY 40,000 coins rewards 

#Tapswap #HamsterKombat #Muskempire
#MemeFi #Airdrop #Trump2024 #Taptoearn #Telegram

Where to find it: Quest 

Answer: cryptocurrency 

You can Join us here not too late  https://t.co/E9upl1RViu"
"R1125","P1551","0","@xKaprice Absolutely Kaprice

#Trump2024 

"
"R1110","P1552","0","@Lisahudsonchow7 I seriously cannot stand this person  or the other part of this so called couple.   They are the reason this country is in the state that it is in .  #Trump2024"
"R1127","P1553","0","@JohnLewisEU @elonmusk #Trump2024"
"R629","P1554","0","My source, Inside the Secret Service  Has sent his mandatory uniform he was forced to wear on July 13th Now it makes sense 
#Trump2024 #deepstate https://t.co/0Dbtfpt8qy"
"R1129","P1555","0","Somebody make a jd Vance / Eminem 8 mile mashup

#Trump2024  #JDVanceVP  #mashup #eminem"
"R1002","P1556","0","@KamalaHarris God bless .@realDonaldTrump 
 .@JoeBiden called to put a  on him, refused to give him proper service agents, amp the Secret Service failed to properly secure the area. By the grace of God Trump is still alive #July13th never forget #Trump2024 #FJB https://t.co/BRwFQg49mg"
"R1131","P1557","0","#Trump2024 "
"R1132","P1558","0","NEW - Trump: They want to take away your freedom.
#Trump2024 #Election2024 #MakeAmericaGreatAgain 

Follow the TJNEWS channel on   
WHATSAPP  https://t.co/EJdU3YQxJr 
TELEGRAM  https://t.co/x9yrB4saUv https://t.co/AYqskZVgAB"
"R1133","P1559","0","The Official Story On #Trumps Shooting Makes No Sense At All  #TrumpAssasinationAttempt #Trump2024  https://t.co/J2gL7Dcrw0"
"R1134","P1560","0","DJT testing a key support zone     

#stock #stockchart #stockmarket #stockchartanalysis #stocktrading #howtotradestocks #financialsuccess #Trump2024 

 Using chart program Pro  https://t.co/s5gtsXYiVu  https://t.co/F7chE5Rr46"
"R1070","P1561","0","@JoannaMariaViki @CDzwoni ydzi musz by zdruzgotani tym nieudanym zamachem, prawda @USAmbPoland 
Na szczcie twoje dni s ju w Polsce policzone.

#TeamTrump #Trump2024 https://t.co/MaSFmhTlmp"
"R1136","P1562","0","@elonmusk Intanto dai finanziamenti a  #Trump2024  per 45 milioni di dollari al mese Sei semplicemente vergognoso @elonmusk "
"R1137","P1563","0","Here where we are on the #TrumpAssasinationAttempt.

The best case scenario is that the #USSS is nakedly incompetent across multiple layers.

Everything else a worst case scenario.

#SecretService 
#Trump2024 
#TrumpVance2024"
"R1138","P1564","0"," #Trump2024"
"R1139","P1565","0","He doesnt stop  #Trump2024 https://t.co/plEgJEnYnC"
"R1140","P1566","0","Just in  Newly Released #Trump2024 Campaign Ad And We Have it Here 
@realDonaldTrump 
@JDVance1 

#TrumpAssasinationAttempt 
#FightFightFight https://t.co/GE8aBERJHP"
"R1141","P1567","0","#TrumpAssasinationAttempt #Trump #Trump2024 #TrumpIsProject2025 #TrumpShot #TrumpVance2024 https://t.co/SsgeWSHaLL"
"R1142","P1568","0","This is why #Trump2024"
"R1143","P1569","0","@IsabellaMDeLuca Have voted for Trump twice and will vote for him again  #Trump2024"
"R1144","P1570","0","#Trump2024 https://t.co/toORywEsz2"
"R1145","P1571","0","@PamKeithFL @DaRealAmberRose is a beautiful, talented biracial actress who realized your party is nothing but liars amp cheats. She is more than welcome into our open arms to help promote the truth that it is not us who are the racists. Its YOU who work to keep people of color down #Trump2024"
"R1146","P1572","0","128...Seriously @Costco 
#Trump2024 Bring back affordability again @realDonaldTrump https://t.co/R0p2Fuqaez"
"R1147","P1573","0","@BuceesOnSol Trump 
VP  Beaver  

2024 
#Trump2024"
"R910","P1574","0","Weird indeed

#Trump2024"
"R1149","P1575","0","@AOC Lots of Gays are Voting for President @realDonaldTrump 
Get a life girl 
#Trump2024"
"R1150","P1576","0","I love this man #Trump2024"
"R1151","P1577","0","@TulsiGabbardrep Woo hoo #Trump2024  "
"R1152","P1578","0","@mmpadellan @AdamSchiff What A registered Democrat is angered by another registered Democrat. Just Say No to Hate #Trump2024"
"R1153","P1579","0","Presidential playing cards. Hilarious #trump #trump2024 https://t.co/zYbjjnxZGb"
"R1154","P1580","0","#Trump2024 "
"R1155","P1581","0","@RpsAgainstTrump Its over #Trump2024"
"R1156","P1582","0","@erebus1975 Kiss my . Hes Neo and Biden, the CIA and co are the agents #Trump2024"
"R1157","P1583","0","Complaint Demands Endangered Species Act be Enforced Against Washington Sham Animal Sanctuary to Protect Animals https://t.co/mvWupZA9YX #Trump2024 #Jokes"
"R1157","P1584","0","Hatcheries Role in Salmon Abundance Challenged by Potential Loss of Diversity https://t.co/syAu3Rvq7j #Trump2024 #Jokes"
"R1157","P1585","0","REPORT: FDA Should Improve Food Labels That Leave Consumers Confused About Allergens and Animal Ingredients https://t.co/g4QfMD6MWI #Trump2024 #Jokes"
"R1151","P1586","0","@RightNeverLeft Darlin, Im as real as they come. #Trump2024  https://t.co/rcBsVcGXT8"
"R892","P1587","0","This rhetoric has been created by the leftist media amp swampers bc they repeatedly referred to Trump as Htler  People w/ mental instability hearing it over amp over will eventually believe their hateful propaganda #TrumpAssasinationAttempt #Trump2024"
"R1162","P1588","0","@simonateba Only important to the gaslighters, and those who hate #Trump2024 so much they need another thing to criticize him on. As if being hit with just glass from a bullet that was intended for you is any different than being grazed by the actual bullet #SociopathicTalk"
"R1142","P1589","0","@GuruMerc Sorry for you buddy #Trump2024"
"R1164","P1590","0","Political Prisoner FREE
#Trump2024"
"R1165","P1591","0","Ento t bom 
#Trump2024"
"R1153","P1592","0","I accidentally overheard them chatting about Trump and Biden. It was amazing to see such strong enthusiasm hidden beneath the surface. We cannot underestimate the wisdom of the elderly.

@POTUS45  #donaldtrump #trump2024 https://t.co/AoIsJD5w7F"
"R1167","P1593","0","@SwiftKite @DSmitty2014 @realDonaldJNews #Trump2024"
"R1168","P1594","0","@stump54jumper #Trump2024 
Nothing can stop whats coming..."
"R1169","P1595","0","@TristanSnell We have now entered the stage of just completing lying and making up fake polls.

The desperation levels coming from the marxists is at  an all time peak. 

They know whats coming. 

#Trump2024 "
"R1170","P1596","0","If you cant trust the Secret Service what makes you think I can trust  noun

Lets play some ad libs Give me a good answer

#trump2024 #election #biden"
"R1171","P1597","0","@CollinRugg @MrsGandhi @C3PMeme There is this famous saying in india jako rakhe saiyan maar sake na koi meaning no one can be kiIIed by those who are having blessing of god on them.. #DonaldTrump is saved because of divine intervention.. Lucky guy.

#Trump
#Trump2024
#TRUMPASSASSINATION"
"R1172","P1598","0","@nickdixoncomic It will forever trouble and traumatise me.  Seeing it happen in real life was terrifying. 
Im so glad hes ok with just a grazed ear.  A very very lucky man is Trump. 

God be with him to protect him. 

#Trump2024"
"R1173","P1599","0","Scary ass shit.

I can not put into words the gratitude i feel that Trump is still with us today.

#Fight #TrumpForever #Trump2024 #Trump"
"R1174","P1600","0","@kristinekenyon @RepYoungKim Why is it that the left were supportive of Obama when he was working diplomatically with leaders of Iran, yet you accuse of Trump being a traitor for doing the same Notice the difference No new wars were started and those started before him were drawing down safely #Trump2024"
"R1175","P1601","0","Or give it to other countries #Trump2024 #USA https://t.co/s8eREZ8PpA"
"R1176","P1602","0","#Trump2024  #TrumpVance2024ToSaveAmerica"
"R1177","P1603","0","Trump/Vance 2024
#Trump2024 #JDVanceVP https://t.co/r9WeXoCU4W"
"R1178","P1604","0","@CubanOnlyTrump @EnyaArmida @TrumpLatinos24 @wterrence @MJTruthUltra @RealAlexJones @JDVance1 @ElTrumpista #TrumpAssasinationAttempt #Trump2024  https://t.co/YZJ33tdUXQ"
"R1057","P1605","0","#Trump2024 Netflix documentary 

https://t.co/BkVI5MGvkN"
"R1180","P1606","0","John Deere Hoists the White Flag and Abandons DEI.

Like, Share and Follow 
@BigScuba99 IFBAP   
#Trump2024 
https://t.co/N5k7O3r9hU"
"R1181","P1607","0","#TrumpAssasinationAttempt #Trump #Trump2024 https://t.co/IvCkNSmUqR"
"R1182","P1608","0","Be patient and wait, this family will return to the White House in November #Trump2024 https://t.co/DbqtdPJP0p"
"R1183","P1609","0","OMG   The WHOLE REPUBLICAN crowd FELL ASLEEP at the same TIME  We have to vote Yall   Protect yourself from PROTECT 2022    They going to make Breathing illegal on page 1482   Read about it at the source https://t.co/m819UIiM9I #Trump2024"
"R1184","P1610","0",".@GovWhitmer, @JocelynBenson, @dananessel you traitors arent going to rig this election like 2020. Your Marxist shit show is over. Tick tock, your time is up NCSWIC Trump will win Michigan #Trump2024"
"R1185","P1611","0","@PabloEscobarJr @BarackObama @HillaryClinton @CIA @JoeBiden @georgesoros @FBI 

Every time the Democrats try hurt Trump, it just makes me love him more 

#Trump2024 MAGA"
"R1186","P1612","0","#TrumpAssasinationAttempt #Trump2024 

The UK stands with President Trump  https://t.co/8Mg5GI4N0v"
"R1187","P1613","0","Awesome #Trump2024 #TrumpToSaveAmerica2024 #Election2024"
"R1188","P1614","0","#weareone #EXO #loveshot #LOVESHOT #Trump2024 https://t.co/ytK0swBYrw"
"R1189","P1615","0","No passa nem fibra tica nos traseiros destes #comunistas s de imaginar que 
#Trump2024 est chegando...
Penso comigo como um #desgoverno entra em conflito com  para agradar terroristas.
O pas que mais ajudou em Brumadinho sofreu a ingratido comum dos pases comunistas."
"R1190","P1616","0","@RepKatiePorter Did you say this #Trump2024"
"R1191","P1617","0","@RealJamesWoods Please dont go Joe #Trump2024"
"R1178","P1618","0","https://t.co/glj9FKthsp

NEW FOOTAGE SHOWS TRUMP DODGED PERFECTLY AIMED SHOT

Close-up footage reveals Thomas Crooks shot was perfectly centered on Trumps head.

#TrumpAssasinationAttempt #Trump2024 #AIart #AI"
"R1193","P1619","0","Love this mans sense of humour 

I think its a bit too soon

#TrumpAssasinationAttempt #Trump2024"
"R1194","P1620","0","#Trump #Trump2024  https://t.co/ry6RvNzZz8"
"R1195","P1621","0","@KevReah1 @DutchyPatrick Thats because yall want to turn the constitution into a unicorn. #Trump2024"
"R928","P1622","0","#Trump2024 #Agenda47 https://t.co/n0oeh0KpkG"
"R1197","P1623","0","Only thing Trump could do next is drop a Mix Tape 
#Legend
#Trump2024 

https://t.co/Aoo5VGvPPk"
"R1198","P1624","0","@YNB Yes. Yes, They Do. And Hispanics do also, but we dont hide from other Hispanics to let it be known. We will tell you in your face that we are voting for Donald J Trump. #TRUMP2024"
"R1199","P1625","0","@VeloBouf @panolicit @northstablefarm @mjfree Holy hell.. you are really bored, huh Im not changing anything. YOU have been crying about the church. Not once have I defended religion or Catholic priests. Fucking give it a rest, guy. Ive politely tried to remove myself from the thread. MAGA #Trump2024"
"R1012","P1626","0","@TaraSetmayer The truth is out People now know what liars the Democrats are. #Trump2024"
"R1201","P1627","0","#Trump2024 
https://t.co/nUOkLCcaKQ"
"R1202","P1628","0","@weartv Another BIDEN MONSTERS strikes another American child.
#FJB #Trump2024"
"R1193","P1629","0","Thats insane, this has to be a divine intervention

America wouldve been in chaos right now

What are the deep state thinking Whats their next move 

#TrumpAssasinationAttempt #Trump2024  #Trump"
"R1204","P1630","0","#TrumpAssasinationAttempt #Trump2024 #TrumpVance2024 
We all move to Hinduism."
"R1205","P1631","0","@realDonaldTrump #Trump2024 https://t.co/XDPa06Ac2G"
"R556","P1632","0","@rickwsanchez @realDonaldTrump @elonmusk #TwitterWorld #USA #atentadocontratrump #ATENTADOTRUMP #Trump2024 #TrumpAssasinationAttempt"
"R1207","P1633","0","@IsabellaMDeLuca @cannoneerfour Yep #Trump2024"
"R1208","P1634","0","@Barmybev2 @RonFilipkowski Thats funny. 
#Trump2024"
"R1209","P1635","0","The peoples president.  #Trump2024"
"R1210","P1636","0","@MrHoffstein @JesseOppie @bclarksandiego @mceg1965 @CBSNews Cohen went to jail for perjury. 

And its EXACTLY the same, a misdemeanor and a fine. 

The left has been after him since the elevator and has failed at every turn. 

Enjoy the show.

#Trump2024 https://t.co/iPUn2pnoNZ"
"R1211","P1637","0","@JohnRLottJr Works for me

#TRUMP2024 #TrumpVance2024 #SaveAmerica https://t.co/P9e6oKPOoX"
"R1212","P1638","0","#Trump2024 #Majos17JL #KiVi17JL #Miercoles #Paris2024 https://t.co/EM0dIZo1Hz"
"R1213","P1639","0","@ImMeme0 Shame if the business got calls. #Trump2024"
"R1214","P1640","0","@trumprealparody You are the best man  god has plan for you #Trump2024"
"R1215","P1641","0","Very powerful ad. #Trump2024"
"R1216","P1642","0","Powerful #Trump2024"
"R1217","P1643","0","@MarkHamill pathetic and sad comment, the world left is crying because I know the perverse game ends for them, and many will go to prison #Trump2024  "
"R1218","P1644","0","@mattgaetz #Trump2024 
LETS GOOOO"
"R1219","P1645","0","@RealJamesWoods Heat is on..Joe needs to hang in there..#Trump2024"
"R1220","P1646","0","@meiselasb Thats the most lies Ive ever seen in one sentence.

Impressive

#DemocratsLie 
#Trump2024 https://t.co/TeHmknCozl"
"R1221","P1647","0","Im stating this upfront: Im theorizing. But perhaps the world can solve the truth together, like a team of detectives , uncovering the reality and advancing the #GreatAwakening #Trump2024 @RealAlexJones"
"R1222","P1648","0","@wizardofsoho https://t.co/Qua2YdJIm1 @RichardHeartWin is #Trump2024 https://t.co/poKNRG7yfe"
"R1223","P1649","0","20 yr old loser vs 20 year old #DEI Snowflakes

@amuse @USSecretService @DHSgov @dbongino @SaraCarterDC 

#TrumpAssasinationAttempt #Trump2024"
"R1224","P1650","0","#fbi #trump #Trump2024 https://t.co/WqRGSqKSfJ"
"R1225","P1651","0","Theyre not welcome there - none of them, because theyre the REASON we MEED Donald Trump BACK IN THE WHITE HOUSE #fjblgb #MegaMAGA #TRUMP2024ToSaveAmerica"
"R1226","P1652","0","What in the actual F 
So the assassins parents bought the weapon he used and then were concerned about his whereabouts before the #Trump2024 rally. What did they know Or at least, what did they suspect"
"R1227","P1653","0","AMAZING #Trump2024"
"R1228","P1654","0","@catturd2 I want him to stay in for our landslide. . . . .  #Trump2024"
"R1229","P1655","0","#Trump2024 #TrumpVance2024 #DonaldTrump
Donald Trumps chances of winning the November 2024 presidential election are declining, according to a new aggregation of polls.
via @Newsweek 
https://t.co/VZAelclBvC"
"R1230","P1656","0","To the moon soon The community continues to grow, join us
https://t.co/UxBdnjDJW9
LEADER on SOL

#TRUMP #memecoin #SolanaProjects #solanamecoin #solanatoken #Trump2024 #SolanaAirdrop #SolanaCommunity #ToTheMoon #Raydium #dexscreener #AirdropCommunity https://t.co/fx4eF3cAlX"
"R1231","P1657","0","#Democrats force out lawbreakers.

#Republicans nominate them for president.

#BidenHarris2024 #TrumpAssasinationAttempt #Trump2024 #TrumpIsNotFitToBePresident https://t.co/v5Xwv9K4D5"
"R1232","P1658","0","Quick reminder for those still listening to false rhetoric from the #liberal echo chamber. 

Stop lying. Its not hard. 

#LiberalHypocrisy #Trump2024 https://t.co/T2KxTMNJ1g"
"R1233","P1659","0","2/2
          .            ...      .                .         
#Trump2024"
"R1234","P1660","0","#Trump2024"
"R1235","P1661","0","Project 25 is a leftist myth. They failed to kill him, now they are pivoting to this joke #Project2025 #TrumpAssasinationAttempt #Trump2024"
"R1236","P1662","0","#Trump2024
#BidenHarris2024 #TikTok https://t.co/h4zgjxuvC9"
"R1237","P1663","0"," The #assassination attempt on Donald #Trump is not the first high-profile crime involving representatives of global anti-cultism.
https://t.co/z08qJFDRLO

#TrumpAssasinationAttempt #Trump2024 #Americans #Patriot #Breakingews https://t.co/i6BrVyLusr"
"R1238","P1664","0","The only political chart I ever made, I made to track the COVID Cabal at the beginning of the scamdemic so that I could see more clearly exactly what they were up to. #Charts #Graphics #Trump2024 https://t.co/ifpb6TVdTT"
"R1239","P1665","0","Its sad that we always have to be on guard because we support #Trump2024"
"R1240","P1666","0","A social media video of the alleged shooter who assassinated Donald Trump has also emerged - in the video he is telling that he hates Trump and Republicans -
#Trump #USA #shooting #Trump2024 #Election2024 https://t.co/v0tB6iJq7n"
"R694","P1667","0","@mmpadellan @AdamSchiff    
#Trump2024"
"R1242","P1668","0","@MarioNawfal #Trump2024 
#TrumpAssasinationAttempt 
#DivineIntervention https://t.co/xhIwo41h5x"
"R1243","P1669","0","@RepAdamSchiff stop just friggin stop we dont want Biden to step down period full stop stop it 

Close Pelosi ally Schiff calls on Biden to drop reelection bid #JoeBiden #DonaldTrump #Impeachment #NancyPelosi #Senate
https://t.co/P5V37R9r6l"
"R1244","P1670","0","The Trump campaign is declining to schedule a vice presidential debate prior to the Democrat Convention.  

To do so would be unfair to Gavin Newsom, JB Pritzker, Gretchen Whitmer, or whoever Kamala Harris picks as her running mate.
#DonaldTrump #VPDebate #KamalaHarris #VPVance https://t.co/8yb0aTgDFh"
"R1245","P1671","0","Their patsy isnt working anymore, all of Bidens corruption is about to get leaked to the public by the three letter mafias 
Close Pelosi ally Schiff calls on Biden to drop reelection bid #JoeBiden #DonaldTrump #Impeachment #NancyPelosi #Senate
https://t.co/Z8Sznt77RH"
"R1246","P1672","0","Donald Trump has my strong endorsement: Nikki Haley at Republican National Convention 
https://t.co/2cvSKkJBIl 

#nikkihaley #donaldtrump #joebiden #kamalaharris #rondesantis #southcarolina #wisconsin #milwaukee #cnn #foreignpolicy #presidentialcampaign #indicanews https://t.co/8zzut4POZd"
"R1247","P1673","0","Donald Trumps @realDonaldTrump assassination attempt, an inside job...

#TrumpAssasinationAttempt #DonaldTrump https://t.co/aVRGqcRSvF"
"R1248","P1674","0","Claire McCaskill slams Haleys support of Trump and claims the GOP no longer exists

READ: https://t.co/oLPYbxh2aC

#Claire #McCaskill #DonaldTrump #Trump #GOP #Left #Democrat #Republicans #US #Politics #News #Viralvideo #ViralVideos #Explore #Explorepage https://t.co/SSw401jrVO"
"R1249","P1675","0","Shut that bully down REAL QUICK Via @thespectrumpolitics. #MattGaetz #RNC #DonaldTrump https://t.co/KPraZGZobe"
"R1250","P1676","0","That is truly Goebbelseque. Since a majority of the Violence comes from the Left, not us.

MSNBC host melts down over Biden being asked about his rhetoric, shouts real threat is right-wing extremism #MSNBC #NBC #DonaldTrump #FBI #Presidentialelection
https://t.co/ANPGQx7IbP"
"R1251","P1677","0","#AssassinationAttemptAgainstTrump #TrumpAssasinationAttempt #RNCConvention2024 #RNC #Covidiots #DonaldTrump #Pennsylvania #PennsylvaniaRally https://t.co/5v5K7mdmGb"
"R1252","P1678","0","Donald Trump sues Gretchen Whitmer for making VA medical centers a designated voter registration site #DonaldTrump #Voterregistration #GretchenWhitmer #Voterfraud
https://t.co/BAclorMRZU"
"R1253","P1679","0","@JustAskLeo @atrupar Donald Trump is such a Rapist that even when a woman says no he wont listen. #BackBidenHarris #BidenHarrisToSaveDemocracy #DonaldJussieTrump #VeteransAgainstTrump #BlackVotesMatter #BlackWomenForBidenHarris #DonaldTrumpEpsteinFiles #DonaldTrumpIsProject2025 https://t.co/NindNwr0vl"
"R1254","P1680","0","El cantante mexicano Jos Pepe Snchez compuso un corrido sobre Donald Trump
#corrido #msica #DonaldTrump #tvoainews

https://t.co/oWrKHqtgW7"
"R1255","P1681","0","Why are so many Democrats determined to remove Biden and make sure Trump wins...WTF

You can go shtupp yourself, Adam Schiff @AdamSchiff  Youre the one who should be replaced  with Katie Porter @katieporteroc

#JoeBiden #BidenHarris2024 #AdamSchiff #California #DonaldTrump https://t.co/adteQ2I6Rz"
"R1256","P1682","0","Video The chaotic new footage was taken immediately after the failed assassination attempt on Donald Trump. The former president can even be heard asking for his shoes back #DonaldTrump #Shoes
https://t.co/3wp9ptwTHk"
"R1257","P1683","0","#DonaldTrump #JDVance #RepublicanNationalConvention #MilwaukeeRNC #GOPSpeeches #TrumpSpeech #VanceSpeech #MilwaukeeConvention #RNC2024 #TrumpRally #Vance2024 #RepublicanPolitics #GOP2024 #TrumpSupporters  #Worldnews #news  #Amaravati #AmaravatiToday 
 https://t.co/IA6M33dn6L"
"R1258","P1684","0","Donald Trump plans to launch his fourth NFT collection, citing overwhelming demand and previous successes in the NFT market. He sees strong future potential.

#DonaldTrump #NFT #Regulation

https://t.co/DmVedTN31I"
"R1259","P1685","0","trump  Unity out, now its call to arms. Also see violent, hateful, convicted criminal.

Trump Issues Dangerous Call to Arms During RNC #DonaldTrump #Republicans #Illegalimmigration #Democrats
https://t.co/GIRsqwlf3q"
"R1260","P1686","0","If Biden has what is best for this nation in his mind and heart he will step asideClose Pelosi ally Schiff calls on Biden to drop reelection bid #JoeBiden #DonaldTrump #Impeachment #NancyPelosi #Senate
https://t.co/7FGDb9sQs5"
"R1261","P1687","0","A guide to RNC Day 2:

Read more at: https://t.co/FWjLdiWGge

#RNCConvention2024 #RNC2024 #RNCConvention #RepublicanNationalConvention #Democracy #Election2024 #DonaldTrump #ACE"
"R1262","P1688","0","Prominent Democrat Schiff calls for Biden to withdraw: Democrats aim to nominate before convention #Democrats #JoeBiden #DonaldTrump
https://t.co/5dOYNfG6Ry"
"R1263","P1689","0","#Burlar, #Astroloji,#Temmuz24,#Jul24, #MarsUransKavuum, #DonaldTrumpAttacked ,#Algol, #JoeBiden 
 Joe Biden  
21 Temmuz ile  25 Temmuz arasnda 
ABD Bakanlk makamndan 
feragat edebilir. https://t.co/3vMMeTjyWI"
"R1264","P1690","0","Video Massive Protests in Milwaukee are Underway Outside the RNC #DonaldTrump #Republicans #Wisconsin
https://t.co/DINjbJ1Et9"
"R1265","P1691","0","Sick and Toxic: Trump Issues Dangerous Call to Arms During RNC #DonaldTrump #Republicans #Illegalimmigration #Democrats
https://t.co/nAFsNZfeyP"
"R1266","P1692","0","@DCDraino Maybe this will help

@FLOTUS is set to arrive at the Pittsburgh International Airport at 4pm on Saturday. @FLOTUS will speak at an Italian Sons and Daughters of America dinner at 5 p.m.

#DonaldTrump #BidenHarris2024
#Biden2024 #TrumpAssasinationAttempt

https://t.co/Qs3gGtu6MK https://t.co/V0QNbp8Ic0"
"R901","P1693","0","Trump Arrives in Milwaukee For RNC #donaldtrump #trump #biden Donald Joe... https://t.co/E8jksIFAzk via @YouTube"
"R1268","P1694","0","Video Iran had a plot to take out Donald Trump. And the U.S. knew about it. Here is the story #DonaldTrump #Iran
https://t.co/LDajUJOzIO"
"R1269","P1695","0","NEW: Politico Obtains Poll Revealing Nearly Every Tested Democrat Performs Better Than Biden #Democrats #JoeBiden #DonaldTrump #Wisconsin #NorthCarolina
https://t.co/8dM5FQ7Jww"
"R1269","P1696","0","Schiff calls on Biden to bow out of 2024 race, pass the torch #JoeBiden #DonaldTrump #Democrats #Presidentialelection
https://t.co/pQOKfDjIOw"
"R901","P1697","0","Donald Trumps triumphant entry at the RNC #shorts #donaldtrumpnews https://t.co/7N9HGTQkn7 via @YouTube"
"R1272","P1698","0","Pete Buttigieg calls out Donald Trumps disrespect for military at Minnesota Biden campaign event #DonaldTrump #JoeBiden
https://t.co/eRwPpM2YOl"
"R1273","P1699","0","Widow of firefighter killed at Trump rally declines Bidens call: He would not have wanted me to talk to him #DonaldTrump #Shooting #JoeBiden
https://t.co/Vqibw4R5Em"
"R1274","P1700","0","Marc Andreessen and Ben Horowitz, the co-founders of Andreessen Horowitz a16z, have officially declared their support of presidential candidate Donald Trump. Marc Andreessen and Ben Horowitz, co-founders of the prominent https://t.co/mkxoN7x7e5 #Crypto #a16z #DonaldTrump https://t.co/ScFOUBSB3V"
"R1275","P1701","0","Donald Trump Campaign Gets16z Co-Founders Support After Vance VP Pick

https://t.co/F0V4AC22DP

Author: Isaac Oshokha

#a16z #DonaldTrump #JDVance #Crypto"
"R1269","P1702","0","Rep. Adam Schiff calls on Biden to drop out of election contest, warns of losing Congress #Congress #DonaldTrump #JoeBiden #Presidentialelection
https://t.co/VNNIKqG3Hi"
"R1277","P1703","0","FOX NEWS Just Called Donald Trump The Sitting President https://t.co/TyfyWQ1xXZ #DonaldTrump #PresidentTrump #sittingpresident via @DailyNoahNews"
"R1278","P1704","0","Donald Trump doesnt have stitches, but a nice flesh wound, Eric Trump says #DonaldTrump #Shooting #Violentcrime
https://t.co/z7qrObQeqz via @CBSMiami"
"R1279","P1705","0","Intento de asesinato contra Donald Trump: Impactante ataque en Pensilvania  #IntentoDeAsesinato #DonaldTrump #Pensilvania #ServicioSecreto #NoticiasImpactantes #PolticaEstadounidense #ActualidadPoltica   #noticiaspolitica #noticiasdehoy #ultimahoratrump  #ultimahora https://t.co/d5Ynf2yO89"
"R1280","P1706","0","U.S.A Chants Erupt After Luke Bryan Addresses Donald Trump Assassination Attempt #LukeBryan #DonaldTrump
https://t.co/ULes6wYYdB"
"R1269","P1707","0","Newsome is a sad excuse of a human being and leader. Yuk
Gavin Newsom slams Elon Musk for endorsing Donald Trump, saying he bent the knee #ElonMusk #GavinNewsom #DonaldTrump #SpaceX #Electriccar
https://t.co/KDJpcJp1Pv"
"R1282","P1708","0","MAGA RNC is the gaslighting convention 
#RNCConvention2024 #BorderCrisis #Gaslighting #liars #DonaldTrump #VoteTeamJoe2024 https://t.co/Ct7LtjFEfT"
"R1283","P1709","0","La eleccin de JD Vance como vicepresidente de Trump es un golpe para Ucrania. Su postura crtica hacia la ayuda a Ucrania y la poltica exterior de Biden marca una eleccin clara en noviembre. #JDVance #DonaldTrump #Ucrania https://t.co/hcAHYEdkHE"
"R1284","P1710","0","The Best Donald J. Trump impersonation to date.

@realDonaldTrump 
@RealAmVoice 
@GOP 
@TheDemocrats 

#DonaldTrump #Celebrity #celebrityimpersonation
#Comedy #fyp  https://t.co/CoMLDp5pfZ"
"R1285","P1711","0","Veja a reconstruo 3D do momento em que o Donald Trump foi atingido de raspo na orelha direita. 

Foi por uma frao de segundos que, ao virar o rosto, o livrou de um tiro que poderia ter sido fatal. 

#cafecomnota
#direitavalente
#direita
#donaldtrump
#ataque https://t.co/mM91jD8Reh"
"R1280","P1712","0","Video Ex-Biden staffer, CNN contributor says on air Dems must turn their fire on Donald Trump #DonaldTrump #CNN
https://t.co/VUDVVeTROA"
"R1287","P1713","0","Video Donald Trumps supreme court justices are facing impeachment #Supremecourt #DonaldTrump #Impeachment
https://t.co/fVN54KELlm"
"R1288","P1714","0","You need this Poster of donald trump for print
#DonaldTrump #poster #Election2024 #Republican #American #USA #FistFight #FIGHT #shirts #houseofcards #printondemand #quote https://t.co/xQh59lFnBR"
"R1289","P1715","0","Like this post if you are voting for Donald Trump  Ignore for Biden

#MakeAmericaGreatAgain #Donaldtrump #Project2025"
"R1290","P1716","0","Joe Bidens AR-15 Plan Puts Republicans in a Jam #JoeBiden #Republicans #DonaldTrump #FBI #Congress
https://t.co/f86dmGzcHc"
"R1291","P1717","0","Donald Trump reaparece en la Convencin Nacional Republicana de Milwaukee #PeridicoCubano #Cuba #ConvencinNacionalRepublicana #DonaldTrump #ESTADOSUNIDOS #Milwaukee #Noticiasdestacadas #Wisconsin
https://t.co/pKJCdB8xLX"
"R1292","P1718","0","Donald Trump Poll Released After Shooting Raises Eyebrows #DonaldTrump #JoeBiden #Georgia #Pennsylvania #Presidentialelection
https://t.co/h6R7Jbsajh"
"R1293","P1719","0","Biden made SICK move after Trump announced his VP pick.

#PresidentBiden #DonaldTrump #VicePresident 

https://t.co/pqoMP6XytG"
"R1292","P1720","0","Video As Senate Minority Leader Mitch McConnell tried to announce Kentuckys delegates for Trump, the crowd at the RNC drowned him out with a chorus of BOOS #Senate #DonaldTrump #MitchMcConnell
https://t.co/L7qgkkR33D"
"R1295","P1721","0","Elevate your victimhood game with Mini-My Pillow - the compact and portable heavy days pillow that promises to arouse cultish sympathies amp silly self-debasing imitation games. #EarGate #MyPillow #RNC2024 #RepublicanNationalistConvention #KotexDon #bonespurs #donaldtrump #gop https://t.co/7FHNGGi5Ej"
"R1296","P1722","0","

#VOTEBLUETOSTOPTHESTUPID   #Shooter #Staged #RepublicanParty #DonaldTrump #SecretService #Trump #DiaperDon #OrangeJesus #Pennsylvania #HowCouldYouMiss #DemVoice1 #BidenHarris2024 #GOP #TrumpIsNotFitToBePresident #TrumpAssassinationAttempt #TrumpsProject2025 #Project2025"
"R1297","P1723","0","FACT-CHECKED: No, President Trump Didnt Fall Asleep At RNC https://t.co/bnq0cgLxPo #DonaldTrump #PresidentTrump #Push #RNC via @DailyNoahNews"
"R1298","P1724","0","Iran had a plot to take out Donald Trump. And the U.S. knew about it. Here is the story #DonaldTrump #Iran
https://t.co/qi8hhx9pn8"
"R1299","P1725","0","There is a theory going around about #DonaldTrump and blood sanctification. It sounds good on the surface but falls apart on examination. I pray that Donald Trump becomes our next president, but we mustnt back things that border on blasphemy: https://t.co/40Lnk2jin4 https://t.co/l8OWANK5SY"
"R1300","P1726","0","EGO LIFTER IS DOWN #sniper #donaldtrump #biden #politics #usa  #egolifting #bradleycooper #americansniper #kettlebells #gymnastics #workout #fitness #shrugs #deadlift #shorts #shortsfeed #youtubeshorts #short #viral #shortsvideo #shortsyoutube #viral #powerlifting #strongman https://t.co/XQnYz3Uksl"
"R1301","P1727","0","Things that make you think hmmmm 
#Donaldtrump #BlackRock #DonaldTrump #AssassinationAttemptAgainstTrump #AssassinationAttempt #AssassinationAttemptSetUpByTheLeft #assassinator #USAElection #USAisaterroriststate #USA #Election2024 #coronavirusexposure #WorldNews https://t.co/iPxHzFLaNT"
"R1302","P1728","0","Ahead of Thursday #DonaldTrump takes the stage for his walkthrough with hundreds of lens trained on him #RNC #RNCConvention2024 #RNC2024 #RNCinMKE https://t.co/AC7bevQq8R"
"R1303","P1729","0","Court Going To Remove Aileen Cannon From Trump Case: Anti-MAGA Lawyer #DonaldTrump #FBI #JusticeDepartment #Ethics
https://t.co/0phjN4Mut1"
"R1304","P1730","0","Former President Donald Trump was officially voted in as?the Republican presidential nominee Wednesday, and he revealed who he has picked to be his vice presidential running mate.

Read Now: https://t.co/4ilFHOqe4b

@JDVance1 #VicePresident #DonaldTrump #RNC #America #veteran https://t.co/oTOpvV6FAD"
"R1305","P1731","0","President Donald Trump confirms Jesus Christ is more Popular than him. America belongs to Jesus Christ

#presidenttrump #presidenttrump45 #presidenttrump #presidenttrumpismypresident #presidenttrump2024 #donaldtrumpet #presidentdonaldtrump #presidentdonaldjtrump https://t.co/CFcqgDyq6a"
"R1306","P1732","0",".  The Greatest movement. @realDonaldTrump @DonaldJTrumpJr @MELANIATRUMP @VivekGRamaswamy @elonmusk @NEWSMAX #trump #Donaldtrump #rnc #RNC2024 @kilmeade https://t.co/4IdyJH6L4z"
"R1307","P1733","0"," #USAeGETTA: ORA IN TV, CANALE 262

 SPECIALE ATTENTATO A #TRUMP 


#BIDEN #JoeBiden vs #TRUMP #DonaldTrump
#LucaMarf @byoblu #USA #USA2024 https://t.co/YhayL6iFyy"
"R1308","P1734","0","@elonmusk Free speech to all. I am a staunch conservative amp complete morons in this country have the same rights to free speech as I or anyone else. #AmericaFirst #FreedomOfSpeech"
"R1309","P1735","0","#FactCheck 
#BIDEN 
#AmericaFirst 
#January6th 
#TrumpAssasinationAttempt 
@SpeakerPelosi @JoeBiden 
@realDonaldTrump https://t.co/WSYLZcOjMU"
