Id,Name,Gender,Age
R1,Geraldine Speer,,
R2,Predato- Trump,,
R3,coolguy,,
R4,Ron cohen,,
R5,chris w,,
R6,One Percent Takers,,
R7,??vpn????????????vpn?????ins???????vpn??????,,
R8,Michelle,,
R9,Tom Suozzi,,
R10,TD Opines,,
R11,Danny ????,,
R12,C DOT R,,
R13,Geof Hamlin,,
R14,Tim Byers,,
R15,Thomas Shea,,
R16,Gary Greenberg,,
R17,Vito,,
R18,Dr. X Nova,,
R19,JJK,,
R20,eu4ria1,,
R21,@googeliart.bsky.social ???,,
R22,Rocky Road,,
R23,LA,,
R24,Diana O,,
R25,The Vin Man,,
R26,The Matt McNeil Show,,
R27,Nolan Benedict,,
R28,Tango,,
R29,IncognitoNewt,,
R30,Doc Dayz,,
R31,"Vote Biden to save our democracy,our Freedoms",,
R32,John Martinlives,,
R33,Robin Messing,,
R34,don roberts,,
R35,D_J mellofello,,
R36,James Barnfield,,
R37,????Joe Pugh????,,
R38,????Denise????,,
R39,Johnny Freedom,,
R40,DAPPER DON DHARSHI • K A M I L •,,
R41,#TheResistance,,
R42,Puppy,,
R43,Dan Schaefer,,
R44,Biggest,,
R45,Bo Snerdley,,
R46,BarrosLuco,,
R47,New York LI Republican ????,,
R48,robjceo,,
R49,FloridaSandy,,
R50,Daisy Vance,,
R51,Yourconscience,,
R52,Miketvee13,,
R53,?? ? ? NewsCat ?????NO DMs? ? ? ?,,
R54,Sanity Lane,,
R55,w.o.,,
R56,andrew March,,
R57,???????? ?????? ?? ?? ??,,
R58,Former??Republican,,
R59,Satsuki Hime???????????????????,,
R60,Robert Howell ??,,
R61,Bryan Castillo #DC51st,,
R62,Amien,,
R63,paul worth,,
R64,Irving Pine,,
R65,superdavebeastula,,
R66,Oregon Republican ????,,
R67,drainpipe,,
R68,Doc1323,,
R69,Tom Odell,,
R70,305Jits,,
R71,VERTEDERO,,
R72,John,,
R73,Mr. Deplorevole Disgraziato.,,
R74,Curly Bill Brocius,,
R75,Freedom of Speech ??,,
R76,EnlightenedPaddy,,
R77,American Outlaw ????,,
R78,KylieB,,
R79,The Drunk Republican,,
R80,Senga,,
R81,Greg,,
R82,Wondermentalista ????,,
R83,Michelle4Flirt,,
R84,nuked350,,
R85,Byron Perkins,,
R86,"Erick Hayden, CEO",,
R87,ShawneesMan,,
R88,JohnCT/FL,,
R89,e,,
R90,Proud Latina Republican,,
R91,Andrew McAdoo,,
R92,Deborah Tilden,,
R93,Jeep guy,,
R94,Thomas Consolo,,
R95,Carolyn Sutton,,
R96,jade????????????????,,
R97,AKA DeeK,,
R98,FreedomFighter,,
R99,CommonSenseWA ????,,
R100,Lisa Miller,,
R101,Rebecca Taylor,,
R102,Gtmag10,,
R103,D Osborne,,
R104,Booker G. Washington,,
R105,River Jensen????,,
R106,Holly,,
R107,Carson Carpenter,,
R108,The Masterclass????????,,
R109,Donna ??????,,
R110,Onika Tanya Maximoff ????,,
R111,House of Fire and Blood,,
R112,VFG Movie Reviews,,
R113,MAD LIB,,
R114,Cuddles (Doctor G),,
R115,Gregor Hast ??,,
R116,THM,,
R117,R Thomas Behnke,,
R118,Oso Republicano,,
R119,NY Persona Fans who are Republican Caucus ????,,
R120,Kal - Let's make character matter again.,,
R121,VOTE ???? ??????????,,
R122,Susan,,
R123,David Jon’ny Locke,,
R124,Ungovernable ????,,
R125,Arguably Wrong,,
R126,Janey Kopecky,,
R127,Mary Jane Anderson,,
R128,LoveLucy ????????????,,
R129,in their way,,
R130,Kara Dreamer,,
R131,THANK YOU MR. MUSK,,
R132,Mike Heffernan,,
R133,Em Cohen gazafunds.com,,
R134,Linda Greene,,
R135,Hannahlehigh,,
R136,TheBlueEyesWhiteAccountantCard,,
R137,stkbacca@att.net,,
R138,Sammy Marble,,
R139,Terry MAGA????????,,
R140,E-MOW-G,,
R141,Snap Crackel and Pop 86,,
R142,Ritch Barron,,
R143,Don’t tread on me,,
R144,Richland County Democratic Party,,
R145,Jay Rogers ???????????????????,,
R146,Daniel Bragg,,
R147,Florida Federation of Republican Women (FFRW),,
R148,Your Independent Voice,,
R149,Mike Garcia Stan,,
R150,TIM Ray,,
R151,Shari,,
R152,DM,,
R153,ForAmerica,,
R154,Vindex,,
R155,DADDIEK,,
R156,Darth Vexitus,,
R157,John Arnold,,
R158,The Angry Patriot,,
R159,Jahhh????,,
R160,Mary Miller Stan,,
R161,amerikanexile,,
R162,Russ,,
R163,Dave Hale - Concerned Republican,,
R164,Stephanie Dennis,,
R165,Dr. AJ Chrysanthemum,,
R166,BELLADONNA SAYS...,,
R167,Robert Watkins,,
R168,ZBreakingNewz,,
R169,"Son of David, Servant of The Most High",,
R170,Calicocaleb,,
R171,Jim Sheehy,,
R172,Kintaro.03,,
R173,?????????????????????????????????Women’sRights!,,
R174,Forsyth County Republican Party,,
R175,Joe mama,,
R176,AJ Kerbel (Disabled Republican Vote Red),,
R177,Robert MacIntosh,,
R178,Sherman Putterman,,
R179,Seán Kennedy ????,,
R180,LeikusOrNot ????????????????????????????,,
R181,Michael_USA20 ??????????,,
R182,Spunky0613,,
R183,Susan R,,
R184,Harry Burnsworth,,
R185,Marly Z Jurado,,
R186,Republican Anarchist Caucus ????,,
R187,Ernest Reyes,,
R188,Karl Noel,,
R189,Shade Phosphorus,,
R190,Austin 2.0,,
R191,Tyrion Lannister - Hand of the King,,
R192,sam,,
R193,Jose Hernandez,,
R194,Pam Adkisson,,
R195,Grateful American MAGA/MAHA/DOGE,,
R196,Alfred C. Martino,,
R197,Jose Ortal,,
R198,The Dave,,
R199,MorningMorning,,
R200,????Domestic Terrorist Grandma????,,
R201,Country Girl,,
R202,anordinaryperson,,
R203,Eric Mrozek ?????????????????,,
R204,Wehriskat ??????,,
R205,Binturong,,
R206,MarkEMark,,
R207,Jonathan P. Henderson,,
R208,George Wept,,
R209,Postal Sage,,
R210,karenhecht81@aol.com,,
R211,Magsfolly,,
R212,Kric ????????????????,,
R213,Alex Jones Cat,,
R214,Dr. Christina Johns,,
R215,Bear??????,,
R216,Ace,,
R217,Freedom is not free,,
R218,Kimberly Ferguson,,
R219,Sharon.,,
R220,Grumpy Old Al,,
R221,@MemphisGators58#,,
R222,Steven Kale,,
R223,W.?????? ????????? Pro Israel Reagan Republican,,
R224,Voss749,,
R225,pascal molineaux,,
R226,Not Ryan,,
R227,CharlesinCT,,
R228,Drew Petersen: ANTIFA Director (sarcasm you hope),,
R229,Immigrant Gay Republican! ????,,
R230,ClassicConservative ????????????,,
R231,WayBeyond1984????,,
R232,Ella R. Hall,,
R233,MBrooks,,
R234,Robert Davi,,
R235,Electric Sheep,,
R236,Virgilio Abueva,,
R237,kevinandre,,
R238,Brad Cummings????,,
R239,Michelle??????,,
R240,Mike Thomas,,
R241,Robbie Sherwood,,
R242,Mountainstrong,,
R243,Vesper X,,
R244,tmckay,,
R245,Anti-MAGA Coalition ??????????,,
R246,Super Bikino,,
R247,prydaone,,
R248,Kyle Schumann,,
R249,Suzanne Hoskins,,
R250,Gerald P,,
R251,Phoebej Vote out every last damn Republican ????,,
R252,Doug Smith,,
R253,"Mark, Choose Kindness",,
R254,ang Pea,,
R255,LulabelleBlue ????,,
R256,Sara ?? PETA KILLS,,
R257,"Dennis, Actual Antifascist",,
R258,Brad Connolly,,
R259,JoeyBonanno,,
R260,On the Cusp,,
R261,@RPh,,
R262,adrian f samuel,,
R263,Zachary Johnson,,
R264,Jack Brady,,
R265,LU_HTF,,
R266,Edwin Madrigal,,
R267,JusPlainTalk101,,
R268,mary elizabeth,,
R269,JoeMomma,,
R270,Rick B,,
R271,Robert,,
R272,News World Wide,,
R273,Matheus Bonatto,,
R274,Mary D,,
R275,Guyjustin,,
R276,Mark Greko ??,,
R277,TECH1??™,,
R278,NoCal.Chris,,
R279,Roe 70,,
R280,Izaskun Astoreka Lizarralde #yes,,
R281,Brad38,,
R282,Gay Republican,,
R283,Paul DeAngelo,,
R284,JoltusManus,,
R285,John ??NHS #FBPE #TORYLIARS ?? ?? ??,,
R286,Draft Environmental Impact Report,,
R287,Republican Dave Roberts Fan,,
R288,Drew Bradsha,,
R289,ShadyJD,,
R290,John Ellis,,
R291,CAP1023,,
R292,Jim braselton,,
R293,Matt Bevan,,
R294,Greek,,
R295,Zap,,
R296,Avatar ???? @backavatar on ??,,
R297,Tim Little,,
R298,Einsteins Daddy,,
R299,Cosmic Cowboy,,
R300,Capt. Gnarly,,
R301,OnlyPunsCEO,,
R302,A K,,
R303,????Donnia????,,
R304,Robin Newton,,
R305,Arthur Bloom,,
R306,-Ølivier-,,
R307,Banks aren't too big to fail,,
R308,Matthew Case,,
R309,Douglas Godfrey,,
R310,Anthony Terlizzi,,
R311,Jim Girard,,
R312,Lisa Freedman,,
R313,Chris Todd,,
R314,DeeF??,,
R315,Marlene Lundquist,,
R316,CantSilenceBusbee,,
R317,Morons Are Governing America - Fascism is here,,
R318,Enzo the Baker,,
R319,Donna Yost,,
R320,Toby Tartaglione ,,
R321,JimBob McBoatFace,,
R322,Michael Fulmer????????????????,,
R323,Sara's Politics,,
R324,Alex Vassar ??,,
R325,Adil Haque,,
R326,Resolutely Sane,,
R327,jeremy,,
R328,deleted,,
R329,Jon Ralston,,
R330,Jumbo Elliott,,
R331,Norma mcdonald,,
R332,Frank White,,
R333,phil,,
R334,Matthew Bell,,
R335,Noah Formica,,
R336,sb17,,
R337,Florida Jolt,,
R338,Connie Dodson,,
R339,Casual LavaringX ????,,
R340,Richard Pierce,,
R341,Chief,,
R342,Shut Up Drew,,
R343,cass?,,
R344,Republican Politics Enjoyer,,
R345,CompassDrifter,,
R346,Andy Hough,,
R347,Harrison Blackburn,,
R348,Heavenly Motherr ????????????????,,
R349,Andy Anderson,,
R350,Stank McNasty,,
R351,Michael Burke,,
R352,Ultra MAGA Republican,,
R353,RN- prolife-Republican-100% Italian-,,
R354,Yeshua,,
R355,nick fierro,,
R356,AL Khammas,,
R357,Christopher Dowling,,
R358,Vicky Falls,,
R359,Matt,,
R360,?? POWER 2024 ??????????????,,
R361,Cynthia??????,,
R362,Andy,,
R363,Patricia,,
R364,Keith Miskie,,
R365,Jennifer Scott ??,,
R366,D notabot #s New Pic AKA Duckie ??,,
R367,Opinionated Times,,
R368,TrueLiberal,,
R369,Dub Bwyer,,
R370,Kathy Cheperka,,
R371,Ricky Mac,,
R372,Sealtori,,
R373,Victoria Brownworth,,
R374,Jo Nomas,,
R375,G-LANT,,
R376,WeCannotBeSilent ????????????,,
R377,Joanne Graves,,
R378,Vinny Machado,,
R379,Kvitka ??????,,
R380,American Eagle ??????,,
R381,???? Lauren Ashley Davis - OG Meidas Might ??????,,
R382,Domnic,,
R383,JDB,,
R384,The Cuban Dude,,
R385,old crank,,
R386,Freedom,,
R387,SirK ???? ???? ????,,
R388,The Unsilent Majority,,
R389,Led Zep,,
R390,Joshua Davis,,
R391,NYERINFL4,,
R392,Magoo,,
R393,Disaffected Elephant,,
R394,Salvatore Lucania,,
R395,Barbara,,
R396,sho2daPan????????,,
R397,Conservatism DNA,,
R398,Tim Bryant,,
R399,"Mega MAGA Republican Maplefritos, Esq. ?????",,
R400,Pufferfish Populist ??,,
R401,Mario Areni,,
R402,Fernando de la Riva,,
R403,Salty Republican Rocker II,,
R404,Plaidypus,,
R405,Rep. Frederica Wilson,,
R406,DiscussWithBob ?? ????,,
R407,Jacob ??,,
R408,Gemini ?? Vibes,,
R409,ALL WE DO IS WIN ??,,
R410,Dr Malady,,
R411,Alex Ballingall ??,,
R412,How's she cuttin,,
R413,steven,,
R414,Hannity’s Guilty Conscience,,
R415,"Republican Party of Monroe County, WI",,
R416,Joseph,,
R417,Mary Miller??????????,,
R418,????,,
R419,Terri Green,,
R420,OldielocksNmo50,,
R421,Maya,,
R422,desert redbird ????????,,
R423,JEB,,
R424,Rufus the Exile,,
R425,UrbanistaRamon,,
R426,RepublicanRJL,,
R427,brandy rodgers,,
R428,Jacob McCandles????,,
R429,Bill Adler,,
R430,Reinforced Human,,
R431,Dave ???? @incogneatos.bsky.social,,
R432,The Lawrence Times,,
R433,Liquor Pickled,,
R434,Sunshiny,,
R435,TRG,,
R436,Psalm Bravo,,
R437,BounceHouseGrillin,,
R438,Ohiomom,,
R439,YourMothersMustache,,
R440,LisaFLA8,,
R441,rareone,,
R442,Popitics,,
R443,Daniel Reid,,
R444,San Mateo County Republican Party,,
R445,Carolyn Hinds ???? #FreePalestine #CongoInCrisis,,
R446,????Captain Caveman????,,
R447,Truthstorm for America -WE ARE THE NEWS,,
R448,NTD News,,
R449,Kei,,
R450,Andy Sappington,,
R451,Monica Hendricks,,
R452,Munso Kahn,,
R453,ABrown,,
R454,Liberty&Freedom,,
R455,John Armentrout,,
R456,Paul,,
R457,adam davis,,
R458,dogmatic 556,,
R459,OregonRancher ?????? @oregonrancher.bsky.social,,
R460,Tyler Block ????,,
R461,??Tracking the Australian Right Wing,,
R462,The Lion,,
R463,Titmouse ??,,
R464,*,,
R465,DatChiGuy,,
R466,Alexandre Saradjian,,
R467,True Red Republican,,
R468,GuardianAxiom,,
R469,Republican Llama ??,,
R470,Princess Buttercup II,,
R471,_?L ?????????,,
R472,TRT Afrika,,
R473,KatLadyNE,,
R474,Andrew Smothers,,
R475,Republican Mom,,
R476,Jim Bouse,,
R477,?,,
R478,bbsaabaru,,
R479,Just1Conservative,,
R480,Rob??,,
R481,Regina Dramatica ???? ????????????,,
R482,KAMI,,
R483,Whit????,,
R484,ChainSnacha ????????,,
R485,Rusty Rockefeller,,
R486,Ben,,
R487,Donnell Williams,,
R488,Awake Patriot,,
R489,Epic,,
R490,Xavier Rojas,,
R491,VitaroSSJ,,
R492,Kimberly Moore,,
R493,Rob C,,
R494,Lain || oh my my my ??,,
R495,High Horse,,
R496,Lori (LMNLA),,
R497,Rick Atkinson,,
R498,Susan Robbins,,
R499,CTW,,
R500,Thomas Anderson,,
R501,Angry Husky,,
R502,XRPJourney,,
R503,Michael Drew ????,,
R504,JustJW,,
R505,MarCare,,
R506,FinanceFeeds,,
R507,Momma,,
R508,urmotha,,
R509,???????????? ????????™?,,
R510,God's Nunchuks,,
R511,S Robinson ????,,
R512,Connor,,
R513,bbuckley,,
R514,Wind Info,,
R515,Law&Order ??,,
R516,TheNakedTruthReport,,
R517,Ken Rush,,
R518,Steve-o,,
R519,Creamy Giblets,,
R520,?? THE WAC ??,,
R521,The Generalissimo,,
R522,Better Scotusblog,,
R523,Cody,,
R524,Paul G,,
R525,James Mullen,,
R526,B.W. Macky,,
R527,Dylan Heflin,,
R528,Josh Stine Sr.,,
R529,1stBitcoin,,
R530,The Conservative American (Peruvian roots),,
R531,John Fulton,,
R532,falcon_eddie9,,
R533,Maya Ezra,,
R534,some other jeff,,
R535,Ron Logue,,
R536,West Virginia Watch || bsky @westvirginiawatch.com,,
R537,Rebecca W,,
R538,Guylaine,,
R539,The Guardian,,
R540,danee010.stx,,
R541,Kristopher Williams,,
R542,?? Ruth ???? Taylor ??,,
R543,D B Brown,,
R544,chalkboard teacher,,
R545,vamos,,
R546,Jon for President Trump- MAGA REPUBLICAN ????,,
R547,XboxLive Republican,,
R548,SneakyBeaky,,
R549,Optimistic Prime,,
R550,James Anderson,,
R551,Yikes??,,
R552,Douglas Baggett,,
R553,Marianne,,
R554,Robert Nelson,,
R555,#M U G A I N B I O,,
R556,Dan,,
R557,Windmill Measles,,
R558,Boudreaux,,
R559,Randy Ingram,,
R560,Do You Grok????????? ??,,
R561,Pat ??Pat is short for Patricia,,
R562,Goose,,
R563,Politic-tees,,
R564,cathy Lynne,,
R565,Mitchell,,
R566,Maggie-Mae ??????,,
R567,Bigheavy3413,,
R568,PhanpyPampy,,
R569,305Votes,,
R570,Honest_Lee#2020,,
R571,Jcon1????,,
R572,People are finally waking up to Republican B.S.,,
R573,Marymarge,,
R574,PJ ???? Fightn' the daily diatribe!!,,
R575,Normal,,
R576,True Patriot Voice,,
R577,WorleyGIG,,
R578,Bonjolee ????????????,,
R579,CEG3,,
R580,Imal Oser,,
R581,BBsMom2003 ??????????????????,,
R582,John Joyce Stan???????????,,
R583,Zophie,,
R584,Angie Guthrie,,
R585,Suzanne@cookinmaama,,
R586,maths tutor 20,,
R587,Gary L Shults,,
R588,Tha Kaptin,,
R589,Marguerite Fair Talk Show Artist,,
R590,Every circus needs a Carney!,,
R591,annie1946,,
R592,Papo,,
R593,P0tH3adPun15her92 On XBL,,
R594,Dripdrip,,
R595,jwmgregory,,
R596,Moby Dick,,
R597,rdr ????,,
R598,Al Carbo,,
R599,Republican Women of Mercer County ??????,,
R600,RobJ5731,,
R601,Delbert Earl Myers,,
R602,Jerm,,
R603,Otto,,
R604,Roscoe The Republican,,
R605,Ginny Fidler ??,,
R606,Charles Chiedu,,
R607,ideogenetic,,
R608,The Bear Pundit????????????,,
R609,Barkley,,
R610,Sixbeats,,
R611,Sabrina,,
R612,??sparkles??,,
R613,kelly flowers,,
R614,A?,,
R615,Flashygalflushing ??????,,
R616,59Corvette,,
R617,OverBenthousand,,
R618,Second Hand News 45-47,,
R619,Dusty Bootes,,
R620,JackSplatt,,
R621,CommonSense,,
R622,Freedom Sticks,,
R623,conservative Republican Veteran,,
R624,It’s X MF,,
R625,Malcolm C,,
R626,Sara Tonyn,,
R627,MaryJoanParc,,
R628,Bruce Thomson,,
R629,Meghan ??????,,
R630,Republican Party of Duval County,,
R631,HairyLip,,
R632,Dennis Smith,,
R633,Tim Wirtz,,
R634,ShermansMarch,,
R635,Joyreaper,,
R636,Hachi,,
R637,Roberto Rodriguez,,
R638,nikka,,
R639,Based Media,,
R640,X-tangot296,,
R641,Republican Reflections,,
R642,The Patriot Hammer,,
R643,David Timmons,,
R644,Shane Bagley,,
R645,Robert L Morgan,,
R646,Carol Hopke | ?? ?? | carolhopke.bsky.com |,,
R647,mordicai,,
R648,Resist hateful GOP policies,,
R649,Life is ??School/Former Republican; Mark 12:28-31,,
R650,Joseph Frusci,,
R651,Lily? INDIGO?????? ?? ?? ??,,
R652,Ted B,,
R653,MinnieD'Arc,,
R654,Ben Idan,,
R655,Brian Hahn,,
R656,GGT,,
R657,Banana Republican,,
R658,Edward Lovelock,,
R659,Tyler Chacon,,
R660,The_Real_T_Paine,,
R661,Swamp Monster,,
R662,Mr. Bob ??,,
R663,Mel J??,,
R664,Doug Michalek,,
R665,Ralph Hartman,,
R666,Brian Riley,,
R667,kp,,
R668,Proud_Republican_99,,
R669,.,,
R670,yorkshirepud,,
R671,Allan Margolin,,
R672,john doe,,
R673,Auston Bunsen,,
R674,Sharp stick in the eye,,
R675,TK-422 Currently-At-My-Post,,
R676,yaminashi,,
R677,rabidnarcissists,,
R678,Jamie Sears,,
R679,Jack H. Knox,,
R680,Ann Meyer(no blue check)republican,,
R681,Sumner,,
R682,Thomas Lenigan,,
R683,Antonia ??Harris/Walz 2024,,
R684,Onliesteverwho,,
R685,Ashley Cox,,
R686,Victor Stater,,
R687,MiddleAmericaMS ???????? ??????????,,
R688,??????,,
R689,x…baysiebs,,
R690,Debbie,,
R691,Rawhisk,,
R692,bkresistor,,
R693,Let Freedom Ring,,
R694,Ed T.,,
R695,GatewayMAGA,,
R696,"Electile Dysfunction, M.D.",,
R697,Titan,,
R698,Shawn the Plumber ??????,,
R699,Talt 3rd of his Name,,
R700,HardDaysNight,,
R701,A K Noorian,,
R702,Mike Coombs,,
R703,I. Cutchacockov,,
R704,whoopsie,,
R705,Dave Koch,,
R706,????’?? ?????????????,,
R707,Goo,,
R708,Super Panican Bro,,
R709,mark toner,,
R710,Metacore GX,,
R711,The Father of All Dad Jokes,,
R712,Loggerhead,,
R713,??,,
R714,The Civil Liberal,,
R715,Rod Carrillo,,
R716,jordan.,,
R717,catsrule,,
R718,The_Charming_Avenger,,
R719,Democratic Republican PH ???? ???? ???? ???? ????,,
R720,Gary Shockley,,
R721,Individual1Tower,,
R722,randy hess,,
R723,?,,
R724,Justice is Served??,,
R725,SaltyGonads,,
R726,Mike,,
R727,DoubleOCause????????????,,
R728,TheBigMan,,
R729,Clinto Pete,,
R730,Kurt,,
R731,Tyler Boliver,,
R732,????MissMarz1776????,,
R733,Fritz B Flarko,,
R734,EZ Rider????????,,
R735,Pseudoknotted ????,,
R736,Shirley Hinze for WI 6th Assembly,,
R737,David G Brown,,
R738,JSTaylor,,
R739,LIGHTNINGLADY36,,
R740,Katherine Turay ??????DM,,
R741,Steven O ??????????,,
R742,LMCANE,,
R743,Carolina ?? Libertas ???,,
R744,"Randall Wiggins, IV",,
R745,djconn,,
R746,Florence,,
R747,TsarWil0,,
R748,Rhys,,
R749,Mike White,,
R750,Republican Canadian Girl,,
R751,Donna,,
R752,SMf Concwest,,
R753,Elicia Brand #IStandWithIsrael.,,
R754,Mario Cruisin,,
R755,BrenHeath,,
R756,Bonnie O,,
R757,SDB007,,
R758,Cyber Optimus One,,
R759,Shelly,,
R760,George Mokray,,
R761,ConservativeGirl,,
R762,"William D. Gill, Sr.",,
R763,JGalt,,
R764,HaShem's Favorite Son,,
R765,Cherry Cola,,
R766,Just Alice,,
R767,wethepeoplealaska,,
R768,Mike D.,,
R769,Dash Dobrofsky,,
R770,Donna Laws,,
R771,An Phoblacht Bhocht ????,,
R772,RemV,,
R773,Liberty Union,,
R774,RepublicanVET,,
R775,Kurt ???? (R PA)???????? ????,,
R776,Joshua@Seattle,,
R777,The Puerto Rican Talking Head,,
R778,Never voted for a republican??????????,,
R779,555Ego,,
R780,Lukas Swanson,,
R781,x a n d e r,,
R782,K-Money Talks Politics,,
R783,Jambug McClain,,
R784,The_Fixx,,
R785,stschryer,,
R786,gorgia blue,,
R787,????????????????,,
R788,Deanna Frabotta,,
R789,Bennett (Finfluencer),,
R790,PWspoon,,
R791,Kevin Kershner,,
R792,TuscanVines ®,,
R793,ZAMZAM NEWS,,
R794,Rhonda Gregory,,
R795,GrindGod,,
R796,Charles BisbeeMD,,
R797,Sean Kress,,
R798,Golf Fan,,
R799,Michael Cribbs,,
R800,Oliver Darko,,
R801,Yes,,
R802,Connollyist_Rager,,
R803,poleticks,,
R804,Geery,,
R805,"Kamala is the Nominee.?? ,?? #LetsWin?? @#KHive",,
R806,Damian Sloan,,
R807,Travis,,
R808,fresafresca,,
R809,Nuclear Dave,,
R810,DyzygySyzygy??????,,
R811,Iowa Young Republicans ???? ??,,
R812,Gaga Took a Sharp Fucking Left??????????,,
R813,Phillip McHawk,,
R814,Neal Williams,,
R815,RepublicanDore,,
R816,Ziggyfly Jen ????,,
R817,Kirk Watson,,
R818,Rose ????Republican??????Native Floridian??,,
R819,Republican Zoomers and Millennials,,
R820,JD Wood,,
R821,Nancy_bf,,
R822,Angry Beast @angrybeast@digitalcourage.social,,
R823,Justin Higgins,,
R824,im bald and hysterical and i cannot be trusted,,
R825,Juan F. Torres III,,
R826,Ron Hunte,,
R827,Pragmatic Thinking,,
R828,Darren Mayle,,
R829,rennygames,,
R830,JA Tell,,
R831,SearchCz,,
R832,Damage Control,,
R833,rikard nilsson,,
R834,Mariana,,
R835,Bob,,
R836,Angel resists,,
R837,taxpayin_mercan,,
R838,matthew calderoni,,
R839,Carlos P.Teixeira,,
R840,John Cutler,,
R841,james tucker,,
R842,Augusta Trueluck,,
R843,henrypillsbury,,
R844,Mr. Controversial ??,,
R845,HappyNana,,
R846,Karin Charmley.#BIDEN/HARRIS ??????,,
R847,Kyheim,,
R848,Mike Belcher,,
R849,Publius Bellicus,,
R850,Black Butterfella ?????? MitiEve,,
R851,MrDanMan48,,
R852,Robert Knox republican,,
R853,Alan Dershowitz,,
R854,Briana,,
R855,mama T ??,,
R856,Dianne Kirk,,
R857,Michael W. Bunner,,
R858,Reecey!,,
R859,Lady J,,
R860,Arrest Trump ????????????????????,,
R861,lanny woods,,
R862,I Voted For This ????,,
R863,Eric Schwartz,,
R864,Millennial Bellwether,,
R865,John Nobles,,
R866,Robert Rodgers,,
R867,????MAGA Republican????,,
R868,Stand4Flag&NA,,
R869,Ernest A. Canning,,
R870,(((Cleon))),,
R871,Forrest McPherson,,
R872,Chris Meyer,,
R873,2025 NYC City Council D1 Republican Party,,
R874,ThePersistence,,
R875,Francisco Villanueva,,
R876,721waves ??,,
R877,Den Lusk,,
R878,Trumpster_007,,
R879,James Breen,,
R880,Edlaff,,
R881,"Terry Varkony, PhD",,
R882,@Firefinger,,
R883,MeidasTouch,,
R884,Hans Gruber the Great,,
R885,Brian Conway,,
R886,Neal McCarthy,,
R887,Saint Jane,,
R888,Laura Madden,,
R889,BrooklynDad_Defiant!??,,
R890,HoleePokes,,
R891,Henry Gallucio,,
R892,rosesarered,,
R893,JasonMiller,,
R894,Dare_L,,
R895,Populist Republican,,
R896,Darla Sloan,,
R897,GortRules,,
R898,Samuel Taylor,,
R899,Republican_hypocrisy,,
R900,jason chen,,
R901,Mazama,,
R902,Moe Dimanche,,
R903,Robert Luther,,
R904,Keith McCreary,,
R905,Bombukei,,
R906,Marion Cobretti,,
R907,Practical Joe,,
R908,Jay,,
R909,therealjec71,,
R910,Dawn Smejkal?????????????????,,
R911,Judy J,,
R912,dmjustify66,,
R913,Former Faithful Republican,,
R914,Daniel Kahl,,
R915,Lueen Jodoin,,
R916,Alec??,,
R917,??????,,
R918,Northern Sage,,
R919,Jeff Pohgeeyouee,,
R920,Ty M,,
R921,Jamie,,
R922,????????,,
R923,SonofaBiscuiteatr,,
R924,AuntRosy,,
R925,carole shirley,,
R926,The Gen Z Republican,,
R927,Adam Oney,,
R928,Verity 4,,
R929,??S_Fella,,
R930,oscar uchiha,,
R931,Gary Stephens,,
R932,???Ø??? ??,,
R933,David the Republican,,
R934,?????LibertysBelle ????,,
R935,OldMisterChris,,
R936,DB,,
R937,MountainMan280,,
R938,the vessel,,
R939,?????????????? ???????????????,,
R940,Bald Man,,
R941,Mike ???? ?? ????,,
R942,ShirleyQ,,
R943,WSW - ?? SEO ????,,
R944,Myra #BoxOffice #MovieTalk and #Factcheck,,
R945,The country you deserve.,,
R946,Dirk Marais.,,
R947,Brian8502 ??,,
R948,Cancellation Chronicles,,
R949,Paul Franklin,,
R950,Trumpalooza,,
R951,Josh Hughes,,
R952,Zacho,,
R953,Diana Manister,,
R954,Xenya Smith,,
R955,DonOLD Dunce,,
R956,Paulie Pittinger,,
R957,Daniel,,
R958,Slim,,
R959,Steve,,
R960,Debbie Dingell Stan????,,
R961,Timothy Bugg,,
R962,Professor G,,
R963,??chilly charlie owen??,,
R964,Lori,,
R965,Ms Information,,
R966,Ed Cox,,
R967,Joe Sondag,,
R968,Charlie,,
R969,Bloomberg,,
R970,AnnTW,,
R971,Kristina Ramirez,,
R972,Cassandra Today (commentary),,
R973,History’s Greatest Monster,,
R974,Brian Taylor,,
R975,Bloomberg Politics,,
R976,just so you know,,
R977,AVAX OG 9000 ??,,
R978,JJ,,
R979,Dale Cooper ????,,
R980,Gene Bryant,,
R981,Lex????????,,
R982,Oblique,,
R983,Scott MacKay,,
R984,Gerty The Witch,,
R985,The Big Homie,,
R986,Julie B(rooklyn) BABY WOKE AF ????????,,
R987,Lezig??? #BB26 ????,,
R988,WCJB TV20 News,,
R989,Draganbladex,,
R990,Lorraine M. Herger,,
R991,AceMoney,,
R992,KCL??,,
R993,Bob Johnson,,
R994,Dripped Out Trade Unionists,,
R995,J-Roq ???? ??,,
R996,Mark Ellis,,
R997,FranklinFromFlorida407,,
R998,Left of Black,,
R999,Michael Freeman,,
R1000,Pat Napier,,
R1001,Ya Bish,,
R1002,??Nao? Mo?eanó?????????,,
R1003,Abelaski,,
R1004,Doug Barden,,
R1005,Beezer,,
R1006,Iggy,,
R1007,William Anderton,,
R1008,Travers,,
R1009,Lynn Wilson,,
R1010,Kurt Biedlingmaier,,
R1011,India in New York,,
R1012,Kamonald J Trumpis,,
R1013,?????????? ?????????????????? ??????,,
R1014,Observer2952,,
R1015,Shakur Young,,
R1016,Jordan Work,,
R1017,?? Save,,
R1018,Resonate then Pivot,,
R1019,Pinkies_Brain,,
R1020,Cathy1697,,
R1021,JoseRamRod ??,,
R1022,Trevor Parsons,,
R1023,??Masturbation_Expert,,
R1024,JamesM is heading to #Bluesky,,
R1025,Dorin Leeds,,
R1026,??Teri??,,
R1027,Andy a.k.a. Jin (?)?? ???? #StandWithUkraine,,
R1028,James Majere ????,,
R1029,Jason Hughes,,
R1030,True Red & White Canadian ????,,
R1031,Shelby Varney,,
R1032,Texas_Nana,,
R1033,DX DeMuro,,
R1034,Steve Vladeck,,
R1035,Firesign ??,,
R1036,Emily “MJ” Torres,,
R1037,Garcia Wade,,
R1038,Rob ????,,
R1039,Judith Bouvier,,
R1040,Jamie Schrenk,,
R1041,Linda Drake,,
R1042,Democrats,,
R1043,September Breeze,,
R1044,Ramukrivus,,
R1045,??253DawgNight??,,
R1046,The_Statesman,,
R1047,Jason Huguenard,,
R1048,Liberty Den,,
R1049,Odoabuchi Emeka,,
R1050,CC (concerned citizen). ????????,,
R1051,Susan??????????????????,,
R1052,??????????????? Expert on being a woman,,
R1053,Tigger,,
R1054,MIL1,,
R1055,Brandon Lee,,
R1056,David,,
R1057,jesus giraldo,,
R1058,Romeo Santos,,
R1059,Republican Memorial Tributes 32,,
R1060,Michael Osborne,,
R1061,@speed_kills,,
R1062,Jean J. Brown,,
R1063,Naliq Aula,,
R1064,Julian,,
R1065,Supitstrav,,
R1066,Julie Sweet ??,,
R1067,Christian Lamar,,
R1068,????????????AGZC????????????,,
R1069,Lee,,
R1070,nigeen,,
R1071,thepronto,,
R1072,Donald Whitlock,,
R1073,Admiral Haze,,
R1074,Al Moreira,,
R1075,You Are Dumb AF,,
R1076,G.C. Bendixen,,
R1077,Jett012720,,
R1078,Malkia Nyuki ??,,
R1079,My Daily Politics ?? **Follow For More**,,
R1080,Ben Higdon,,
R1081,Ben Johnson??????????????????,,
R1082,Late Stage (null) Tom,,
R1083,Tim New,,
R1084,Sandra Reyes,,
R1085,Alan Holt,,
R1086,Spike,,
R1087,Joe Gundisalv,,
R1088,Amber Waves *~*,,
R1089,"PZ Mikki Bench.MEP,WGSGC",,
R1090,Vaughn Bowdry,,
R1091,Philip Van Cleave VCDL,,
R1092,John Berger,,
R1093,V,,
R1094,Gabriel Gray,,
R1095,"""Chaos Lover"" Mr. Brass",,
R1096,Paul Mooney ???,,
R1097,WarriorWoman,,
R1098,Dystopian??????????,,
R1099,Sherthim,,
R1100,Bernard Macarius,,
R1101,Gatekeeper,,
R1102,Paul Horn,,
R1103,Republican Grandma-Just my opinion…,,
R1104,Christy,,
R1105,Joe Fish Hawk,,
R1106,avis prede ?????,,
R1107,MarG,,
R1108,Phil Humber,,
R1109,StefStillHere and Bluesky(PARODY)????????????,,
R1110,KM,,
R1111,CouchKiller,,
R1112,thaGravyisreal,,
R1113,((Robert No Trump Trotner)) ????,,
R1114,Non Ridiculam,,
R1115,Ryan,,
R1116,FJ,,
R1117,CannaTime,,
R1118,MBailey,,
R1119,TheRobinHoodPulpit,,
R1120,wth,,
R1121,fj777,,
R1122,SoCal Trumper ????,,
R1123,Iggy the Incubus ?? envtuber ????,,
R1124,???? Liberty ?? Lady ????,,
R1125,Andrew (He/Him),,
R1126,Reno,,
R1127,KelsJo,,
R1128,elaine r scott,,
R1129,VVu,,
R1130,Laurie,,
R1131,Randy Smith,,
R1132,Wänderër ???? ?,,
R1133,C C,,
R1134,Chris Dee Fella,,
R1135,Aunti circle,,
R1136,kdrhod,,
R1137,Don,,
R1138,(((Ltd))),,
R1139,"Victoria Delaney, Ph.D.",,
R1140,YOWA JESUS CHRIST: The Memphis Mayne ?,,
R1141,Muslims for Republican Party,,
R1142,RD,,
R1143,PayPerViewPirate,,
R1144,LAussieBoy,,
R1145,Dulcinea ?????? ???? ???? ????,,
R1146,Joe Sigona,,
R1147,Constitutional Backer 1st Amendment,,
R1148,tj_thomas-gibson,,
R1149,baybreeze,,
R1150,John Shea,,
R1151,meself,,
R1152,Free the Sheeple,,
R1153,Michelle Cook,,
R1154,anthony clark,,
R1155,PammyCan'tSleepAtNightAGAIN,,
R1156,Kevin Graff,,
R1157,DEMEXIT_HARD,,
R1158,Yoel Gebregiorgis ???? ???? ?,,
R1159,Minnie Trump Won! MAGA Republican!!,,
R1160,Kirito Republican,,
R1161,Cara,,
R1162,Dave Ball (David Ball back-up account),,
R1163,KMTruckeritsme,,
R1164,Bones ??,,
R1165,Alan,,
R1166,Moses,,
R1167,Beacon of Half Truth ??????,,
R1168,Unsalted Walnuts,,
R1169,??FuckYourFeelings??,,
R1170,Trump4Prison2024,,
R1171,Down and out Nashville,,
R1172,Winnie the Flu ???????????,,
R1173,Kurt of Texas,,
R1174,brian hunter,,
R1175,George Kaelin,,
R1176,Col,,
R1177,"All politicians suck, regardless the flavor.",,
R1178,Urban Homestead,,
R1179,Eat Ezekiel Cannabis Leaf??then God Heals Nations,,
R1180,Juicy Jay,,
R1181,Stevie Mat,,
R1182,PiffPiffin??????,,
R1183,Pensacola Republican,,
R1184,Ellen,,
R1185,George Garcia,,
R1186,Lulz,,
R1187,TRUTH DEFENDER,,
R1188,Rhett,,
R1189,Joey Perez,,
R1190,Ted Buffee,,
R1191,Lioness Deb,,
R1192,Conservative Republican Sisters,,
R1193,Black Republican,,
R1194,Fight the Kakistocracy,,
R1195,Republican Engineer,,
R1196,John Dunton-Downer,,
R1197,Beth,,
R1198,Marcus Pitre ??????????,,
R1199,ÑeanderPete {Actual/parody},,
R1200,New York Conservative Republican,,
R1201,William,,
R1202,Betsy Henderson,,
R1203,Grand Old Partisan,,
R1204,Pissed Off Republican,,
R1205,jason,,
R1206,carol Demicvo,,
R1207,Carson Krow,,
R1208,??Jack ?? Jackofferson ??,,
R1209,Holl Oates,,
R1210,Dianna Arnold,,
R1211,Pat,,
R1212,alex keaton,,
R1213,Rachael ??????????????,,
R1214,Kyle Longjohns,,
R1215,Linicy,,
R1216,chas whittam,,
R1217,GamblingGoose,,
R1218,Jack (but not THAT Jack),,
R1219,I am “X”; eat my “X’s”,,
R1220,pilotfella,,
R1221,Running Nak3d,,
R1222,Ronald Klijn??,,
R1223,JJ McRoberts,,
R1224,Mia R Culpepper2,,
R1225,Patch from the Chat,,
R1226,Steve Pierce,,
R1227,TBAKE3K ???? (Black Republican),,
R1228,MagnoliaRose,,
R1229,Zack556,,
R1230,donedidit,,
R1231,Chris,,
R1232,Becky ??????????,,
R1233,Anders Åslund,,
R1234,Daniel Fogle,,
R1235,Dorothy Scheler nee Heinkle,,
R1236,Universally Blocked ????????????,,
R1237,Standup For Equality For ALL,,
R1238,Nidia,,
R1239,anne puwu,,
R1240,data_first_guy,,
R1241,Shock Wave ??,,
R1242,Zito_cafe??,,
R1243,Lana Thomas,,
R1244,Ruben Medrano,,
R1245,Nick Johnson,,
R1246,Conservative Candor,,
R1247,Sean Thornton,,
R1248,Craig Wright,,
R1249,Jess,,
R1250,cian ??????????????????,,
R1251,Lynnez ???????? Rib Gone Rogue,,
R1252,Lowell - A Spiritist on a Journey,,
R1253,tammy elton,,
R1254,Mountain,,
R1255,Paul ronan,,
R1256,Katherine-AZ for Madam President Harris,,
R1257,Kris Stuebs,,
R1258,Graveyard Whistler,,
R1259,Gregorio the MAGAlorian,,
R1260,"Electrical Eng. | Solar, Cell Towers, EVCS, etc...",,
R1261,Jim dube,,
R1262,rational conservative,,
R1263,Dennis Koch,,
R1264,King Kobra,,
R1265,Jeffrey Venner,,
R1266,#TheWiseElder,,
R1267,Maddie COUNTRY GREATER THAN Convicted Felon Trump!,,
R1268,Row,,
R1269,Magnolia Viper,,
R1270,FloppyButtholeJuice,,
R1271,Susan Misa,,
R1272,Proud American,,
R1273,Deb Mallery,,
R1274,Claudia Aldrich,,
R1275,Jen Horn,,
R1276,JohnnyVomits,,
R1277,MikOdea,,
R1278,Bird Mama,,
R1279,Robert Cerny,,
R1280,catie ?? ?? ???,,
R1281,Ivan Gerig,,
R1282,storminnorman usmc,,
R1283,chickenranch,,
R1284,Jeannie Satoris,,
R1285,james50eric2005@gmail.com,,
R1286,Proud Vietnam Vet,,
R1287,Joseph Pittman,,
R1288,AvonB,,
R1289,Iron Hammer ????,,
R1290,Rick Rangel,,
R1291,Almost Sick Of It All E. Morelock ???,,
R1292,Rohit Joy,,
R1293,BethElisa ??????????????????,,
R1294,AL,,
R1295,Curtis Maurand,,
R1296,Rusty Ballstud???????,,
R1297,Linda Martin,,
R1298,Chris G,,
R1299,OBAPC Media Group,,
R1300,@republican2016,,
R1301,Kennedy Dry,,
R1302,Apache06,,
R1303,Carol Jean Mclaughli,,
R1304,Keith O'Donnell,,
R1305,BRIDGET YANKOWITZ,,
R1306,Jiggle_Physicist,,
R1307,Autistic Angel????,,
R1308,Dark Republican,,
R1309,achoo,,
R1310,Peggy James,,
R1311,ry ?,,
R1312,Spiny Norman 0326,,
R1313,Writedressjack,,
R1314,VamanosBrandon,,
R1315,Keith Perkins,,
R1316,Darthballz619,,
R1317,AbdulazizNosair,,
R1318,CNBC Analysis,,
R1319,JOSEF HARPER,,
R1320,anthony,,
R1321,Carolyn Young,,
R1322,Guyver II,,
R1323,Balázs Timár,,
R1324,GeekKinDad,,
R1325,Tammy Wright,,
R1326,??????? ????? ??? ????????????????,,
R1327,Joseph Davis,,
R1328,SnarkierAlterEgo????,,
R1329,ManDork,,
R1330,Kate Smith no DM,,
R1331,Scott Simanski,,
R1332,Daniel Collier,,
R1333,pain,,
R1334,Popeye's Here!,,
R1335,Shines2God,,
R1336,-Flike-Nigma-,,
R1337,Aleksee (DFL-MN),,
R1338,Tom Trujillo,,
R1339,Hoodie4u,,
R1340,herm,,
R1341,Jill,,
R1342,Elaine Carmichael,,
R1343,Michael Deglue,,
R1344,s norquist,,
R1345,Oremus4Pacem,,
R1346,David Doak,,
R1347,alemo77,,
R1348,CrowdPleaser????????,,
R1349,nvm,,
R1350,Servant of the Lord Jesus Christ,,
R1351,Dr. Jeannine Cullum,,
R1352,???,,
R1353,Raúl McGangbang,,
R1354,Fred Hikes?????Bikes??Camps ??,,
R1355,Clint Cronin,,
R1356,Ken Stefanide,,
R1357,patrick sands,,
R1358,Brodie,,
R1359,Christopher Watts,,
R1360,mashkiki93,,
R1361,Cindy Lubinsky,,
R1362,Mark Dupuy,,
R1363,L84,,
R1364,Rula,,
R1365,Republican CPA,,
R1366,William Hamill,,
R1367,Dhead2023,,
R1368,Meanest Man,,
R1369,Janet the Writer,,
R1370,ModerateMela,,
R1371,Caroline Kliby,,
R1372,Alan Hooley,,
R1373,BlueCookie,,
R1374,Nunya Bisnis ??,,
R1375,chriscjackson on Bluesky,,
R1376,laura ?????????,,
R1377,Arlene Burch,,
R1378,Klaus Haberler,,
R1379,Chris Culbertson,,
R1380,LOKI,,
R1381,Heidi,,
R1382,John Buck,,
R1383,GenZ Republican????,,
R1384,@Women-power.bsky.social,,
R1385,Donna williamson,,
R1386,poofey one ???????????????,,
R1387,Palmer3rd,,
R1388,El Gato,,
R1389,pointing out the obvious,,
R1390,keith,,
R1391,HOAs are evil,,
R1392,Indian_Republican,,
R1393,Carolyn B ????IStandWithUkraine,,
R1394,Tim526,,
R1395,Chris Bullivant,,
R1396,douglas krieser,,
R1397,elon'sdyedhairplug&laminatedface,,
R1398,Jim Williams,,
R1399,JimmyButtz,,
R1400,John Ekdahl,,
R1401,Alex Banister,,
R1402,Sir Ricardo M,,
R1403,Frank Drebin,,
R1404,Bill Herring,,
R1405,Republican Teacher ????,,
R1406,Everrush,,
R1407,Cisco Kid,,
R1408,New England Republican ??,,
R1409,FLDARKSIDE,,
R1410,Ben Dover,,
R1411,Kyle Sindlinger,,
R1412,PNW Thistle,,
R1413,Constitutional_Republican????,,
R1414,Shelton Bradford,,
R1415,wil@64469,,
R1416,CertifiablyMAGA,,
R1417,Ray Smith,,
R1418,Robin Hines,,
R1419,Kathy ??,,
R1420,Richard Thomas,,
R1421,NewYearsj9,,
R1422,Badbird28,,
R1423,insufferable,,
R1424,The Dirty Llama,,
R1425,Alex Lee,,
R1426,Divider Decider ??????????? Harris/Walz 2024 ????,,
R1427,Critter,,
R1428,Maine born,,
R1429,Ghost Nappa,,
R1430,DP,,
R1431,Bruce Thompson,,
R1432,WhiskeyPatriot,,
R1433,Yosarian2,,
R1434,PRAYER X10,,
R1435,frmrRepublican,,
R1436,Keith Boykin,,
R1437,BIG DADDY VADER,,
R1438,Wegner’s Groceries,,
R1439,Gram Slattery,,
R1440,G cupcake F,,
R1441,Eric Kleefeld,,
R1442,Tiare,,
R1443,rich vague (NY152) ????,,
R1444,jaybakerAZ,,
R1445,Peter Vlahos,,
R1446,Edna Shepherd,,
R1447,Wall Street Republican,,
R1448,NeonHero88,,
R1449,Amit,,
R1450,doug kunz,,
R1451,-.,,
R1452,Edward Costello,,
R1453,??????Maple??????,,
R1454,SassyPants,,
R1455,Steve Schulz,,
R1456,Alana Hoff,,
R1457,IceCreamConvos.com,,
R1458,antipsychosoup,,
R1459,CavalgarOTigre,,
R1460,Barbara Rawding,,
R1461,Silver Lochness,,
R1462,Boston Republican,,
R1463,Dustin Capers,,
R1464,Tipsy Bellows,,
R1465,Dan Morrison,,
R1466,Sandy,,
R1467,Ian Mac Dougall,,
R1468,J.,,
R1469,kenny jones,,
R1470,BrownAndProudTxWoman,,
R1471,fanodan13,,
R1472,Dan Murphy,,
R1473,Rusty Fairbanks,,
R1474,Maura,,
R1475,Name unavailable,,
R1476,AlRepublican,,
R1477,uncle David,,
R1478,Derek Walters,,
R1479,Glen,,
R1480,Jewel C,,
R1481,Bloom.,,
R1482,??I? | ????????? ? ??,,
R1483,TRUTH SEEKERS,,
R1484,The Artist Formally Known As Nobody,,
R1485,TexasPatriot,,
R1486,Zest Appeal ????????????,,
R1487,Bobby Vasireddi,,
R1488,The Captain,,
R1489,K Waldock,,
R1490,justinglenn.bsky.social,,
R1491,?? AcornKtn ???? ????,,
R1492,Angie De La Vega,,
R1493,Tim Conway??,,
R1494,Agrist,,
R1495,HuskerTJ ??????,,
R1496,Patricia A. Scalise,,
R1497,Juan Resists!,,
R1498,Nuvolition,,
R1499,April is practicing self-care,,
R1500,Nuh Uh,,
R1501,high priestess of tomatoes,,
R1502,Ben Around,,
R1503,Overhand curve,,
R1504,Kristi 1611 AV ???? ????,,
R1505,Belinda Ballard,,
R1506,CowtownCat,,
R1507,@shilderi.bsky.social,,
R1508,Jay Ford,,
R1509,Kevin Moore,,
R1510,E-Ordz - Themistokles,,
R1511,Jerry Edward,,
R1512,Lamp Post,,
R1513,tina barajas,,
R1514,mixmaxThoCo,,
R1515,Rashan Reeves,,
R1516,justsayin,,
R1517,We Know Your Game ?????,,
R1518,pparadoxdan,,
R1519,MamaBobbie ????????,,
R1520,Demon,,
R1521,Blank,,
R1522,???? R A V E N ????,,
R1523,Will Cook,,
R1524,Louis Vuitton Madara??,,
R1525,Uber Eats Driver Park of Shame,,
R1526,FuhCureFeelins,,
R1527,S. RC105 Harp,,
R1528,Nancy Combest Bowling,,
R1529,DeafBlind Leadership Now,,
R1530,??Zumbass??,,
R1531,JBCandid2u,,
R1532,Richard Milo Walters,,
R1533,Ty,,
R1534,ncaa fan,,
R1535,Zorek Richards,,
R1536,JK,,
R1537,Fixing Bread Prices,,
R1538,K9BIS ?????? ???????? ??Standing for democracy,,
R1539,SGT602 ??,,
R1540,Don Williams,,
R1541,Higuys Milhouse,,
R1542,Jon Carlos Hardwick,,
R1543,Holly Williams,,
R1544,Philly Girl 4ever ????,,
R1545,Dr. Bone-eating Vulture ™?,,
R1546,Would.,,
R1547,Ashwin Dollar ????,,
R1548,Roderick,,
R1549,Mariam,,
R1550,Civic Duty????????,,
R1551,krissie,,
R1552,IndieAuthors: Aveah Niley Sarah Lohmann Lia Harlow,,
R1553,Ms Cotton Pants,,
R1554,Tim Morgan,,
R1555,Rico BUSco ??,,
R1556,Maryland Election Integrity Group,,
R1557,The Colony: thecolony.bsky.social,,
R1558,AvuncularDave,,
R1559,C.J. Monte,,
R1560,Deborah Giggey,,
R1561,??????,,
R1562,Judge Roy Bean,,
R1563,PubliusVP,,
R1564,JWill,,
R1565,Solus,,
R1566,Michael Pruser,,
R1567,The Rogue Republican,,
R1568,z,,
R1569,Hober in Tn ????,,
R1570,Clarence Thomas the Tank Engine,,
R1571,conservative memes,,
R1572,biftechnoir,,
R1573,Dark Hood,,
R1574,Alex Sanglez,,
R1575,Fred Stasek,,
R1576,The New York Independent,,
R1577,Angela Goies,,
R1578,Dusty Riley,,
R1579,Common Sense #1,,
R1580,R k Sindhi,,
R1581,Steven Shaw ????,,
R1582,Ishtar Nyte,,
R1583,Catherine E. Cullen,,
R1584,Steve Holbert,,
R1585,Sandmon,,
R1586,Tesp,,
R1587,Roll with Reagan ????,,
R1588,Delona Woods,,
R1589,Salem (Toronto N3),,
R1590,Ryan Graham,,
R1591,Newscast Now,,
R1592,Former Republican Members of Congress for Harris,,
R1593,TheRealLJanell????,,
R1594,Linda Stohon,,
R1595,Dean Booth ?? ??,,
R1596,NBC 6 South Florida,,
R1597,NYgrape87,,
R1598,Alixxa ???? bsky in bio,,
R1599,Bayern Redneck,,
R1600,jmeras,,
R1601,Rev High Priestess,,
R1602,dentalfairie,,
R1603,Republican shame,,
R1604,Chat With Me Linda B,,
R1605,Saltygirl72,,
R1606,Keith Stahmer,,
R1607,dave,,
R1608,Washington County Democratic Committee,,
R1609,Ryan Dion,,
R1610,justin bonn,,
R1611,KiwiTexan ???????? ????,,
R1612,Sue Floyd,,
R1613,Olivia C. - Conservative,,
R1614,HisWay,,
R1615,bvchi_1980,,
R1616,Janine Curran,,
R1617,coy Redland,,
R1618,“token karen” VAADOS/Nigerian if ur hiring????,,
R1619,Katy Steele,,
R1620,Josh,,
R1621,@GoodbyX,,
R1622,Recovering Republican,,
R1623,Enki and Enlil,,
R1624,Ruth B G,,
R1625,niceguyeddie,,
R1626,Rhinoceros,,
R1627,Republican,,
R1628,NEED IT GONE 4Seasons Services LLC. Junk Removal,,
R1629,jim,,
R1630,AlyinCali,,
R1631,AkilezHeel,,
R1632,MKB,,
R1633,??,,
R1634,Pat Callaghan,,
R1635,Rodger Fisher,,
R1636,Winston Churchill,,
R1637,Jay Miller,,
R1638,harsha,,
R1639,Matt and Amie ??????,,
R1640,Emily Miller,,
R1641,nut bunnies,,
R1642,CurlyQ ??????,,
R1643,Magajunkie1776,,
R1644,calvin-is-tired.bsky.social,,
R1645,?? for Brenda,,
R1646,#MMT #MoralMoneyTime #liftism 1st #liftist,,
R1647,Smart Is Simple,,
R1648,KaosuM,,
R1649,S. Diaz,,
R1650,Old School Republican™,,
R1651,HA?i?iii ????????,,
R1652,Henry Bishop,,
R1653,Sam Waldo,,
R1654,Fresno County Republican Party,,
R1655,Ken O'Hara,,
R1656,Link Lauren,,
R1657,ERoz,,
R1658,Lady in the White Coat,,
R1659,Richard Henderson,,
R1660,Sid the Sloth,,
R1661,CalmCanuck ???? ?????????????? ???? ???? ????,,
R1662,Will Robathan,,
R1663,Clifford Spencer,,
R1664,This is what happened to America blood red,,
R1665,Gabe Woolley,,
R1666,Justme ???? ???? ????,,
R1667,Brian Dougherty,,
R1668,The Republican insight,,
R1669,HopeByrnesBitches,,
R1670,Wendy aka Deplorable Freedomfighter,,
R1671,Grumpy Old Guy,,
R1672,Micheline S ?????????????????????,,
R1673,Tom,,
R1674,Love me some big balls,,
R1675,adam,,
R1676,werd3691,,
R1677,Deeps,,
R1678,Dalton_Russell,,
R1679,ozarkjack.bsky.social,,
R1680,Matt Nedostup,,
R1681,sora10umi,,
R1682,Born ToTweet,,
R1683,Ty McCullough,,
R1684,USAF-Republican-Veteran,,
R1685,Rick Cooley,,
R1686,Greg Wofford,,
R1687,annalista,,
R1688,Zomb Zomb,,
R1689,Cravens_Eye,,
R1690,Hansel Krankepantzen ??????,,
R1691,D Cole,,
R1692,"Andrea R MD, @andrear9md.bsky.social",,
R1693,RISE Republican,,
R1694,VitaMan,,
R1695,Kiara,,
R1696,hello,,
R1697,? Melissa Enchanted?,,
R1698,SBG for life,,
R1699,See Ya,,
R1700,Goob Guy,,
R1701,KT,,
R1702,Raz,,
R1703,AusSeaSteph(NowOnBlueSky),,
R1704,Tim Rush,,
R1705,EXTREME MAGA REPUBLICAN????,,
R1706,??????,,
R1707,Andrew,,
R1708,Rj,,
R1709,PolyAlerts (NOT AFFILIATED WITH POLYMARKET),,
R1710,fkinjackass,,
R1711,Tony Shaffer,,
R1712,YachtPalmBeach,,
R1713,Good_joe#512906,,
R1714,aarp,,
R1715,????OG????,,
R1716,Mike Corleone,,
R1717,Linda Tilsen,,
R1718,jd,,
R1719,The Gay Republican ??????????,,
R1720,Loudnoises,,
R1721,DanaZhukova,,
R1722,clark,,
R1723,Scott ''Human Scum'' Faust,,
R1724,Kev ?? ????,,
R1725,John Abruzzi,,
R1726,Hank Scott,,
R1727,BlueTexan??????????????,,
R1728,Stephanie,,
R1729,Michael Lee,,
R1730,"Norm's Official ""Parody"" Account #NoDemUnder1k",,
R1731,Adiel 'Lucky' Beneviento ??,,
R1732,Health and Home ?,,
R1733,Robert Griggs ??????,,
R1734,PENCIL NECK TO PRISON,,
R1735,?Josh Mosh ? ????,,
R1736,Robyn Miller,,
R1737,Scott Ervin,,
R1738,Anna - Never give up. No matter what is going on!,,
R1739,slimpimpster,,
R1740,NSFW Data Guy,,
R1741,Roberto Balcker,,
R1742,Rick Adams,,
R1743,Chattyporter,,
R1744,Cyane,,
R1745,goobly,,
R1746,Mikey,,
R1747,POPPO,,
R1748,®,,
R1749,Pedian ?/21M,,
R1750,Scott,,
R1751,GPT- Ern Malley,,
R1752,gabrielle,,
R1753,REPUBLICAN@100%,,
R1754,"Soraya, Maga Republican????",,
R1755,SpriteLee1948,,
R1756,Seward’s Folly was no folly,,
R1757,Rebecca,,
R1758,Bismarc,,
R1759,la aguila,,
R1760,ScamuraiShodown,,
R1761,Democrat Soldier,,
R1762,reds56,,
R1763,Begaria,,
R1764,WellKnitTech,,
R1765,christian ijin link,,
R1766,ray,,
R1767,Iamantifa,,
R1768,Rude Dawg,,
R1769,Unpopular opinion.,,
R1770,Sara Spector,,
R1771,Art,,
R1772,LASD Chief Patrick Jordan (Retired),,
R1773,Ross Gilroy,,
R1774,Jack Vanderbilt ???? ???? ????,,
R1775,conserv58,,
R1776,Steve Folker,,
R1777,Murphy Walsh,,
R1778,Reminder Publishing,,
R1779,Beep????,,
R1780,Videos That WOW,,
R1781,Neil Mayo,,
R1782,@jeffreycain.bsky.social,,
R1783,FireResist2,,
R1784,News Corpse,,
R1785,Lord Jesus Christ Have Mercy On Me A Sinner,,
R1786,Marcia Todd,,
R1787,Chuck Pinkerton,,
R1788,Local Communist,,
R1789,????????,,
R1790,Lucas Gauthier,,
R1791,Joecoolvette,,
R1792,Joe Many,,
R1793,Maga Republican,,
R1794,Tolga Naldemirci ????,,
R1795,Henry Thomas,,
R1796,Mark Chadwick,,
R1797,Will Whitez,,
R1798,Republican Is Hypocrisy,,
R1799,Frank J. Fleming,,
R1800,Shamma ????,,
R1801,#NoAmnesty Jennifer,,
R1802,Daisy ?????,,
R1803,NevadanforLife,,
R1804,J,,
R1805,DitchTheFokkedUpTreasonQAnonCaucus ??,,
R1806,Aruna,,
R1807,Bernadette,,
R1808,Jaime Harrison,,
R1809,Dr Anna Ruspa,,
R1810,????Sepia,,
R1811,Linda Pease,,
R1812,Samantha,,
R1813,Fandads @C2E2,,
R1814,GeneralFORtruth,,
R1815,wanita osgood,,
R1816,Native Texan,,
R1817,Brian Thompson deserved it,,
R1818,TheFederalistWifey,,
R1819,KS Man,,
R1820,a republic IS a democracy,,
R1821,????????e??,,
R1822,William Britz,,
R1823,Daniel Hernandez,,
R1824,Will,,
R1825,MIZ1990,,
R1826,Jeff ???? ?????,,
R1827,Jus' Sayin',,
R1828,Aggie!,,
R1829,Alfred,,
R1830,Nassau County Young Democrats,,
R1831,De.Republican,,
R1832,Garbage Queen,,
R1833,Todd Nisley,,
R1834,Mike Hatfield,,
R1835,In This Together ??????,,
R1836,Ultra MAGA Christian Conservative Republican,,
R1837,Pike Maynter,,
R1838,Unclebuck,,
R1839,Aziliz Williamson,,
R1840,stacy,,
R1841,Idiots of Pullman,,
R1842,KingsCourt Network,,
R1843,Chris??????,,
R1844,Nick Mastro,,
R1845,Annemette,,
R1846,Republican ?????,,
R1847,stevecpcu,,
R1848,samme mckain,,
R1849,Dani,,
R1850,Darlene Holland,,
R1851,Larry Jenkins,,
R1852,Idaho Republican,,
R1853,HERMIT-SAL,,
R1854,TXTrumpGal(No Filter),,
R1855,Madam Cha0s,,
R1856,Super Squirrel,,
R1857,Autumn Wolf,,
R1858,Minstrel Psycho,,
R1859,Pamra Thurman,,
R1860,@Sh..ab,,
R1861,Beaux Jangles,,
R1862,Sabre Exe,,
R1863,Liza Ramsay,,
R1864,StopLyingto.US,,
R1865,ANTI-White People Aktion,,
R1866,Adamjam99,,
R1867,Kathleen Lynn,,
R1868,Joe Schaeffer,,
R1869,French????Republican ???,,
R1870,Texanguy,,
R1871,Phydeauz,,
R1872,Mustafa_man,,
R1873,New Republican from the 51st State,,
R1874,Eli,,
R1875,Jim Wilson,,
R1876,Face Man,,
R1877,Norvskalden,,
R1878,Emperor,,
R1879,SiouxZQ,,
R1880,Theresa Price,,
R1881,Truth-Be-Told ??#KHive,,
R1882,True Patriot Bill 1776,,
R1883,T. Carty,,
R1884,????Laura Canuck ?? ??,,
R1885,T Lcill,,
R1886,Corn Cob (Tariffed),,
R1887,Gary Kaltbaum,,
R1888,John Molak,,
R1889,????Daniel ????,,
R1890,CharlieSue ~ “Use Some Common Sense”,,
R1891,Jen~??????????????????,,
R1892,Agility Master,,
R1893,Francisca,,
R1894,RuOk,,
R1895,Jesse Burkhart,,
R1896,NYOB,,
R1897,Recky Rodriguez,,
R1898,RubyRubyRuby,,
R1899,Izengabe,,
R1900,"Susan ? Whitney ? E Pluribus Unum ?Out of Many,One",,
R1901,Cris,,
R1902,Living in Scorched America ran by greedy oligarchy,,
R1903,47talk,,
R1904,Robert Kurdek,,
R1905,J.T.,,
R1906,??? Gods_WarriorUSA ???,,
R1907,Brad Magness,,
R1908,Black Republican ????,,
R1909,End33Madness52,,
R1910,Nathan Drawbridge,,
R1911,Tyde,,
R1912,salty republican,,
R1913,No Woke Zone,,
R1914,Ronni Nicole #KPSS,,
R1915,Larry Alan Thörne ????????????????????????????????,,
R1916,Clyde,,
R1917,AMI ???????????????????????,,
R1918,Suburban antifa mom #OpenBorders she/they??????,,
R1919,JeffD,,
R1920,Gary Woodhead,,
R1921,Jody D,,
R1922,janet childress,,
R1923,RavenTwoActual,,
R1924,Kirk,,
R1925,alnaqulike,,
R1926,Johann Tetzel,,
R1927,Kyle,,
R1928,B Bonde,,
R1929,Republican Sex Scandals Tracker,,
R1930,"David Pingitore, Jr.",,
R1931,Mircea Einstein - ????'? ????????? ????,,
R1932,Patricia Watts,,
R1933,Carmona,,
R1934,MortalCassie ?,,
R1935,Jack Campbell,,
R1936,Cobby,,
R1937,ndweiss (ND). Jezebel. Brokedown palace.,,
R1938,NO VOID,,
R1939,Gabriel Knight,,
R1940,John Reichel,,
R1941,Calib Pratt MD,,
R1942,Ari Goldberg,,
R1943,Don ?,,
R1944,Patriot Lady,,
R1945,ScottG. ????,,
R1946,Crafty,,
R1947,cacouteau,,
R1948,Republican defector,,
R1949,Mr. Hunter,,
R1950,The Hippie Republican,,
R1951,Alan Covington,,
R1952,Simon Templar,,
R1953,Posey Thomas,,
R1954,Mighty Hams,,
R1955,The Apostle of Peace,,
R1956,oldaggie9332,,
R1957,Hunter355212,,
R1958,FLDawg Vent,,
R1959,Live Free,,
R1960,Michael,,
R1961,?taylor - she/her?,,
R1962,Jack Gatt,,
R1963,Sizzle Chest Rockwell,,
R1964,AmandaMarieBrinkley???????Become A Peace Activist!,,
R1965,thatpockettrash,,
R1966,Julia Blough,,
R1967,Fellow Traveler. ????,,
R1968,litscrib,,
R1969,Abe K,,
R1970,Mercedes Fan,,
R1971,guchyslam,,
R1972,sue hynes,,
R1973,SilenceBeDamned??????,,
R1974,Lamarr Brockway,,
R1975,Oswald,,
R1976,Ricky Rydell,,
R1977,La Baliverna,,
R1978,Jacki Is An American Patriot ???? ??????????????,,
R1979,Bud Montang,,
R1980,Luis Barreto,,
R1981,Deborah,,
R1982,Chris Miller,,
R1983,Mercurius,,
R1984,BDSaf,,
R1985,J ??,,
R1986,DebbieL,,
R1987,Mr. Newberger,,
R1988,Rich,,
R1989,tim,,
R1990,Y G B S M,,
R1991,Bing Col,,
R1992,Susan Hutyra,,
R1993,Jiyong Yang,,
R1994,Leesan Villa,,
R1995,Tina Koskima ???,,
R1996,Couch,,
R1997,ThrowingStones,,
R1998,Mal Reynolds,,
R1999,The Pentagon,,
R2000,Baddie Long Legs,,
R2001,Yuta,,
R2002,Upside,,
R2003,JoanOfSarc ????,,
R2004,PJ,,
R2005,President Diaper,,
R2006,jon charles baker,,
R2007,Justin baker ,,
R2008,John White,,
R2009,Bam,,
R2010,Freedom of Speech,,
R2011,The Way,,
R2012,GeofPende,,
R2013,Jackie Sloane,,
R2014,RR Edmonds,,
R2015,pam_cee52????,,
R2016,Arcadian ??,,
R2017,Mankosmash,,
R2018,Eugene Chin,,
R2019,Justin Kase,,
R2020,Tracy Hernandez,,
R2021,Tagetes,,
R2022,?????????? ?????????? ?????????? ?????????? ???,,
R2023,Ozzyman,,
R2024,"Hillbillylogic, 62% Disruptive??",,
R2025,Gary Goldstein,,
R2026,Jon Frankie Hyers,,
R2027,L,,
R2028,HIM,,
R2029,Luc J. Gagnon ????,,
R2030,Katsuey,,
R2031,Amanda Coleman,,
R2032,MyersZotos,,
R2033,Primitive animal.,,
R2034,DJ the heart whisperer,,
R2035,"Irwin M Fletcher, Esq.",,
R2036,TR MN,,
R2037,Republican Party of New Mexico,,
R2038,imhereforthememes,,
R2039,Grambo,,
R2040,??CitizenJournalist ??ULTRAAbbreviated,,
R2041,WolfMan,,
R2042,Sugaree_1963,,
R2043,Rebel Reiver,,
R2044,Depression Ahead not Clinical,,
R2045,nahte,,
R2046,PD,,
R2047,Alan Altmann,,
R2048,???? Dana ????,,
R2049,Cathy McEl,,
R2050,Dam Ian,,
R2051,Canadian Republican ???? ????,,
R2052,VonStockhausen,,
R2053,Critics Groups for Equality in Media,,
R2054,LineProphet.com,,
R2055,Samantha McDonald,,
R2056,LionsGoBlue,,
R2057,Crimson Republican,,
R2058,Timothy Mote,,
R2059,Derrick Twyman,,
R2060,??????????????????? ????????? ????,,
R2061,FREESPEECHTROLL,,
R2062,ally,,
R2063,RAM,,
R2064,Mary Anne Rogers,,
R2065,Iron Brigade,,
R2066,JH191,,
R2067,Malcolm Shabazz,,
R2068,April Nicole,,
R2069,Dina (LetFreedomReign)??,,
R2070,@gissisim.com on BlueSky,,
R2071,Kenneth Muratore,,
R2072,Gomie,,
R2073,JerseyGirl51,,
R2074,Greg Nicholls,,
R2075,Tammy Clark,,
R2076,eric carman,,
R2077,Patti Jo,,
R2078,Skye Ranger Nick ????????????????????????????,,
R2079,JR,,
R2080,I Voted For This,,
R2081,LMJ???,,
R2082,Louisiana Firearms,,
R2083,Missouri GOP,,
R2084,A guy,,
R2085,William T,,
R2086,?ao duy luan,,
R2087,Anti-Proxy War Liberty Lambs ????,,
R2088,MikeTysonRepublican,,
R2089,Dhruv,,
R2090,die hard conservative,,
R2091,Amy2u,,
R2092,Preston Davis ??????????????,,
R2093,TrumpsterDumpster,,
R2094,American Kulak: Hegel is a Putz,,
R2095,Kathy - Republican/Christian/Mom/Latina,,
R2096,Bruce??Ray??Carr ????????2024??& FOREVER!,,
R2097,Never Ron Only Pete,,
R2098,???????????? PENNSYLVANIA IS TRUMP™,,
R2099,Jim DeFede,,
R2100,Stephen Decatur,,
R2101,E.L.,,
R2102,DougJBalloon,,
R2103,Vote Blue ??????,,
R2104,Rick The Bass Player - ????PEACE & LOVE NOW,,
R2105,Miss Norma Jeane ?????? ????????? ????,,
R2106,Dana S (USA land of the free!)T#1,,
R2107,Pete Frankly,,
R2108,Justin Thyme ?????????????? ???? ????,,
R2109,Andrew D.,,
R2110,LiveTruthAlways,,
R2111,Frank Pavone,,
R2112,Miss Violet,,
R2113,Jutta Agrait,,
R2114,Deplorable Mike,,
R2115,JESSE JAMES,,
R2116,Steve Evenly Naked,,
R2117,Keith Nelson,,
R2118,Joe Moe,,
R2119,No BS,,
R2120,Bryan Hauer,,
R2121,PressReleaseCentral ??,,
R2122,Justme23,,
R2123,"Sunflower Says, Do Not Comply",,
R2124,FightForDemocracy,,
R2125,Sam Mitha,,
R2126,North Carolina Education Workers' Union,,
R2127,Dale Neal Ultra Maga Trump 2024,,
R2128,Trump Won ! Thank you America ! ????,,
R2129,James Bentley,,
R2130,OmaResists! ?? ??????,,
R2131,ovid,,
R2132,Mack,,
R2133,"Xena Warrior Queen ""Je ne regrette rien!""",,
R2134,Stephen Hatfield,,
R2135,Jack Torrance’s Typewriter ??,,
R2136,kit lange,,
R2137,wheredkittygo,,
R2138,Chuck Rittiman,,
R2139,cal,,
R2140,Todd Andrews,,
R2141,Veritas Aequitas,,
R2142,Sara ?????? ?? #FraudsterSocialSecurityBenificiary,,
R2143,Vkessper,,
R2144,Jason J,,
R2145,USA Trump Man ????????????????????????????????,,
R2146,Vote Out Republicans & Lock Drump Up??,,
R2147,Coming Home Coalition,,
R2148,Deacon Jones Undefeated like my team!!,,
R2149,Stephen Weightman,,
R2150,Jody Tanner,,
R2151,Sunshine Time,,
R2152,SuGrant,,
R2153,CISSP33,,
R2154,"MARENA V. (Lake Havasu, AZ) ??",,
R2155,Dennis R White,,
R2156,MammaBear,,
R2157,Save The Truth??????????,,
R2158,Sharon Wolf,,
R2159,notrumpfascism.bsky.social,,
R2160,TER,,
R2161,K????Y ?,,
R2162,Kenneth Rambach,,
R2163,Arden,,
R2164,OldishBird,,
R2165,No Longer the Original HP,,
R2166,Emily Thompson,,
R2167,Mike Betts,,
R2168,Caroline clarke,,
R2169,chris boom,,
R2170,Snizzy,,
R2171,Frequencies Colliding,,
R2172,ecstatic eagles fan,,
R2173,Sallieann Brinton,,
R2174,Greg Buster,,
R2175,Zechman74,,
R2176,Flower Child ????????????????,,
R2177,Bill & Connie,,
R2178,Dara Zane Scully Evans,,
R2179,Stephen Mason,,
R2180,BR549,,
R2181,donna johnson,,
R2182,Relégation / Tribulations en Guyane Française,,
R2183,TexasChica,,
R2184,abraham adams,,
R2185,Triumph??????Text TRUMP 88022,,
R2186,Kevin Traver,,
R2187,EWGIII,,
R2188,corn pop,,
R2189,Shitlib Supreme ????????,,
R2190,"Jerry Bohl, Jr.????????????",,
R2191,Trump,,
R2192,Joey c.,,
R2193,AA,,
R2194,Liz Whitmer Gereghty @lizwg.bsky.social,,
R2195,Michael Sperry,,
R2196,b costco,,
R2197,mary,,
R2198,Gary Trump,,
R2199,DeLora Evans,,
R2200,New England Laurie,,
R2201,Proud TRUMPlican #MAGA,,
R2202,Pam bell,,
R2203,Gary Mayfield,,
R2204,Tommyboy (Garbage),,
R2205,Joe Smith,,
R2206,PAIndy lady,,
R2207,Smitty Smat,,
R2208,O'Malley's mom!,,
R2209,Michael Muzio,,
R2210,B. G. Dalena,,
R2211,Animals Rock,,
R2212,I_got_questions,,
R2213,AMM,,
R2214,GOP Clown Car,,
R2215,Ken Locke,,
R2216,chuck ferrer,,
R2217,Axe it now,,
R2218,Rob,,
R2219,Ernie Johnson,,
R2220,Thank God for Trump!,,
R2221,bogartblue,,
R2222,David Pyne,,
R2223,laur,,
R2224,ULTRA MAGA - Take America Back,,
R2225,kopps??,,
R2226,The Libertarian ?????? ??????,,
R2227,We Must Be The Light,,
R2228,Reenie,,
R2229,Sarcastic Prodigy,,
R2230,catherine,,
R2231,Ron Cunningham...Shall Not Be Infringed!!!,,
R2232,Marilyn Mann,,
R2233,JasonsGrrl,,
R2234,MB,,
R2235,Garrettx????,,
R2236,Robin Melito,,
R2237,Jane Don’t,,
R2238,SugarRay,,
R2239,The Golden Age,,
R2240,Kevin,,
R2241,goatwhsprr??????,,
R2242,Samies,,
R2243,Wendy Patterson,,
R2244,your dad,,
R2245,G Dawg King of Maryland,,
R2246,Elon musk .I am the real POTUS,,
R2247,#MoreInCommon #ProudlyWoke #FascistsOut,,
R2248,Sheryl Glick,,
R2249,Joanmarie,,
R2250,Kashish Chauhan,,
R2251,something witty,,
R2252,Michael Cromwell,,
R2253,Roger Fossette,,
R2254,skate,,
R2255,Bryan Shatto,,
R2256,President Lisa Trump ??????,,
R2257,BamaGirl84,,
R2258,PJS,,
R2259,Eric Marinbach,,
R2260,Common Sense Justice,,
R2261,Beebo Baldassarri,,
R2262,Dessa Masterson,,
R2263,Steve Done,,
R2264,joesman,,
R2265,Imports are a Benefit & Exports are a Cost,,
R2266,Idefix,,
R2267,KCSteel,,
R2268,???? Ken J,,
R2269,James Scales,,
R2270,Henry Johnny,,
R2271,Trussia,,
R2272,Jeffenberg,,
R2273,"I'm not a smart man, but...",,
R2274,Happy American,,
R2275,John X Chappell,,
R2276,konrad.evilempire.eth ?????????????? ??,,
R2277,Jean Lane Wood,,
R2278,educated derelict,,
R2279,Kaathy????????????,,
R2280,Cece0,,
R2281,Nancy from Oregon,,
R2282,GKM ???? ????,,
R2283,José Freitas,,
R2284,Kerry Lawley,,
R2285,I'm a-Paul-ed_Empathy Shortage_AZ is a Dry Crazy,,
R2286,FirstLadyGOP ????,,
R2287,DJS POSTS,,
R2288,Jeff Richardson,,
R2289,walden,,
R2290,Vaxxed and Happy. Votes Blue!,,
R2291,JC,,
R2292,jkuhlmedia,,
R2293,Mr. Dantastic,,
R2294,Ga Peach Cindy Dawn,,
R2295,Brigitte Gabriel,,
R2296,Judy Gregg,,
R2297,Lulu Cats,,
R2298,MishuPishu,,
R2299,Trump Hall,,
R2300,A Milwaukee Catholic,,
R2301,Carol Reed Feiler,,
R2302,Vets 4 Donald Trump,,
R2303,James Ferguson,,
R2304,RaffDk,,
R2305,Red patriot,,
R2306,G. Singleton,,
R2307,Groktavious GrokBot McGrokkenstein - xi/xe/xu,,
R2308,Jan Fancy Lee,,
R2309,VarukaSalt ?????????,,
R2310,Trump Girl,,
R2311,Jas Rugbo,,
R2312,spayer,,
R2313,Jackie,,
R2314,Tim Liebrock,,
R2315,The Green Book,,
R2316,Ron Rosenbaum,,
R2317,Nik,,
R2318,JeanneMK,,
R2319,Proud WHITE FEMALE Conservative Trump supporter,,
R2320,RyanFJBLGB??????,,
R2321,Reggie Rowell,,
R2322,Laura from SoCal,,
R2323,Tokenn ??,,
R2324,polkabear,,
R2325,PowerEE Guy,,
R2326,Tina,,
R2327,armymom,,
R2328,FunnyBusiness,,
R2329,Gloria Forrester Lucioni,,
R2330,LLeise,,
R2331,mamie Selman,,
R2332,Denvertigrz,,
R2333,Eve Polastri - Makeup Studio,,
R2334,StandUnited1776(Matthew),,
R2335,Juan Carlos Wandemberg Boschetti Ph.D.,,
R2336,SoFloGuy80,,
R2337,Mary G,,
R2338,sherry pasquarello,,
R2339,JRS,,
R2340,Talcum X,,
R2341,??PJFlyers ???? ???? ???????????????? ??????,,
R2342,Michele Goess,,
R2343,jcs911,,
R2344,Ed and his woman Never Ever trump,,
R2345,Ydennekde??????,,
R2346,PT Latham,,
R2347,Debbiddy ??????????????,,
R2348,TruthSeeker,,
R2349,Federal Agency for Finacial Oversight,,
R2350,Niv ????,,
R2351,Eddie Lee,,
R2352,RSBN ????,,
R2353,Joseph Morace,,
R2354,Lil deebo,,
R2355,Ernest Calhoun,,
R2356,Cookin Mama,,
R2357,Proud Canadian ?? ????,,
R2358,James,,
R2359,Brucie,,
R2360,TRUMP GREMISTA ???? ?????? MAKE GREMIO GREAT AGAIN,,
R2361,Tom Santos,,
R2362,Trespatines1,,
R2363,D Verret,,
R2364,Rob Hoffman (No longer redacted),,
R2365,Smarten Smith,,
R2366,Freedom of Speech Guy,,
R2367,Bill Wilgus ??,,
R2368,The Libertarian Middle,,
R2369,Jann Kott,,
R2370,Robert Guist,,
R2371,steak/fajita(pronounced vegeta),,
R2372,Paul Hrabec,,
R2373,Chris Dorner,,
R2374,Don Bishop,,
R2375,edgar,,
R2376,The Grim Reaper,,
R2377,Jamie Maloney,,
R2378,407 Magic & Bucs,,
R2379,gaijingirl2004 Bronx Leftist/Green. ?? ??????,,
R2380,Steve Valuch,,
R2381,?? RealLFFL,,
R2382,Chris Topher,,
R2383,Barb Peckham,,
R2384,Trevis Farthing,,
R2385,2StarP,,
R2386,"Ted, just Ted…",,
R2387,Robert Rapata,,
R2388,Zano,,
R2389,ConspiracyJunkie,,
R2390,Carol Skarlat,,
R2391,IamStillHereBugger ????,,
R2392,BCF,,
R2393,~Shawn~??????,,
R2394,JacktheCat,,
R2395,The Kash Man,,
R2396,ANN SISCO 1 1,,
R2397,Baruch BenGershonh???,,
R2398,Aussie Born,,
R2399,Ned Livingstone,,
R2400,Trí Th?c VN,,
R2401,Ricky Clay,,
R2402,Xolodog,,
R2403,michelle wrathell,,
R2404,Barbara Caban Homer,,
R2405,Brian Rundle ???????? ????,,
R2406,GrandmaCarol,,
R2407,Louis Hooffstetter,,
R2408,Max D. Wheeler,,
R2409,Genevieve,,
R2410,Musketeer,,
R2411,Linda Pantano,,
R2412,PFFV~EVIL DEEP STATE CENSORING TRUMP SUPPORTERS FU,,
R2413,judy morris,,
R2414,LaShonLuv Deplorable Magadonian Listless Vessel??,,
R2415,Dr Ellen Ripley????????????????FDJT #1619 #DC51,,
R2416,Rass,,
R2417,Sharp,,
R2418,Maytrix,,
R2419,Poivrot Farci,,
R2420,90%Jane4Trump????,,
R2421,Sandra Fabbri????Mom???,,
R2422,Digital_Sass,,
R2423,TamaraH,,
R2424,Desus Nice's burner account,,
R2425,Carlos GO VOTE! ??????,,
R2426,Miqueridoescorpion,,
R2427,Angela ??,,
R2428,Mark Winters,,
R2429,Kick Em All Out,,
R2430,Carmine43,,
R2431,Sargasm,,
R2432,David LaDuke,,
R2433,RayinMichigan,,
R2434,TheXFactor,,
R2435,Trumpyoo,,
R2436,Stephen,,
R2437,???? ??????,,
R2438,Lord Robert Guadalupe,,
R2439,Gei,,
R2440,it's all a scam,,
R2441,Nigel,,
R2442,Christ is King,,
R2443,Eric Hinkle,,
R2444,Emily Gibbs,,
R2445,Thomas Hasslen,,
R2446,A.Dub,,
R2447,"Cinnamon Bun (??,??)",,
R2448,The Bumble,,
R2449,Wyatt McPatriot,,
R2450,Mel,,
R2451,Soon to Leave This Hellscape,,
R2452,Original Spike1962,,
R2453,Susan Ives,,
R2454,Provost Atticus,,
R2455,Yoshua Gilbert,,
R2456,Ken Lonquest,,
R2457,The Eye in the Sky Paying Attention,,
R2458,Raymarie,,
R2459,Giacomo Volpe ??????,,
R2460,Trump #45 #47????,,
R2461,Robert McLaughlin,,
R2462,??,,
R2463,"Jordan, President Trump Supporter, Vegan Patriot",,
R2464,??,,
R2465,Patricia McNeal,,
R2466,Faith over Fear Trump 2024 or B4,,
R2467,Ali Adair ??,,
R2468,Mark Lewis,,
R2469,BriBri,,
R2470,Valerie Morrison - America First,,
R2471,Raul Sanchez,,
R2472,Lola Wood,,
R2473,Karla,,
R2474,Al Sadius,,
R2475,Marito ????????,,
R2476,MXMXMX,,
R2477,Ruth Cheatham,,
R2478,Punkin3,,
R2479,1.0 (American/Man)?,,
R2480,George William,,
R2481,Celia,,
R2482,iznril,,
R2483,Proud Trump Supporter,,
R2484,Matt Morris,,
R2485,Mike D,,
R2486,Rla????,,
R2487,????????Oakland Niner ????,,
R2488,Amy,,
R2489,"For God, Family & Country ????",,
R2490,RabidEagle,,
R2491,News News News,,
R2492,Debbie ??,,
R2493,Ellie A,,
R2494,Johnny James,,
R2495,Steve Hart,,
R2496,Brandon Larson,,
R2497,Mark Poloncarz,,
R2498,Alex De St Germain,,
R2499,RU4USA,,
R2500,Trump2024_no_matter_what,,
R2501,Welcome to MAGA world.,,
R2502,Edward Rodriguez,,
R2503,Jason the commenter,,
R2504,Miss Freda,,
R2505,Simon Dubé,,
R2506,Dave Koffer,,
R2507,Gigi J. Trump,,
R2508,Radio Cuervo Latin 2,,
R2509,Cheryl ChamplinCalen,,
R2510,Operation Unknown ??,,
R2511,PSU7893,,
R2512,Francine,,
R2513,Lumpy Dumpy,,
R2514,Brianna Macey,,
R2515,Plainview8585,,
R2516,PATRIOTIC LADY,,
R2517,Tamara Morley (Tami),,
R2518,edward turello,,
R2519,pat taylor,,
R2520,Jay Stone,,
R2521,ElleF,,
R2522,Sherry Touchton`````,,
R2523,I,,
R2524,DE Conservative 23,,
R2525,axnerj,,
R2526,Judge Death,,
R2527,Border Patriot,,
R2528,SwissArmyTenor,,
R2529,Christian Caryl,,
R2530,Not Woke,,
R2531,Nativenolagal,,
R2532,IAO,,
R2533,ALEJANDRO OLMOS,,
R2534,Rae Venn,,
R2535,Not Today Colonizer | #LandBack,,
R2536,BitingOnTinfoil??????,,
R2537,Dia,,
R2538,Jessica Zimmer,,
R2539,Marcus,,
R2540,Luke MD,,
R2541,America First Conservative,,
R2542,EyesWideOpen,,
R2543,Angrman,,
R2544,Best Neighbor,,
R2545,American,,
R2546,????Free Out West,,
R2547,Cale Scheidegger,,
R2548,Anti trust laws,,
R2549,Anti-Woke,,
R2550,Ellen Mongan,,
R2551,butxh,,
R2552,IHeartDagny,,
R2553,Karlucha????????????,,
R2554,Diane P,,
R2555,Hobson MCCain Jr.,,
R2556,??Rob??Unapologetic Trump Loyalist,,
R2557,Gambino,,
R2558,Hopeful Patriot,,
R2559,????????Dixie ??s America & Trump????????,,
R2560,CHS,,
R2561,Ripley ??,,
R2562,?? Rhody ????????????,,
R2563,Guy LaBar,,
R2564,Chuck Griggs,,
R2565,Tartufi ????,,
R2566,Trent Lalonde ???? ???? ????,,
R2567,Kay Haydon,,
R2568,Richard Batchelor,,
R2569,The Chosen One™?,,
R2570,We deserve what’s happening now.??,,
R2571,The Rake,,
R2572,Evyn Alexander,,
R2573,RJBIII????,,
R2574,Mara,,
R2575,Brownie Gurl,,
R2576,ann,,
R2577,NyanTrump,,
R2578,Queen Chimerazilla ??? ??????,,
R2579,Steve Pran,,
R2580,James Tate,,
R2581,Jason Overstreet,,
R2582,Clem,,
R2583,Right hand man,,
R2584,Sweden4Trump,,
R2585,It's Trumps World ??,,
R2586,Person Experiencing Texan-ness??,,
R2587,Jazz Drummer,,
R2588,alumi misomer,,
R2589,Raymond C Maitland,,
R2590,Shelby Grace O'Shea,,
R2591,Tero Kuittinen,,
R2592,K. Z. Snow,,
R2593,Trump Victory,,
R2594,@72ps,,
R2595,KadaCombs,,
R2596,??????,,
R2597,bruce harriman,,
R2598,Sapper,,
R2599,ABC News Live,,
R2600,Al Green's Pimp Cane,,
R2601,Matthew Edmonson,,
R2602,Linda Catalina,,
R2603,Adub,,
R2604,Kentucky Spirits ???? ??,,
R2605,TPBlue ??????,,
R2606,Nancy A Banker,,
R2607,Holy Smokes!,,
R2608,Matthew ?????? ? ? ? ?,,
R2609,Clutch Cargo Cult.,,
R2610,Cooler heads ???? ??,,
R2611,Cheap & Crass,,
R2612,"Carolyn Barber, MD",,
R2613,Helios Eusebio ?????,,
R2614,?????Bq11??,,
R2615,X-ing eXes,,
R2616,DefenderofChrist,,
R2617,"gigimac.bsky.social, Pro ????, F*ck Putin & Trump.",,
R2618,Christian Eidem ??????????,,
R2619,Clint Johnson,,
R2620,Alex Jones TV,,
R2621,John Elkins Sr,,
R2622,Linda Mitchell,,
R2623,Mike Lamb,,
R2624,Lawton,,
R2625,OVBoss,,
R2626,Newman,,
R2627,Terie Milburn,,
R2628,Acerths (Ace Thirsk) ?? ????????????????????,,
R2629,whiteaglesoring,,
R2630,Robert Taylor,,
R2631,El Trump Rex,,
R2632,Chili Dog,,
R2633,Nick,,
R2634,double standard,,
R2635,slyweazal,,
R2636,DoctorBritain,,
R2637,Gary Hollis,,
R2638,Trump.AI,,
R2639,Joe Six-Pack,,
R2640,Vice Man,,
R2641,Marc Xavier Adams,,
R2642,Jackie Jaxster,,
R2643,Daniel Towey,,
R2644,RedNoteid- Burnzotron123,,
R2645,Mike Walz,,
R2646,DEMOCRATIC American Flag Patriot,,
R2647,Criptotime,,
R2648,Brett Murphy,,
R2649,BestisYettoCome,,
R2650,Sick and Tired,,
R2651,TRUMP WON ??????????????,,
R2652,Joanne,,
R2653,wek,,
R2654,Jose W,,
R2655,Donald Trump Christ follower,,
R2656,???????®?T??? ??,,
R2657,Ali Molina,,
R2658,RufusXavier,,
R2659,TenTun 2001,,
R2660,Nicky ??????,,
R2661,Reid Ribble,,
R2662,phil-i-am,,
R2663,Loren Bordeaux,,
R2664,Just another Florida deplorable????????,,
R2665,Lujan,,
R2666,Brian D Brown,,
R2667,David #ProChoice & LGBTQ+,,
R2668,Em,,
R2669,Anna Khachiyan,,
R2670,Rogelio DaPrince,,
R2671,Bryan Bernicky ????,,
R2672,Molly Pitcher,,
R2673,Heitor Santana,,
R2674,Mercedes Schlapp,,
R2675,Claudio Ortizbelgoff????????????????????,,
R2676,Ashley Berryhill ????,,
R2677,"Kathi, spay/neuter your pets????????",,
R2678,anonimobits,,
R2679,Denise Parsons,,
R2680,XX_1133_1221_11,,
R2681,Angus Johnston,,
R2682,musicandsportsguy,,
R2683,Konspiracy,,
R2684,RiftTV,,
R2685,Wendall,,
R2686,HonestJohn,,
R2687,Gonzalo Agustin Fernandez de Azcarate,,
R2688,Robin Hager,,
R2689,coloRADo American Girl????,,
R2690,Dudeman,,
R2691,Donna Archibald ????,,
R2692,Lisbeth,,
R2693,Coleman Moreing,,
R2694,M. A. Cummings,,
R2695,"Clumsy Ninja ?? ??????????, ??'?? ????????????",,
R2696,Scarcely Saved,,
R2697,Trump Cultist Clownery,,
R2698,Maj Djinn,,
R2699,Robert Dienert,,
R2700,Alan Cornett,,
R2701,Zeeshan Hussain Cheema ???? &????,,
R2702,Conservative Patriot ??????????????????,,
R2703,clkiwce,,
R2704,Jerry Schwartz,,
R2705,pammie,,
R2706,alisone??????,,
R2707,TRUMP 2024-- Fuck-JB~FKH~FDNC~GEN~X,,
R2708,The Sarcasticat,,
R2709,PC Tunney,,
R2710,Alka Selzer,,
R2711,Helen Aguirre Ferré,,
R2712,Rushbaby12,,
R2713,THE GOOSE GIRL { Sylvia's mother said... },,
R2714,pugster,,
R2715,Jessica Vaugn,,
R2716,Phoebe Black,,
R2717,Gary ???? ???? ????,,
R2718,DonKeebalz,,
R2719,Kkjj,,
R2720,Jeffrey Deitrick,,
R2721,Hernando Jose Martinez,,
R2722,vince eboundane,,
R2723,JRN,,
R2724,Charles,,
R2725,Bill Navari??????,,
R2726,Chipmaster69,,
R2727,Mark Pyron,,
R2728,Missileman,,
R2729,scar,,
R2730,Lady di ?? A Baby Whisperer????Crypto Princess,,
R2731,OldHippieBoomer????U Trump UltraMAGA??????MAHA USA,,
R2732,Mike Balboni,,
R2733,Google “Sayanim”,,
R2734,RandomHappyAmerican,,
R2735,Pangloss,,
R2736,StreamCatcher Chris,,
R2737,One of Trump's Army,,
R2738,Greg Krieg,,
R2739,Jackie Curry,,
R2740,Consumer,,
R2741,??? ?? Wiffleball Tony ??????????,,
R2742,??????,,
R2743,Pro-life.,,
R2744,Mischelynn Scarlatelli,,
R2745,Julenejp,,
R2746,reeg,,
R2747,Maribeth Cordesman,,
R2748,Jihn,,
R2749,Kristy Christensen ,,
R2750,ModeratesNeedToRunTheUS,,
R2751,Juxtapose,,
R2752,Iurich xVx,,
R2753,Leasha Knight ??????,,
R2754,Rock Man,,
R2755,W??e?? ??T??h??e?? ??P??e??o??p??l??e??,,
R2756,HalaArafa,,
R2757,amg,,
R2758,Bryan B.,,
R2759,KnightBreed,,
R2760,Unsalvageable,,
R2761,gdiloren,,
R2762,Just An Ordinary Guy,,
R2763,Thomas Russ,,
R2764,Boycott Tesla ??,,
R2765,Tim Rust,,
R2766,Emek Echo,,
R2767,NoMonkeyBusiness,,
R2768,Merlene Peay,,
R2769,Nancy,,
R2770,"Random Normie, Citizen of the Golden Age.",,
R2771,trish “I dissent” smith ??????????,,
R2772,Jenny Diver ?? #JusticeMatters #FBR VOTE BLUE,,
R2773,Craven Morehead,,
R2774,Liberty_Grace,,
R2775,Benita,,
R2776,FiddleyFud??????????,,
R2777,Dawud Ibn Adham,,
R2778,??,,
R2779,violet,,
R2780,Turtle,,
R2781,Cesar Fernandez-Ch.,,
R2782,Allan,,
R2783,CharlesNotBronson,,
R2784,Idealist_me ????,,
R2785,The Greatest Showman,,
R2786,TONE,,
R2787,Vernon Radway,,
R2788,Jane ??????????,,
R2789,@osvaldosantoss,,
R2790,CryptoGoneWild,,
R2791,neosho tiger,,
R2792,MoviesandSports,,
R2793,Chase,,
R2794,LR,,
R2795,Chinese Peasant,,
R2796,Matthew Schilling,,
R2797,Ellmann,,
R2798,Fern J. Goodman,,
R2799,Just here for the show,,
R2800,Winifred J Cain,,
R2801,BotLigmaJohnson,,
R2802,Mimi,,
R2803,Jerry Jones Jr,,
R2804,Blazingprojects,,
R2805,Mr.Omar ???? ???? ???? ???? ???? ???? ????,,
R2806,Obese Blind American Pocahontas,,
R2807,Ítalindo????,,
R2808,Derek O'Shea,,
R2809,Elly's_ grandma,,
R2810,Wyldepepper ?? of Bianca's #KHive ??????,,
R2811,Zerkzees,,
R2812,Milton Streets,,
R2813,NikkiRivers45,,
R2814,Miranda Allen,,
R2815,Michael fox,,
R2816,YouCanCallMe_Dee??,,
R2817,Willy,,
R2818,R3LLIKBOON,,
R2819,omegahpla ... TRUMP!,,
R2820,Flynn Zone ????,,
R2821,Raymond K. Azar ????,,
R2822,WD HAMMER,,
R2823,Eli Afriad ???? ?? (parody),,
R2824,???? ??????Rude Fulk ?????? ????,,
R2825,BadMadRichard,,
R2826,Cobalt,,
R2827,Bizarro Trump,,
R2828,Michael Scott,,
R2829,AUGUSTINE CHIDUBEM,,
R2830,Kenny,,
R2831,Steve Laughlin,,
R2832,Jenasus,,
R2833,Scott M. Callan,,
R2834,Jeff,,
R2835,Jeff McCray,,
R2836,Joyce Sipprell,,
R2837,Teen Burger,,
R2838,Hoodiemarky,,
R2839,Ang,,
R2840,Trump Lost,,
R2841,Don McD,,
R2842,Deplorable Blacks for Trump,,
R2843,Nikki,,
R2844,??????dpadams6??????,,
R2845,Trump's online war machine,,
R2846,Dancin Dave,,
R2847,???? Bo_Patriot ????,,
R2848,Ron Crumpton ??????,,
R2849,Warpenwar,,
R2850,TYLER™,,
R2851,John Petkov ????????????????,,
R2852,???? Trump 2024 ????,,
R2853,CryptosYachtBroker,,
R2854,Matias Mari 329450,,
R2855,???S?O?U?T?H?S?I?D?E? ?R?O?Y?A?L?T?Y????,,
R2856,tRump is a LOSER,,
R2857,Thierry Philippet,,
R2858,monsieur moutarde,,
R2859,Michael Blakley,,
R2860,Sara ?? ??????????????????????????????,,
R2861,ShaJoa41,,
R2862,Rick G. Rosner,,
R2863,red jacket,,
R2864,Charles X Proxy™,,
R2865,Alice Francis,,
R2866,TECHNOCORP ™,,
R2867,Cindy James Briggs,,
R2868,Kamala Clown World,,
R2869,WallyCleaver,,
R2870,Pat carbone,,
R2871,RightSideAmerican,,
R2872,Scott Keeler,,
R2873,PBPBS1,,
R2874,Vlad the Inhaler,,
R2875,EyesForTrump,,
R2876,Angela Murnin,,
R2877,The Sausage King of Ashland,,
R2878,KaTetDihn2024,,
R2879,MOIZ ESUFALLY,,
R2880,Ex baller,,
R2881,Mongo53,,
R2882,It's Just Numbers,,
R2883,A,,
R2884,Ken Hardin,,
R2885,Tammy Cato,,
R2886,Ron Kaiser,,
R2887,mail2dawn,,
R2888,gary,,
R2889,Anella Writes,,
R2890,All Things Crime,,
R2891,glorys???? Donald J. Trump 47/Kennedy MAGA/MAHA,,
R2892,Arnold Murphy,,
R2893,Leggo Brando,,
R2894,SchrodingersDocuments,,
R2895,cassius,,
R2896,Cheryl Sparkman,,
R2897,Lissa aka Cowboy Killa ??,,
R2898,Jeremy Baker,,
R2899,David Mendez,,
R2900,Jeff Richter,,
R2901,Laurie O,,
R2902,"OhShit...Irish Lord, Viking King",,
R2903,Todd,,
R2904,JOEL THALL,,
R2905,McHNP,,
R2906,Divaofthedemic,,
R2907,Brian Day,,
R2908,Revolutionary_Patriot,,
R2909,Judy Judy Judy ????????????,,
R2910,Island Life,,
R2911,Ted,,
R2912,Thomas Gibbar,,
R2913,Jason Jones,,
R2914,Jimmy Lee,,
R2915,Jake Iverson,,
R2916,Apple Lamps,,
R2917,Marcpatriot,,
R2918,Ivonne Kinser,,
R2919,Buksterlin,,
R2920,Fares Adam,,
R2921,John Fox,,
R2922,Amy Hopkins,,
R2923,Kyle York,,
R2924,CMFFL82,,
R2925,Diana Krummel,,
R2926,Aniroc.Barr,,
R2927,Du. Luís Alberto Zambon,,
R2928,Kdubb,,
R2929,WLMK's Grandpa,,
R2930,Agerico De Villa,,
R2931,nini??,,
R2932,Noneya,,
R2933,proud liberal,,
R2934,madelaine irene,,
R2935,rustin mahan,,
R2936,Goodvibes????????????????????,,
R2937,Doug Kalka,,
R2938,marilyn pickens,,
R2939,PSSN3,,
R2940,Eleanor Estavillo,,
R2941,Heather Greaves,,
R2942,Corey Smith,,
R2943,tenaci,,
R2944,Shina Bam ???? ????,,
R2945,SaveAslave,,
R2946,Denning,,
R2947,Tad Toring,,
R2948,Grant H,,
R2949,Revoke The 16th,,
R2950,BEIRE ONE ORTIZ,,
R2951,Villager Greene Preservation Society,,
R2952,NavyNursePractitioner (retired),,
R2953,Andy Dai,,
R2954,HuggyBear,,
R2955,Albezi9,,
R2956,Mojo,,
R2957,Bonnie Kaster,,
R2958,Carolyn Casey,,
R2959,Brian,,
R2960,TRUMP WATCH by InspoNews - Federico Cardella,,
R2961,sEaN #GoHabsGo ????,,
R2962,Reese Pond,,
R2963,??Golden Age Of ????America??,,
R2964,Nancy S. Price,,
R2965,SYBILLE FORTIN,,
R2966,kathy,,
R2967,Ed-Lane,,
R2968,investor 61,,
R2969,HansMom,,
R2970,Gregory Fowler,,
R2971,Pam Donovan,,
R2972,Ms.Renay,,
R2973,Trump overturned Roe,,
R2974,Mark W. Smith/#2A Scholar,,
R2975,Clarence Thomas’ Worst Nightmare,,
R2976,Trevor Fitzgibbon,,
R2977,RadioSilent,,
R2978,Daniel Rebolledo,,
R2979,jenn mcdavitt,,
R2980,NJBeachBuggy,,
R2981,Keysdweller,,
R2982,S0L,,
R2983,Ajay Chand,,
R2984,Alejandro Guzman,,
R2985,Vote Hard Again!,,
R2986,William Goldrick,,
R2987,Tijuanasmalls ??,,
R2988,Denrael,,
R2989,SmartChick #resist ????????????????????????,,
R2990,David Rea,,
R2991,Steve S. ??,,
R2992,Kim,,
R2993,Dave Hunter,,
R2994,????Bet,,
R2995,TPS Report ? ????,,
R2996,Deb,,
R2997,David Prather,,
R2998,Lou Penrose,,
R2999,Mary Jane,,
R3000,Holden,,
R3001,RLR,,
R3002,Kristine Lund,,
R3003,Kamala Harris & Joe Biden Parody,,
R3004,Prom King,,
R3005,KeoweeGal,,
R3006,kyt_Vll,,
R3007,Mark Dobler,,
R3008,Rapture Watchman ?? ????,,
R3009,Jimmy D,,
R3010,C21,,
R3011,Matthew Leo Birzer P.E.,,
R3012,SlickRick1972,,
R3013,The Tariff Man Can ??,,
R3014,Matthew Ross,,
R3015,Bruce Dinger,,
R3016,super Man,,
R3017,DonaldTrump Fan ????,,
R3018,David Guajardo,,
R3019,CoachLife,,
R3020,Patsy McDaniel,,
R3021,Veggie Dave,,
R3022,Target War Room,,
R3023,KimHawk,,
R3024,RU_UP_TO_IT,,
R3025,The Autarch,,
R3026,IntegralAnswers,,
R3027,Paul Le Meur,,
R3028,Arsy's Cats,,
R3029,Jay Gaudinier,,
R3030,Dark Hyacinth??,,
R3031,Trump Barbado,,
R3032,DG I Voted For Trump,,
R3033,Yoghurt the Greek,,
R3034,Bella K USE YOUR VOICE!,,
R3035,"Papi Pizza, that guy.",,
R3036,Anthony Wilson ????,,
R3037,Chandler Land,,
R3038,Joshua Baker,,
R3039,???? TRUMP 2024 GO OUT AND VOTE! ????,,
R3040,Fuck Arkansas,,
R3041,djheadrick,,
R3042,golfur,,
R3043,David Anderson,,
R3044,Consider Me Deactivated - FUCK TRUMP,,
R3045,Catherine Jefferson (ergoone.bsky.social),,
R3046,Deej,,
R3047,OpenDebates,,
R3048,Sheri akaSolana,,
R3049,Lady Shadowban ??,,
R3050,Hugh c,,
R3051,pbpianoman,,
R3052,SOB I Am IN,,
R3053,Jane Wisdom,,
R3054,officebob,,
R3055,Jo Reitkopp ????????????,,
R3056,Daemon Palyaco,,
R3057,John Hyman,,
R3058,Trump for ADX Florence 2024!!! ??????????,,
R3059,TheBeerBrewer,,
R3060,PauL L. Muckle.,,
R3061,jokelley,,
R3062,???????????????? ???????????? ??,,
R3063,??????????aka?????????,,
R3064,Pass The Mic,,
R3065,cobaltblue,,
R3066,follow me for nuance news??,,
R3067,Shilpa Verma,,
R3068,AmericanWoman????,,
R3069,LionHearted,,
R3070,Curiosity Curator,,
R3071,Skankhunt42,,
R3072,Truth Hurts,,
R3073,misophonia nervosa,,
R3074,We LOVE Trump?,,
R3075,Cyndi Custer,,
R3076,Debbi Wynne,,
R3077,Dr Mariana Claire Marinovic ??????????????????,,
R3078,captive dreamer,,
R3079,Jenny Frecklington-Jones OnBlueSkySocialAlso,,
R3080,Dictator Don Shithispants Trump,,
R3081,mob,,
R3082,JES,,
R3083,Trump speeches by Alice,,
R3084,AtomicAJ74,,
R3085,??????Kano??????,,
R3086,Tom S,,
R3087,carol fernandez,,
R3088,darlene seeger,,
R3089,John Ziegler,,
R3090,GLORIA BREDEHOEFT,,
R3091,2cents,,
R3092,gunsandrockets,,
R3093,??PDP00000001 ??,,
R3094,Bahamas124,,
R3095,annetravel1,,
R3096,Mary Shilow,,
R3097,Bee Bee ????,,
R3098,Rusty Antel ??????,,
R3099,Free Trump Official,,
R3100,Ladyred #VetsResistSupportSquadron,,
R3101,Michael Sparger,,
R3102,jeffersonG,,
R3103,????OREN??????????,,
R3104,Joel???,,
R3105,Robert Kjelsrud????,,
R3106,Pat Sealy,,
R3107,dinoraye,,
R3108,MirrorMan??,,
R3109,Sally Canfield ????,,
R3110,Barbara Hoffmann,,
R3111,XY can NEVER equal XX,,
R3112,Emmawatsonssaggytits,,
R3113,Sheryl Toth,,
R3114,BEEKIND??,,
R3115,Ari M. Eden,,
R3116,Bill Randol,,
R3117,chuck_m. (moving to bsky.social) ??,,
R3118,Marlene Robertson,,
R3119,Mr. Pop Tart,,
R3120,Kat Hart,,
R3121,Jeff The Jefe,,
R3122,T Anderson ????,,
R3123,Peace and Love ??to all the good people,,
R3124,Jonathan,,
R3125,The voice of reason,,
R3126,MAGAGATOR,,
R3127,GSY,,
R3128,Mase55,,
R3129,SamSung,,
R3130,BleachOD,,
R3131,_OctoMatt2_,,
R3132,Michael McMillan,,
R3133,TRUMP COUNTRY USA/@LauraLeeBordas,,
R3134,Apollo_Phoebus,,
R3135,Dharamraj Yadav,,
R3136,Clint Brooks ????,,
R3137,vlo vlo,,
R3138,Brotha FromAnothaMotha,,
R3139,Lucy Wells,,
R3140,Peter,,
R3141,giggitty08,,
R3142,Pansophic.,,
R3143,Rick Myles,,
R3144,Carmine,,
R3145,Rico,,
R3146,Javeenci,,
R3147,Donald J. Trump (Parody),,
R3148,charles alvarado,,
R3149,Vinayak_jeev,,
R3150,More Than,,
R3151,Lisa Marie,,
R3152,KAR120C,,
R3153,Hawthorne Abendsen III ?????????????????????,,
R3154,Harry Assman,,
R3155,Equalizer,,
R3156,America First,,
R3157,Steph ?? TRUMP 45-47 ??????,,
R3158,Michael Downard,,
R3159,Ben Taylor,,
R3160,Garry B,,
R3161,Sam DeMarco ????????,,
R3162,Dan noringer,,
R3163,Frank Ferriolo,,
R3164,???Dianne Seguin???,,
R3165,taco enthusiast,,
R3166,Pat Fuller #KeeperOfTheFlame ?? ??????,,
R3167,Gazpacho Policewoman ?? ???? ????,,
R3168,Douhood,,
R3169,David V Kiser,,
R3170,Winston Johnson ????,,
R3171,Patriot princess,,
R3172,Kim Watson aka #CatWoman,,
R3173,No More Trump,,
R3174,America,,
R3175,"Ronald D. Harrison, Jr., M.Div., M.Ed., Ed.S.",,
R3176,Ed McBride ??,,
R3177,Veronica Rose,,
R3178,TheBadgerJohn,,
R3179,Sheila**Proud Patriot!,,
R3180,???????? ?? ??? ??????? ??,,
R3181,Shumei@???,,
R3182,Jeffery Moore,,
R3183,Tam Robertson,,
R3184,Harley D Smith,,
R3185,GamePolitik,,
R3186,martybecker123,,
R3187,connumist nation,,
R3188,Pizza and Tariff expert,,
R3189,Bin_NA,,
R3190,Stacy Adelizzi,,
R3191,Justifi,,
R3192,Renae M.,,
R3193,BPGlass,,
R3194,Sue,,
R3195,edna wilkinson,,
R3196,J M Maine,,
R3197,?? THEE Crones for #KamalaHarris2024 ??,,
R3198,??????Julie Fraser ??,,
R3199,Steven M.Y.,,
R3200,Kelly Ribar,,
R3201,Gary & Bernice Macyk,,
R3202,Camel Fox,,
R3203,????????Brandon????????,,
R3204,Autos Pueblo,,
R3205,Jen C,,
R3206,Kevin Smith,,
R3207,Jason Gots,,
R3208,DJW,,
R3209,Bill Bange,,
R3210,die behind the wheel,,
R3211,Forrest Story,,
R3212,Here For Trump,,
R3213,jlkinok,,
R3214,John Smith,,
R3215,young yun,,
R3216,Donald Brascoe,,
R3217,Xelen,,
R3218,AOC Parody,,
R3219,Suzanne Bird,,
R3220,Beth Varney,,
R3221,Barbara May,,
R3222,Tommy G Goodman,,
R3223,West Coast Muppet,,
R3224,Disaffected Scientist,,
R3225,SharonKP AUDIT EVERYTHING,,
R3226,Joey franko,,
R3227,Rhonda Norman Taylor,,
R3228,victor correa,,
R3229,LaSanya Rucker,,
R3230,Robespierre,,
R3231,PornHideout.com,,
R3232,Linda Little,,
R3233,Conservative Cali,,
R3234,"Dr. Venkman, 2 PhDs",,
R3235,Mike Rose Research,,
R3236,Miss M,,
R3237,Straight White Male,,
R3238,TJ,,
R3239,Tracy Henning,,
R3240,Vicki Chism,,
R3241,Debra Schwager,,
R3242,??????lady4liberty??????,,
R3243,LMurray,,
R3244,WitchKingOfAngmar,,
R3245,Patsy Hall Laufer,,
R3246,Pro2kall,,
R3247,Magnum PI,,
R3248,Lawrence Brian Schwartz,,
R3249,Pamela Burton,,
R3250,OReilly,,
R3251,DeplorableMe,,
R3252,George Takei,,
R3253,Kimberly Cromwell,,
R3254,MagicalNature,,
R3255,Nicolette,,
R3256,USA News,,
R3257,Investing in America’s Future.,,
R3258,Leo The Lion,,
R3259,Denise,,
R3260,Landon,,
R3261,Liberty 7 USA,,
R3262,Mattie,,
R3263,Winston Smith,,
R3264,"Donald ""Convicted Felon"" Trump",,
R3265,Anabomb25,,
R3266,Richard Lennon,,
R3267,ABC22 & FOX44,,
R3268,Harpazo,,
R3269,Holy Bullies,,
R3270,Stephen “The Yellow Dart” Schutt,,
R3271,Diane Bosan,,
R3272,34 for 34,,
R3273,Stephen Hopkins,,
R3274,T. M.,,
R3275,Cosisiwa Shamatari,,
R3276,al.x.t,,
R3277,TheDebWorkout,,
R3278,Freedom Lover,,
R3279,Fred,,
R3280,Peter Kemzura,,
R3281,White Oak,,
R3282,14th Amendment Section 3 NOW!,,
R3283,Save America Trump 2024,,
R3284,Jeremy Vance,,
R3285,PawPawG,,
R3286,Renee Hanselman,,
R3287,Mark,,
R3288,Evi1986,,
R3289,Jean-Paul,,
R3290,Jarvis,,
R3291,Joseph Rizzuto,,
R3292,mitrajoon,,
R3293,Cairnsrule,,
R3294,Ifka,,
R3295,Warlock Woods,,
R3296,Leon Puissegur,,
R3297,Patty Carroll,,
R3298,Terminator,,
R3299,Ron Pinkham,,
R3300,Lola for Trump ?,,
R3301,Cash Loren,,
R3302,SumoWonderDog,,
R3303,Joe Caruso,,
R3304,Degen Max,,
R3305,Sarah Hickey,,
R3306,Deborah ULTRA MAGA - RTR?? President Trump Won!,,
R3307,scott McCall,,
R3308,AngeBleuGG,,
R3309,mosquito eater ??,,
R3310,m1ke.r0ckz ????????,,
R3311,Marty Diana,,
R3312,Worlds Biggest Trump Hater,,
R3313,Gina Sourjohn,,
R3314,moongalcan ????,,
R3315,Harley 883,,
R3316,atanyrate,,
R3317,Dubious Sources,,
R3318,Bernard,,
R3319,C.L,,
R3320,Xponet,,
R3321,Crusader4US,,
R3322,CLBurns,,
R3323,Jim Collins,,
R3324,Quinn,,
R3325,DW,,
R3326,Inches Woods,,
R3327,Bone Crusher,,
R3328,Wildlife????,,
R3329,Yitsy's Gma,,
R3330,Trump is Weird,,
R3331,Jeanne Haston,,
R3332,???????? ????? ???? ???? ??? ???? ???? ????????,,
R3333,NanLee Marie Carissimi,,
R3334,Piyush Mittal ??????????????????????,,
R3335,Richard,,
R3336,Taylor,,
R3337,CALI_Raider,,
R3338,My name is Steve,,
R3339,Riley the Dog,,
R3340,Devyl4377,,
R3341,Melody????????????,,
R3342,OsComSam,,
R3343,Sam ????????,,
R3344,reality wit,,
R3345,Bill,,
R3346,@DBrianSteele1,,
R3347,4GodFamilyCountry,,
R3348,Cordell Baker,,
R3349,karen,,
R3350,Kris Alexander,,
R3351,NJ Trump lover,,
R3352,Frank Luntz,,
R3353,????JustChris????,,
R3354,Demogenes Aristophanes,,
R3355,Chris Robinson,,
R3356,Dennis C. Hayes,,
R3357,Brenda Oravec,,
R3358,kudeta,,
R3359,Talk is Cheap ???? ???? ???? ???? ????,,
R3360,Anne-Marie Christman ?,,
R3361,GodaldTrump,,
R3362,RICKIE ADEY?? ??STOP TRUMP-RESIST PROJECT2025,,
R3363,Giao Vu,,
R3364,Michael Cala,,
R3365,Dirty Lefty,,
R3366,Billy,,
R3367,James Dunlap,,
R3368,Katherine,,
R3369,Brenda Ague,,
R3370,HRS????????,,
R3371,Cheryl,,
R3372,DJenson,,
R3373,Karen Bearss,,
R3374,Trump is Elon's Reek??????,,
R3375,Lyn Powell,,
R3376,Brad Moore,,
R3377,serena williams,,
R3378,Young Connington ????,,
R3379,Standing up for truth and for freedom marcia??,,
R3380,Wilfred Langley,,
R3381,Daniel Kim,,
R3382,Jonnjo,,
R3383,Leamon Burgart,,
R3384,Pelleteria 1,,
R3385,Music Man,,
R3386,Boberrooney,,
R3387,Just a Silly Guy,,
R3388,couchbrandon ????,,
R3389,user8484995958,,
R3390,Vincent Sylvain,,
R3391,Kim ??????,,
R3392,Gee Y-not,,
R3393,GoldadorMom????,,
R3394,LoveNgrace2025????,,
R3395,UNIBLAB,,
R3396,Chris Godwin,,
R3397,Bill Mitchell,,
R3398,BR5-49,,
R3399,MissKitty,,
R3400,Matt L,,
R3401,Reggie Lewis,,
R3402,Martha Johnson 1776 I SUPPORT DONALD J TRUMP 2024,,
R3403,Florida Man??,,
R3404,Stan Liptzin,,
R3405,Chris Treanor,,
R3406,carolina santiago,,
R3407,Shane Daugherty,,
R3408,Johanne Martin,,
R3409,JosieT,,
R3410,Carrie Gilbert,,
R3411,Emperor of Ephebophilia??,,
R3412,Minnesota Lady America First????,,
R3413,RetrogradeAmnesia,,
R3414,Harry Stamper,,
R3415,jj falcon,,
R3416,john gaydos,,
R3417,Tom Sabanick,,
R3418,kjames011,,
R3419,Tom for Justice,,
R3420,Interested in Trouble?,,
R3421,Linda Robinson,,
R3422,Carrie Majorie,,
R3423,Ammar Moussa,,
R3424,JohnnyUtah Rides Again,,
R3425,Bob Starr,,
R3426,Max Burkanov,,
R3427,Roots & Reason,,
R3428,Living The Dream,,
R3429,ritzy gypsy,,
R3430,SDe ComoEs,,
R3431,dean lovell,,
R3432,JTG,,
R3433,Andy Strong,,
R3434,F.Thomas,,
R3435,Notorious,,
R3436,Donna Papadopoulos,,
R3437,Jim Bagley,,
R3438,Pat Hamilton,,
R3439,Blah me! ??????,,
R3440,justin??,,
R3441,CBG1,,
R3442,Putin Validus,,
R3443,chuck schutrick,,
R3444,gil malonzo,,
R3445,Mira,,
R3446,The.Mothership,,
R3447,Todd Kupferer,,
R3448,agentgirl1776,,
R3449,Snot Shot,,
R3450,Aaron Roberts,,
R3451,Débora,,
R3452,CorpulaceChris,,
R3453,Dave Plumb,,
R3454,AugustaWeaverJohnson ??,,
R3455,TheKnowsNose,,
R3456,Sabine,,
R3457,RU Graphics,,
R3458,TKM,,
R3459,Independent American,,
R3460,abay731 ‘Betty’,,
R3461,Tammy,,
R3462,GK,,
R3463,Never Trump,,
R3464,AdImpact Politics,,
R3465,Andrew Fink,,
R3466,Eddie,,
R3467,Guru,,
R3468,L Scott,,
R3469,Nasim Behrouz | ???? ?????,,
R3470,AHez,,
R3471,F*ck Trump!,,
R3472,Cat T.,,
R3473,Daryl James ???? ?,,
R3474,Victor Carson,,
R3475,buckwild,,
R3476,Huldra Nix,,
R3477,A.J.,,
R3478,Yolder,,
R3479,niner,,
R3480,Dr Bud Prizeman,,
R3481,Moment of Truth,,
R3482,M.Wells,,
R3483,Cynthia,,
R3484,PJnZoe?????????? NorCal Gal,,
R3485,Tigermom,,
R3486,Speedway,,
R3487,steve kelly,,
R3488,RoseMarie DaSilva,,
R3489,???? Just Deb ????,,
R3490,Iris,,
R3491,Donald trump is a dumb piece of shit,,
R3492,Oli5734,,
R3493,??The Real Vandy Deb ??,,
R3494,Not_a_Fed_Jed | Fighting for MN,,
R3495,JWwasright,,
R3496,T Koz,,
R3497,Chris Ortiz,,
R3498,Kat Nett,,
R3499,Drickkcird,,
R3500,Paspourca,,
R3501,Dirty_Fork,,
R3502,Bonnie Patterson,,
R3503,Paulo,,
R3504,Nat Turner's Rifle FBA,,
R3505,Steve Sunich,,
R3506,jls081777,,
R3507,Four Seasons Total Landscaping,,
R3508,The Void Which Binds,,
R3509,Michael Santopadre,,
R3510,Chickwithacape,,
R3511,Tristian,,
R3512,Alma Llanera,,
R3513,umichvoter ??????,,
R3514,Cathy,,
R3515,A Verdade Está Lá Fora,,
R3516,Star Trump: The AI Generation,,
R3517,Scott Miller,,
R3518,Brian Stevens,,
R3519,Nick Freitas,,
R3520,Elgin Charles,,
R3521,TxLib,,
R3522,Nanette Morales,,
R3523,Susancha23,,
R3524,Aaron Rawlins,,
R3525,aznnorth,,
R3526,OctobersOwn????,,
R3527,Denny Utter,,
R3528,Troy stull,,
R3529,White Fang,,
R3530,ADAN???? HUSSEIN| HaqXpert ??,,
R3531,Goose Man,,
R3532,Matt Cover,,
R3533,MattWGraver,,
R3534,Trump Won Popular Vote!,,
R3535,Micah Ware,,
R3536,TrumpOnly,,
R3537,Lady,,
R3538,Panagiotis Karampourniotis,,
R3539,In Trump We Trust,,
R3540,Melissa,,
R3541,floop,,
R3542,John Davis,,
R3543,"Steven. Stop Trump, save us all.",,
R3544,Parlay Stooge,,
R3545,JP,,
R3546,Alexis Casalinguistics ??,,
R3547,Jen ~ #IstandwithIsrael ?? ?????????,,
R3548,Darlla16 ?????????,,
R3549,Twilight Surfers Development,,
R3550,Ali Bolley,,
R3551,Bc1776,,
R3552,antwon,,
R3553,Nachamu ????????,,
R3554,BRENT H,,
R3555,Ceachell49,,
R3556,barbara scantlan,,
R3557,The Flying Horses,,
R3558,????,,
R3559,Dave Zubas,,
R3560,montrezmusic © RoadTrip,,
R3561,RaidersSixersYankees,,
R3562,Science Bob McGwier,,
R3563,Art Candee ????,,
R3564,Steve Caldwell is on Bluesky (he / him),,
R3565,MJ Stock Trader,,
R3566,Old Gringa,,
R3567,Willie Roberson,,
R3568,T-Bass,,
R3569,Sam Peak,,
R3570,Al Cappuccino…??????,,
R3571,Rose,,
R3572,Larry Cassidy,,
R3573,Arkam,,
R3574,Nannette????,,
R3575,TMc,,
R3576,FLOTUS Report,,
R3577,Jeffrey James,,
R3578,democrat no more,,
R3579,Kentucky Kirby,,
R3580,James Campbell,,
R3581,TrumPonzista,,
R3582,Timothy,,
R3583,HumphreyBohun,,
R3584,SlimDawg,,
R3585,#gaybaristapaulforpresident,,
R3586,Robertus Trump,,
R3587,Cotsdi,,
R3588,Karen LoPresti,,
R3589,Mr. Matt,,
R3590,Life is good with a Chocolate ?? Lab,,
R3591,Joseph Mattera,,
R3592,JainJock,,
R3593,James Mullins,,
R3594,??????? ?????????,,
R3595,David Richardson,,
R3596,Quantavious,,
R3597,D. Self ??????,,
R3598,Dr. Fishfinder,,
R3599,Dean Sam,,
R3600,Sheila Newell Wood,,
R3601,Fire Pie ????,,
R3602,Peter McKenna,,
R3603,Dave Miller,,
R3604,Nondelusional Oregonian,,
R3605,Kyle Velez,,
R3606,Immigrants for TRUMP 2024!????,,
R3607,Don Ready,,
R3608,Jeff Scott,,
R3609,Ruffing it,,
R3610,Julia Howell,,
R3611,Jackie Ramondelli,,
R3612,Ugly_Zuck_ling,,
R3613,sunsetmasker,,
R3614,BlueRadio,,
R3615,Charlie-2010,,
R3616,Big Mike for Trump,,
R3617,Amen Oneill,,
R3618,MRJB ????????,,
R3619,Eagle Dancer,,
R3620,Dr. Matthimus Coleus,,
R3621,Madame President Stan Account,,
R3622,Farmer Thom,,
R3623,Think for Yourself,,
R3624,President Elect Bob Ross,,
R3625,chic coop2,,
R3626,Mike Marko,,
R3627,BlueLibras,,
R3628,Cynthia Skuce,,
R3629,SpanishQueenIn????,,
R3630,Brent,,
R3631,Notta Sheep,,
R3632,Louis Lobasso,,
R3633,Prosecutor vs Felon,,
R3634,ajax,,
R3635,Profesor Avilés #CierrenPorFuera ??????????????,,
R3636,Matthew Thomas,,
R3637,Freedom Fighter ????,,
R3638,VonAllen's America,,
R3639,Politicalmom,,
R3640,"Jeffrey, Birth Canal Baby",,
R3641,Ed Kaufman,,
R3642,Mimi #WeLoveYouCatherine??,,
R3643,milly,,
R3644,FORMER MOD SHOVED RIGHT,,
R3645,Not a dumb blonde???????,,
R3646,InjusticeinKY,,
R3647,Connie,,
R3648,Broomall,,
R3649,DadBot27,,
R3650,I stand with Israel,,
R3651,John M. Ahern,,
R3652,Lynn Chu,,
R3653,Kasandroid???? ???? ????,,
R3654,???? ??????? ?????? ????,,
R3655,Arizona Millennial,,
R3656,phillysportzfanatic,,
R3657,seanmcnamara,,
R3658,Paula,,
R3659,Suburban Mom for Trump,,
R3660,Aetius,,
R3661,PCM,,
R3662,Sweet T,,
R3663,Dan Bitner,,
R3664,Chuck Callesto,,
R3665,Willow,,
R3666,Bill Swartzell,,
R3667,VPL,,
R3668,MagaNonnie,,
R3669,Bob's Listless Vessel of Deplorable TACOS//SCI™,,
R3670,Ron Webster,,
R3671,Cathode (F-5E Tiger II),,
R3672,SoloSoul2025,,
R3673,larzzt ??,,
R3674,Left Baiter,,
R3675,Milt,,
R3676,That Brown Tan ??,,
R3677,This Guy,,
R3678,Starryder??????????????,,
R3679,Pastalu,,
R3680,The Other Me,,
R3681,Stand4Truth,,
R3682,Ëric's Åtta Hëre,,
R3683,Cherie,,
R3684,Rea,,
R3685,Jann Scott TV,,
R3686,Jeneanne,,
R3687,AshleyK??????,,
R3688,Fuster Clucked ??-ANTIFA treasurer,,
R3689,"Jane Snage, M.A. ????????",,
R3690,Jerry Anderson Ink,,
R3691,Constitutionally concerned fed up Floridian ????,,
R3692,Fake News,,
R3693,Sam C Harvey Jr,,
R3694,Athena - multi fauceted defense system,,
R3695,Trump Hotels Jobs,,
R3696,California Patriot,,
R3697,Jesus Wept,,
R3698,Repetitiveuser,,
R3699,NoTrumpPardon.com,,
R3700,Rey LoweIffert,,
R3701,Just the News,,
R3702,Panda Crush,,
R3703,John Spartan ???? ??,,
R3704,Shmovid1984,,
R3705,RS,,
R3706,STF ?????????????????????,,
R3707,Go Sports Stuff,,
R3708,Michael P Waite,,
R3709,DirtySouth,,
R3710,Salibu506,,
R3711,????Love Joy ??????,,
R3712,Gerry Houlihan,,
R3713,Otter@DitchMoscowMitch,,
R3714,AndyFella ???????? #CarneyForPM Stand with Ukraine,,
R3715,SuzAtTheLibrary,,
R3716,Beverly Donley ?? ??????,,
R3717,M4A,,
R3718,Upton Bell,,
R3719,??.??.??.??. ?????????? ??,,
R3720,Constantin Opel,,
R3721,Krondis,,
R3722,Zeppenwolf ????,,
R3723,"THE BULL OF SHEEPSHEAD BAY - BROOKLYN, NEW YORK.",,
R3724,Bort,,
R3725,360 TN Sports,,
R3726,Sue Manzo,,
R3727,Greg Writer,,
R3728,james garretson,,
R3729,KLFY NEWS 10,,
R3730,Broken Media,,
R3731,Carey,,
R3732,@therealscottyY,,
R3733,ALL BALL SPORTS,,
R3734,Gregg N,,
R3735,? ???,,
R3736,Purple Crow / Arthur Fleck ??,,
R3737,Jim Bandy (JB),,
R3738,Ki,,
R3739,Lisa Blackerby Wells,,
R3740,??pig_magneto??,,
R3741,Dump Trump…& Banish Muslims.,,
R3742,Gogayn,,
R3743,shrzzle,,
R3744,Jennifer Hawker,,
R3745,Marvlous ?? ??????????,,
R3746,Marlhex,,
R3747,TrumpMustWin,,
R3748,Guapo,,
R3749,??? A Poison Spider ???,,
R3750,Carole 5 P.,,
R3751,TopoMAGA1,,
R3752,Stinson Norwood,,
R3753,Light ??,,
R3754,Gungz,,
R3755,My Political Opinion,,
R3756,pewpewpew12,,
R3757,D. Stamos/Helodriver,,
R3758,mbstick9,,
R3759,NELSON BULDIER,,
R3760,CTwhiteneck,,
R3761,Virginia Marple,,
R3762,Kathie Short,,
R3763,flywithkamala.bsky.social,,
R3764,LiberalsSuck????,,
R3765,State Senator RaShaun Kemp,,
R3766,Jason Kiser,,
R3767,Prospector,,
R3768,LPT38261,,
R3769,Meisthankful,,
R3770,BORDER CLOSED! Mom of 4.,,
R3771,Fox of Finance,,
R3772,Susan Pivar,,
R3773,???? Zero Dark Twenty-Nine ?????????,,
R3774,hummingbird,,
R3775,Joseph Kapiyulik,,
R3776,BowTied BowTier,,
R3777,FT Commodities,,
R3778,?????????????? Slava Ukraini ??,,
R3779,Rich Jones,,
R3780,Jake,,
R3781,Independent,,
R3782,Arabs For Progress ??,,
R3783,Big Perm,,
R3784,Sun Belt Politics,,
R3785,Cathie????????,,
R3786,Ms City,,
R3787,Gary Nunn ??????????????????,,
R3788,Kailani Mana ??,,
R3789,Mountain Man,,
R3790,lovac82,,
R3791,GardenLover ??,,
R3792,Angela Travis,,
R3793,Nathan Turner,,
R3794,Snowy ???? ????,,
R3795,Fred A. Garrison @theAthletic,,
R3796,Ashleigh,,
R3797,Jose Pizarro,,
R3798,Dough.Solana,,
R3799,Caroline,,
R3800,BoilingPoint Live,,
R3801,Philip Colehamer,,
R3802,Terry Tcheng,,
R3803,My InfoLinda K. Marr,,
R3804,LESLIE DYER,,
R3805,Pamela Fidler,,
R3806,Gin Cabrera,,
R3807,Sunny117,,
R3808,Mel Woods,,
R3809,??????? ??,,
R3810,Maddie Gallo,,
R3811,That Deplorable Pesky Girl,,
R3812,Mike Shadow,,
R3813,Franelero del Grunge,,
R3814,kc,,
R3815,Darbo,,
R3816,MsPacNWer ??????????? ?? ? ???? ?? ?? ?? ?? ?????,,
R3817,B?o?r?i?s? Trump,,
R3818,Trump’s Ear,,
R3819,TrumpTrain,,
R3820,SherryK,,
R3821,Queenie 1927,,
R3822,????Monte Cristo????,,
R3823,Garbage Patriot????,,
R3824,Sean’sHeart ??????????????,,
R3825,????Roger Rogerson????,,
R3826,Malcom Fowler,,
R3827,Maynardisatool,,
R3828,Bryan Key,,
R3829,vinny bellone,,
R3830,William DeMusey (billandkarendemusey),,
R3831,Prodigy-100,,
R3832,????????? ????? ???? ?????,,
R3833,Sergeant Pope,,
R3834,chrys pqrs,,
R3835,Nanso44,,
R3836,Christine Guéno,,
R3837,"R. Campbell, Jr.",,
R3838,PLEASE STAND BY…THE FOURTH TURNING is coming...,,
R3839,NuclearMaga,,
R3840,Ronald Staples,,
R3841,Gentleman_321,,
R3842,Noot,,
R3843,BostonKimmie,,
R3844,Jason Webster,,
R3845,??,,
R3846,David Kyle,,
R3847,Jorge B.,,
R3848,Gloria Moretz,,
R3849,Joe PB??MAGA ( TRUMP WON ) Patriot 66,,
R3850,drcycle,,
R3851,Trump Fan,,
R3852,Vanessa Besteda,,
R3853,naomi kane,,
R3854,David Bane,,
R3855,Mama’s on a coffee break,,
R3856,TX,,
R3857,JRainh2o,,
R3858,????????Cathy??Trump????????,,
R3859,greek_trick,,
R3860,Skiggles,,
R3861,Pamala McBrayer,,
R3862,Frankie ????,,
R3863,3dogdays,,
R3864,Brown Butter Evangelist ??,,
R3865,Peg Messer,,
R3866,Tyler Scott Ward,,
R3867,World On Fire Media,,
R3868,Big Bad John,,
R3869,Leftist can’t handle the truth,,
R3870,Grant M,,
R3871,David Smith,,
R3872,USA Trust Trump,,
R3873,Hölle auf Erden - The Echo of a Distant Time ????,,
R3874,Brad,,
R3875,Vivian Russo,,
R3876,JenBNYC America ??Kings,,
R3877,Lucy Lawless,,
R3878,MaskedbyMorant??,,
R3879,Bianca Ware,,
R3880,John Liberties,,
R3881,???? pmlahaye,,
R3882,Trish23,,
R3883,Ana's Writing Nook,,
R3884,Steve Massey,,
R3885,ARAOK???? MAGA = Ignorance ??????,,
R3886,"Cry harder, I’m thirsty.",,
R3887,ErinKN,,
R3888,transparentman,,
R3889,Phlorida Phanatic,,
R3890,Heff,,
R3891,Cheryl McCracken,,
R3892,empathy4all,,
R3893,Tyler Lloyd,,
R3894,D.Trump X-E.Musk Pi.Network,,
R3895,Project Constitution,,
R3896,Jo ????,,
R3897,Roger Stone,,
R3898,Don Whitaker,,
R3899,RVSHEED IS ONLINE,,
R3900,shea44890,,
R3901,Captain Obvious™?,,
R3902,Jason C,,
R3903,PRESIDENT TRUMP WON,,
R3904,Zeke,,
R3905,Jeanne C,,
R3906,Wayne Steinlein,,
R3907,Russ J Rampton,,
R3908,TransOdius,,
R3909,??????Rosemarie??????,,
R3910,America First Coachman,,
R3911,Unique,,
R3912,Chikacintli,,
R3913,KatzyAnn_5@yahoo.com,,
R3914,Mellomom2,,
R3915,??????????'?_?????G????_???????????????,,
R3916,todd jackson,,
R3917,Larry Luv,,
R3918,Greg Todd ???,,
R3919,Elisabetta Piqué,,
R3920,Animichael,,
R3921,Lenny,,
R3922,Josh/ElevatedMugetsu,,
R3923,Mary l,,
R3924,Preston Akromis,,
R3925,Baevip5’4,,
R3926,Kimberly Purtill,,
R3927,Timothy Williams,,
R3928,Sandi Sarno,,
R3929,Trump 2024 ????????????????????,,
R3930,JSGaetano,,
R3931,Captain Stu,,
R3932,JuicyJuuce,,
R3933,hot rod ?????,,
R3934,Cher Lord,,
R3935,Professional Ganesha,,
R3936,Blake Adams,,
R3937,Biard MacGuineas,,
R3938,Heather,,
R3939,F X ??,,
R3940,Zim,,
R3941,Lety,,
R3942,R2DHue ?? ? ??,,
R3943,USA ???? TRUMP 2024 ????,,
R3944,MB SFLYT,,
R3945,Patti Rivers??????,,
R3946,Don Johnson,,
R3947,widged,,
R3948,KnottBob,,
R3949,HoodConservative,,
R3950,Orange Wave 24,,
R3951,Keith Kolich,,
R3952,Eileen,,
R3953,Tami Trump,,
R3954,leawsome9??????,,
R3955,Seven Spanish angels,,
R3956,Bob Haessly,,
R3957,Colin,,
R3958,marley cooper,,
R3959,kathleen  price,,
R3960,TAKE BACK THE PANAMA CANAL,,
R3961,JustTess ????VOTE BLUE????,,
R3962,kryptos,,
R3963,Aimee,,
R3964,Chris Niland,,
R3965,Judicial Corruption is Everywhere,,
R3966,Robyn O'Donnell,,
R3967,Allie C,,
R3968,Jesse,,
R3969,Maria Lopez,,
R3970,Steve Levin,,
R3971,Anne Ballentine,,
R3972,Wow girl??,,
R3973,Trump Devotion Syndrome TDS,,
R3974,(((Quite Openly Jewish))) ??,,
R3975,Good vs Evil,,
R3976,Edward Paeschel,,
R3977,Tina Harris,,
R3978,Trump Has Won In A Landslide v3.0,,
R3979,Belikebill,,
R3980,Eddie O,,
R3981,Ma?gorzata Oziomek,,
R3982,Dee,,
R3983,Stan Speer,,
R3984,Pounce de León,,
R3985,Smitty??,,
R3986,DeplorablesNJ,,
R3987,The UNYQUEEN,,
R3988,Odawg1981,,
R3989,Jimmy Nash ????????????,,
R3990,MagMan,,
R3991,El Nacional,,
R3992,Buckie Rogered ?? #together??,,
R3993,RedChick BlueState,,
R3994,Gentry of the Century??????,,
R3995,Hammancheez,,
R3996,tony delewese,,
R3997,Rachel,,
R3998,??Angel-atTimes??,,
R3999,Lars,,
R4000,Seamus Von Mulsow,,
R4001,Herbert Holzbauer,,
R4002,Jim Jennings,,
R4003,Athena,,
R4004,Korzzo????????????,,
R4005,4TrumpNTulsa,,
R4006,Richieblue,,
R4007,??ike ??onroe,,
R4008,OC MILITAINMENT TV,,
R4009,Ronald Trump,,
R4010,Lone Star American,,
R4011,Sauron’s Private Attorney,,
R4012,Mrs Crown,,
R4013,Ron Stauffer,,
R4014,Trump Justice,,
R4015,TakingOutTheTrash,,
R4016,Jean-SPCL,,
R4017,ME,,
R4018,Cry-Tard Hunter,,
R4019,Drivewayhawk,,
R4020,sushisucker1,,
R4021,Rhonda Petrella,,
R4022,Alexander,,
R4023,Sandy Bass,,
R4024,Jeff Patterson,,
R4025,Wizeguy,,
R4026,CallMeFloyd.ETH,,
R4027,Spring because after WINTER comes ??hear me ROAR,,
R4028,WrestleZone,,
R4029,Jeff Palmer,,
R4030,EagleEye,,
R4031,Donald J. Trump the real President 2020-2024.,,
R4032,Sam Quiros ????,,
R4033,"????????Mekupelet3, MD????????",,
R4034,patrick,,
R4035,Art Cheater,,
R4036,Daddy's Boo,,
R4037,cliff,,
R4038,Poundcake,,
R4039,Trashy Trump Supporter ?????,,
R4040,tim mason,,
R4041,Save The World,,
R4042,Gypsy B,,
R4043,Hanne Stenstad,,
R4044,TaceGod,,
R4045,Oblivion,,
R4046,Master Jedi (Jon) ???? ??????,,
R4047,Wandy Arce ??,,
R4048,Philip,,
R4049,Belinder,,
R4050,lennyandcompany,,
R4051,K,,
R4052,POOKIE FOR TRUMP ??,,
R4053,Heidi ????????????,,
R4054,Eduardo Preciado,,
R4055,JOSE,,
R4056,ChrisUniverse ??,,
R4057,Michael Tubbs,,
R4058,Stephen Brandt,,
R4059,ReneeLouise.eth ????,,
R4060,jim grady,,
R4061,Walter Sobchak,,
R4062,DELREYGUY,,
R4063,Gilles C.,,
R4064,Patty Van Ha,,
R4065,Robert Thornton,,
R4066,Trust,,
R4067,Melvyn Wright,,
R4068,joan,,
R4069,Earn My Vote,,
R4070,winaz!,,
R4071,B3Percenter,,
R4072,gbl,,
R4073,Cheesed Hammer,,
R4074,Paul Villarreal (AKA Vince Manfeld),,
R4075,Pajarito de Soto,,
R4076,Fran Riedemann,,
R4077,Achala Jethmalani,,
R4078,Annie RU Ok,,
R4079,JNC,,
R4080,Trump Posts on ??,,
R4081,Wealth Turtle ?? ??,,
R4082,TimeStamper ?,,
R4083,??????????????Jackie (Kaoticsocialist on BLSKY),,
R4084,Dave Nicholson,,
R4085,Just My Opinion,,
R4086,My Dogs Name Is Katie,,
R4087,??OLD GRAY WOLF??????????????,,
R4088,Joyboy ?,,
R4089,100% Buckeye 4ever,,
R4090,????,,
R4091,ClarkeBlue,,
R4092,Michael Torres,,
R4093,Elena Corti,,
R4094,MAGA Ceci,,
R4095,???? Ed Hunter,,
R4096,Cathy Crowe,,
R4097,Brian ????,,
R4098,Nick Watts,,
R4099,Steve Christy,,
R4100,Biff Smallberries,,
R4101,georger,,
R4102,PatrioticEagle,,
R4103,Granny V,,
R4104,Jr.. Bengals. Reds. Bearcats. I Voted For This,,
R4105,xxxMAGABELEIVERxxx,,
R4106,Mr. PYG,,
R4107,Amber For Fair Justice For ALL,,
R4108,Mac,,
R4109,Jon Furda,,
R4110,Trump 1????Amylynnn,,
R4111,Loralie Hursman,,
R4112,Michael Fairbanks,,
R4113,Anne,,
R4114,Pepperz,,
R4115,Hajji A. Davis (Wokest Woke Anti Trump Leftist),,
R4116,Peter Rondash,,
R4117,Ruben Garcia,,
R4118,John Dowson,,
R4119,jeromatherapy,,
R4120,Melanie Hutchinson,,
R4121,RobinFitzsimm10,,
R4122,Steven Kirk,,
R4123,???QueenBee???,,
R4124,Michael Joseph Murray,,
R4125,Bernard Joyce,,
R4126,Berezino Bandit,,
R4127,BaEZeRA²?²?,,
R4128,Ajo,,
R4129,Leah,,
R4130,PClaflin,,
R4131,MkeMom,,
R4132,blairmc,,
R4133,Mint Master Crit,,
R4134,Bojanglesbojangles,,
R4135,????T.Parker????,,
R4136,Perceptron?,,
R4137,Dumb F Caller ??,,
R4138,Red5oul,,
R4139,James Alley,,
R4140,PPopePeK,,
R4141,trafal1357,,
R4142,Midwest Mary,,
R4143,Lisa Mondello,,
R4144,GreatQuake,,
R4145,Trump Enjoyer,,
R4146,Dodo ????????,,
R4147,Jill Brannan,,
R4148,azulitooo ?,,
R4149,Capt Gongshow,,
R4150,Ben Banklin,,
R4151,andre diedhiou,,
R4152,??????Richie Trump,,
R4153,always&forever,,
R4154,Apexpredatory,,
R4155,Bye,,
R4156,Trump Chihuahua,,
R4157,Art Vandelay,,
R4158,Wavy??,,
R4159,Steve Rhodes,,
R4160,HAH,,
R4161,(((Yuval David))),,
R4162,Trump/Vance????TRUE AMERICAN PATRIOT Ticket??????,,
R4163,Stephen Luongo,,
R4164,@michaelrvw1,,
R4165,Clingdaddy,,
R4166,Clint Eastwood LXIX,,
R4167,JoeKon1,,
R4168,The Dude,,
R4169,Denise??MAGA EXTREMIST (2nd account),,
R4170,?????????? ?????????????? ????,,
R4171,Dogmom. WeThePeople LOVE PRESIDENT TRUMP#47,,
R4172,Julien OBoul,,
R4173,Stephen Rega,,
R4174,smm,,
R4175,Mountain Mama,,
R4176,Delmas Didier,,
R4177,"Seun Okae ???? ???? ??x????, ??x????",,
R4178,Richard Smit ??????????????????????????????,,
R4179,bobby putman,,
R4180,Lost at Sea,,
R4181,Lily,,
R4182,Just Joe,,
R4183,Bori????WO??,,
R4184,Rich Allenser,,
R4185,Rohan Patel,,
R4186,unregulatedspeech,,
R4187,Gerard,,
R4188,Oldageandtreachery,,
R4189,Robert L. Peters,,
R4190,Viktory ????????????????,,
R4191,CMO2go,,
R4192,HaveYouSeen,,
R4193,Jean G Whitney,,
R4194,Mark Bess,,
R4195,Jake Duesenberg - Truth Hurts Show,,
R4196,Cutris,,
R4197,Rocky Flintstone,,
R4198,Crypto Cay ????,,
R4199,Michele W. Miller (also Michele Weinstat Miller),,
R4200,Dalene Stadler,,
R4201,Cameron,,
R4202,Ioaferhead ????,,
R4203,MAGA made me start voting Democratic,,
R4204,Sheryl Payne,,
R4205,Ibrahim Reyes,,
R4206,"Dr. Howard R. D. Gordon, MPH",,
R4207,Sarah Reese Jones,,
R4208,Lennox Bennett,,
R4209,Scott Aller,,
R4210,Lawrence Richardson,,
R4211,Corvex,,
R4212,Jinx,,
R4213,#Banner18,,
R4214,laboitex,,
R4215,John Shepherd & Stephen ?? ?? ? ?? ?? ???????? ??,,
R4216,MAI AnDong $8,,
R4217,Triley Cross,,
R4218,Debbie Ball,,
R4219,ALEX,,
R4220,Pammy  ??CHOO CHOO??,,
R4221,Sleepysb,,
R4222,Uri (TETO DAY IS EVERYDAY),,
R4223,Noble Predictive Insights,,
R4224,Larry P. ??,,
R4225,Mike Meyers,,
R4226,James Henry,,
R4227,charles willis,,
R4228,Shane,,
R4229,The Conservative Thought,,
R4230,Peter Panda,,
R4231,Impeach Trump a 3rd Time!,,
R4232,WayneOfPayne,,
R4233,Disciple of Jesus,,
R4234,Union_Freax_OOG,,
R4235,Sooner1,,
R4236,Ray Holybee,,
R4237,LaMomma,,
R4238,DFarkle 2020 (Trump 2024),,
R4239,Mrs. Pepperpot,,
R4240,Trump Taj Ma Wall,,
R4241,irishgirl4ever,,
R4242,Joyce Adams,,
R4243,Evan Parsons,,
R4244,Dom 7,,
R4245,Robert Armour,,
R4246,de Vere,,
R4247,J?KE,,
R4248,Tattooedpain,,
R4249,davey5311 ???? ???? ????????????????,,
R4250,Genius Parks,,
R4251,O Pacheco,,
R4252,Angie Rios,,
R4253,Silence DoGood,,
R4254,sean,,
R4255,???????????? We The People ????????????,,
R4256,Palmer's Member( ask trump),,
R4257,Eva Helena Persson,,
R4258,Attina FFXIV,,
R4259,Fortune Meshchain.Ai ?||? DeSpeed ?||?,,
R4260,Mandi,,
R4261,@Tesla Tesla,,
R4262,Sandra Nicacio ????,,
R4263,BMA????,,
R4264,PC Guy,,
R4265,mountainviews,,
R4266,Plugged in news,,
R4267,Felix Felix,,
R4268,Karthik Ramaswamy,,
R4269,#MeMyself&EyeRolls,,
R4270,Judgy67,,
R4271,Trinity,,
R4272,Marcelo,,
R4273,Qazeem,,
R4274,bella4001,,
R4275,Stone,,
R4276,crimsonbelle74 ????,,
R4277,DonaldTrumpsHugeArse,,
R4278,Christine Torres,,
R4279,Dean,,
R4280,?,,
R4281,Velo,,
R4282,Maverick,,
R4283,???? PITT Penn Mom ????,,
R4284,CatAsTrophy,,
R4285,Moe,,
R4286,Anita Jenkins,,
R4287,KJ Wetherholt,,
R4288,Heather Thomas,,
R4289,Cuzza Muzza ????,,
R4290,Michael Marro,,
R4291,Mark Simmons,,
R4292,Johnson,,
R4293,Wren,,
R4294,MAGAMOM?????????,,
R4295,JD Vance's Eyeliner,,
R4296,Darko Groyper,,
R4297,Maurelis,,
R4298,Lulu,,
R4299,Fromafar,,
R4300,judyann451,,
R4301,JD Vance Vance Revolution,,
R4302,warytrader,,
R4303,Susan Wilson ????I Stand With Ukraine ????,,
R4304,Sports Fan,,
R4305,Real Campus Conservative ??????,,
R4306,Roman latoski sr,,
R4307,adelfa,,
R4308,John Orlando ????????,,
R4309,Livy??*Butterfly Sniper*,,
R4310,Donna W,,
R4311,Duruji Magnus,,
R4312,Tracy Becker????????,,
R4313,JPResse,,
R4314,JD Vance’s Couch,,
R4315,????????Todd????????,,
R4316,EZ,,
R4317,Larkspur 58,,
R4318,Dena Fredrickson,,
R4319,Joy Dudley Mullins????????????,,
R4320,RADIO RIC,,
R4321,America Primero,,
R4322,annned,,
R4323,raw2016,,
R4324,Linda Brown,,
R4325,ImmeforwhoIam???? America first,,
R4326,AF Groyper Max+,,
R4327,Lalo.A,,
R4328,Ryan Byrd,,
R4329,Stand Up For Truth,,
R4330,Janice bailey,,
R4331,jewel,,
R4332,Christopher Dickey ??,,
R4333,Mike Hertz,,
R4334,Cheryl Sandecki,,
R4335,Doug,,
R4336,LTD ??,,
R4337,Binggreen,,
R4338,Danielle Lambert,,
R4339,Election Integrity & more,,
R4340,Jim Chérizier,,
R4341,toddlambert.com @ ??,,
R4342,PAMELA HENSLEY????,,
R4343,les deplorable ????????,,
R4344,Cheryl L Abbate??????,,
R4345,The_Americat3 ????,,
R4346,@commonlogic71,,
R4347,Cheryl Craigo,,
R4348,Geri McClimens,,
R4349,"JD Vance, Supreme Holy God-Emperor of Earth",,
R4350,Marilyn Wallis,,
R4351,Zaphod Beeblevaxxed,,
R4352,d0n77ru57,,
R4353,oTTo & Nairb,,
R4354,Seed Oil Drinkers Against JD Vance,,
R4355,Miltiadis,,
R4356,Eric J. Williams,,
R4357,judy Thomaswick,,
R4358,YoursINegritude,,
R4359,Let’s go Brandon! ??????????,,
R4360,Linda,,
R4361,JayB,,
R4362,Diana Says!,,
R4363,Catsy__cats4women'srights,,
R4364,Luisito,,
R4365,Mike Walker,,
R4366,usnaw90,,
R4367,jude,,
R4368,Lucky Molly,,
R4369,PEAcock,,
R4370,Gillis9Rose,,
R4371,SeekTruth,,
R4372,jeffmoore,,
R4373,DJT4Lyfe,,
R4374,Micaela,,
R4375,Brenda,,
R4376,pizzmoe™,,
R4377,Win4723,,
R4378,Mahasen DeSilva,,
R4379,Plunderbund,,
R4380,Frankie T,,
R4381,jerry bilodeau,,
R4382,MAGArita Quiteria,,
R4383,Peggy Keil,,
R4384,Just Me,,
R4385,Kubas,,
R4386,MagaMomma,,
R4387,Nancy Martin,,
R4388,Dijana Stanic,,
R4389,TREE-WOKE-AF,,
R4390,I'm just here for the ambiance,,
R4391,Kris Maon????????????,,
R4392,Suzanne Guggenheim ULTRAMAGA ???? NEVERGIVEUP ????,,
R4393,Bee??Green????,,
R4394,HardyOnTheBeach??,,
R4395,Jon Nichols,,
R4396,RaptorR700,,
R4397,Damian Ranger,,
R4398,The Resistor Sister®???????,,
R4399,Public Observer,,
R4400,The Right is Wrong AF @therightiswrongaf.bsky.soci,,
R4401,"Junkybuns, I don't like you either",,
R4402,postcon,,
R4403,Russell Drew,,
R4404,J Sadowsky,,
R4405,Meidas Rick ??????????,,
R4406,skybluemarguerita,,
R4407,Howard Snooks,,
R4408,InGoodTrouble,,
R4409,Michael Eddy,,
R4410,Fokoleta Fokoleta,,
R4411,Tony Printz,,
R4412,Christopher Columbus,,
R4413,joe allen,,
R4414,Jennifer Slayer,,
R4415,Robin Duemke,,
R4416,"AvaArmstrong,????Author",,
R4417,Donna Featherstone,,
R4418,Kim Eckert??,,
R4419,Based Illinoisan,,
R4420,Sally Lamore,,
R4421,ed,,
R4422,Secret Wanderer ??????????,,
R4423,Alex Thompson,,
R4424,Horace Augustine,,
R4425,Claudia S,,
R4426,JD Vance (Parody),,
R4427,DAR_AUG,,
R4428,ULTRA MAGA AMERICAN POLLY,,
R4429,????AllTheOtherGoodNamesAreTaken????,,
R4430,On the run,,
R4431,OH,,
R4432,SMT,,
R4433,Jameson2,,
R4434,Nancy Chester,,
R4435,Sandy Taylor,,
R4436,?RYLEIGH?,,
R4437,@Jerry Blowers @brexitfx,,
R4438,JD Vance,,
R4439,VanceCoin,,
R4440,Dav Castaneda,,
R4441,#Fool’sTalk,,
R4442,Greatone,,
R4443,????Jackie24????,,
R4444,MrCastle,,
R4445,TS Nelson,,
R4446,Matt Couch,,
R4447,Julie McMillian ??,,
R4448,KLSG23,,
R4449,Dan Sadler,,
R4450,Freereign,,
R4451,John Ekonomou,,
R4452,Shepherd,,
R4453,Grrriff??,,
R4454,Peaches,,
R4455,"Tara Dublin, Rock Star Author & Podcast Host",,
R4456,Nick Kayal,,
R4457,Randy Meyer,,
R4458,RavenLight,,
R4459,25 bravo,,
R4460,Ibe,,
R4461,Ken,,
R4462,carolyn camp,,
R4463,Susan Anderson,,
R4464,Richard Andrew Pera ??,,
R4465,Lawrence Hurley,,
R4466,Anthony Verna (no blue check mark),,
R4467,Slippy Field M.D. Esq. (field with slips),,
R4468,ana10g,,
R4469,Sandra Kicklighter,,
R4470,The Patriot Oasis™,,
R4471,??Justice?Now ??????,,
R4472,Evrafter,,
R4473,Martin000008,,
R4474,Justice S.,,
R4475,S,,
R4476,Mamma B,,
R4477,J Andrews,,
R4478,Kamala HQ,,
R4479,Reggie,,
R4480,Cher Freedom,,
R4481,Komrade Konrad,,
R4482,A??????M???™®,,
R4483,Jim Weldin,,
R4484,cerwinlive,,
R4485,DAWN JOHNSON-RUSSELL,,
R4486,Sean Donovan,,
R4487,Michael ??????????,,
R4488,Twisted,,
R4489,TDJ,,
R4490,Michael Hustus ????,,
R4491,lillycat821,,
R4492,Joseph De Rosa,,
R4493,E W STIGGS ?? #MAGA??#bitcoin #Buythedip,,
R4494,Joewo01,,
R4495,Traditionalism For America,,
R4496,Denise1222,,
R4497,Patriot_Steve #IStandWithTrump,,
R4498,Buckeye Girl,,
R4499,A Blue Dot on a Blue Planet,,
R4500,Melissa Shaw,,
R4501,Yvonne Smith,,
R4502,BTFD,,
R4503,Ron Mexico,,
R4504,Scott Morefield,,
R4505,Fifilaroach,,
R4506,Wilbur,,
R4507,Free Speech is a Minority Right,,
R4508,Zerofox Levtogiv,,
R4509,Nola Yovich,,
R4510,Helen,,
R4511,CAPTJAY,,
R4512,Estifonio,,
R4513,sweetdee??????????????,,
R4514,Gorn,,
R4515,Diane Howe,,
R4516,Wes,,
R4517,"amy rothenfeld: proud dem, vote blue????????",,
R4518,J. D.,,
R4519,Vince F,,
R4520,David Wheeler,,
R4521,Lynn Nicholson,,
R4522,Cruz’s Missing Spine making America DRUMPF again,,
R4523,Nunya Bizness 1776???? TOM,,
R4524,Jordan,,
R4525,Shelly Haselrick,,
R4526,Trenton ™?,,
R4527,curtis hiott,,
R4528,Stop,,
R4529,1stSgt of Marines,,
R4530,BadgerGuy,,
R4531,Freedom Fighter,,
R4532,Zaheer,,
R4533,CyBeast,,
R4534,Peanut,,
R4535,D,,
R4536,ReneeS????,,
R4537,TheRealDeal??,,
R4538,Gabriel Iacoboni,,
R4539,Lying interlopers and felons are in The WhiteHouse,,
R4540,Marcos Aurelios,,
R4541,DJ,,
R4542,Cindy,,
R4543,nate l ??????????????????????????,,
R4544,Jeff Hall,,
R4545,Lynn,,
R4546,LissieB,,
R4547,SandiRF,,
R4548,Roch9339????,,
R4549,tpljr,,
R4550,Pat Doherty,,
R4551,Adam Lee,,
R4552,Lucy Newton,,
R4553,Joseph Smith,,
R4554,BigMom,,
R4555,Edith Morales,,
R4556,????KTP NJ Woman,,
R4557,FREEDOM WARRIOR ????????,,
R4558,Quinn Sysmith,,
R4559,Heather Cordasco,,
R4560,KConservanurse,,
R4561,Harley King,,
R4562,Doc...,,
R4563,David B1boomer,,
R4564,Tariffron LeScamtis,,
R4565,FoxyFarmer??????,,
R4566,Kelli ??,,
R4567,Mr Samson,,
R4568,??Bond...Eva Bond is back??,,
R4569,LADYZ,,
R4570,Nathan Greene,,
R4571,Occidentus,,
R4572,Red Thistle,,
R4573,stormtrooper,,
R4574,Siris,,
R4575,Nathan Tocco,,
R4576,34 JasonDvorak6 (Dillingham Watkins)???????????,,
R4577,Subedei,,
R4578,Melissa ???? ????,,
R4579,APRIl sCOTt #TEXIT,,
R4580,mike grit,,
R4581,Minuteman ?? ????,,
R4582,1 Conservative Mom??????????,,
R4583,Bar b,,
R4584,Free State of Van Zandt,,
R4585,Loren ??????,,
R4586,Matthew J. Kirk,,
R4587,Kim Opperman~ Public Figure,,
R4588,Nick Brownfield,,
R4589,Atari Overlord,,
R4590,Leo Fayard,,
R4591,@zmotonmesa,,
R4592,Net Bee,,
R4593,@297_Aruba_Lover,,
R4594,Logan Dailey,,
R4595,????Deplorable Dawner????,,
R4596,RLatimer,,
R4597,RJ Zimmerman,,
R4598,JD Vance’s Sephora plug,,
R4599,Simon Jester 531,,
R4600,JD Vance 2028,,
R4601,$VENCE Community Solana,,
R4602,Comrade Mal Kudanis,,
R4603,Libbey Dean,,
R4604,Cathyanne Martin,,
R4605,Gwen Moody,,
R4606,Carol Lucero,,
R4607,griffa072 ????????,,
R4608,CDeezNaughts,,
R4609,Mayerlin Viveros Quiroz,,
R4610,Elmer Spud,,
R4611,Saltyminion,,
R4612,Ronda Jackson,,
R4613,Not a Fan of Liberals,,
R4614,Let's clean up DC,,
R4615,Kingdaz28,,
R4616,Cascade Bear,,
R4617,Carrie,,
R4618,Kelly Girl ??????????????,,
R4619,Jim Rankin,,
R4620,Will Curley,,
R4621,Aaron M Wells,,
R4622,B3ASTXL,,
R4623,jd vance’s couch cushion,,
R4624,Stacy Bacon????????????,,
R4625,Alan F Jr,,
R4626,J H,,
R4627,TheyMightBeBastards,,
R4628,Jack’s House ????Radio Free NAFO,,
R4629,NahBabyNah,,
R4630,Linda Gaskill,,
R4631,?????? Country Over Party????????????????,,
R4632,Ahmjus Ay'n,,
R4633,tucson bob,,
R4634,Ian Hansen ????????,,
R4635,Sharon,,
R4636,LionTC,,
R4637,Steve (Mladen) Renko.,,
R4638,conservativeinsights.net,,
R4639,andy collins????????????,,
R4640,Natalie Flick,,
R4641,Derick,,
R4642,"Fortunato (Tino)Tinoco, III",,
R4643,Holistic Health,,
R4644,PBS News,,
R4645,MJ3D - LEE mol?n labé,,
R4646,Branka Rosenfeld ??,,
R4647,JRio,,
R4648,Francis Marion,,
R4649,TJ Fighter4Freedom,,
R4650,Craig A. Cooney,,
R4651,W,,
R4652,Gary petboss,,
R4653,Dale Kingston,,
R4654,JD Vance Official,,
R4655,AHeintz,,
R4656,Savage Planet,,
R4657,Tim Hannan,,
R4658,Monica ????,,
R4659,Tim Savage,,
R4660,The Ultimate Critic,,
R4661,realfabi24,,
R4662,singin salkoc,,
R4663,Sue N ????????,,
R4664,Culture War Survivor,,
R4665,csd ????,,
R4666,Hessman Robert,,
R4667,Sandy Stedman,,
R4668,Lady Idaho,,
R4669,FrankRW,,
R4670,Dorin Popa,,
R4671,Arthur,,
R4672,Twitoris.,,
R4673,Heri Wittine,,
R4674,Bobbie Denney,,
R4675,BobertSubtle,,
R4676,ET Cooley,,
R4677,Mary B Risher,,
R4678,Paul ???? ????,,
R4679,corey,,
R4680,Kan_Do ????????????,,
R4681,Jen Eubanks,,
R4682,x,,
R4683,Tim Schreiner,,
R4684,Keith ??????,,
R4685,Chris P. Bacon,,
R4686,Facts & Furious,,
R4687,Tracy Tucker,,
R4688,Stinson,,
R4689,Beverly,,
R4690,kimmie,,
R4691,Zack,,
R4692,@1nampaboy,,
R4693,Jeff Simpson,,
R4694,Erik,,
R4695,JD Vance's Postmenopausal Cat Sitter,,
R4696,Cole (Mike) Watson,,
R4697,Joey Tranchina,,
R4698,"Mukund Gnanadesikan, MD",,
R4699,martysalo,,
R4700,James Madison's nephew,,
R4701,JP Sanders,,
R4702,Tony Rorschach,,
R4703,Joey,,
R4704,yerp,,
R4705,Edmund Blackadder,,
R4706,anabel campbell,,
R4707,Rodney,,
R4708,@HotPitFungus27,,
R4709,Rtgoddess2,,
R4710,MissCumbrianwalker1 #IStandWithsrael,,
R4711,Timothy E. Pickens,,
R4712,Christine Manly,,
R4713,JARG,,
R4714,Terri Tiedt,,
R4715,Miles,,
R4716,NeverGiveUp ????????????,,
R4717,DailyShot,,
R4718,Beck,,
R4719,Publius,,
R4720,FreightRaider,,
R4721,Fr. Paul,,
R4722,Austin Billyiard,,
R4723,Lisa Klein,,
R4724,Patrick Lumumba,,
R4725,Carol Thomas ???? ????,,
R4726,C. Dale Brittain,,
R4727,bobopapal,,
R4728,Liz Mair,,
R4729,Dexter Wright,,
R4730,rlyn,,
R4731,Martoma,,
R4732,Jeffrey Kahn,,
R4733,Nolan E. Scott,,
R4734,FionaHillsAccent,,
R4735,Adam Parkhomenko,,
R4736,Mr. Tengu,,
R4737,Helen Smith,,
R4738,ImpossibleK,,
R4739,Sam Schulman,,
R4740,Honey in Houston,,
R4741,V.Streifel,,
R4742,GeronL,,
R4743,Proudly Based. ??,,
R4744,SCMcGee Never Give Up On Hope,,
R4745,Mark Alkire,,
R4746,Rex Richardson,,
R4747,Jetcitywarrior,,
R4748,Foxwatcher@army.com,,
R4749,Dan Biehl,,
R4750,Care Bear,,
R4751,JD Byrider Vance,,
R4752,martee,,
R4753,CJ WALDON,,
R4754,Brian Swope,,
R4755,TucsonBlonde ????????,,
R4756,Charles seniceros Seniceros,,
R4757,Jeff Sykes,,
R4758,Dr. Susan Bushinski,,
R4759,Alicia Kessenich,,
R4760,Market Memetics,,
R4761,Merissa Hansen,,
R4762,@NewDayUSA,,
R4763,Original,,
R4764,Channel 1 Network News Worldwide,,
R4765,Ronin Eternales,,
R4766,The Reveille Herald,,
R4767,Lady Jane Grey,,
R4768,JD Vance Memecoin ETH,,
R4769,Destiny Hero Plasma???????? (Angry Arc),,
R4770,Dr. Jain,,
R4771,Eric Michael Garcia,,
R4772,D for D ????,,
R4773,JennyCohn ??? ??,,
R4774,Gavin Cooper,,
R4775,"Rob Boyd, Esq",,
R4776,Kevin Rainville,,
R4777,ladybug,,
R4778,ColleenF1957,,
R4779,Vicki Jaden,,
R4780,Generic US Voter,,
R4781,Hazerlight,,
R4782,bones,,
R4783,I.R. Cohen ? ???? ????????,,
R4784,Campbell,,
R4785,C. Anthony Null,,
R4786,Robert Elisberg,,
R4787,Lothar Hill,,
R4788,Mickey McWilliams,,
R4789,Margaret Coker,,
R4790,Richard H??,,
R4791,Ph??ng IN,,
R4792,?LisbethC-I-L by hate????,,
R4793,Kelly Ann,,
R4794,lisa m,,
R4795,ThumpForTrump3.0??,,
R4796,Plain white wrapper,,
R4797,Dora B,,
R4798,Christopher Devine,,
R4799,305Nole,,
R4800,Jim Raynor,,
R4801,Spiritualist,,
R4802,N. E. Golovin,,
R4803,Sentient72,,
R4804,Ramona Dula,,
R4805,Just Faith??,,
R4806,Mearl,,
R4807,lily lumpwich,,
R4808,Mr Yoyito mostly NAFO account,,
R4809,aeon,,
R4810,Azna’s Sword,,
R4811,??????AxionJAX??????,,
R4812,senschuh,,
R4813,Sweet Pablo,,
R4814,Sandy Cheeks,,
R4815,Ben Potter,,
R4816,Davis.democratic.club,,
R4817,David Suslenskiy ????,,
R4818,Jim Albertine,,
R4819,Ayesha de Queiroz,,
R4820,John Dandridge,,
R4821,The Poppicoque,,
R4822,the Righteousness of Christ,,
R4823,Ragnar Danneskjöld ??,,
R4824,?? The Liberal Conservative Heathen ?????,,
R4825,Menami Ryo_san ??? ?_??,,
R4826,Prometheus’s Revenge,,
R4827,edie,,
R4828,Dave Czaja unindicted citizen ????????????,,
R4829,Typewriters Quiet,,
R4830,emily morgan polaski,,
R4831,milkchaser,,
R4832,Alice Dusseau,,
R4833,Pro America Politics,,
R4834,Global Haber,,
R4835,Kirsten Slatko,,
R4836,CogniStrength ????????????,,
R4837,Lippy McGirk ???? ?? ?? ??NO DMs??,,
R4838,AI Bet Guru,,
R4839,JovanHuttonPulitzer™ ??? ?? ???? ????????!,,
R4840,Cthulhu Loves You,,
R4841,Sean O,,
R4842,Patrick O’Blivion,,
R4843,Maria Regina Shay,,
R4844,????TurtleDove™? aka @MichelleKatherineOrts on TS,,
R4845,Liz Sisk,,
R4846,Jackstraw,,
R4847,PageBoo,,
R4848,Random Thoughts from mlmucci.bsky.social,,
R4849,cameron keith lowes,,
R4850,Rocco,,
R4851,Ken G,,
R4852,Debbie Cooper,,
R4853,Michael Huggins,,
R4854,Chris Sosa,,
R4855,GOPwned,,
R4856,CaptainAldon,,
R4857,Jeannie M. West,,
R4858,Meryl Kornfield,,
R4859,No__Name????????????????,,
R4860,Leon Gustave Tenzin wangchuk Sergei Stuart,,
R4861,same handle on Bluesky,,
R4862,William Rowley,,
R4863,beleth,,
R4864,Texxas Jam,,
R4865,Marcos Grainger - @marcosgrainger.bsky.social????,,
R4866,@natedog155,,
R4867,jshay17739,,
R4868,Julie PopOut ?????,,
R4869,kami mihan,,
R4870,Rick S,,
R4871,Tomasina Molto,,
R4872,Mr. Yo,,
R4873,???? V?hlajndra,,
R4874,Beth MacLellan,,
R4875,Erika Ferrari,,
R4876,Weaponiz'd1,,
R4877,Resident,,
R4878,SWAY BLVCKavelli,,
R4879,Alain Trahan ????,,
R4880,Cubania Total,,
R4881,Brian Butcher,,
R4882,ShowMePotatoSalad,,
R4883,DesolateTotality,,
R4884,Niccoli ????,,
R4885,BetterDaysAhead2025,,
R4886,yanliujp??????,,
R4887,kat S,,
R4888,RV Patriots,,
R4889,LifeSkills,,
R4890,Kathleen Hoffman,,
R4891,Ol’ DocShaw???????? Ride or die with Trump,,
R4892,Bitterfly,,
R4893,Polly St George aka Amazing Polly,,
R4894,Ullr,,
R4895,informed by few,,
R4896,Kfir-Ariel,,
R4897,Ruth Woodford Sandon,,
R4898,Brandon,,
R4899,Soccer Dad ??,,
R4900,EugeneVDebs,,
R4901,smackemwhackem,,
R4902,USAlpha,,
R4903,Demetris Crawford,,
R4904,Laura Robinson,,
R4905,CSPAN,,
R4906,Politically Motivated,,
R4907,Lara ???? #WomenForTrump,,
R4908,California for Biden 2020,,
R4909,RA-Expression,,
R4910,toldyou,,
R4911,??QuirkyLlama,,
R4912,Dr. LittleBrownGirl ??,,
R4913,Voter,,
R4914,FUCK trump NFU2 ????????,,
R4915,Jaaa¥,,
R4916,Ronduh Santis,,
R4917,The Living Embodiment of Kendrick's Hate,,
R4918,???????Oshka ???????????? ??????,,
R4919,MVPolar Bear Pete Alonso,,
R4920,DelSanity,,
R4921,Mr. Smith,,
R4922,Toyota Yaris Varoufakis,,
R4923,Michelle_BYoung,,
R4924,JD Vance's Couch,,
R4925,JoJo,,
R4926,Tony Baloney,,
R4927,Mary Coates ??,,
R4928,Hopeful Theism,,
R4929,Mal Thomas,,
R4930,?? POLI.SCI.TI.ZEN for #HarrisWalz ?????,,
R4931,Pastor of Muppets,,
R4932,"What's a name, anyways?",,
R4933,Joe Eurell ?????,,
R4934,Simon Biddle,,
R4935,AtticusFinch,,
R4936,Elaine Veatch Morley,,
R4937,Constituent C (formerly Keystone Politic),,
R4938,Shapiro 2026 and 2028 ????????,,
R4939,Ketchup bottle repairman ??,,
R4940,Pink Patent,,
R4941,William Palmer,,
R4942,TURBOCHARGER,,
R4943,Eden E. Johnson,,
R4944,Jon Pike,,
R4945,NO---TO---COMMUNISM---MAGA,,
R4946,Rose ?? Anzule ????,,
R4947,Jessico Bowman,,
R4948,The ULTRA Craftsman ????????,,
R4949,Steven Stark,,
R4950,yoni soprano,,
R4951,JMmotown,,
R4952,???? ??????? ???,,
R4953,Republic of FAFO,,
R4954,???????????,,
R4955,Isaiah Jackson Fan Club,,
R4956,Jimbobo,,
R4957,Sanity First ????,,
R4958,Julie Epley Davis,,
R4959,Jared’s Jacket,,
R4960,Mostly Peaceful Latinas,,
R4961,Windy Palmer,,
R4962,Margaret Miller,,
R4963,Stephen Xian ????,,
R4964,Xenoblade X era ??,,
R4965,Craig Nelson,,
R4966,Robert Michael,,
R4967,Howard ?. ??????????,,
R4968,Liberals Leaving,,
R4969,Tom Williams,,
R4970,Nana Donna,,
R4971,Hadassah M Cohen,,
R4972,Wendy Smith,,
R4973,Krysti,,
R4974,Lew,,
R4975,Lupo’s Dad ????,,
R4976,?? ????? - RBF ??,,
R4977,Marge Roussell,,
R4978,Jossy,,
R4979,QueenLaCheefah,,
R4980,Desantismander,,
R4981,Susan ????????????Resistor Sister!,,
R4982,UnitedWeStand????,,
R4983,sb,,
R4984,The Big Guy get 10%,,
R4985,Rachel Alexander,,
R4986,Michael Qualizza,,
R4987,Squirrel Nut,,
R4988,Kelvia,,
R4989,LoloBean,,
R4990,JMD,,
R4991,JustMe,,
R4992,St. Ignatius of Loyola Respecter Bot????????????,,
R4993,PatriotTakes ????,,
R4994,Philene Cashin,,
R4995,Brian O'Drinkin,,
R4996,VisuallyBetter,,
R4997,Mel | CR: Priory of the Orange Tree,,
R4998,Karl Fortner,,
R4999,Gramps,,
R5000,DaddyShark,,
R5001,JP Fox,,
R5002,Truth,,
R5003,Joseph Jewell stands with the people Palestine,,
R5004,TGV ENTERTAINMENT,,
R5005,Kaden Patel,,
R5006,Sister Toldjah ??,,
R5007,Rooted n routes,,
R5008,Wordsmith,,
R5009,Barbara Green,,
R5010,Tame Bear,,
R5011,Jeff H,,
R5012,Malory Archer’s Scotch ??,,
R5013,Reygo2 ??????????,,
R5014,Truth Matters,,
R5015,Xrrep,,
R5016,Hallmark has my heart(Susie)??????,,
R5017,Sean Mitchell ???? ????,,
R5018,MotorMac76,,
R5019,Joe battista,,
R5020,Mitt,,
R5021,poppy,,
R5022,Foxfur,,
R5023,James Katchen -,,
R5024,JD Vance's Wins,,
R5025,Rachel Jones,,
R5026,Fred Bauer,,
R5027,Tampon Tim!,,
R5028,Brett,,
R5029,PD Rod,,
R5030,Not today Satan,,
R5031,Buckeye Firearms Association,,
R5032,Rick Reed,,
R5033,"Karen P. Stevens PhD, RN, CNE",,
R5034,Gilda (Jill-duh),,
R5035,Phatkez,,
R5036,kym dusek,,
R5037,Randyluv,,
R5038,Rob DenBleyker,,
R5039,CashDeplorable,,
R5040,BTEric,,
R5041,Wilson,,
R5042,Noël,,
R5043,Brent Cutburth,,
R5044,Joe ??% ???? ????,,
R5045,Jordon Jindra,,
R5046,Bobbie,,
R5047,nerdnfter.sol,,
R5048,Americanparent2,,
R5049,Savannah,,
R5050,Vivian DeGrave,,
R5051,Patty G,,
R5052,Lucy????????,,
R5053,dennis,,
R5054,Lester McClintock,,
R5055,Kris in Hawaii,,
R5056,Amy G Dala,,
R5057,mike haas,,
R5058,Carlos Locatelli,,
R5059,Cecilia Calabrese,,
R5060,TheHeb ?????,,
R5061,RedHat??????Queen,,
R5062,Michelle Michelle,,
R5063,josette caruso,,
R5064,TNendzone,,
R5065,Jeffrey Levin ????,,
R5066,Joshua Willis,,
R5067,Steve H,,
R5068,i vote Democrat because I’m American,,
R5069,Todd Haden,,
R5070,Belle,,
R5071,jstlk,,
R5072,Shade,,
R5073,Tobysmypup,,
R5074,Just a random dude,,
R5075,JOLLYROGER,,
R5076,Malcolm Middle,,
R5077,SeptemberV ???? ????,,
R5078,The OPEN Daily,,
R5079,Average GOP,,
R5080,drdej,,
R5081,Chudi Obi,,
R5082,J. Velasco,,
R5083,Lainelaine66 ??????????,,
R5084,mazie brougher,,
R5085,Bill Labovitz,,
R5086,Jared's Thumbs ????????,,
R5087,Abdurahman Hassan,,
R5088,danny 28,,
R5089,SpaceCadet,,
R5090,Swiggy_87,,
R5091,Kenneth Wells,,
R5092,Lassie,,
R5093,????MSgtBill1976????,,
R5094,JustTheFacts ??????,,
R5095,Bambino21,,
R5096,Carolyn Eastaughffe,,
R5097,Anita Zike,,
R5098,"Trickle-Down Failed, Tax the Rich",,
R5099,Nor-Cal Granny,,
R5100,Astro Corgi,,
R5101,SLAVA UKRAINI .... To the heroes — glory!,,
R5102,??Rhonda ~,,
R5103,Ben Stephens,,
R5104,Willy Pete,,
R5105,Ret Paladin,,
R5106,TheLizVariant,,
R5107,Kevin K,,
R5108,ACO,,
R5109,Girl Father,,
R5110,mary a martin ??????????,,
R5111,Lori Glascoe,,
R5112,John Burkhart,,
R5113,Jofbold,,
R5114,Helen Self,,
R5115,Ruby Ranger,,
R5116,Jeremy’s Razor ??,,
R5117,dlh2409,,
R5118,Robert V.,,
R5119,Johnny be fella,,
R5120,"V, Dutch Mermaid ??",,
R5121,KenK,,
R5122,SewAlways,,
R5123,VoteVets,,
R5124,Sheryl Coyne,,
R5125,NBC10 Philadelphia,,
R5126,Father Groyper,,
R5127,OneShot,,
R5128,Jeremy Murphy,,
R5129,TexasGunpowderParty,,
R5130,Brent Boveington,,
R5131,The Realest Mamma Jamma,,
R5132,Ellen Atkinson,,
R5133,Kerryvotesblue…period,,
R5134,Eric Russell ??,,
R5135,Cape Codder,,
R5136,MEWNMAN,,
R5137,ash ??? ??,,
R5138,Lobo??????????,,
R5139,Viscount,,
R5140,Byron Pureblood??,,
R5141,Neal,,
R5142,JoeZee,,
R5143,El Mesías de Cuba ????????????,,
R5144,fantome1307@yahoo.com,,
R5145,Caroline deMent,,
R5146,Christopher Wisehart,,
R5147,Bungalow Bill,,
R5148,Jane,,
R5149,mhesham,,
R5150,JDeezeNuts ????????,,
R5151,Vonnie932,,
R5152,??????Pink Lady 4 Trump??????,,
R5153,MyAMERICANVoice,,
R5154,Don Mans,,
R5155,Samuel Miller,,
R5156,Mer,,
R5157,Taleena Koch,,
R5158,CBS Philadelphia,,
R5159,Fookin Chookay ?????????????????????????????????,,
R5160,Thomas G.,,
R5161,Chris T. Bonjour,,
R5162,asparagus,,
R5163,CRIME PAYS!,,
R5164,June Stone,,
R5165,becca harrison,,
R5166,Yaffa88,,
R5167,ChriswaitforitBailey,,
R5168,Hank W,,
R5169,???????????? ??????????????,,
R5170,Concerned Citizen,,
R5171,CJ,,
R5172,Eileen Lundin,,
R5173,bocacatlover,,
R5174,Calypso?? I want my country back! ????????????,,
R5175,Kat E. Erikson,,
R5176,Justin Forsythe,,
R5177,Sandra A. Besser,,
R5178,GOPAWOKEN,,
R5179,Tim Hilliard,,
R5180,JustJared.com,,
R5181,Scott Courville,,
R5182,slakr23,,
R5183,Jo Ann Bailey,,
R5184,SICK MACHINE,,
R5185,kayla nebraska,,
R5186,Spil,,
R5187,clynn,,
R5188,BrianG,,
R5189,Real America's Voice (RAV),,
R5190,Beard Vet,,
R5191,Paul the other one...,,
R5192,Mrs T,,
R5193,Building a Dream in LBC,,
R5194,Dylan Young,,
R5195,sue davis,,
R5196,Norma Jean,,
R5197,48ona2006,,
R5198,Jo Dozier-Latino,,
R5199,???????????????????? ( His Majesty/His Majesty's ),,
R5200,Near Master Flex,,
R5201,Candace Beck,,
R5202,BlogLife,,
R5203,Axle Brandenburg,,
R5204,Good Thoughts Now,,
R5205,Lars Hanon,,
R5206,Kyle Doty,,
R5207,terri kwas,,
R5208,Billy Budd,,
R5209,Luis Otero,,
R5210,iamundertow,,
R5211,Justin Spicer,,
R5212,Marlyn Robinson,,
R5213,J P Chamberlain,,
R5214,Dan Ansome Handsome,,
R5215,AznEriC,,
R5216,Diane N Sevenay (parody),,
R5217,Robert McCarthy #CureCysticFibrosis,,
R5218,SaltyCityFella,,
R5219,Kathleen Tappa,,
R5220,Marsha,,
R5221,Republican ????,,
R5222,GT SD Jack’s ????,,
R5223,RDunn,,
R5224,?•?•? the average bear,,
R5225,Brenda ??????,,
R5226,Teacup pig,,
R5227,getgroyped,,
R5228,Ralph Siwundhla,,
R5229,??Lobster Boyardee??,,
R5230,FourWheel Camper,,
R5231,WSWShadow,,
R5232,nonyah,,
R5233,We Love Losing™?,,
R5234,Cypher Cicada ???,,
R5235,Monte J,,
R5236,Puesto Loco™,,
R5237,David Marko,,
R5238,JTD ????????,,
R5239,Jason Thomas ??,,
R5240,Terri hudson lenoir,,
R5241,Republicans are crazy,,
R5242,Richard Escareno,,
R5243,Billy Joe Cactus,,
R5244,Drunk-X-sting,,
R5245,Bri @TheChauffeur3.bsky.social,,
R5246,RPW,,
R5247,shelly ??????,,
R5248,Spumoni,,
R5249,Trump is a pedophile ??,,
R5250,"beth powers/MAGA (BETHPOWERS14) STARTED, ""HEY JOE""",,
R5251,TTRATS,,
R5252,Lisa LK,,
R5253,h9h9,,
R5254,Erin Burnett OutFront,,
R5255,V??,,
R5256,David Sohm,,
R5257,LekFenrir123 ?? ?,,
R5258,Nota10 ??????,,
R5259,@rube38279,,
R5260,M_Landstrom,,
R5261,Sober Riders/Wings of Change/Pro-Choice,,
R5262,Carl Hanopol Delos Reyes (New Account),,
R5263,Matthew Skolnikoff,,
R5264,Texas,,
R5265,SandraK,,
R5266,John in Nebraska ????????????,,
R5267,Nikkei Asia,,
R5268,Yiskah Chaya,,
R5269,wolfalohalani,,
R5270,Nancy R. Jones,,
R5271,gliding squirel,,
R5272,Asher Swiftmoure,,
R5273,Laura Doyle,,
R5274,Paroxycus ?????????,,
R5275,Jenny Haines,,
R5276,Jennifer Fatzinger ??????,,
R5277,MPLS_Muse,,
R5278,ValerianTX,,
R5279,The Indian Jesus | Lutch,,
R5280,Proud Elephant ??????,,
R5281,K. Coz,,
R5282,Inquisitive,,
R5283,Dalton Thomas,,
R5284,orchidee,,
R5285,Jack Scott - Business Consultant / Coach,,
R5286,Rob Bennett,,
R5287,Becki L,,
R5288,MelanieVA ??Dems Steal Elections,,
R5289,3 SEVERAL DAZE,,
R5290,Tristan Snell,,
R5291,Courtney Larsen,,
R5292,Soloman,,
R5293,patrick??????,,
R5294,Jenny,,
R5295,T9code,,
R5296,Blue Screen of Depth,,
R5297,Grady Schroeder,,
R5298,Txzen,,
R5299,Tradval,,
R5300,Michael Stone,,
R5301,Nasty Woman,,
R5302,Luke Ganje,,
R5303,Debra Mattila,,
R5304,Bonnie Fuller,,
R5305,Luna,,
R5306,Peace Messenger,,
R5307,Sahara Stevens ??????,,
R5308,Sing Sing,,
R5309,Agent Michael Scarn,,
R5310,Malia,,
R5311,Thomas E. Ricks,,
R5312,Lee West,,
R5313,GREMLIN,,
R5314,Tie Swindell,,
R5315,Dr. Cheeseburger,,
R5316,Official Brooks Lee Fan Club,,
R5317,Follow me for fun! Democrats are toast.,,
R5318,mary papenfuss,,
R5319,bigwhitelunchbox,,
R5320,Greg Jericho,,
R5321,GordanFrogMan,,
R5322,Samir,,
R5323,Tim St Pierre,,
R5324,Erin Sabol,,
R5325,So Much Winning,,
R5326,Daniel Rash,,
R5327,BR,,
R5328,J_Steinberg ???????????,,
R5329,Jen??,,
R5330,Pricecheck,,
R5331,Dossier-Truther,,
R5332,Red,,
R5333,NextSeason,,
R5334,Tasso,,
R5335,Emilio S Cot,,
R5336,The Notorious ROY G BIV,,
R5337,Tina Webb,,
R5338,Howard Greystone,,
R5339,Anthony Rosato,,
R5340,Ivanka Trump - Parody,,
R5341,Stares at Stars ????,,
R5342,The Hill,,
R5343,Mary Smith ??????,,
R5344,AnilVohra1962 ????????????,,
R5345,John O’Corn,,
R5346,T V,,
R5347,stitchy??,,
R5348,Jay Salem,,
R5349,y - John Riche,,
R5350,Isaiah Thomas,,
R5351,4 real,,
R5352,Donald Lindeman,,
R5353,Reality Matters-Whether You Believe In It Or Not,,
R5354,Wa wa,,
R5355,St George Frederick,,
R5356,fixnow,,
R5357,Wickit411,,
R5358,??The Duchess of Capricorn ??,,
R5359,Dawn-Marie ??,,
R5360,Ken #Trump2024 #AntiWEF #MAGA,,
R5361,MCCHKDR,,
R5362,Based Papa,,
R5363,Ty Smith,,
R5364,Bohemian Lady Edith,,
R5365,Lazy Nate,,
R5366,Adam Townsend,,
R5367,Eric Tveit,,
R5368,Detroit News: Nation,,
R5369,Ice Princess,,
R5370,Truly S. (notincleveland.bsky.social),,
R5371,SC??,,
R5372,Michaellb,,
R5373,Caroline Fogle,,
R5374,Convey96,,
R5375,Isiah Sanders,,
R5376,Kentucky hillbilly ??,,
R5377,Puck ?????,,
R5378,Danny Lloyd,,
R5379,Josh Kraushaar,,
R5380,Ciudadano ????,,
R5381,EL PATRIOTA TIMES,,
R5382,Margie Parsley ??,,
R5383,Nina,,
R5384,ObiFansOfficial,,
R5385,Amy B. Taylor ??????,,
R5386,Peter Elias,,
R5387,Josh Dunn,,
R5388,Words Matter,,
R5389,Drogon,,
R5390,Tinker ????,,
R5391,X-X!V''Q,,
R5392,Patrick Page,,
R5393,DoghouseWithBaddog,,
R5394,Denise Barham,,
R5395,Alec Hernández,,
R5396,Conservative Hawkeye,,
R5397,Amanda Terkel,,
R5398,The Prince of Nuance,,
R5399,KekeLynn2024,,
R5400,Tamlyn,,
R5401,Carey Shope,,
R5402,Cari,,
R5403,DeMarkis,,
R5404,Margaret Henzig,,
R5405,Stephen Norton,,
R5406,NorthIowaToday.com,,
R5407,Kelly Doll ????????????,,
R5408,?? Mike ?? ??????,,
R5409,shitter,,
R5410,LiveTube Alerts,,
R5411,l-taco,,
R5412,hono,,
R5413,Lucy in the Sky with Diamonds,,
R5414,Strachan Apostate,,
R5415,SuburbanDad,,
R5416,FreeThought Media,,
R5417,AMK,,
R5418,Nico for Texas,,
R5419,Shay,,
R5420,Go Bears!,,
R5421,Willie Brown,,
R5422,L.A ??????,,
R5423,Thomas Makin,,
R5424,candadduh,,
R5425,Ulrich Ulfhednar,,
R5426,Chadwick ????,,
R5427,Libby Spencer,,
R5428,offSZN! (0-0),,
R5429,Rezdain ??,,
R5430,blue_psycho,,
R5431,PatriotForEver,,
R5432,Doug Hall,,
R5433,SW ???,,
R5434,John Brzezinski,,
R5435,Nenry Brand,,
R5436,?? Suburban Grouse ?? ??,,
R5437,Rough Stone Scrolling,,
R5438,?????? ?????? ????,,
R5439,deBeauxOs,,
R5440,khonshu’s other fist,,
R5441,? ?????????? ???????? ?,,
R5442,'Dr.' Chris 'PhD',,
R5443,Herman’s Mom,,
R5444,Tom Looby,,
R5445,Sveinn Bjornsson,,
R5446,Paul_SF,,
R5447,George Riley,,
R5448,A blue spot in a red state!,,
R5449,"???? Vicky (#MAGA, BTW) ????",,
R5450,Vapid,,
R5451,Hazy Days,,
R5452,Janice,,
R5453,ILikeToasters,,
R5454,proud rino,,
R5455,Matt Silberstein????????,,
R5456,Beni,,
R5457,Elvis Bob Rasputin,,
R5458,William aka Billy Warden ??,,
R5459,Jennifer Litton Tidd Âû,,
R5460,tyabann,,
R5461,FloridaBuckeye21,,
R5462,Sujiai,,
R5463,Little Houthi Ruthie,,
R5464,Elon-gated Musk-rat ?? ?? ???? MAGAts not welcome,,
R5465,Lisa,,
R5466,Cine_Mafiosa ??,,
R5467,Lucky Lock,,
R5468,Supercidal,,
R5469,Vicki WarriortoTruth ????????????,,
R5470,Timothy K. Arnold,,
R5471,Weapon of Kings,,
R5472,Paul Bensen,,
R5473,Public Person,,
R5474,P. Dayton,,
R5475,David Atkinson,,
R5476,lïp,,
R5477,Darla B - DarlaB.bsky.social,,
R5478,Rick Elston,,
R5479,America Is Divided,,
R5480,Sheltielover,,
R5481,Shochu American,,
R5482,texasdana????,,
R5483,Gr@ntl?r ????,,
R5484,WildManRan,,
R5485,Drunk Pelosi,,
R5486,Hector Nunez,,
R5487,george berry ??????,,
R5488,Amsterdam mauro,,
R5489,Helloise,,
R5490,Amanda Rae,,
R5491,JeanSand - Just Keeping It Real,,
R5492,C. Matthew Schulz,,
R5493,Elise Flynn,,
R5494,Asseylum Justin Villamor ????????,,
R5495,DeeDee,,
R5496,Jeanette Clayton,,
R5497,Alison Zilinskas,,
R5498,"Mary - Pick Up Lotus, Subtle Smile",,
R5499,Rights and might,,
R5500,Larry Noeldner,,
R5501,Chance McClain,,
R5502,Billy Buddusky ????????,,
R5503,Bella,,
R5504,JD Vance ???? United States News,,
R5505,Rocketman,,
R5506,Pastor Ben,,
R5507,VK ????,,
R5508,secretColdPike,,
R5509,?? Dr. MemeNstein votes ?? BLUE ??????,,
R5510,short king simp??????,,
R5511,Elizabeth,,
R5512,Passionate Poet,,
R5513,Bearcub,,
R5514,Drubb Divad,,
R5515,sadisticfury tv,,
R5516,windblowswords,,
R5517,Zach,,
R5518,Thor,,
R5519,Michele Mascolo,,
R5520,LeftOfTheDial,,
R5521,rodzaspa??,,
R5522,Experiment 626,,
R5523,MrNicotine,,
R5524,L. Ross Raszewski,,
R5525,Friedrich List,,
R5526,JoeyMama,,
R5527,Capitol News,,
R5528,Tim Young,,
R5529,Noel,,
R5530,mesh | ????,,
R5531,CryptoSmind,,
R5532,??????Brirannosaurus ReXtard Finder??????,,
R5533,"B Jesus, MD",,
R5534,M,,
R5535,nooyawka,,
R5536,Fredb,,
R5537,Alvaromar tinsbc Oscar,,
R5538,Terry Mancini,,
R5539,Apolloz,,
R5540,Harold Krieg,,
R5541,Zippydogs,,
R5542,Alex Cole,,
R5543,Vivian ?????? Empath,,
R5544,TheHarshTruth,,
R5545,Kaiser Bill,,
R5546,Sea Skark,,
R5547,Granny of 9,,
R5548,Nicole,,
R5549,Kimber Altman,,
R5550,James McLaughlin,,
R5551,Gibbs Calhoun,,
R5552,mark gabriel,,
R5553,Fredomia ????,,
R5554,Sarah Jackson,,
R5555,wowzem,,
R5556,All Out Political Mayhem,,
R5557,S H,,
R5558,CatherineB ????????,,
R5559,Sean Graf,,
R5560,S B,,
R5561,sevendegrees,,
R5562,John Fugelsang,,
R5563,?????? ?????????? ?????????????? ??????,,
R5564,Mozena14,,
R5565,uspolitics,,
R5566,The Radical Middle ????????,,
R5567,Adam Cohen | Lawyer. Activist. Advocate. #DemCast,,
R5568,CherylM,,
R5569,Paul Zeigler,,
R5570,Dick Dierks,,
R5571,TPRI,,
R5572,DDD1924,,
R5573,David Perreault,,
R5574,Jerry,,
R5575,Dahlia Berencia,,
R5576,nick borynack,,
R5577,Louie blues,,
R5578,Kime Jones,,
R5579,Laura ??????????,,
R5580,Marcus Kaufman,,
R5581,JustSusan ??,,
R5582,Larry,,
R5583,45haslittlehands,,
R5584,knowledge,,
R5585,Eire Rose,,
R5586,Tony Jackson,,
R5587,Farrah,,
R5588,Pennsylvanians Against Dave McCormick,,
R5589,2026Lions,,
R5590,recovering liberal,,
R5591,Carmen BR,,
R5592,QueenAntifaDeepState9 ??,,
R5593,ABC News,,
R5594,William Henry Ponzani,,
R5595,Ashley Rae ????,,
R5596,Shirley Hunt,,
R5597,??? Yotzrenu,,
R5598,David Forrest,,
R5599,OrlandoMike911,,
R5600,C. MICHEL WEINBERG ??????????,,
R5601,Mary Ann,,
R5602,#TuckFrump,,
R5603,unknown,,
R5604,theseed,,
R5605,??Damaged??,,
R5606,Michael Kent (A human contradiction),,
R5607,DebbieR,,
R5608,Sandra Loves GOD first USA,,
R5609,Cathy123 Realtor,,
R5610,Gipper Guy,,
R5611,Bronze Adidas,,
R5612,April Huddleston,,
R5613,Mike's Tweets ??????????????,,
R5614,RLC,,
R5615,Cassie Nguyen,,
R5616,Mike Murray,,
R5617,"JD Vance, Owner of Vance's Messy Couches",,
R5618,??????Paolo Hamidouche' | ????? ??????? ???? ??,,
R5619,ColKW,,
R5620,Will Wade,,
R5621,civcV,,
R5622,Alexandra Marshall,,
R5623,pj sneeringer,,
R5624,Evy Evy,,
R5625,Faith Mane,,
R5626,Lewis Pulsipher,,
R5627,LoneWolf65,,
R5628,Oldmangames,,
R5629,Viola Vain,,
R5630,Ale??,,
R5631,Anita Wills,,
R5632,MAGA America First,,
R5633,TruthIsLoveIsTruth,,
R5634,rickgarbett1,,
R5635,Seth Thomas,,
R5636,Toujourealistic,,
R5637,Nick Fink,,
R5638,ME Action Now,,
R5639,Larold Flanzia,,
R5640,?????? ?????????,,
R5641,Ramona Brunetti,,
R5642,Michael Buscemi,,
R5643,Sinatra1963,,
R5644,@Cy_Guy????#ClimatePatriot????#????JPA=MVP,,
R5645,J:DATA,,
R5646,Par,,
R5647,The Minnesota Star Tribune,,
R5648,Stop Socialist Tyranny,,
R5649,Natalia Antrobus,,
R5650,"Me, Myself, & I",,
R5651,GaVoter,,
R5652,RallySally,,
R5653,"William Quinlan, CCIM",,
R5654,Jake Tyme,,
R5655,JD Nance,,
R5656,???? Augustus ????,,
R5657,Chasman,,
R5658,Virgin Mary's Soldier,,
R5659,scooter ??,,
R5660,Cliff The Dog,,
R5661,MyNameIsJamesBond.com,,
R5662,Mr. Ellipses ???? ????????...,,
R5663,Gramdog,,
R5664,Chris Oldman,,
R5665,I COME IN PEACE,,
R5666,Pierre F. Lherisson,,
R5667,Mark Harris,,
R5668,Keith Mattox,,
R5669,Pierre Caumartin,,
R5670,Dale Day,,
R5671,Greg Hobson,,
R5672,ALBERTO SOTOLONGO,,
R5673,"It's me, Donna! ?",,
R5674,Will Robbins,,
R5675,Bruce Miller,,
R5676,Devout Skeptic ????????????,,
R5677,Joe Lister,,
R5678,Matthew Bickel,,
R5679,??????therealquestioniswhy??,,
R5680,Dante,,
R5681,RoseAnn DeMoro,,
R5682,Mark Gaedtke,,
R5683,Determined Truth,,
R5684,Henry Streator,,
R5685,Al Tesauro,,
R5686,*?A?????????????????? D?????x? ??,,
R5687,Muddybaron,,
R5688,sandypriester.bsky.social,,
R5689,Mr. Reynolds,,
R5690,M West,,
R5691,WithuTrump,,
R5692,Donnie Azoff,,
R5693,MissMAGA2016,,
R5694,JAB,,
R5695,Matthew,,
R5696,Ed Krassenstein,,
R5697,"Vote Blue, Bleed Green ??",,
R5698,UNIONMAN@6787,,
R5699,Miss GrannyP Lupus Warrior! ????????,,
R5700,Your other Grandma loves you as you are!,,
R5701,CdSmithy,,
R5702,Keith Scheuing,,
R5703,Jen????,,
R5704,Michael DeFoe,,
R5705,Season,,
R5706,Irene,,
R5707,Minou is Not Amused,,
R5708,Elizabeth McDonald Douglas,,
R5709,bruce,,
R5710,Democrat = Marxist,,
R5711,N. V.,,
R5712,#MAGA Fife,,
R5713,carol cocca,,
R5714,Steve Benz,,
R5715,Million Dollar Baby,,
R5716,Joseph Webb,,
R5717,Mantion Suzanne,,
R5718,austin,,
R5719,Mar-A-Lago Kitchen Worker Against Trump,,
R5720,loic Henry $BEER,,
R5721,Susana Mounts ?? ??????????????,,
R5722,colleen,,
R5723,AdelaDávilaEstelritz,,
R5724,KJH,,
R5725,The Italian American Civil Rights League,,
R5726,Backtheblue,,
R5727,the Ham || SaveWarriorNun ??,,
R5728,HOT HEADLINES,,
R5729,pcwill66,,
R5730,Breve,,
R5731,Just Donnie,,
R5732,THE BCP PODCAST,,
R5733,Black Conservative Patriot,,
R5734,Cory Collins????,,
R5735,JD Vance Stan???? Social Conservative,,
R5736,Nothing But The News,,
R5737,CrusaderForGood,,
R5738,george r nickens jr,,
R5739,Venetta Carroll,,
R5740,Deanna G ??????,,
R5741,Saundra Waecker,,
R5742,"DonOld J. Twitler (for Jenius) ""A Parody""",,
R5743,FOX News Radio,,
R5744,the couch JD Vance had sex with.,,
R5745,ABC7 Eyewitness News,,
R5746,Darlene Gruwell,,
R5747,Neil Pearson,,
R5748,redthespian - yogurt mode,,
R5749,uhohitsro … huge fan of YUNGBLUD,,
R5750,David Ritchie,,
R5751,J&B,,
R5752,Purified,,
R5753,Bradley Devlin,,
R5754,Glen McDaniel,,
R5755,Byron Weitzel,,
R5756,Julie Chang's #1 Fan,,
R5757,Firearms Lawyer,,
R5758,????????,,
R5759,Lois Levine Fishman,,
R5760,Crisco7486,,
R5761,Frank,,
R5762,rhodogal,,
R5763,maryann t,,
R5764,Dade Murphy,,
R5765,Christopher Cody,,
R5766,ash13Ld,,
R5767,NW saltine cracker,,
R5768,Jasmine Star ???,,
R5769,SkyMax ?? ?????? MAGA,,
R5770,susan pennington,,
R5771,Maplejack ??,,
R5772,Ken Ferguson,,
R5773,Sandy P,,
R5774,Eric Benitez,,
R5775,Diet Cola Nation Foundation ??,,
R5776,Mark Smith,,
R5777,Rick Gibbs,,
R5778,“ TRUTH Speaker”,,
R5779,leo,,
R5780,GratefulAmericanLady,,
R5781,Anjali ????????,,
R5782,tharrison004,,
R5783,Tucson Stan,,
R5784,David Waisbein,,
R5785,charles diggs,,
R5786,electronicgogo,,
R5787,sharon fogleman,,
R5788,alliaceous allie,,
R5789,"#1 Google Search is now: ""How to Move to Europe?""",,
R5790,Voting matters ??? FO time for the FA’s,,
R5791,Sasquatch,,
R5792,Det????,,
R5793,Steve Kusheloff,,
R5794,Suz,,
R5795,Cuzd10,,
R5796,MaryAnne,,
R5797,Joseph Lamarca,,
R5798,Shirley ???? We the People,,
R5799,Smokestack Lightnin,,
R5800,Tom Pogasic,,
R5801,Betty Graham,,
R5802,Kim Propst,,
R5803,rebbie doe,,
R5804,Irish Eyes,,
R5805,Sylvia ????,,
R5806,Walter McGee,,
R5807,Electric or bust,,
R5808,V F,,
R5809,Timothy Locke,,
R5810,roamin_empire,,
R5811,Kathleen Stremke,,
R5812,VERY GRATEFUL,,
R5813,Soapbox Frannie,,
R5814,Spark After Dark,,
R5815,Bryan Howard,,
R5816,Kakvey,,
R5817,Max Miller,,
R5818,The Squirrel Whisperer,,
R5819,gotmooo,,
R5820,grnbean,,
R5821,CB—,,
R5822,Bobtroter,,
R5823,Player 1,,
R5824,VanEcosocialistGroup,,
R5825,James Ray Light,,
R5826,Tiuanna,,
R5827,Dr Anne Condon,,
R5828,WhiskyTango ??????????????????????????????,,
R5829,Shan Spectre,,
R5830,Judy Peterson??????????,,
R5831,JM44dog??????,,
R5832,David Griffiths,,
R5833,GoodJuJu,,
R5834,Eli ??,,
R5835,Kathy Ultra MAGA,,
R5836,JinAz,,
R5837,"ruds, dollar store dudamel ??",,
R5838,TankTheTank,,
R5839,IT’S TIME FOR JUSTICE,,
R5840,ASS,,
R5841,Elaine Swietanski,,
R5842,Kerry Cashion,,
R5843,JCS(Jeff),,
R5844,John DeGregory,,
R5845,Donnah,,
R5846,Diana Gazzola,,
R5847,SM Abu Zahed,,
R5848,liv,,
R5849,K??,,
R5850,Southern Variant,,
R5851,Chester's dad,,
R5852,Shodakan,,
R5853,News Wave,,
R5854,MagaMomma ????,,
R5855,Brianna Benozich,,
R5856,Sandy ???????????,,
R5857,Sarah,,
R5858,Bryan,,
R5859,DanielDay99876549,,
R5860,Bennie Wiley,,
R5861,MELANIA TRUMP - PARODY,,
R5862,Grant Self,,
R5863,Marie1158,,
R5864,JJFDPelletier,,
R5865,????,,
R5866,Matt Howard,,
R5867,???? Big Al On The Prowl??,,
R5868,Mr. Reality,,
R5869,mikeg,,
R5870,Vickie Lynn,,
R5871,AleXander Hamilton,,
R5872,Judy Haynes,,
R5873,twilight2000,,
R5874,Brian Holt,,
R5875,WisconsinPresident,,
R5876,LeftMap ??,,
R5877,YoteDan,,
R5878,MAGA Resource,,
R5879,Shellie #FBR #TABA #RESIST #BidenHarris2024?? WOKE,,
R5880,Tamara Wilson,,
R5881,https://bsky.app/ @mckmango.bsky.social NO CHECK,,
R5882,Helvio ???????,,
R5883,Brock ????,,
R5884,eric dietrich,,
R5885,ted kenney,,
R5886,king rei ?????,,
R5887,"Will, politically homeless once again",,
R5888,WynnerT,,
R5889,Steve Hurlbut,,
R5890,CLTFC_Fan,,
R5891,anthony sims ???????????? anthony-sims.bsky.social,,
R5892,TheFrenchie,,
R5893,Jessi ????,,
R5894,Joshua Argabrite,,
R5895,LMig,,
R5896,President Trump News,,
R5897,JayEmArr,,
R5898,Tinto Brass Stan account,,
R5899,Armando Iannucci,,
R5900,Legal Citizen Minority Business Woman,,
R5901,Darla Jaye,,
R5902,Rev-Morningstar.bsky.social,,
R5903,DeniseBCAC,,
R5904,Free Speech All Day Long (No subscription needed!),,
R5905,David Burks; ???? ??; ?????????; ??·???,,
R5906,"Deuce Caboose-Ski, CPA",,
R5907,Joseph Ferraro,,
R5908,Wendy Burkhead,,
R5909,Steven Hill,,
R5910,The National Desk,,
R5911,Someone Important,,
R5912,hh brother,,
R5913,Larry I,,
R5914,Pretzel Town ??,,
R5915,Ed Snerdly,,
R5916,grummpyoldman,,
R5917,RealJohnGaltFLA,,
R5918,jorts,,
R5919,Ivanshuman,,
R5920,John Adams,,
R5921,Jeanne Kiger,,
R5922,SiaAyrom,,
R5923,Tricia Stevens,,
R5924,Christopher??,,
R5925,Joe N,,
R5926,???? ?? DEFUND NPR ?? ????,,
R5927,Antio,,
R5928,Branden Bowes,,
R5929,"S. Johannes, PhD",,
R5930,JKJ in SC,,
R5931,Douglas Mills,,
R5932,Jan Lee,,
R5933,?/ACatNamedElon,,
R5934,?merican Trucker ????,,
R5935,Deetheblogger,,
R5936,Fetching Truth,,
R5937,Bob Smith,,
R5938,Jabu313,,
R5939,Lymecyline,,
R5940,Kathleen Sullivan,,
R5941,Paul Zismo ??????,,
R5942,????San_Diego_Gal ????,,
R5943,Justin - Journalism is not a crime,,
R5944,Brett Allan,,
R5945,@Zen_Seeker (zen-seeker on BlueSky),,
R5946,Richard Hoover,,
R5947,Tom F,,
R5948,Joseph Mullins,,
R5949,Dale Waldron,,
R5950,hopijoy,,
R5951,Viola Bergeron WILL NOT COMPLY!!!!,,
R5952,Andrew Stockey,,
R5953,john macker,,
R5954,Eric Martin,,
R5955,Afshin Iranpanah,,
R5956,John Rochester,,
R5957,Nora Gonzales,,
R5958,MWB,,
R5959,Rob Phillips,,
R5960,JulieC ????,,
R5961,Roxy????????????,,
R5962,Ross Bertran,,
R5963,Larry Graves,,
R5964,Mike Kueber,,
R5965,cheryl cohen,,
R5966,Ron,,
R5967,Si Opus Sit ????,,
R5968,João Luiz,,
R5969,??Mrs. Quint??,,
R5970,Nate Klingenstein,,
R5971,Been There,,
R5972,Jennifer Van Laar,,
R5973,Trevor Zegras Denier,,
R5974,The General,,
R5975,Lydia O,,
R5976,Augusta,,
R5977,Tim Potter,,
R5978,JD Donaldson,,
R5979,BB,,
R5980,Moveebuff (female),,
R5981,Greg Close,,
R5982,MinnesotaTurdCat,,
R5983,Sheila Cook,,
R5984,Matt Murabro,,
R5985,noobie????,,
R5986,Mr Producer,,
R5987,AYMEL,,
R5988,rumpb79,,
R5989,Above average Joe,,
R5990,Barbara Gingenbach,,
R5991,Shawnta',,
R5992,John Swafford,,
R5993,Ashwanii S Kumar,,
R5994,Candace,,
R5995,Nola,,
R5996,Antifa’s Mother,,
R5997,Suzie,,
R5998,??????MiladyDyan ????,,
R5999,Escape Velocity... AKA Matthew ????,,
R6000,Frostyduo,,
R6001,Michael MacGillivray,,
R6002,TMartin ????,,
R6003,Jewels Jones ®,,
R6004,Donald J. Trump ?????????????? (PARODY),,
R6005,Tw?tter ?,,
R6006,The Not So Sentimental Gentleman Of Swing,,
R6007,A.P. Roberto,,
R6008,jeanstyles@gmail.com,,
R6009,Progressive liberal Taunter,,
R6010,Crazymandinga,,
R6011,Musk MAGA will destroy USA,,
R6012,Jeremy Asbridge,,
R6013,Johan,,
R6014,Charlie Tuna,,
R6015,Tom Jones,,
R6016,Julie Jolie,,
R6017,Iaml,,
R6018,Bad to the BONE,,
R6019,Albert C,,
R6020,Jennifer,,
R6021,Gerald Ford,,
R6022,Joe Albright ??????????,,
R6023,Rhonda Swift,,
R6024,shelley tomlinson,,
R6025,Delores ??,,
R6026,Scobby Bobbins,,
R6027,I DISSENT @theLadyArcher77 ??,,
R6028,Patriots For Trump,,
R6029,Opinion Today,,
R6030,Angry US Politics ???????? DJT Domestic Terrorist,,
R6031,Max | Ecom Email Marketing,,
R6032,Michael A.Carter,,
R6033,Barb Land!????-On the GULF?? of America!,,
R6034,VP JD Vance,,
R6035,Garren Lephan,,
R6036,Erin,,
R6037,Tsika,,
R6038,Delete Me Please,,
R6039,Patriots USA,,
R6040,Lars Tuff,,
R6041,cutie patootie,,
R6042,MichelleL,,
R6043,George A. Gill,,
R6044,IA_Farmer,,
R6045,vote4rcanada,,
R6046,Roy Bradshaw,,
R6047,Wendy Lee,,
R6048,Angelic Universe,,
R6049,Eric Harrison,,
R6050,Lilith PhD??INFJ-A,,
R6051,zoochum,,
R6052,Philippa Painter Pay,,
R6053,Zodiac Thriller,,
R6054,LDVC,,
R6055,Charlie Sherry,,
R6056,Paul Dunfee,,
R6057,Kamelot's Table,,
R6058,Sandra Rodkey,,
R6059,ArcZeal Designs,,
R6060,Maicon,,
R6061,Catherine Runnals,,
R6062,outnumbers,,
R6063,Rhonda Bonin,,
R6064,individual.,,
R6065,Dora Tonsmeire,,
R6066,KVC,,
R6067,yantinapple,,
R6068,Fancy Totickle,,
R6069,Lindamp2,,
R6070,Cecil Duncan TrueBlue,,
R6071,"Don the con, the dick-traitor",,
R6072,Jo Villiers,,
R6073,Shirley Bourgeois Hyslop,,
R6074,LillyBean,,
R6075,TexasGal,,
R6076,Lil Vicky,,
R6077,Terry547,,
R6078,Melanie Mccormack,,
R6079,"Deus, Pátria, Família, Vida e Liberdade!",,
R6080,Elizabeth Smith,,
R6081,Rey Gonzalez,,
R6082,Amanda May or May Not Give a Damn,,
R6083,Linda Biscanto,,
R6084,GodandCountry1776,,
R6085,David DAC Caldwell,,
R6086,Prince Bowaa,,
R6087,K.E.U.??,,
R6088,Nnn Nnn,,
R6089,Darktionary,,
R6090,Khmer Radio,,
R6091,Trick Dickle,,
R6092,The Virginian-Pilot,,
R6093,burnham,,
R6094,Rosemary O'Connell,,
R6095,Push Past Paralysis,,
R6096,Mike Fox,,
R6097,IDeclareBANKRUPTCY,,
R6098,Elo N Muskisanazi,,
R6099,C.T.,,
R6100,Chrysanthemum ??,,
R6101,blue tick,,
R6102,Seeker,,
R6103,Jed,,
R6104,Forrest Means,,
R6105,Jake Hicks ????????,,
R6106,ScrapQueen65,,
R6107,Starrydecisus,,
R6108,Ophiuchus Lapine,,
R6109,babyface-slim.bsky.social,,
R6110,Amardeep,,
R6111,Paul :) ??,,
R6112,Randy Robinson,,
R6113,RSLMstrs,,
R6114,Wagz,,
R6115,JackDagger,,
R6116,SubIsPog,,
R6117,BobbyL_AZ_2020,,
R6118,Dan Smotz (The System is Down),,
R6119,Dave Keiter,,
R6120,MD,,
R6121,Jimmy Dukes,,
R6122,Jenn Gray,,
R6123,Dean Baker,,
R6124,Patti Putko,,
R6125,Aaron,,
R6126,Carrie Hartwig,,
R6127,Ambrose,,
R6128,Chaz McGee,,
R6129,Jason Terry,,
R6130,Mike Lane,,
R6131,Debbie Kinder,,
R6132,John Tuld,,
R6133,Raquel Coronell Uribe,,
R6134,De Último Momento,,
R6135,the SWORD,,
R6136,Teresa,,
R6137,Ollie Murphy,,
R6138,George A Lupiba Jr NMLS 413469,,
R6139,2Ears1Mouth,,
R6140,Tallulah Bankhead :Queen of the Flock of Whores,,
R6141,Barbara Johnston,,
R6142,Dr Diego Caleiro ??,,
R6143,FutureTrump2???2??4???,,
R6144,Mike Chez,,
R6145,Fresh Whittaker,,
R6146,the Atherian ????,,
R6147,Carrie LS,,
R6148,Pastor Ladena Bough,,
R6149,BCORN,,
R6150,Renee Hardison,,
R6151,Todd Freedom,,
R6152,chitowngringa #Boycott Bibi-BenGvir,,
R6153,jwr$tellar,,
R6154,Wayne Wood,,
R6155,Tiffany,,
R6156,Hockey mom,,
R6157,?? Doña Malinalli la del face ????? ??,,
R6158,Danae Schmitzer,,
R6159,aleck9915,,
R6160,Jenny Diver,,
R6161,Debra Russio,,
R6162,Stout or Porter,,
R6163,TC,,
R6164,Ian,,
R6165,Attila,,
R6166,Joan Kratz,,
R6167,Davis Michael Wayne,,
R6168,Ben-jammin',,
R6169,Tracy BurgessNY,,
R6170,JoeTrudeau ????????,,
R6171,Regina Connell,,
R6172,sammydabull911,,
R6173,Max,,
R6174,David ShoelessJoe????,,
R6175,Sharon Mcdonald,,
R6176,Frank Ariagno,,
R6177,Les Gohbranton,,
R6178,Brett Bell,,
R6179,SolusChristus,,
R6180,SaneWhiteWoman,,
R6181,Sarah Leach ??,,
R6182,ladyp8riot??????????????????????????,,
R6183,KDN ????,,
R6184,LR Destroyer,,
R6185,Izzy ???? ??????,,
R6186,Call Me Kate,,
R6187,Jake E,,
R6188,Steve Roy Simon,,
R6189,SoFlo @ TPA,,
R6190,Brynhildr2022,,
R6191,C,,
R6192,Ani Bell,,
R6193,Soph,,
R6194,DekkuBlock,,
R6195,AnonRoberto,,
R6196,Rule 11 / Andrew Jacob Sandman Sayers Rulnick,,
R6197,Gio,,
R6198,Good Ol' Common Sense,,
R6199,Matthew Heran,,
R6200,Davis Kelly ????????????????,,
R6201,joao??,,
R6202,Sue Runs Far,,
R6203,Toby Turner,,
R6204,"Just Me, Julie",,
R6205,ChihuahuaLinda,,
R6206,Christian First,,
R6207,Victory2024,,
R6208,sunkiss’d,,
R6209,Greig  Murry,,
R6210,Greg Gaan,,
R6211,Victorious,,
R6212,Efrain Santiago,,
R6213,"The Blind Guy, Simili Creator",,
R6214,Tobin Menard,,
R6215,NECN,,
R6216,PoliticaOnLine,,
R6217,kelete teweldemedhin,,
R6218,Aaron Leavy,,
R6219,Akilah Hughes,,
R6220,Diana Gomez,,
R6221,???,,
R6222,MAGAKendraAggieRx????????,,
R6223,Ford Forkum™ ?? ?? ??,,
R6224,Pat Hinsdill,,
R6225,Argel Copeland,,
R6226,Dana Weaver Moore,,
R6227,Andrew McGill,,
R6228,Slingshot News,,
R6229,Eduardo,,
R6230,Mollie Downs,,
R6231,Tamera,,
R6232,Tebyanian,,
R6233,Joe Harper,,
R6234,Brenda C Beyer,,
R6235,Michael Embry,,
R6236,Retired Bull,,
R6237,Joseph Colin Exp,,
R6238,Oyo Chick,,
R6239,Sty@hmemthr,,
R6240,WhenPigsFly,,
R6241,Vivek G. Ramaswamy - Commentary News,,
R6242,Tanner W ????,,
R6243,James Holden,,
R6244,realmovieev.bsky.social ??_??,,
R6245,Dr Grace Yllana,,
R6246,Marnia Trujillo,,
R6247,Terje Olsen,,
R6248,Carl Fowler III,,
R6249,Danny Burnham,,
R6250,Kenneth Finsness,,
R6251,Bingo! That's my name O. ????????,,
R6252,Vivek Ramaswamy,,
R6253,Karen MONTGOMERY,,
R6254,Tristan Meabon,,
R6255,luz loyola,,
R6256,Vernon Davis,,
R6257,Chuks Amajor,,
R6258,"Kerry J. Jaeger, Author",,
R6259,Seahorse,,
R6260,Free the World ????????,,
R6261,BillsFan85,,
R6262,Jim Paulson,,
R6263,Mr. Right ????,,
R6264,GO NAVY/NINERS,,
R6265,Xristo Natsis,,
R6266,Gary Seyfarth,,
R6267,Gamer ?????,,
R6268,PennyJ,,
R6269,Kerry Westcott,,
R6270,Laurel,,
R6271,Blake McElrath,,
R6272,Rob Lee,,
R6273,Jenny long,,
R6274,Christ first,,
R6275,A man with a 101 IQ,,
R6276,Bjean,,
R6277,bitckoni,,
R6278,Brenda Connor,,
R6279,Musicoholic,,
R6280,Michael Fakeman ???????,,
R6281,Allan Busuttil,,
R6282,TheMonkeMan,,
R6283,? ? ? ?,,
R6284,Andy_Weeble_Weaver?????andy-weaver.bsky.social??,,
R6285,Donald Ray,,
R6286,Robert W. Rushton,,
R6287,Valerie O,,
R6288,Iconoclast,,
R6289,Alexander Calvo,,
R6290,worldamuck un,,
R6291,Cecile Shaw,,
R6292,John Rice,,
R6293,Charles Suchman( CHUCK),,
R6294,Angels'Watch Broadcast,,
R6295,James Halfhill,,
R6296,#Palin2028,,
R6297,Justin Churchey- Hanson,,
R6298,Mangisa,,
R6299,John Flanagan,,
R6300,Luana Hess,,
R6301,GenXTexasMama,,
R6302,CF@SF ????? ??????????,,
R6303,Philip Anderson,,
R6304,Tristyn C??,,
R6305,Carolyn Reilly,,
R6306,carlos_yoshio?,,
R6307,AF Post,,
R6308,Doctor Atomic,,
R6309,"Salvador Dali- Never Republican, Ever.",,
R6310,saheedbaksh,,
R6311,Jonathan Reyes,,
R6312,Kwb-A1,,
R6313,Bulldogs4VivekOhio,,
R6314,quick steps,,
R6315,Saga,,
R6316,Paul Jackson,,
R6317,Red Kryptonite,,
R6318,BarbBradley Juarez????,,
R6319,Ed Gee,,
R6320,News and Java ????,,
R6321,The American Tribune,,
R6322,The Post Millennial,,
R6323,Fred Falcone,,
R6324,DA,,
R6325,Ernie Arellanes,,
R6326,Constitution Candy,,
R6327,Gene Utz,,
R6328,Danny,,
R6329,vanhoa,,
R6330,Muffy Cook,,
R6331,17GEN4,,
R6332,Not A Number,,
R6333,Carolann,,
R6334,Bamma,,
R6335,TechTopia,,
R6336,LilELINT,,
R6337,Christopher Hughart,,
R6338,Felonious Dude??????,,
R6339,PREZZY NEWS,,
R6340,ra vi,,
R6341,Dave Balint,,
R6342,Kacee Allen,,
R6343,VOZ,,
R6344,Freedom ??????Thinker??,,
R6345,Lawrence Sargent,,
R6346,Patriot Kyle????,,
R6347,Alec Lace,,
R6348,Ian Jaeger,,
R6349,Debby Booney,,
R6350,?????? ?????????? ??????,,
R6351,big wrench 7,,
R6352,Joseph A Lavezzo,,
R6353,Dr. Kathleen Sandman,,
R6354,Furiosa,,
R6355,Anthony tabbitas,,
R6356,margaret frey,,
R6357,Douglas,,
R6358,DDMegadoodoo,,
R6359,joshua Kendall,,
R6360,ElectedMAGA,,
R6361,Andrew Gunner,,
R6362,Keil Tormollen,,
R6363,David Jones,,
R6364,Ryan Mac,,
R6365,Gem ?? Balboa,,
R6366,Ny5150,,
R6367,Cowboy Neal,,
R6368,Navdeep Singh Rajwanshi,,
R6369,Jeremiah Massari,,
R6370,David Conroy,,
R6371,Protrader Key,,
R6372,Jackie Ritacco,,
R6373,WouldYouEver?,,
R6374,H1M,,
R6375,Barbara Burton ?,,
R6376,Fuzzbee,,
R6377,vfortheg,,
R6378,Kevin Farrell,,
R6379,Daily Mail US,,
R6380,Daily Mail Online,,
R6381,amariastellato,,
R6382,New York Post,,
R6383,Forbes,,
R6384,Chris Macy,,
R6385,Jimmy Simmons,,
R6386,Freedmans Journal,,
R6387,Danny Reed,,
R6388,???¤Ámê®ï©âñ ?¹????WømåÑ¤? ???,,
R6389,MIRV,,
R6390,IAHEAGLE (Rich S),,
R6391,Kelley Dockrey,,
R6392,T’pari????,,
R6393,John Scott G,,
R6394,George Brown,,
R6395,Darcey Devereaux,,
R6396,Leslie Diaz,,
R6397,Robert Heller,,
R6398,Lisa Carol,,
R6399,As a Texan...,,
R6400,cc,,
R6401,Craig V.,,
R6402,Parody Tulsi Gabbard ??,,
R6403,Kyle Blue Collar,,
R6404,ROSALIE CALIENDO??????????????????????,,
R6405,Spirit of '76????,,
R6406,ge1,,
R6407,Paul McDowell,,
R6408,Virtue Emoji ™,,
R6409,Hewitt Newton,,
R6410,Nick Bortugno,,
R6411,Mr Foxx,,
R6412,jdb26354,,
R6413,Richard Viger,,
R6414,Kid Gravity,,
R6415,The Patriot Party ????,,
R6416,Abel Bolaños,,
R6417,Mark L. Clark,,
R6418,@armiak.bsky.social,,
R6419,Fufufnyk ??,,
R6420,Continental1776bi$hh,,
R6421,Timilehin George,,
R6422,VegasDevil,,
R6423,Hon. Richard Littlefield ????DOGE NH????,,
R6424,Linda Cartwright,,
R6425,N.S. Palmer,,
R6426,Keepin' it Musky ???? RCB in Antarctica????????,,
R6427,Kildzr,,
R6428,sheila Nodwell,,
R6429,Earl Godwin,,
R6430,NOT trans and NOT american,,
R6431,Enthusiastic Bread (CA),,
R6432,Lady Bug,,
R6433,Deborah Soth,,
R6434,J B G,,
R6435,Dutch1777,,
R6436,"RED, WHITE, & BLUE",,
R6437,Cassndra,,
R6438,jason holsinger ????,,
R6439,El Azzouzi Souhail | ??????? ????,,
R6440,savvy,,
R6441,SirWinston,,
R6442,Patrick Larson,,
R6443,Sassy,,
R6444,Ken Cooper,,
R6445,Sunshine Kid,,
R6446,Sportshog,,
R6447,duxinnero,,
R6448,Rigo Mortis,,
R6449,Jasper4p,,
R6450,drewisgod6372 ??????????,,
R6451,T. Ford ?????? ??,,
R6452,QueenBee1,,
R6453,??????TEXAS MAGA GIRL??????,,
R6454,western star,,
R6455,Captain Yossarian,,
R6456,Sheree Parent,,
R6457,The Old Guy,,
R6458,Thomas Law,,
R6459,S0ND0N,,
R6460,Ryan Ahern??,,
R6461,Ziberial,,
R6462,WolfPack Media,,
R6463,Todd Anderson,,
R6464,Philip Marlowe ??,,
R6465,Lookingup52,,
R6466,MOVE THE WINDOW ??????,,
R6467,??????? • ???,,
R6468,TONY™,,
R6469,Michelle Murray,,
R6470,LindaNell,,
R6471,Riley,,
R6472,Michael Lucas,,
R6473,Vince Langman,,
R6474,GoliathNumber2.0,,
R6475,??SophieJean Tucker??,,
R6476,???? ???? ????????,,
R6477,SHF ????,,
R6478,Mediaite,,
R6479,End Tribalism in Politics,,
R6480,Halsey Sweet Love ???? DJT MAGA no DM,,
R6481,Joe Schmo,,
R6482,Common Sense Custodian,,
R6483,Simone Greear,,
R6484,Nancy Schuetze,,
R6485,Dwayne,,
R6486,Jim Martineau,,
R6487,The Breaking Report,,
R6488,Shadow Banned,,
R6489,craig Deming,,
R6490,Andy M,,
R6491,ERedwood,,
R6492,Jon Brand,,
R6493,Monique,,
R6494,CJ Froude,,
R6495,Axios,,
R6496,????? ??????? ????????????????????,,
R6497,tooltime,,
R6498,Scarlet Garau,,
R6499,YellowBird,,
R6500,Present,,
R6501,Tee Rickey,,
R6502,Tony,,
R6503,The Cardinal,,
R6504,AndréeAnn????,,
R6505,Dr.T,,
R6506,Jim Roberts,,
R6507,TMK,,
R6508,Timothy Price,,
R6509,Brian Skinner,,
R6510,Adarsh M,,
R6511,Clare Butterfield,,
R6512,Gary P. Hicks,,
R6513,Roger Bonner,,
R6514,Dave Wasserman,,
R6515,Andy Shackleford,,
R6516,Ahmed J-A,,
R6517,Maarten,,
R6518,Dawn Price,,
R6519,Beate Landefeld,,
R6520,Matt Senkow (Solo??AGI),,
R6521,Miguel A. Fernández,,
R6522,Mister Chilidog,,
R6523,Pinocchio the truth teller ??,,
R6524,Boner Salad,,
R6525,Wondering Woman,,
R6526,Liam D. ??????,,
R6527,Barbara Paden,,
R6528,WhatsWrongWithYou,,
R6529,Randy Richardson,,
R6530,AMERICANDREAM09 ???? Jack Media ~DREAM,,
R6531,Mark Kolczynski,,
R6532,bewildered,,
R6533,Thunder on the western plains,,
R6534,minsa@capitalworld,,
R6535,Narejo Abid Ali,,
R6536,G.J.P.Encourager,,
R6537,Elon Musk - Parody,,
R6538,Rob1776,,
R6539,Marina Christian,,
R6540,Nfts tap,,
R6541,Interim President of the Eric Mays Fan Club,,
R6542,Claudia Navarro G.,,
R6543,Joey Gentile,,
R6544,vesna,,
R6545,Donald Mariano,,
R6546,Blue Virginia,,
R6547,Billie,,
R6548,Charles 91771,,
R6549,Mark Condrey,,
R6550,West,,
R6551,???? American Eagle ™ ????,,
R6552,David Ritter,,
R6553,Bob Reuter,,
R6554,Rob Roy,,
R6555,Gary Doan,,
R6556,Patrick Bassaloff,,
R6557,The Voter's Guide: to politics ????,,
R6558,Yours_Brahmavadini LLM ?????? ????????,,
R6559,Deni,,
R6560,Clara Murzynski,,
R6561,Karma iz ?? ???,,
R6562,Chloe S,,
R6563,Scott Rubin,,
R6564,just some ?? fan,,
R6565,TheSoapySmith,,
R6566,Thomas Sweeney,,
R6567,Desiree,,
R6568,????????Deepdian ????????,,
R6569,Rakesh Gadagoni,,
R6570,? ??????????????????. ????,,
R6571,aqgsigmundunbalyonakrqkelsea,,
R6572,Jon Snow,,
R6573,President Elect Jade,,
R6574,Yvonne Car,,
R6575,R. Lee,,
R6576,Nick Adams,,
R6577,3RDgoLNG,,
R6578,Jimmy Mitchell (Libertarian) for 2032,,
R6579,nyer2k,,
R6580,Jordan Ramos,,
R6581,Satrohan (Sat),,
R6582,Brian Mairs (???) ???? ?? bmairs,,
R6583,Green Bay Babe ????,,
R6584,kenny jacobs. bsky.social ??,,
R6585,Kelley Lyday,,
R6586,MRbass2000,,
R6587,trarhamp,,
R6588,Bartamus Foul,,
R6589,HW Helser,,
R6590,ANNETTE DAVIS,,
R6591,KidDoc1992,,
R6592,Anne Bradstreet,,
R6593,Michael Beard,,
R6594,Bottom Center Bottom,,
R6595,Linda Klase,,
R6596,"NYC ?? there's hope, a City+dreams????????????????",,
R6597,sad Bears fan,,
R6598,catman,,
R6599,Scott Christy,,
R6600,Ruk,,
R6601,Henry,,
R6602,RoastedPenguin??????,,
R6603,Stacey Singleton,,
R6604,D Dougie Doug,,
R6605,Joseph Paul,,
R6606,Mich ??????,,
R6607,Aayjaybee69,,
R6608,Oscillation Andy,,
R6609,Maria ???? ????,,
R6610,California Chill,,
R6611,Freddie,,
R6612,Herofrombeyond,,
R6613,xAnoNxReD,,
R6614,JB,,
R6615,Mario Nawfal,,
R6616,Ken Klar,,
R6617,Jefro Katai,,
R6618,????Turd Ferguson III???????????,,
R6619,Natan Ehrenreich,,
R6620,????Austin Petersen ??????,,
R6621,Audrey cp,,
R6622,? Thunderstorm,,
R6623,(Stephanie) Slade,,
R6624,DL,,
R6625,Lehmon Baxley,,
R6626,Auran J,,
R6627,Bruce Fenton,,
R6628,Grizz,,
R6629,Tom Joad,,
R6630,Nishant Mehrotra,,
R6631,Lee Martin,,
R6632,Parallel Author,,
R6633,PR????????????,,
R6634,Karen Smith,,
R6635,Stem Cellblock,,
R6636,michael kohls,,
R6637,Torcana,,
R6638,Larry F Jones,,
R6639,?????????????? ???? ????,,
R6640,Lin,,
R6641,Merica is back !,,
R6642,Singing Girl1,,
R6643,LionOfWar,,
R6644,RC_n_Moonpie,,
R6645,Dimtwit,,
R6646,James Lynch,,
R6647,savedbygrace,,
R6648,Eric,,
R6649,Audrey Fahlberg,,
R6650,wallpaper Doctor,,
R6651,Naomi Canton,,
R6652,Terry,,
R6653,Tisha Giraud,,
R6654,Dark Cavalry,,
R6655,DOGE-latest,,
R6656,Gone Under Cover,,
R6657,Louise Grott,,
R6658,Cindy Clifton,,
R6659,Zenvr Yellow,,
R6660,Jeff Burnett,,
R6661,Eva Lopatkin Easton,,
R6662,Daniel Evangelista,,
R6663,Randall Brink,,
R6664,Jason Warner,,
R6665,Christian Movick,,
R6666,Ricky Banks,,
R6667,Robert Ivie,,
R6668,Chill,,
R6669,PerseverantOne,,
R6670,John B,,
R6671,CJinFla,,
R6672,????speppers69????,,
R6673,Kyoraku Shunsui,,
R6674,Le Monsieur Madame™??????,,
R6675,KRN,,
R6676,Parrish Pilgrim,,
R6677,I Meme Therefore I Am ????,,
R6678,Janie Johnson - America is Exceptional,,
R6679,Jim F Smith,,
R6680,Rajalakshmi J,,
R6681,No party Affilliation,,
R6682,Artificial Reality,,
R6683,Rhonda????,,
R6684,ADDLEPATED DSF,,
R6685,Notlika Bird - Nocomo Pajaro,,
R6686,DavidWillis,,
R6687,Ronaldo Nieto Mendes,,
R6688,Benjamin Cool Dad Williams,,
R6689,Scott C.,,
R6690,Bryan Polcyn,,
R6691,Thomas R. Smith,,
R6692,LiveNOW from FOX,,
R6693,Listener,,
R6694,??Z??,,
R6695,James Klunk,,
R6696,Sa$$y&Cla$$y,,
R6697,BETELGEUSE_42,,
R6698,Fox News,,
R6699,? ??????????????????????™ ??????,,
R6700,Brenda Johnson,,
R6701,Brandon In TX,,
R6702,Bill Hale,,
R6703,Real Girls Of Fandom ???????????,,
R6704,Sherlock Homes,,
R6705,John Wolf III,,
R6706,K. A. Law,,
R6707,Marco A. Pacheco,,
R6708,Ajijic Chico,,
R6709,Munsch MaQuichi,,
R6710,Ben Owen,,
R6711,Jay Munz,,
R6712,annlapatka,,
R6713,Eve,,
R6714,Robert Beene,,
R6715,iamdesismom,,
R6716,?? ????? ????,,
R6717,Political Jess,,
R6718,Starship,,
R6719,oceanviewunderground OVU,,
R6720,james touchet,,
R6721,jazzypips,,
R6722,Oli London,,
R6723,Rex,,
R6724,Jerome Goolsby,,
R6725,petah,,
R6726,john Mimeault,,
R6727,Giant Toad,,
R6728,Cookie B. ????,,
R6729,Ethan Perks,,
R6730,Brad Feazell,,
R6731,geniey43,,
R6732,Tamtha Clark,,
R6733,Leon Musk,,
R6734,Tee Harrison,,
R6735,Messenger | Exile,,
R6736,Pharoah Monk,,
R6737,CommieChairmanJoe,,
R6738,BLOGGERJDR,,
R6739,That’s A Bunch of Malarkey,,
R6740,Frank Jacks Jr,,
R6741,John Ayres,,
R6742,Lex Concord,,
R6743,*TREE THUGGER* - R.Volt24,,
R6744,DERRYCK S.,,
R6745,13 Keys to the White House,,
R6746,Chris Patterson,,
R6747,Jason Edward,,
R6748,BeBetter,,
R6749,Matthew Mcphee,,
R6750,Tapete Roxo,,
R6751,Leah (Little Lulu),,
R6752,Michael Gracie,,
R6753,Rob Johns,,
R6754,Donald J. Trump - Parody,,
R6755,Rob Baggett,,
R6756,RJ Lee (MAGA Chinaman),,
R6757,Sarah Morissette,,
R6758,Funky Beach,,
R6759,Mia,,
R6760,Canada Free Press,,
R6761,Lucius King,,
R6762,DJ Flores,,
R6763,John Stuart Mill,,
R6764,Addison Carter,,
R6765,Besesayo Kezo,,
R6766,VIKAS THAKUR '????????',,
R6767,absolutely not,,
R6768,Lem,,
R6769,Goat Mouf Tv,,
R6770,doberdog,,
R6771,birdy_elonmusk is a threat to the world,,
R6772,UGA Hater,,
R6773,Alex ?,,
R6774,Citizenpips,,
R6775,patricia olesen,,
R6776,Blacks 4 Trump ??,,
R6777,Robert B. Taaffe,,
R6778,Praveen Deshmukh,,
R6779,Pledge of Allegiance,,
R6780,Laura B,,
R6781,Teeny reprogel,,
R6782,Arelis Baird,,
R6783,Injanear,,
R6784,Don Benitez Mendez,,
R6785,Sia,,
R6786,Darryl Crouch,,
R6787,Robert Mayer,,
R6788,Beachgirl,,
R6789,Teresa Robertson,,
R6790,Daniel Kampf,,
R6791,Donnie Stump....,,
R6792,????Ravenlynne - Over Educated Woman,,
R6793,Eric Ash,,
R6794,Love Elon X,,
R6795,Xara ???????????????????????,,
R6796,Other John,,
R6797,Mr. Common Sense Commenter,,
R6798,A. D.,,
R6799,Jonnie King ????,,
R6800,John Ford,,
R6801,Zoraida Golding,,
R6802,jillian,,
R6803,Being Libertarian,,
R6804,Mahmoud,,
R6805,Dan ??,,
R6806,Judge Mentok the Mindtaker,,
R6807,DonkeyKong17,,
R6808,Gil P1ckle??,,
R6809,Blue Chatterer,,
R6810,Charles Idelson,,
R6811,Bill Wong,,
R6812,??????,,
R6813,DadBear,,
R6814,Connee Holcomb,,
R6815,Globalist Erika,,
R6816,Michelle Anne ??????,,
R6817,Mo ??,,
R6818,Leakhenawatdey OumShetty,,
R6819,freedom .?*?.•*,,
R6820,Ms James Bell,,
R6821,Gary Gentzel,,
R6822,Ravi Ranjan,,
R6823,tvp?,,
R6824,Citizen of Mothership Earth??????,,
R6825,Robert Bass,,
R6826,LadyVadar,,
R6827,Citizens Journal,,
R6828,Ben Olsen,,
R6829,mactwo,,
R6830,Dennis Pearson,,
R6831,Chris Carapezza,,
R6832,Did I Piss You Off?,,
R6833,Hummingbirder ????????,,
R6834,Brad Lathrop,,
R6835,TJ Radway ????????????????,,
R6836,LinDuhLou,,
R6837,Elcobar,,
R6838,Rose Pedemonte,,
R6839,K????Miami Tech Week 2025 #MiamiTech???,,
R6840,KDXB2000,,
R6841,Maria Bosco,,
R6842,Jroflsburg,,
R6843,Juls,,
R6844,Bobby Mayberry,,
R6845,Clenzd,,
R6846,Unique breeze,,
R6847,Dominic Valentine,,
R6848,Destiny and Bruce,,
R6849,MenialNikolaTesla,,
R6850,Amanda Williams,,
R6851,J.R.Franklin,,
R6852,Leo??,,
R6853,DRight,,
R6854,Daniel Smith,,
R6855,Nancy Merwin,,
R6856,Gorgui.,,
R6857,Donald Kullander,,
R6858,Young Jude,,
R6859,Habs&Als4Life,,
R6860,Dr. Jeremiah Emmanuel,,
R6861,Paul Templeton,,
R6862,Lets-go-brandon,,
R6863,Sharon Smith,,
R6864,Mr Commonsense,,
R6865,Parthiv Patel,,
R6866,Jason Womack,,
R6867,Kaneda,,
R6868,FOX Baltimore,,
R6869,David Rogers,,
R6870,Danny Adams - @Madwriter1970@vmst.io,,
R6871,Dr. RawheaD @ e??odus,,
R6872,EveryDay Jay,,
R6873,Accipiter striatus,,
R6874,vanillamasterblaster,,
R6875,Forever Free,,
R6876,Crypto Town Hall,,
R6877,Mario Nawfal’s Roundtable,,
R6878,IBC Group Official,,
R6879,SWEET TEEs,,
R6880,Übermentions,,
R6881,RC1140????????,,
R6882,Q Revere,,
R6883,James Henderson,,
R6884,WTF Just Happened Today?,,
R6885,aka,,
R6886,Professional Zoomer ??,,
R6887,Armyguy1966,,
R6888,The Editorial Board,,
R6889,Adventures of Sec. Mayor Pete ???????????,,
R6890,Joe ?,,
R6891,LeRoy ???????? ????,,
R6892,abu,,
R6893,Ann409,,
R6894,Resist the Mainstream,,
R6895,Metra101,,
R6896,justin??,,
R6897,Low-Maine,,
R6898,????????_?,,
R6899,???TrumpGirlOnFire ??,,
R6900,teja,,
R6901,Lily Moon,,
R6902,GoldenGoat ? ????,,
R6903,Dennis Lee Morgan Jr,,
R6904,OurStory,,
R6905,Ferrousoxide,,
R6906,CCC for America ???????????? (FAFO),,
R6907,ANGUS4277,,
R6908,Pop Culture Political Junkie (He/Him) ????????????,,
R6909,Dr Arizona Robbins,,
R6910,The_JL_Podcast,,
R6911,Carlos2112 ®? ????,,
R6912,Corby Zone,,
R6913,Ben Robson,,
R6914,Adam Tondowsky,,
R6915,william lee,,
R6916,QuillVoice,,
R6917,Mo,,
R6918,Brian Masck,,
R6919,Tony Tee,,
R6920,Wild Rose,,
R6921,PeabodyPK,,
R6922,Aly Spy,,
R6923,Ahmad M Khalil ????,,
R6924,Janet,,
R6925,mason chicoski,,
R6926,@R I P,,
R6927,Heather Tomlinson,,
R6928,Mike Simpson,,
R6929,William Bonnema,,
R6930,Cindy Haun,,
R6931,nateDaOG44,,
R6932,Mic-Ha-El,,
R6933,Shivam Mishr?,,
R6934,Aubrey Haynes,,
R6935,PADiva,,
R6936,Michelle Kuhs,,
R6937,The Ends Justify The Memes,,
R6938,Chris Carr,,
R6939,Cold Cream 'n' Roses,,
R6940,"Sandy Scaffetta Johnson, PhD",,
R6941,BohemianMama,,
R6942,Hector Of Troy,,
R6943,judith mitchell,,
R6944,Hap,,
R6945,GigiKellie,,
R6946,Jaques Petit????,,
R6947,Gr33nSeven,,
R6948,Jorge Enrique,,
R6949,Daniel Di Simoni,,
R6950,Juan De Dios,,
R6951,Cindystacy88@gmail.com,,
R6952,The Gnomes,,
R6953,Diana,,
R6954,Ash ????,,
R6955,Aceman2024,,
R6956,jason shin,,
R6957,Randy,,
R6958,Mosesparrot,,
R6959,G Holliday,,
R6960,Andrea Joseph,,
R6961,Tim Butler,,
R6962,The_Batman,,
R6963,LinJam,,
R6964,Bull Moose,,
R6965,PatrickMP62,,
R6966,russellb,,
R6967,Sean Anomaly,,
R6968,Darkbluexanadu,,
R6969,Dr. Midnight Lonevoice,,
R6970,Uniquely Wild ????????,,
R6971,??Otome-chan??,,
R6972,Vicky,,
R6973,Emily Mills,,
R6974,Bens The Best,,
R6975,JulietteSchwartz,,
R6976,#BIGREDWAVE,,
R6977,UN,,
R6978,Blackie??,,
R6979,John Painer,,
R6980,ZASSHU,,
R6981,John F. KentuckyFriedChicken,,
R6982,Judy K,,
R6983,Hanley Harrod,,
R6984,RocknRollRabbi,,
R6985,Verum,,
R6986,Old Glory,,
R6987,vinny ??????????????????????,,
R6988,JPB,,
R6989,Robert Howarth(Moh),,
R6990,— • ?? ?? ?? ?? ?? ?? • —,,
R6991,The Kross Says,,
R6992,Contra Declinationem,,
R6993,"Yes you are correct, but",,
R6994,DJHallCunningham,,
R6995,Alex Hernandez-Santiago,,
R6996,PFC Justin Wittmer-Mikesell,,
R6997,Just Here for News ????????????????,,
R6998,Texas Swamp Yankee ??,,
R6999,Dylan,,
R7000,WendyGirl ??????????????????,,
R7001,Richie of North Florida,,
R7002,David Green ??,,
R7003,I Support Ron DeSantis,,
R7004,I Stand With South Carolina,,
R7005,LucyAmped,,
R7006,Rugar™,,
R7007,Colin Stitt,,
R7008,Zak,,
R7009,Elia Augusta Magnus,,
R7010,CurtisLHudson21,,
R7011,Dalton M,,
R7012,Greg Cunningham,,
R7013,Zoey,,
R7014,David O,,
R7015,Rich T Fact Checker,,
R7016,VOTE 2020,,
R7017,maria e. angeles,,
R7018,Spirit of My Ancestors,,
R7019,Evyn Kennyth??,,
R7020,The Vigilant Fox ??,,
R7021,JustSomeThoughts,,
R7022,Jackie Chea ??,,
R7023,Gritty is the Way,,
R7024,The Burgs,,
R7025,Coinsavvy,,
R7026,LifeQuaMan.org (jongalt),,
R7027,Piquerish,,
R7028,Spotter,,
R7029,Americanmystic,,
R7030,Swastik Briben,,
R7031,Deborah Gibson,,
R7032,CoinsNewsDesk,,
R7033,Damian,,
R7034,Betty Keller,,
R7035,George,,
R7036,Burt (Paisios) Cedar,,
R7037,Not Napoleon Solo,,
R7038,george ferris,,
R7039,Hector Andrades,,
R7040,Terry Sater,,
R7041,Richard Kohl,,
R7042,Lesnic,,
R7043,Robert Henderson,,
R7044,Aries,,
R7045,Howie Klein,,
R7046,Luke Allan The GOP is full of????.,,
R7047,Jacob Vega,,
R7048,Gillian Landsberger,,
R7049,??M??i??t??o??M??a??g??i??c??,,
R7050,Paula Duvall,,
R7051,Klampshare,,
R7052,Tibor,,
R7053,Glenn Jacobs,,
R7054,Marsha Blackburn,,
R7055,LadyVan,,
R7056,Roger Reed.sr,,
R7057,Casual Observer,,
R7058,?? Gemini || Gem ????,,
R7059,Natalie ??,,
R7060,Kikuchiyo,,
R7061,Sir MAGA Leftistbane first of his name,,
R7062,the silverback,,
R7063,Spartan0124,,
R7064,Caruso Taft,,
R7065,Garren Thompson,,
R7066,Tony's Girl 1966,,
R7067,Human???????????????,,
R7068,Defend the Guard MT,,
R7069,Al Wasser,,
R7070,? TechForcePros Capital ??,,
R7071,HD1,,
R7072,No Word Salad,,
R7073,Drex,,
R7074,Illinois girl Desi,,
R7075,Dr Robertlee ??,,
R7076,LoAnne Meyer,,
R7077,Vivek Ramaswamy (Parody),,
R7078,Suebee Like the Honey,,
R7079,GetAbsorbed,,
R7080,Peter Givenbless,,
R7081,IFNM,,
R7082,GQ4U,,
R7083,Keith Bradberry,,
R7084,The Lincoln Republican,,
R7085,Bradicoin,,
R7086,Appalachia ??,,
R7087,Ish,,
R7088,Worm????,,
R7089,The Whoopti FrikinDoDa Tariff - Boo-Frickin Who?,,
R7090,Anastasia Hyde,,
R7091,Tom Mulchy,,
R7092,stoneyman1,,
R7093,FREDDIE S. MARTIN,,
R7094,Burkysmirky,,
R7095,????,,
R7096,Mike Spainhour,,
R7097,Rocket,,
R7098,Mjveveiros,,
R7099,Mark Griffiths,,
R7100,Least Understood Hater,,
R7101,Nancy Warner,,
R7102,Dr. Smith,,
R7103,Ninus,,
R7104,MHopes,,
R7105,Gabor Ujvari,,
R7106,Ryan Langley,,
R7107,GirlHenryRollins #OGKHive,,
R7108,Raging Fire 41,,
R7109,WiseChristianChannel,,
R7110,IR,,
R7111,Eric M Blake #RestoreTheSnyderverse#CreatorCulture,,
R7112,John W,,
R7113,Justice for All!,,
R7114,Pink Guy,,
R7115,Jeffrey Thomas,,
R7116,FreedomFrontier,,
R7117,3DaysofCondor??,,
R7118,Victoria,,
R7119,KING OF POLLS ??????,,
R7120,Green Bubble Boy,,
R7121,Dan Hill,,
R7122,wwj745,,
R7123,Sabrina Barlow,,
R7124,Caroline for Make America Healthy Again,,
R7125,Just Be ),,
R7126,Red Mosquito ????,,
R7127,Don Roberto,,
R7128,Daniela Collins,,
R7129,???Ty Buchanan???,,
R7130,Debra,,
R7131,socialistzombie,,
R7132,StaciFL,,
R7133,DFD,,
R7134,Earthy,,
R7135,Susan Glasser,,
R7136,Rachel Knapp,,
R7137,Wise_Diva,,
R7138,Jean P. Salib Rivera ????????????????,,
R7139,Proud America,,
R7140,K T Cat,,
R7141,Teresa Sloca,,
R7142,Saggy Weenus,,
R7143,S-3,,
R7144,arthur g. laugand,,
R7145,Crowdsourced News,,
R7146,Lyn Meredith,,
R7147,Gen-X Digital Soldier,,
R7148,TaraBull??,,
R7149,pete gauthier,,
R7150,Day,,
R7151,Weird Mountain Man,,
R7152,In§pire Life??,,
R7153,BIGAL,,
R7154,Carroll M ????????????,,
R7155,LilShadow,,
R7156,Dr. Bhaskar ?,,
R7157,Zina Wilson,,
R7158,Savaged,,
R7159,SLB51965,,
R7160,Patriot -Luke Duke,,
R7161,HIEN Nguyen,,
R7162,Mr Positive ??????,,
R7163,44Flower,,
R7164,Margaret Valdez,,
R7165,Joan Goin,,
R7166,Dmizzy,,
R7167,NitrisOxd???? ??,,
R7168,I am Tyler Durden’s Frontal Lobe,,
R7169,Jerod Patterson,,
R7170,Betty Gray,,
R7171,Karen Wright,,
R7172,AZRon ????,,
R7173,Publius PR,,
R7174,Albin,,
R7175,RealTimBlack,,
R7176,Nathan :),,
R7177,kozmik,,
R7178,Oleg Designs,,
R7179,Ricky.....,,
R7180,Mr. Christopher,,
R7181,SkylordAwesome,,
R7182,Fly Sistah ??,,
R7183,OutKick,,
R7184,shean elem,,
R7185,William M Kornblum,,
R7186,SmythRadio,,
R7187,Melik Abdul,,
R7188,Ranjan Nanjappa ????,,
R7189,The Patriot Brief,,
R7190,Cadmus 3,,
R7191,ShannonSophia ????????,,
R7192,Josh Lewan,,
R7193,Nullzip,,
R7194,Dallas Dingle,,
R7195,MAGA Milfs,,
R7196,The Constitutional Canadian ????,,
R7197,MJTruthUltra,,
R7198,Super Duper,,
R7199,E. Debnam,,
R7200,Joe Bizzarro,,
R7201,John Fabbricatore,,
R7202,"Harold K. Texas Born, Patriot/Survivalist",,
R7203,Ktime,,
R7204,Innocent Lady Who Djokovic Hit In The Throat,,
R7205,Crypto Spot,,
R7206,David Anto ???????? Text TRUMP to 88022,,
R7207,awakened.beauty,,
R7208,MartyParty,,
R7209,Suzie1922,,
R7210,Default Setting,,
R7211,GoT_SUSpended_by_Elyon_3.0,,
R7212,Himashree Bhattacharjee,,
R7213,Conservative_Josh231,,
R7214,johnbaptist,,
R7215,Tybolt333,,
R7216,Dr. Joseph Ford Cotto,,
R7217,Nafo_Wrangler,,
R7218,Richard567876,,
R7219,Sam Reece,,
R7220,Anka,,
R7221,dravida sishu,,
R7222,7?7?7?_IS_666,,
R7223,Beckie Wilson,,
R7224,Thomas Sayre,,
R7225,Sid Lockman,,
R7226,Kerry ????,,
R7227,YOURWORTHLESS27,,
R7228,ABC 7 Amarillo,,
R7229,Erich M. Schwarz,,
R7230,Patrick Webb,,
R7231,Lemus????????,,
R7232,Notemax,,
R7233,Linda Howard,,
R7234,????#Epstein Did Not Kill Himself????,,
R7235,DVBC,,
R7236,Bernie Thompson,,
R7237,soonerivlife,,
R7238,Libertarian Maverick ? ????,,
R7239,Joyce Ruggerio,,
R7240,Joy Bruce,,
R7241,Brad M.D.,,
R7242,Vincent A.,,
R7243,lazlo tooth,,
R7244,Paul The Apostle (Parody),,
R7245,Leading Report,,
R7246,Richard Crocker,,
R7247,Graf von Zippilen Correct Commentary,,
R7248,TW Vogt,,
R7249,like it is,,
R7250,Torchiest — e/acc,,
R7251,hemorrmoids,,
R7252,Shindar Kumar,,
R7253,Dana,,
R7254,American Pa3ot ????,,
R7255,the_shining_path ????????,,
R7256,Tom_Space,,
R7257,Franklin Cox,,
R7258,FBA_Justice,,
R7259,Mrs. Levi A'Ten Thunderbolt II,,
R7260,"Eva Chipiuk, BSc, LLB, LLM",,
R7261,Chuck,,
R7262,Faiz,,
R7263,The French Connection,,
R7264,Mary Maas,,
R7265,WATDC,,
R7266,IndyKev (I),,
R7267,tdypcoeur#)_6!,,
R7268,Constantin Purcaru,,
R7269,InnovativeDunce,,
R7270,Ted Freddy,,
R7271,IMPEACHdotardNOW,,
R7272,Nate Welton,,
R7273,Charles Brown,,
R7274,Devin Nunes' Cattle Dog ???? ????????????,,
R7275,Fred von Gortler,,
R7276,Carolyn Jackson,,
R7277,Mojave Red,,
R7278,NeverGiveUpYourDream.US,,
R7279,Ashis Basu ???? ashis.bluesky.social,,
R7280,Ibrahim Tanner,,
R7281,James Wyndham,,
R7282,MidnitePickle,,
R7283,Jennifer Sample,,
R7284,FOMC Alerts,,
R7285,Nitin Swaroop,,
R7286,@BobReuter4,,
R7287,synon,,
R7288,Steve Gorz,,
R7289,Malcolm1234567,,
R7290,eagle eye,,
R7291,Howard Stern ????????????????????????????,,
R7292,Ken Gardner,,
R7293,Icarus,,
R7294,Mike Martin,,
R7295,Doris Wood,,
R7296,????Krazy Manuel????,,
R7297,Norman Doering,,
R7298,J p.,,
R7299,Jean Habdank,,
R7300,Truth-Seeker,,
R7301,Lana,,
R7302,FightForFreedom,,
R7303,Donna Terhune,,
R7304,SantaFeMockingjay,,
R7305,Sharrlize,,
R7306,II,,
R7307,John Jolivette,,
R7308,TX Sasquatch,,
R7309,K. Lux,,
R7310,JORRIT.,,
R7311,ELON ALERTS,,
R7312,EastDallasAlice,,
R7313,?????? Queen Katerina ??????,,
R7314,julian chwang,,
R7315,American Patriot,,
R7316,Patriotic Homesteader,,
R7317,Frances Driggers,,
R7318,Lillian Lucash,,
R7319,Sharon Rogers,,
R7320,Barbara Hendrick,,
R7321,Nick????????????????,,
R7322,Chief'sFriend,,
R7323,Truth Seeker ????,,
R7324,Deep Blue DMV (DCMdVa),,
R7325,cmarin,,
R7326,CornPop,,
R7327,Deborah Austin,,
R7328,UfoGuy SpaceMan,,
R7329,"T.G. ""Teddy"" Pierce - The ""Dethrone Davos"" Guy",,
R7330,Nacho Momma ????????,,
R7331,JT Springston (The Professor),,
R7332,Luke McCool,,
R7333,Dale Phillips,,
R7334,Southern Sweeter,,
R7335,Gabe Fleisher,,
R7336,Charlotte,,
R7337,Welund,,
R7338,Jimwalter789@gmail.com,,
R7339,Not your crazy aunt.,,
R7340,?? Reverend Deadpool ??,,
R7341,Ian Miles Cheong,,
R7342,Sy Snyder,,
R7343,Debi Calvet,,
R7344,Joost Niemoller,,
R7345,Dover Emeth HATES CLICKBAIT HEADLINES,,
R7346,Neo,,
R7347,jackwindsor,,
R7348,Vicente,,
R7349,???Mimi???,,
R7350,MONSTER1950,,
R7351,Crow Magna,,
R7352,Satu Svahn,,
R7353,Prenom Nom,,
R7354,Stephen McElroy,,
R7355,Elongated Muskrat????????,,
R7356,"Bobby P Manzini, M.D",,
R7357,The TEA,,
R7358,Joe Heatly,,
R7359,robert k,,
R7360,CourtneyLConover,,
R7361,Ase,,
R7362,Joeys Cleaning Lady,,
R7363,Canadian Republic ????,,
R7364,Mikey!,,
R7365,Sunny Ritchie ?????,,
R7366,Travis Ogle,,
R7367,Hugh Hopner,,
R7368,Designs By LisaMarie,,
R7369,Mary Morrison,,
R7370,SportsFanatic,,
R7371,LifeSiteNews,,
R7372,McFishFilet,,
R7373,MrReeKilla,,
R7374,Gadea,,
R7375,The Fax Machina,,
R7376,Holden Culotta,,
R7377,DannnoRPFs,,
R7378,Overton,,
R7379,redroses,,
R7380,kamini.rupani (Modi ji Ka Parivar)????,,
R7381,"BrainTrustBabe, Esq. ????????????",,
R7382,Digger310,,
R7383,Mike Hamm,,
R7384,Lindsay,,
R7385,Sauce,,
R7386,???????????????? ?? ???? ???? ????,,
R7387,Dennis Saffran,,
R7388,Sean Pultz,,
R7389,Sam Clench,,
R7390,B,,
R7391,John Wakefield,,
R7392,Evan François,,
R7393,JusticeWarrior77????????,,
R7394,Wakatoya,,
R7395,TheLibertarianAlchemist,,
R7396,magwelltheungovernable,,
R7397,BHMA,,
R7398,Ray Joy,,
R7399,ThePsychic Guild,,
R7400,Laura Norder,,
R7401,Ian Mccloy,,
R7402,GMarie T,,
R7403,Mere Commoner,,
R7404,Rory,,
R7405,montiboy113,,
R7406,Bret Smith,,
R7407,Pasquinal,,
R7408,KingTigR-II,,
R7409,Buchanan Gunchero The First,,
R7410,Leslie-????????????????????????????????,,
R7411,marky lynn quayle,,
R7412,judyp2530,,
R7413,Daniel Meier ???? MAGA/MAHA!,,
R7414,Marezdotes,,
R7415,Rose Morgan,,
R7416,"Manda Gershon, Alaska Whisperer",,
R7417,Reformed 7,,
R7418,dog and a hotdog,,
R7419,fox8news,,
R7420,Donna Lee Farmer,,
R7421,TSG,,
R7422,Frankie Crisostomo,,
R7423,MVS Cryp ????????????,,
R7424,Gas Station Boner Pill Nationalism,,
R7425,Roberto ??,,
R7426,Alconox ??????????,,
R7427,MKM,,
R7428,CAROL,,
R7429,William Donald,,
R7430,Lisa de Brito,,
R7431,Julie Christian,,
R7432,Sawyer Brittain??,,
R7433,Rebel Yell??????????????????????,,
R7434,terri vaillancourt,,
R7435,Trumpusa1,,
R7436,MJ,,
R7437,Boyd Linhart,,
R7438,Becky,,
R7439,John Paul Jones,,
R7440,"Barry Sandrew, Ph.D.",,
R7441,Sheila Shook,,
R7442,Patriot 4547 ??,,
R7443,?? B.J McLeod's Strongest Solider,,
R7444,Lloyd MacKay,,
R7445,The One ????,,
R7446,Morgan Fairchild,,
R7447,CT,,
R7448,Marcey Stevens,,
R7449,Anne Garrett,,
R7450,Z The Boxing Cat,,
R7451,David Wood,,
R7452,Walter Schmidt,,
R7453,?B€A$TI€??J€NKIN$?,,
R7454,Chad McGovern,,
R7455,_Fara_Day_,,
R7456,Emory M,,
R7457,Greg Kustanovich ????,,
R7458,Liberty Lover,,
R7459,Thomas Richardson,,
R7460,God Bless America,,
R7461,4America,,
R7462,WE THE PEOPLE,,
R7463,Artificial Intelligence ?,,
R7464,Tricia,,
R7465,Mariah??,,
R7466,Conservative Injustice Reporting,,
R7467,?????????,,
R7468,Wes Erickson,,
R7469,AAPolitics,,
R7470,Ann Bissett-Strahl,,
R7471,Grazyna Hyde,,
R7472,Tom Aiello,,
R7473,John Larson,,
R7474,9ja Breed,,
R7475,Happy,,
R7476,Dr. Kenneth Warner,,
R7477,Yes I Am A Hedgehog,,
R7478,Patrick K Martin,,
R7479,Johnny Chou,,
R7480,Farrell Ross I FOLLOW BACK,,
R7481,EmbeeOAmerican,,
R7482,Crux,,
R7483,L. Wayne Mathison,,
R7484,Rafael042130,,
R7485,Jonathan Sims,,
R7486,V for Vote,,
R7487,Merit Street,,
R7488,edmcclung,,
R7489,adarivskp,,
R7490,80 degrees..,,
R7491,Estelle256,,
R7492,Crypto Trader Pro ????,,
R7493,Tasha Blake ??????????,,
R7494,RAUSHAN KUMAR,,
R7495,William of Ockham,,
R7496,Andrew Lawrence,,
R7497,Adam Hommey,,
R7498,Matt Smith,,
R7499,grand marquese,,
R7500,lawana gilbert- ??,,
R7501,Herr Vogele,,
R7502,Danilo,,
R7503,Norman Bell,,
R7504,juanlove,,
R7505,Angela Myers,,
R7506,Marty Creasman Forrest,,
R7507,TwyztydMynd - I say things you may not like.,,
R7508,Rob Vendetti,,
R7509,Stephanie Priolo ????????,,
R7510,Y,,
R7511,Darlene,,
R7512,Dei&Naeght,,
R7513,MyBud,,
R7514,Blank e/acc,,
R7515,Satyanveshi (Hindu in search of Truth),,
R7516,Bob k Morrison,,
R7517,Timothy Cook,,
R7518,Henry Frattaroli,,
R7519,Marvin E. Adams,,
R7520,Author UpROAR,,
R7521,Lance atman,,
R7522,Liam Bean,,
R7523,Kalpesh Makwana,,
R7524,Mikayla,,
R7525,James Stanbrough,,
R7526,BrightOcular,,
R7527,2VNews,,
R7528,Raine Musñgi,,
R7529,Allen Mendenhall,,
R7530,Leah Smith,,
R7531,Donna Nanar,,
R7532,Praying Patriot,,
R7533,"HEY-EY-EY-EY! (HEY-EY-EY-EY!) Let's Go, Buffalo!",,
R7534,Bo,,
R7535,Rex Novenario,,
R7536,xlmi XL,,
R7537,Dexter Barbay?,,
R7538,Nick Reeves #RejoinEU #NAFO #FBPE,,
R7539,Teddy Schleifer,,
R7540,?????????? Marc Poirier ??????????,,
R7541,8th Grade Graduate,,
R7542,Zero ?,,
R7543,pensaresgratis,,
R7544,Santi Patrick Pierini Rees ??????????ypantz'Ndatbi,,
R7545,Raven Lightyear (Flirty Rebel),,
R7546,Vikrant Perumal,,
R7547,StayStrongHealthy??????,,
R7548,A Sovereign Bïtch,,
R7549,I am an Outlaw????????,,
R7550,MoMash67,,
R7551,Tonyum Pentathol,,
R7552,Cate Coupal,,
R7553,VTOLHussar ??????????,,
R7554,ITS A MYSTERY007?? REMOVE ALL SANCTUARY CITIES!,,
R7555,Deepshikha,,
R7556,GKiel,,
R7557,pattie wagner,,
R7558,Chet,,
R7559,Raymond Park,,
R7560,Heavy Rain,,
R7561,OptimisticCynic,,
R7562,FierceToast ???? ???? ????,,
R7563,Bengalexpress,,
R7564,David Lester Straight,,
R7565,IAmHere!,,
R7566,James Reichert,,
R7567,Jack,,
R7568,Political Election Projections,,
R7569,The Conservative Alternative,,
R7570,Crypto Brothers,,
R7571,Clay,,
R7572,Bitcoin.com Noticias,,
R7573,Bitcoin.com Actualités,,
R7574,Bitcoin.com Notizie,,
R7575,Bitcoin.com Nachrichten,,
R7576,Bill Zimmer,,
R7577,apeena,,
R7578,Gary D,,
R7579,John Morgan,,
R7580,Daily Dose Media,,
R7581,Tom C,,
R7582,Akwosiwjaiwnsiwnlana J,,
R7583,Stewart Dixon,,
R7584,Bony Bean,,
R7585,Bitcoin.com News,,
R7586,vladtv,,
R7587,DJ Vlad,,
R7588,AmberIsMe,,
R7589,India West,,
R7590,Porus Kateli,,
R7591,Juan Soto,,
R7592,peaceful heart,,
R7593,Sassitude,,
R7594,CD,,
R7595,Mike Yingling,,
R7596,MagaTXVet,,
R7597,DomPachino101,,
R7598,Dirty Work Boots,,
R7599,Yao,,
R7600,kenmurrayx4.bsky.social,,
R7601,Silas,,
R7602,Ryan V,,
R7603,Ronald Slater,,
R7604,BRANDEV22,,
R7605,joecoolinokc,,
R7606,jnthoyt,,
R7607,Edison Thrustwell,,
R7608,WhereAreYouUSA,,
R7609,Michele Russo,,
R7610,Williams,,
R7611,Tori W,,
R7612,Robin Baxter,,
R7613,James Pickett ????,,
R7614,EmEkah,,
R7615,jewishcliter2001,,
R7616,Andrea,,
R7617,SavageLowes,,
R7618,FloridaStateBoy,,
R7619,deathstar11,,
R7620,Robin Nichols Miller,,
R7621,Anthony F. Benfatti,,
R7622,C DEM,,
R7623,Evelyn Brennan,,
R7624,Megalo 777,,
R7625,OldGuyNotStupid,,
R7626,Zebert Brown,,
R7627,Monamo ??$GAME,,
R7628,Irishbandit ????,,
R7629,Ron Stephens,,
R7630,"Red, Wah & Blue",,
R7631,Eric J. Tomaskovic,,
R7632,James Skinner,,
R7633,B_i_l_l_y_cat,,
R7634,????Augustana?1530-Job 19:25-27,,
R7635,PollyPancake,,
R7636,Surge Coffee,,
R7637,Johnny,,
R7638,Amanda,,
R7639,Ruth???,,
R7640,AJ Huber,,
R7641,Ronnie Smith,,
R7642,Thomas St James,,
R7643,… ™,,
R7644,Dave _Dave,,
R7645,wmungadi@yahoo com,,
R7646,Kajtimir Vojsk,,
R7647,Brick Suit,,
R7648,Al Janko,,
R7649,Charlie Ward,,
R7650,Ronnie Granger,,
R7651,Chet Meiners,,
R7652,Jason Dudley,,
R7653,Roy Glover,,
R7654,Gabriella ??????,,
R7655,Robert A. Goodrich V.,,
R7656,The Scoop,,
R7657,WakeUpAmerica,,
R7658,Bev G,,
R7659,Sandra L. Brown,,
R7660,JDPoole,,
R7661,Jadedbutnotfaded,,
R7662,Sampath Kumar,,
R7663,Scott Smialkowski,,
R7664,Darlyn215???????????????,,
R7665,Dawn Abbs,,
R7666,jay alle 7,,
R7667,Mindful ?? Investor,,
R7668,Cornelius Duncan,,
R7669,Thomas,,
R7670,brandybgood,,
R7671,Millard Fillmore White House Library,,
R7672,Summer Johnson,,
R7673,cgedg,,
R7674,J Man,,
R7675,Words2Swords ??????????,,
R7676,OhMercieIsMe,,
R7677,See You On The Flip Side,,
R7678,Chaz Bartiromo,,
R7679,@1RonnieD,,
R7680,Minnette Kryszyn,,
R7681,Lilia V. Lopez,,
R7682,slpdee58,,
R7683,lisette??,,
R7684,American Crusader ??????,,
R7685,AmericanPatriot2,,
R7686,mdh,,
R7687,Cecil Combs,,
R7688,Diana Nunez,,
R7689,JAC,,
R7690,RICHARD E DOOLITTLE,,
R7691,Le?? Litzen,,
R7692,PillowTalker,,
R7693,Phillip Smith,,
R7694,Global Nomad,,
R7695,Martha Price,,
R7696,Terry Foster,,
R7697,Lanny Saturday,,
R7698,Melinda McAllister,,
R7699,Batmanthe8,,
R7700,Eric Baker ??????,,
R7701,Creeds Cannon ????,,
R7702,Ethan,,
R7703,Uncle Bucky,,
R7704,stealth,,
R7705,Julie Quest,,
R7706,Andie????Iona??????????????,,
R7707,Jason skeesick,,
R7708,Kim Carrico-Stephens ????,,
R7709,Mister Sir,,
R7710,Tsippor,,
R7711,Rick Lamberth,,
R7712,sidswa,,
R7713,"Let's Talk, 98.7 FM The Fox",,
R7714,?????Bena 4pattes?????,,
R7715,MORFeus CHOZEn,,
R7716,OldLefty,,
R7717,Brian Leviblaugoldbergowitz,,
R7718,?????k???? ??,,
R7719,Howard Stallings,,
R7720,Florida Issues,,
R7721,Chris ???????????????????????????????,,
R7722,Based MAGA Wizard,,
R7723,Mari McAleen,,
R7724,??®?,,
R7725,Sapient Hominid,,
R7726,???????????????????? ????????,,
R7727,"Rodge Trump fan,",,
R7728,??????Lisabeth DonIey ??????,,
R7729,??. ?? ?? ????,,
R7730,SandyBeach,,
R7731,Tess ???? ??,,
R7732,"Mitch McEachern, ???? ???? ???? ???? ????",,
R7733,Kajun Princess,,
R7734,Das Kind Der Jungfrau,,
R7735,Dave the Patriot ??????,,
R7736,Yadira Vargas Tirado,,
R7737,Axel Humble,,
R7738,Grant,,
R7739,Kate???????,,
R7740,Jagadeesh,,
R7741,B? Công Anh,,
R7742,One Land,,
R7743,Akhilesh Yadav,,
R7744,TLilly,,
R7745,Alyssa ??????,,
R7746,lsetts,,
R7747,Hamza,,
R7748,Kipp,,
R7749,PJ Paul,,
R7750,SARCASSUS THE IMPALER,,
R7751,Defiant L’s,,
R7752,Brian Smith,,
R7753,Soham ?,,
R7754,??Joe,,
R7755,Tarbei Junior.,,
R7756,mary anne ,,
R7757,Vanessa Saylor ??????,,
R7758,john martin,,
R7759,Dipen Modi,,
R7760,Kari,,
R7761,jazzy jeff ????????,,
R7762,Stephanie Peace ????,,
R7763,Ungovernable??#??,,
R7764,Brenda Lindner,,
R7765,SiriusOne,,
R7766,Eugene Theobald,,
R7767,Kois4120,,
R7768,Dr. Kenon,,
R7769,marcus aurilius,,
R7770,Samvadam,,
R7771,Free Market Democrat,,
R7772,Zach????????,,
R7773,TheDadMartigan,,
R7774,GogginsRevived,,
R7775,Sanatani NRI,,
R7776,DMac,,
R7777,Pamela Dolinger,,
R7778,Lewis Walker,,
R7779,Jesse R??????,,
R7780,John Solomon,,
R7781,The Questionable Gardner,,
R7782,Amma Say,,
R7783,Pastor Bob Joyce-Household Of Faith,,
R7784,Ethan Thompson,,
R7785,KP Gordon,,
R7786,B ron,,
R7787,HighMind,,
R7788,Monika Schander,,
R7789,robb,,
R7790,mercime,,
R7791,Pretty Good,,
R7792,"GRACE, PEACE & MERCY????",,
R7793,Helene Germany,,
R7794,CatsAndCoffee,,
R7795,Lambda Rick /acc,,
R7796,TammyWood,,
R7797,Marlene Lane,,
R7798,Zorak,,
R7799,Curious_Cookie,,
R7800,MikeP,,
R7801,???,,
R7802,Not Gay nor Black,,
R7803,Albert ????,,
R7804,Toolman,,
R7805,Oliverzxavier,,
R7806,Janine,,
R7807,Bridgette A.Browning,,
R7808,Jinglai He ????,,
R7809,Mary Ward,,
R7810,daily netizen,,
R7811,Lionessoftruth,,
R7812,Carol Rufino,,
R7813,Technosmith,,
R7814,The State Press,,
R7815,Texas Rose,,
R7816,Sharon Rediker,,
R7817,ALC Trades???,,
R7818,John Hyry,,
R7819,michael stonks,,
R7820,Kelly Mallard,,
R7821,USA Strong ????,,
R7822,Espeegi,,
R7823,Kelly,,
R7824,Derinda Werden,,
R7825,Mark the Spark,,
R7826,Stankonia Capital #MAGA ????,,
R7827,K.D??,,
R7828,Trev's Tweets ??RN ?? MCFC ????????,,
R7829,Peter Rabbit,,
R7830,Suzanne Lee,,
R7831,sweetischi,,
R7832,wyda,,
R7833,Deorajh,,
R7834,Psilynt the Psleenless,,
R7835,Ronaldo Britto,,
R7836,Darmesis,,
R7837,CoyleDoyle8,,
R7838,Joey Viljoen,,
R7839,CLICK DAILY,,
R7840,HRHPrincessPR,,
R7841,GrumpyJay,,
R7842,Golfer Girl,,
R7843,Alice,,
R7844,Marie Kelly,,
R7845,Scott Borders,,
R7846,Alphonse mourad,,
R7847,Verseus Greekus ™,,
R7848,Ronald McConneyhead,,
R7849,Rider,,
R7850,Kishore a,,
R7851,DespeRider,,
R7852,TantraMantraYantra,,
R7853,Front Page,,
R7854,Julie green Ministry chat,,
R7855,Alan David,,
R7856,Heortir the Woodwarden,,
R7857,Make America Greater ???? $MAG,,
R7858,RooskieBrewskie,,
R7859,Alexandra Blumen,,
R7860,Donald J. Trump News,,
R7861,ETLifestyle,,
R7862,Anonymous Fish,,
R7863,Vote Against Marxism,,
R7864,massoud rahnavard,,
R7865,Kimberly Bronson,,
R7866,CulturalHusbandry,,
R7867,GinoSpimoni,,
R7868,Martin,,
R7869,Phantom,,
R7870,American James,,
R7871,SimplyStephanie,,
R7872,isaiah,,
R7873,Yunchao Wen ????,,
R7874,Awakened Ape,,
R7875,Alex Maslinkovsky,,
R7876,vera liberta,,
R7877,i5 News,,
R7878,Smuggzley1776,,
R7879,time velocity ????,,
R7880,jericho681 ????,,
R7881,Brig hazy wolf,,
R7882,Jenn Sweet,,
R7883,Duck Forsey,,
R7884,Lee Inglis,,
R7885,Hichmalumnist,,
R7886,@ Frank It up,,
R7887,Zeppo,,
R7888,Who Asked You,,
R7889,Norm Uhl,,
R7890,Salty,,
R7891,??????? ?? ???,,
R7892,Fatima,,
R7893,The Great Canadian Reset,,
R7894,pathfinder,,
R7895,Julian ????????,,
R7896,RyanAnthony,,
