Id,Name,Gender,Age
D1,KCPhoenix,,
D2,Charles Peach 🍊,,
D3,@NashuaGOP,,
D4,Dave,,
D5,ugh,,
D6,Red Dirt Empress,,
D7,Doc Myers,,
D8,Delicious Liberal Tears,,
D9,Melissa 🐝,,
D10,The Dood,,
D11,David Peurifoy,,
D12,Don Walls,,
D13,Zimmerman.Pike,,
D14,vasenior 🇺🇸,,
D15,Gronko Dean,,
D16,George  Alayon,,
D17,Mike,,
D18,Prostetnic Vogon Jeltz,,
D19,CC and Rose,,
D20,Daniel,,
D21,Cheechio,,
D22,Brian,,
D23,Al Mariande,,
D24,ThatBoi,,
D25,Let Freedom Ring,,
D26,Rational Bulls Fan,,
D27,carma desantis,,
D28,Heather Barrett,,
D29,Joy Ross,,
D30,KiwiBaze,,
D31,Vince Sheetz,,
D32,Sandy Proud Democrat 🐝,,
D33,James Barnfield,,
D34,Rob Schimenz,,
D35,Bronan the Barbarian,,
D36,Refute FrMartin,,
D37,Marcela Perelman,,
D38,Nayla Williams 🇺🇸,,
D39,"Dirk Belligerent - ""As Seen On Internet""🐊",,
D40,Arizona Democrat 🇺🇦 🇨🇦,,
D41,Rob Smith,,
D42,No Holds Bard🇺🇸🗽,,
D43,John Ward,,
D44,Robert Ande,,
D45,Shalkie - The original! 🅅 🅅 🏳️‍🌈🏳️‍⚧️🫂💙🦋,,
D46,Silvrback,,
D47,Daisy Vance,,
D48,Julie,,
D49,Joe Spizuous McKosky,,
D50,Find the $4.7 Trillion,,
D51,Doug W,,
D52,Absolutely Nobody,,
D53,Wayne Wallace,,
D54,Seismic Glen,,
D55,Alfred E,,
D56,Dr. No🇺🇸,,
D57,𝙹𝚘𝚊𝚑,,
D58,TexCaligal,,
D59,Gigi Rule,,
D60,JustWatching,,
D61,AOC is a Nancy Pelosi Democrat,,
D62,SheepDog Society LLC,,
D63,Joe Citizen 🇺🇸 🇵🇱 🇺🇸,,
D64,Dan Hogan,,
D65,Jack,,
D66,Dov Hikind,,
D67,Michelle Maxwell,,
D68,johnsouthcoast,,
D69,Tam D,,
D70,Adam Knox,,
D71,J Amrein,,
D72,N B,,
D73,Kamala's Stupid Cackle,,
D74,Dan W,,
D75,Diana Catherine Allar,,
D76,Amy K -Vaccinated Democrat,,
D77,The Kris,,
D78,Deborah,,
D79,CECheese,,
D80,Rabid Dentite 🇮🇱,,
D81,PrinceofPersia,,
D82,Bee VB 🇩🇪🇺🇸🇺🇦🟦 💙Democrat for Life 💙,,
D83,AKA DeeK,,
D84,California Republican,,
D85,Patriot Front Delenda Est 🇵🇸🇺🇦🐵,,
D86,Democrat BlueWave Liberal 🌊🌊🌊🌊,,
D87,Boogeyman,,
D88,Matt 🇺🇲🇺🇲🇺🇲🇺🇲🇺🇲🇺🇲🇺🇲🇺🇲🇺🇲🇺🇲🇺🇲,,
D89,H,,
D90,Gregor Hast 🐦,,
D91,"INDEPENDENT! JD, B.S.E.E.",,
D92,THM,,
D93,Chimpanzeeve 🦋,,
D94,Roy G,,
D95,Foxtrot Juliet Bravo,,
D96,Ungovernable 🇺🇸,,
D97,Blind_Pundit 2.0,,
D98,Xiphos a Person of Whiteness,,
D99,ℕ𝕖𝕊🖤,,
D100,Dr. WereHoleAssWolf,,
D101,We Wuz Crusaderz,,
D102,joeebee20,,
D103,Tim Rhoad,,
D104,LoveLucy 🇺🇸🇺🇸🇺🇸,,
D105,Rosso,,
D106,The world is a stage,,
D107,𝐁𝐄𝐀𝐒𝐓 ᴰᴱᴹᴼᶜᴿᴬᵀ ⁻ ⁿᵒᵗ ᵗʰᵉ ᶠᵘⁿ ᵏⁱⁿᵈ,,
D108,Eddie - Facts Matter,,
D109,Mark,,
D110,Anne Gindorff Heinz,,
D111,Em Cohen gazafunds.com,,
D112,Chief,,
D113,DBeach former Democrat,,
D114,Ricky,,
D115,O D One Kenobi,,
D116,San Diego Spaces 🎙️,,
D117,SummerStorm,,
D118,Bentley Bear,,
D119,Estel62.bsky.social,,
D120,Common Sense Bob™️ ☕️,,
D121,On Second Thought…..,,
D122,UTFAT,,
D123,Daniel Bragg,,
D124,1finekitty,,
D125,GhostPsyborg👻🤖,,
D126,Steven Bourne,,
D127,Ozi,,
D128,R Policano,,
D129,justmeee,,
D130,Jack hunt,,
D131,Homer,,
D132,"Souli🌺a sassy, classy & a bit smart-assy Democrat",,
D133,Andrew Levi,,
D134,Ryan the former Democrat,,
D135,IammeHTX 🇺🇸,,
D136,Born2bfree,,
D137,ThePatriotOfOz,,
D138,rick m,,
D139,Samuel Trautman🍊,,
D140,Reconmarine7,,
D141,old democrat repost not my views,,
D142,Gedda Bee,,
D143,Dave Noffsinger,,
D144,jag2060,,
D145,Hal Bryan,,
D146,Danny the Democrat,,
D147,Ultra MAGAnomics,,
D148,the wizard,,
D149,R Baltz,,
D150,pooks,,
D151,Brother Clive,,
D152,ZBreakingNewz,,
D153,Calicocaleb,,
D154,Tina M. Deraco,,
D155,Wilfred Gray,,
D156,Joseph Frischman,,
D157,#LGM Bourbon Democrat 🇺🇦🇹🇼🎗️,,
D158,Celtic1,,
D159,Ginger,,
D160,Ron Goodden,,
D161,Kaitou,,
D162,Adam B. Bear,,
D163,Juan Delano 🇺🇸🇺🇸🇺🇸,,
D164,PaulaAnn2147,,
D165,PatriotAnt,,
D166,TJ Towberman,,
D167,Yvonne Rogers,,
D168,Redzee,,
D169,Harry Burnsworth,,
D170,Captain Apthorpe,,
D171,Skynet Apocalypse,,
D172,Ernest Reyes,,
D173,Shawn Byrne,,
D174,Richard Works,,
D175,Stedar,,
D176,Savannah,,
D177,STEVE🇺🇸🇻🇦✝️,,
D178,タイラー,,
D179,sam,,
D180,HumbleBee,,
D181,Politic Parley,,
D182,Auten Isla,,
D183,The Bearded Goat,,
D184,PowerEE Guy,,
D185,Sensurround,,
D186,THE TRUTH,,
D187,FantasyMasterDaddy,,
D188,🆘🆘Democrat Brian (Vaxxed/Boosted) 🆘🆘,,
D189,🇺🇸 Despises the Democrat Party,,
D190,A Democrat who is still here!!,,
D191,Richard Ellison,,
D192,Hoosiers Against Liberal Theocracy,,
D193,Cheryl,,
D194,Martin's Tweets,,
D195,P CADFAEL 💙🌊🟦,,
D196,Rod Runion,,
D197,George Wept,,
D198,Shelly Haselrick,,
D199,Heston Churchill,,
D200,FLDawg Vent,,
D201,Peter Stroempl,,
D202,Ace,,
D203,LENVESTIGATHEUR,,
D204,Justona Moore,,
D205,Robert Newman,,
D206,Journalism is back! Thanks to X!🙏,,
D207,BEVERLY CHARLES,,
D208,Lloyd Gauthier,,
D209,crimsonorbit,,
D210,CatTerd2,,
D211,@MemphisGators58#,,
D212,Tomas Rabago East 61st Street Democrat,,
D213,John Rinaldo,,
D214,MORENO7MGM,,
D215,Outlaw Window Cleaner,,
D216,Joe Murphy  🇺🇸🇺🇦🇮🇪☘️☘️☘️☘️☘️☘️,,
D217,True Blue Democrat & Patriot🇺🇦🇵🇸💔,,
D218,Mediaite,,
D219,Melanie,,
D220,Jane Casares,,
D221,Dee,,
D222,Peter S. Lee,,
D223,Migrant_Mick,,
D224,snooperz,,
D225,luis__nope,,
D226,TugboatPhil - American,,
D227,Common Sense 101,,
D228,Disenfranchised Democrat 🐭,,
D229,Harlen Bayha 🇺🇸,,
D230,Robert Davi,,
D231,Dan Muccia,,
D232,Huia,,
D233,🇺🇸PhishieFromPhilly🇺🇸,,
D234,🇺🇸🇺🇸Bob🇺🇸🇺🇸,,
D235,Domenic,,
D236,DKe🐘 #BackTheBlue #ResistSocialism,,
D237,Gerald P,,
D238,Laurababy03,,
D239,Shift,,
D240,"Mark, Choose Kindness",,
D241,Pete Vance,,
D242,ColdBeer OAC,,
D243,Valeria Headley,,
D244,Jim B,,
D245,God Is Not Surprised,,
D246,Conservative Aggie Marine,,
D247,MikeAPatriot 🇺🇸🦅🇺🇸,,
D248,Elie Poltorak,,
D249,Frank Pavone,,
D250,husky2,,
D251,dallasDia,,
D252,Gay Conservative,,
D253,Mark Wille,,
D254,jleisley,,
D255,MiMi ♥️🇺🇸,,
D256,LibsNG,,
D257,The Patriots Gazette,,
D258,PoppyJoe -Democrat Free the Vote,,
D259,JewishAmericanPatriot,,
D260,Lance,,
D261,Anke_Dudch 🇩🇪,,
D262,True Democrat,,
D263,Mstrchrle,,
D264,Democrat to Independent,,
D265,Asa #Antifa #Liberal #Resist 🌊👣🐾🐾👣🇺🇦🏳️‍⚧️☮,,
D266,richard p. mchugh The Great Democrat,,
D267,🇺🇸 ProudPatriot 🇺🇸,,
D268,Ronald Jolly 🇺🇲,,
D269,Jason Robertson,,
D270,MO Education Watch,,
D271,Curious Jorge,,
D272,Savvy & Realistic & Crypto-friendly Democrat,,
D273,Jackson,,
D274,Threat 2 Democracy,,
D275,SAVEUSA123,,
D276,Jean Michel Caroit,,
D277,BoatGuyM,,
D278,Bubbabump,,
D279,Biden/Obama/HRC/Harris Democrat,,
D280,THE MAGA PATRIOT CALL TO RISE,,
D281,Margo,,
D282,CNelson,,
D283,Doodlemaster,,
D284,John Calarco,,
D285,Kathy Miller,,
D286,Steve,,
D287,Don Beck,,
D288,freetotem,,
D289,Satalink,,
D290,ricky young,,
D291,SOUTHSIDE RILLA,,
D292,Steve Sargent,,
D293,skeeteR,,
D294,Mark Greko 𝕏,,
D295,Ted Freddy,,
D296,Texas First ⏳,,
D297,Bluphntmm,,
D298,TECH1🩸™,,
D299,Bootsy319,,
D300,Curious Wally Staggs,,
D301,Mild Mannered Maniac,,
D302,Self_Approved🗣,,
D303,I Smoked The Tariffs But I Didnt Smoke The Economy,,
D304,Kar,,
D305,PatriotPalms🇺🇸🌴🗽🍊🥩,,
D306,Alpha,,
D307,Semenproducingindividual,,
D308,Dennis Emmons,,
D309,Leftwing Bastard,,
D310,Gmoney,,
D311,MAGAFOREVER(Tom),,
D312,SW,,
D313,Truth bot,,
D314,Chris 💙🇺🇸🦅🐾🌻🥥🌴,,
D315,Afloat on a sea of liberal tears.,,
D316,John Walker,,
D317,"Todd A. Jobson, Sr",,
D318,Ashley Nicole🌺,,
D319,NC Democrat For Freedom,,
D320,Y,,
D321,Political Democrat Gal #BlueCrew💙,,
D322,Mitchell Lange,,
D323,Dr. B🌊🌊🌊🌊🎹💙,,
D324,Paul Shutt,,
D325,Dory Beutel 🇺🇸✌🏼🇺🇸,,
D326,Einsteins Daddy,,
D327,Cosmic Cowboy,,
D328,James M. Twohy,,
D329,Frank Orr,,
D330,hlm2021,,
D331,DTS: Still Resists! Loyal Democrat.,,
D332,Mel1979,,
D333,Deb Johnson,,
D334,Joshua Brown,,
D335,Jmst,,
D336,Tonie,,
D337,Jerr,,
D338,Lakro,,
D339,Jon Leach,,
D340,WhatTheHell,,
D341,beccassky,,
D342,Flintstone,,
D343,Democrat.League,,
D344,Derek Molloy,,
D345,God Bless Donald Trump,,
D346,SHlT STIRRER,,
D347,@Tesla Tesla,,
D348,Kevin Biller,,
D349,"Tara Dublin, Rock Star Author & Podcast Host",,
D350,Democratic Republic Freedom Fighter,,
D351,The Question Asker,,
D352,Probability Zero: They call me Mr. Markus,,
D353,Raymond Davis,,
D354,Hedge Fund Sucks,,
D355,U.S.A.,,
D356,Diane Catsman,,
D357,.,,
D358,sb17,,
D359,David Behnke,,
D360,jimmylemons,,
D361,Lisa Stahley,,
D362,Rob Rall,,
D363,Desert Raccoon,,
D364,Lilsis,,
D365,J J Willmann,,
D366,Spicoli - #RepealEthanolNow,,
D367,Ricard Carl,,
D368,My Cat is a Democrat,,
D369,Dan Webster,,
D370,Petunia Sparkles 🇵🇦🇺🇸,,
D371,Terry Meiners ™️,,
D372,Marianna Bauerlein,,
D373,What next,,
D374,Righteous⚡️Crusader,,
D375,michster65,,
D376,Kira Bray,,
D377,Progressive Democrat is an OxyMoron,,
D378,Democrat defender🇺🇲,,
D379,Catturd ™,,
D380,Bryan,,
D381,Geo,,
D382,Roy McAvoy,,
D383,Danny,,
D384,Longfellowjablonski,,
D385,Rich Kroeter,,
D386,James Hill 🇵🇸,,
D387,DHoward,,
D388,Balthorium,,
D389,All,,
D390,Veterans Angle,,
D391,Southern Accent,,
D392,♀️ IAmLookingBackAtYou 🇺🇸 🇮🇱 🇩🇪 🇹🇷,,
D393,toomuch***,,
D394,Independent Zoomer,,
D395,Ford News,,
D396,KingofPain,,
D397,babz 🏳️‍🌈vet usmc/army,,
D398,Jerry Levy,,
D399,Elisabeth Pileggi,,
D400,RaeRae21,,
D401,Tim Ahaus,,
D402,The Goat,,
D403,"Trucking, Picking, and Singing",,
D404,Edward Joseph Malkowski,,
D405,Joshua Davis,,
D406,Buggy the Pirate King 👑,,
D407,AggressiveBrainCell,,
D408,Magoo,,
D409,Bob Edwards,,
D410,mark garrett,,
D411,Fruitfence,,
D412,A proud JFK Democrat,,
D413,Spirit of '76🇺🇸,,
D414,Oldlawyer77,,
D415,DaLip,,
D416,RJ Lamb🇺🇸,,
D417,Pathofmostresistance,,
D418,DNisa,,
D419,Abi Habas,,
D420,CompassDrifter,,
D421,Crime and PUNishment,,
D422,ConservativeLibrarian,,
D423,Jacob 🍜,,
D424,Miranda Allen,,
D425,TwinMa,,
D426,Karen (Harris/Walz Alaskan Democrat) 🆘🌊🌊🌊,,
D427,Jack Buckby,,
D428,Lubestar,,
D429,Nothing to see here,,
D430,Lois Lane,,
D431,darkangelx,,
D432,Rick Compton,,
D433,Mr Producer,,
D434,jt_va,,
D435,Victor Castillo,,
D436,togalocked 🇭🇺,,
D437,YapperinChief,,
D438,Maya,,
D439,Reno@FedUp,,
D440,Joe Sinclair,,
D441,Jason Rantz on KTTH Radio,,
D442,Jim McNeely,,
D443,Rufus the Exile,,
D444,VOTE RED OR AMERICA IS DEAD ANTI-DEMOCRAT,,
D445,Fedsurrection,,
D446,Daily Wire News,,
D447,AntiCorporatism.com,,
D448,InkedCatMom,,
D449,Stump Pass Day Drinkers,,
D450,L.Pete,,
D451,MAGA PATRIOT TGM (TERI),,
D452,Buster,,
D453,Cheryl Seidner,,
D454,Chris,,
D455,Trump Will Rise Again Jim,,
D456,BillsMafia Justin 🎃,,
D457,Laura Lee Lindsey,,
D458,Tim Robison,,
D459,Jason Habbs🇺🇲🇺🇸🦅,,
D460,Liberals_R_Idiots_Notta Democrat 🇺🇲,,
D461,Lonely Indiana Democrat,,
D462,Diane,,
D463,wilnil2,,
D464,Debra Haney,,
D465,🇺🇲 Ole Country 🇺🇲,,
D466,• ᗰISᑕᕼIᗴᖴ ™ •,,
D467,Stable John ™️,,
D468,There will never be another Democrat President,,
D469,Stan Goudeau,,
D470,COOL BREEZE,,
D471,Wally Ballou! still isn’t voting for #Genocide,,
D472,Half A White Russian 🇺🇸We will NEVER forget🇺🇸,,
D473,SC Social Democrat 🇺🇦🇹🇼🎗️,,
D474,mutant,,
D475,G-Guy,,
D476,Joel West,,
D477,Fox 🦊,,
D478,FinesseNYC,,
D479,Rodney Freeman,,
D480,Rich Tehrani,,
D481,Ryzen,,
D482,Charlie,,
D483,Tburdy,,
D484,GREATKINGANTHONY WALSTON,,
D485,John Smith,,
D486,Cameron Carlson,,
D487,Arthur Windsor,,
D488,Robert E. Livingston,,
D489,Brent Bjerke,,
D490,Sam smith,,
D491,alex,,
D492,Epic,,
D493,VitaroSSJ,,
D494,Kimberly Moore,,
D495,LoR,,
D496,CALI🇺🇸,,
D497,balls d33p,,
D498,Charles mullen,,
D499,STF 👩🏼‍🦳🐈‍⬛🌻🍫🇺🇦🟧,,
D500,..::ELPANAMEÑO::..,,
D501,Bigred Es,,
D502,Mary Ann,,
D503,Matthew S.,,
D504,WorldGoneMad,,
D505,Susan Robbins,,
D506,TexasAmerica,,
D507,Cynical Publius,,
D508,Ronnie,,
D509,Debbie Logerf,,
D510,Pastor Burak,,
D511,Louis Dilonardo Sr.,,
D512,Light the Night Ministry,,
D513,Rational Discourse,,
D514,KnowMad,,
D515,Apostle Natalie Young,,
D516,DANA KUKKONEN,,
D517,Bill Carlton,,
D518,I r gunner,,
D519,Jose A Marcial,,
D520,Puravida,,
D521,Angry Woke Democrat,,
D522,Devron Goldsbury,,
D523,Rocco,,
D524,Dorothy Eubanks,,
D525,Connor,,
D526,Anya,,
D527,boob76,,
D528,Matthew Bradley,,
D529,The Generalissimo,,
D530,Evanss6,,
D531,OpposingForce🇺🇸,,
D532,H-town C,,
D533,Democrat tears 😭,,
D534,TrumpVanceMerica,,
D535,Glad I'm a Democrat and not maga,,
D536,WWLG - Raleigh,,
D537,Empire Of Lies,,
D538,William M Kornblum,,
D539,Better Scotusblog,,
D540,Paul G,,
D541,PegSam,,
D542,Keith Outen,,
D543,Claudia Reilly,,
D544,SHEEDOM,,
D545,Elliot Hudson,,
D546,Josh Stine Sr.,,
D547,John Fulton,,
D548,Ron B,,
D549,JenH. 🇺🇸 🇺🇦,,
D550,TomKatzAmerica,,
D551,Jeff,,
D552,Cat Dooley USA,,
D553,XC Ski,,
D554,Ted,,
D555,BugBear Madness,,
D556,Dewayne,,
D557,Digit!,,
D558,🪷 A Harris Democrat✊🏾,,
D559,Hudek1,,
D560,New York LI Republican 🇺🇸,,
D561,Doug Reigelsperger,,
D562,Larry Dansky,,
D563,KGB Komrad,,
D564,democrat no more,,
D565,gunner,,
D566,Captain Patriot,,
D567,StereoSoul,,
D568,Jorge Rached,,
D569,chgofheart☠️,,
D570,DeepDishDelivered,,
D571,Ness Diaz,,
D572,Richard Boudewijn,,
D573,🇺🇸🇹🇼🇺🇸AGZC🇺🇸🇹🇼🇺🇸,,
D574,Smitty,,
D575,The Kid,,
D576,Contra Declinationem,,
D577,EagleEye,,
D578,Bill Caproni,,
D579,Jim Schaubroeck,,
D580,CageyBee,,
D581,David Star,,
D582,Phantom II,,
D583,Kathy Biederbeck,,
D584,Rita Foster,,
D585,Frank(means honest),,
D586,Ruth Waller,,
D587,Dan,,
D588,Keepinitreal,,
D589,EJ Hill,,
D590,Stu,,
D591,Here's Johnny!,,
D592,Liberty_Grace,,
D593,Yabadabado,,
D594,Salah,,
D595,Jim Martin,,
D596,evil d💕ddy,,
D597,Michael Dawson,,
D598,Christopher Brooks,,
D599,libNot,,
D600,Dr. Robert Newman,,
D601,🇺🇸 THE PEOPLE’S CHAMP 🇺🇸,,
D602,Marymarge,,
D603,Alexander,,
D604,NYgrape87,,
D605,Boeing will be bankrupt by 12/2029.,,
D606,Joon,,
D607,ILLINI (“IL eye nye”),,
D608,Witch Craft I was taking a Bath,,
D609,To the Hatrrs,,
D610,NHVOICE Hon Tim Cahill 🇺🇸,,
D611,A Roaring Sheep,,
D612,DONALD MITCHELL,,
D613,Dylan,,
D614,Just a guy 🟧🥌,,
D615,emerpus01,,
D616,Greg,,
D617,BenGay 🇺🇸🦅🌈🌊🌊 VOTE Democrat,,
D618,FoxProMAGA,,
D619,Carlos,,
D620,Inflight Hypersonic Missile Technician(he/him) esq,,
D621,🇺🇸 Ludwig 🇺🇸,,
D622,Corey Alexander Neal,,
D623,DMA Denise,,
D624,Long Island Democrat 🇺🇸🇺🇦🕊️🇹🇼,,
D625,Mike MacDonald,,
D626,Fuzzy the Patriot🇺🇸🇮🇱🇨🇦🇬🇧,,
D627,Gail Coles,,
D628,mark zimpelman,,
D629,John L. Grafft,,
D630,FLAJAY,,
D631,Venger Satanis,,
D632,Duff Paddy,,
D633,American Citizen,,
D634,Mary Snyder,,
D635,Hawthorne Abendsen III ✝🇺🇸🇮🇱🇺🇦🇹🇼😺🎷,,
D636,🌾 Honky Tonk Presidente 🌾,,
D637,Even JR,,
D638,karen marie ward,,
D639,Zeek Sav Franco,,
D640,Star Spangled Devil,,
D641,Regina,,
D642,Center2Right,,
D643,Alan,,
D644,rone,,
D645,Poppy,,
D646,SoldotnaSteve,,
D647,🏆⚾️❤️🦅🇺🇸🏆,,
D648,vote4freedom.net,,
D649,🇺🇸 Hammer 🇺🇸,,
D650,anna P🍊,,
D651,ChiefBoa,,
D652,Flashster49 🇮🇱,,
D653,Artemesia,,
D654,TonyG,,
D655,The Grand Strategist,,
D656,debshaas19 🙏💙 🇺🇸🌎🇺🇦🌈✡️✊🏾👶🪖,,
D657,Grace In America 🇺🇸,,
D658,Biden Democrat fan,,
D659,tom mckeever,,
D660,HopefulCanadian95,,
D661,I'm With Dem 🌊,,
D662,Al Green's Pimp Cane,,
D663,Tim Wirtz,,
D664,"Tweeting from 30,000 feet",,
D665,‘Extremist’ Dinger 🇺🇸🇮🇱,,
D666,Jimmy Hooker,,
D667,Lil'Bitchy,,
D668,Christine PhD☮️🇺🇦🇵🇸🌏,,
D669,Becca✝️🇺🇸,,
D670,christina guthrie,,
D671,Leo Fernevak🚜 ∞/21M,,
D672,nikka,,
D673,X-tangot296,,
D674,DogeCoin is the Future,,
D675,🇪🇨 PoeticJustice 🇺🇸,,
D676,Micky_SS,,
D677,King™🇳🇿,,
D678,Far Canal,,
D679,Brian McLarnon,,
D680,Jstaco68,,
D681,MAGArbage,,
D682,Michael Bergeron,,
D683,Jehannum,,
D684,Sunnyday,,
D685,Notafanofweird,,
D686,Timothy B. Lee,,
D687,Samson Hicks,,
D688,ferlujanoconnor,,
D689,Tyler Chacon,,
D690,Mindy Spina,,
D691,Jeff Durall,,
D692,The_Real_T_Paine,,
D693,Sword of truth,,
D694,Swamp Monster,,
D695,Benny R.,,
D696,Frank Furter,,
D697,Enrique G,,
D698,Chester Brown,,
D699,cindy,,
D700,"Cryptoad, BITCOIN is",,
D701,Nan Alders,,
D702,𝕊𝕔𝕒𝕣𝕪 𝔼𝕝𝕖𝕔𝕥𝕚𝕠𝕟 𝔻𝕖𝕟𝕚𝕖𝕣 🇺🇸,,
D703,Chuva “Proud Democrat” 🇺🇸🦅🏳️‍🌈💙,,
D704,jackwindsor,,
D705,MeanTweetTwat🇺🇸🇺🇸,,
D706,Gary Baltes,,
D707,FACT-MASTER,,
D708,"Oh, I went there!",,
D709,Brit Yates,,
D710,ZenChip PRIME,,
D711,SageHawk🇺🇲,,
D712,gary,,
D713,Bill Gates O'Hell,,
D714,rabidnarcissists,,
D715,Evan Kilgore 🇺🇸,,
D716,CasualAdventurer,,
D717,Dogturd troll shreader,,
D718,PMWarner,,
D719,Vance Lunn,,
D720,Jack H. Knox,,
D721,Lie Translator,,
D722,Hot Mike,,
D723,Sticklizard,,
D724,Mafia2198,,
D725,Just Gwen,,
D726,Paladin Alea,,
D727,Rene Gilles,,
D728,Lisa Hardy🇺🇲,,
D729,Bobbie123,,
D730,みたま🇯🇵,,
D731,Christy,,
D732,Siegfried Dietrich,,
D733,Jeffrey rittenour,,
D734,G̷LΞNﾒ⁷,,
D735,JusticeHasArrived,,
D736,🥷🦅Austin Petersen 🇺🇲🥋,,
D737,Conservazoomer,,
D738,R Paul,,
D739,Prudent Democrat,,
D740,FREEBIRD,,
D741,Just Dude,,
D742,Rick,,
D743,Jordan Ramos,,
D744,E-Murderhornet the most MAGA murder hornet,,
D745,Social Greedia,,
D746,Chuck Butane,,
D747,Molly Pitcher,,
D748,truth is king❤️❤️❤️❤️,,
D749,Call me Volodymyr. Young County Democrat,,
D750,madelaine irene,,
D751,Purple Mario,,
D752,RobFL,,
D753,GingeredTee21,,
D754,Legendary Hillbilly,,
D755,Alternative Resource Orchard,,
D756,Henri (Hank) Chase 🇺🇸 🇮🇱,,
D757,Frank McCarthy,,
D758,Mitzi Blue,,
D759,PoppaVein,,
D760,Hidden Heroes Art,,
D761,Radio Neon,,
D762,Bring back common sense!!!,,
D763,RK Henderson,,
D764,Lisa Brooks,,
D765,Carl Gottlieb,,
D766,Charles Langelier,,
D767,Diamond D '86,,
D768,Bill Elliott,,
D769,Alicia Malone,,
D770,Jan Harris,,
D771,Ibc,,
D772,Joshua,,
D773,Sister Sez Sew🐘,,
D774,Rhys,,
D775,Rommel,,
D776,Maxer X,,
D777,You're an Idiot...,,
D778,John,,
D779,Jason ''Not Gay Enough'' Low Skill Working KatyCat,,
D780,Christopher Joseph,,
D781,Sherry B,,
D782,Migliorino,,
D783,A Miller,,
D784,Fair Deal Democrat,,
D785,Fokoleta Fokoleta,,
D786,Mark Harper,,
D787,Torque Wrench,,
D788,James Morrison,,
D789,dan barker,,
D790,Donna Laws,,
D791,8dehu,,
D792,PG,,
D793,Ingineer66,,
D794,TR's Ghost,,
D795,Roger,,
D796,HJ,,
D797,Felix Ling,,
D798,Curtis 🇺🇲🇺🇲🇺🇲,,
D799,555Ego,,
D800,Lukas Swanson,,
D801,mbird15,,
D802,Phillip DeWitt,,
D803,Joseph Maduro,,
D804,guy cybershy,,
D805,TV Bill™,,
D806,BartonBella,,
D807,CT Turnip,,
D808,The_Fixx,,
D809,Karen Gail,,
D810,Jeff M,,
D811,First Amendment Zone,,
D812,burntends,,
D813,We Have Our Country Back 🇺🇸,,
D814,JoshFL,,
D815,Common Sense Inc.,,
D816,Geoffrey Trueman Falk,,
D817,Toni Toombs,,
D818,MountainMove,,
D819,CitizenPundit,,
D820,🗽FBA✂️theCk💵6.2Quadrillion,,
D821,CloseDanger,,
D822,ThoughtCriminal,,
D823,Mark Kennedy,,
D824,BYE BYE ILLEGALS! LOL,,
D825,Tom Pain1776,,
D826,Unfiltered☢Boss,,
D827,Manuel Nunez,,
D828,Phyliss Walker,,
D829,Harry Costas,,
D830,lake county democrat,,
D831,Ron Hunte,,
D832,TransOdius,,
D833,FormerlyKnownAs,,
D834,🌶️ZydeCoConspirator🌶️,,
D835,Stephen Scarborough,,
D836,Ry Max,,
D837,Manny,,
D838,Bill Childress,,
D839,Bob James,,
D840,HBMHD,,
D841,rikard nilsson,,
D842,🌭 beastie wiener 🌭,,
D843,Capitol Black 🇺🇸,,
D844,Free Speech Liberty Justice,,
D845,Carol lachance,,
D846,Steve G,,
D847,Don ADAMSON,,
D848,Abuela Demócrata 🧓,,
D849,Bucky Stump 🇺🇸,,
D850,𝑭𝒓𝒂𝒖⚓️❤️🇺🇸,,
D851,Nina Bell,,
D852,Kris,,
D853,Dale Poynter 🇺🇸,,
D854,Austin,,
D855,ToddIsCool,,
D856,The Moral Animal,,
D857,Robert Sixkiller,,
D858,C.Cunning1,,
D859,PsalmBird,,
D860,grethe,,
D861,Patriot073,,
D862,Indifferent,,
D863,Thomas J McNally 🇺🇸,,
D864,Alan Dershowitz,,
D865,James REILLY,,
D866,Momma Heartsya,,
D867,Michael W. Bunner,,
D868,Russell Uken,,
D869,Lady J,,
D870,Momentum Trader,,
D871,Kiwie00,,
D872,Earl Garcia,,
D873,Kevin Sims,,
D874,John Mark Allen,,
D875,i vote Democrat because I’m American,,
D876,FireAndIce~SaveOur1st,,
D877,Danny Zuko,,
D878,Occupy Treason,,
D879,John Stuart Mill,,
D880,Beverly Scathach,,
D881,thePoetopoet,,
D882,George,,
D883,Kyle,,
D884,Eric Weilburg,,
D885,WolfOfDOGEStreet,,
D886,Donna McDowell,,
D887,Dove,,
D888,Ted Nutaits,,
D889,Hans Gruber the Great,,
D890,Janice Haney,,
D891,Adopted Child of God,,
D892,Miranda,,
D893,FREEDOMUSER,,
D894,Louis Brown ✝️🇺🇸🤘🏻🇳🇱,,
D895,Josh,,
D896,Chief Iliniwek Forever,,
D897,Rick Nick,,
D898,Karen Libarull,,
D899,Linda Breslin,,
D900,NoCoWolf (He/Him),,
D901,J C,,
D902,Freed Omring🇺🇸🦅,,
D903,Milly Mixon,,
D904,GortRules,,
D905,Moe Dimanche,,
D906,Robert Luther,,
D907,Saucy Jack,,
D908,Lori,,
D909,Matthew Carlisle,,
D910,MAX,,
D911,Exx Democrat 🇺🇸 🇹🇼,,
D912,John Medrano,,
D913,DeadKat,,
D914,PackerP (That Smooth Guy),,
D915,Nalis Solus,,
D916,Dawn Wildman,,
D917,Shiagi,,
D918,the vessel,,
D919,James Slover,,
D920,Citizens Journal,,
D921,❤️🤍💙Leslie 💙🤍❤️,,
D922,Mac C.,,
D923,✝️ 🇻🇦 Mom of Krills 🇻🇦 ✝️,,
D924,Artazen_,,
D925,Becca Lower,,
D926,John Galt,,
D927,corn bread,,
D928,NStep,,
D929,Maximus Independicus,,
D930,Halcyon625,,
D931,Rose,,
D932,Shaughn_A,,
D933,Semafor,,
D934,Professor G,,
D935,theaRealDemocrat,,
D936,Steven Kerwin,,
D937,sleepycakes,,
D938,Ruger Lapua,,
D939,Wes Inman,,
D940,Gabriel Fontana,,
D941,Egor99,,
D942,History’s Greatest Monster,,
D943,Dan MacMillan,,
D944,"Anita - Cat Mom, Democrat",,
D945,Mark H,,
D946,aka,,
D947,Frank Sobotka Democrat🇵🇸🇦🇲🇱🇧,,
D948,SunriseHolyH2O,,
D949,🇺🇸⭐️OUR-VOICES⭐️🇺🇸,,
D950,Shadewe,,
D951,B’Funk,,
D952,william kantor,,
D953,Captain Obvious,,
D954,Mr. G,,
D955,All_Purpose_Hak 🇺🇲,,
D956,The Big Homie,,
D957,Diver Dan,,
D958,Donahue Peebles,,
D959,Guha Prabakaran,,
D960,We've defeated the Democrat Cheaters!!!,,
D961,Gma,,
D962,TheRealZiggy777,,
D963,Elle Griko 🧠,,
D964,Keith G,,
D965,civil & polite,,
D966,Minnesota Gal,,
D967,♱ Paulus ♱,,
D968,raduvlad Me,,
D969,John Sharp,,
D970,Born free Taxed to ☠️,,
D971,TDS Therapist,,
D972,Mr. Joshua,,
D973,COGNOS,,
D974,egmchannelXrp,,
D975,Rook10,,
D976,tennis man,,
D977,Mandy,,
D978,Patriotic Democrat: Never Forget January 6th.,,
D979,Stranded In Babylon,,
D980,Jackie Mayes,,
D981,Gabriel Joseph 🇮🇱🇮🇱 🇷🇴,,
D982,Thought Criminal,,
D983,KSIrockedPaul,,
D984,Doug Barden,,
D985,Jason Laboy,,
D986,Mr Friendly,,
D987,Mr.Camps🐿️,,
D988,🇺🇸💣Atom Bomb 💣🇺🇸,,
D989,Jac❤️⚓️❤️,,
D990,Lydia White,,
D991,Sandee L♡ves the USA,,
D992,Trump and MAGAs will make me a Democrat yet!,,
D993,No Context Reply Guy,,
D994,Paros_Revenire,,
D995,Yella 🐕 Democrat,,
D996,sarah,,
D997,Byron Mullet,,
D998,JrzyMysfit,,
D999,🇺🇸USN VETERAN🇺🇸,,
D1000,👌Masturbation_Expert,,
D1001,Court Phillips,,
D1002,Tom Kunich,,
D1003,CNNochio,,
D1004,Sloppy Joe’s Easter Bunny,,
D1005,jb,,
D1006,Chris Ah Leong 🇺🇸,,
D1007,Butterfly,,
D1008,Pam,,
D1009,Shannon Terry,,
D1010,Pac Man,,
D1011,Simple Don TX,,
D1012,DX DeMuro,,
D1013,Jerry Moss,,
D1014,Andrew Beverage,,
D1015,Firesign 🌞,,
D1016,J- Jones 🇨🇻💯🔥😎,,
D1017,Martin Ryan,,
D1018,Cym,,
D1019,Michael from Montana,,
D1020,Zeynab Day,,
D1021,West Virginia Slim 🇺🇸,,
D1022,American and Proud of it,,
D1023,"Ken , we know who won",,
D1024,Desert Democrat 🇺🇸,,
D1025,Special,,
D1026,FaymusRighter,,
D1027,Kevin Steigner,,
D1028,Selvarin,,
D1029,Satan,,
D1030,Peter Arthur,,
D1031,Corbin Dallas,,
D1032,no palm 🌴 bills lakers yankees bandits,,
D1033,KYWes,,
D1034,American Perspective with Rick Thomas,,
D1035,Light Yagami,,
D1036,SDe ComoEs,,
D1037,Aaron Baker,,
D1038,Lamont The Leviathan,,
D1039,Mauricio,,
D1040,Sarah Edwards,,
D1041,Congressizasshoe,,
D1042,nigeen,,
D1043,Joe Rothengast,,
D1044,Imagining a Democrat/RINO free Oklahoma,,
D1045,Space Caligula,,
D1046,Bill Maron,,
D1047,Njaneer,,
D1048,Marty McSly,,
D1049,ian walters,,
D1050,Damsel in Dissent 🇺🇸🦋🇦🇩,,
D1051,Master Deflector Squibbley,,
D1052,Sandra Reyes,,
D1053,ranjana jethwa,,
D1054,Recovering Democrat,,
D1055,Stop A.L.E.C.,,
D1056,charbroil,,
D1057,Spike,,
D1058,A,,
D1059,Val Venis™ (The Big Valbowski™),,
D1060,Cody Goin,,
D1061,truthseeker,,
D1062,Rusty Shackleford,,
D1063,Pinky,,
D1064,Joe Gzel,,
D1065,"""Chaos Lover"" Mr. Brass",,
D1066,Oswald,,
D1067,🦄Polka-dotted Unicorn🦄,,
D1068,Common Sense 🇺🇸,,
D1069,₿ ¢,,
D1070,Karen P,,
D1071,El Derechista,,
D1072,Anton Wahlman,,
D1073,Go Team!,,
D1074,Catherine Knox,,
D1075,Carrie Martin,,
D1076,Jerome Powell Action Figure,,
D1077,David,,
D1078,Epicurus,,
D1079,Trust No Democrat,,
D1080,Hats off to the Bull,,
D1081,SoTiredOfIt,,
D1082,Fed up with the corrupt CCP captured Global Elite,,
D1083,My NERVES,,
D1084,Old Salty Marine,,
D1085,Keith Goldberg,,
D1086,G,,
D1087,cajunblue.Louisiana Democrat,,
D1088,Grumpy Mike,,
D1089,TXTrumpGal(No Filter),,
D1090,The Duke of Debauchery🤴🇺🇸🇮🇱,,
D1091,Mielikki,,
D1092,Darwin Rules,,
D1093,Cody,,
D1094,Phelonia,,
D1095,S3mp3r F1,,
D1096,Control Group Randy,,
D1097,Andrew (He/Him),,
D1098,Scar Tissue,,
D1099,World Peace Movement,,
D1100,John B Vernon,,
D1101,Drive Line,,
D1102,Bad-Broccoli,,
D1103,KelsJo,,
D1104,Steven O'Brien,,
D1105,Shelley Paul,,
D1106,Hope For Mankind (and it's not a politician),,
D1107,Albert,,
D1108,Joe,,
D1109,Shane Orzechowski,,
D1110,Willowthorns,,
D1111,CM,,
D1112,Ted Johnston,,
D1113,Oski,,
D1114,ℕ𝔼𝕀𝕃 𝔻𝕀𝕏𝕆ℕ,,
D1115,10% 4big guy,,
D1116,Legba’s LGBT Legs & Butt,,
D1117,Reaper ][][][%,,
D1118,Better Khal Saul 🍉,,
D1119,hunter,,
D1120,PammyWho 🇺🇸,,
D1121,Theo MAGA,,
D1122,Michael schank,,
D1123,Wayde Delafield,,
D1124,Na/ Democrat,,
D1125,Proud Texas Democrat!,,
D1126,Kelley,,
D1127,Phil-UP Ur Life,,
D1128,alexanichadhain,,
D1129,Louisiana Democrat,,
D1130,Mountain Man Wade,,
D1131,Kate,,
D1132,James Moriarty,,
D1133,LashellsRedPill,,
D1134,Andy Dufrense,,
D1135,T.W.,,
D1136,Statesman Mark (Master/Sire),,
D1137,▁ ▂ ▄ ▅ ▆,,
D1138,Roger Thomas,,
D1139,Denny’s,,
D1140,Dennis C. Hayes,,
D1141,Heather,,
D1142,HarnessRacing,,
D1143,Ernie Paul Young,,
D1144,🇺🇸 𝙇𝙞𝙡 𝙐𝙯𝙞 𝙃𝙤𝙧𝙞𝙯𝙤𝙣𝙩𝙖𝙡 𝙋𝙩 7🇸🇴,,
D1145,Girl Father,,
D1146,Rosanne Jordan,,
D1147,Deb Mar,,
D1148,Proud Democrat,,
D1149,NonCompliantRebel,,
D1150,Mike Fracasso,,
D1151,Mike Johnson,,
D1152,Four for Four Philly Sports,,
D1153,Gatorman,,
D1154,KrysKo🍁🇨🇦,,
D1155,Bflyer,,
D1156,Sling Blade Karl 🇺🇸,,
D1157,Ed Spafard,,
D1158,Reg,,
D1159,Regular Guy,,
D1160,FORMER Democrat,,
D1161,🥀,,
D1162,Russell Rousey,,
D1163,Trump's Wins,,
D1164,HebrewservativeV2 🇺🇸,,
D1165,Grand Old Partisan,,
D1166,dawgman49,,
D1167,Democrat.,,
D1168,Omega 🇺🇸🇮🇱,,
D1169,Ms Common Sense,,
D1170,Dianna Arnold,,
D1171,Iftheuswasred,,
D1172,Dianne Becerra,,
D1173,Stephen,,
D1174,🇺🇸Jerzee Yankee 🇺🇦🇮🇱🇹🇼,,
D1175,Linicy,,
D1176,Toll the Troll,,
D1177,🇺🇸 𝕃𝕒𝕣𝕣𝕪 🇺🇸,,
D1178,The Conservative Compass 🧭,,
D1179,Mia R Culpepper2,,
D1180,Charity#IStandWithTrump,,
D1181,Stubborn Terrier,,
D1182,PaulBot007,,
D1183,Alan Woodward,,
D1184,Jerry Arthur Jackson,,
D1185,Sherri,,
D1186,David Campbell,,
D1187,NCPjr,,
D1188,Crystal Herman,,
D1189,VAL THOR,,
D1190,Tom Crowell,,
D1191,theditch,,
D1192,Jane Yourk 🍁🇨🇦❤️🇺🇸,,
D1193,DRBOBESQUIRE🇺🇲🩸,,
D1194,Rob58,,
D1195,Anthony,,
D1196,Michael Osuna,,
D1197,Magatron,,
D1198,🇺🇸InDefenseOfFreedom🇺🇸,,
D1199,Axoplasmic Aberration,,
D1200,Dawn Skully,,
D1201,DeniseMoto💐 🇺🇸🇺🇸🇺🇸,,
D1202,FreeSoul,,
D1203,𝕂𝔼𝕄𝔼𝕀𝕌ℕ 🪷 ℝ𝔼𝕏,,
D1204,Matt,,
D1205,Chris D,,
D1206,tammy elton,,
D1207,Steve Gruber,,
D1208,tom grimm,,
D1209,Dave Newton,,
D1210,john gurley,,
D1211,Thomas Strachan,,
D1212,Mitchter Potato Head,,
D1213,Teresa,,
D1214,America Pride,,
D1215,Bambi Gonzalez,,
D1216,@DocRonRock,,
D1217,Cornhead,,
D1218,John Lucas 🇦🇺,,
D1219,EmZed,,
D1220,Transitional Inflation,,
D1221,smartgrownup,,
D1222,weim#3!,,
D1223,"Everett, West Seattle",,
D1224,Mary Southern,,
D1225,Mary Miller🇺🇸🦅💙💙,,
D1226,Smackinthemiddle,,
D1227,Claudia Aldrich,,
D1228,dubp,,
D1229,CC,,
D1230,Taco Bowl Carlos ™ 🇮🇱,,
D1231,dan marcum,,
D1232,Jarod Scott,,
D1233,Grabien,,
D1234,Joe Sigona,,
D1235,tyreesha jones 💋,,
D1236,Cindy Moody,,
D1237,Democrats Anonymous,,
D1238,mary,,
D1239,Onliesteverwho,,
D1240,DarkSoulja3323,,
D1241,Joseph Pittman,,
D1242,Tammy,,
D1243,🏳️‍🌈 #NeverAgainDemocrat,,
D1244,WhyAreDemocratsStupid,,
D1245,lawana gilbert- 🌙,,
D1246,Adam Mansfield,,
D1247,WJH,,
D1248,Deplorable American,,
D1249,Owlesy 🐹,,
D1250,Jason,,
D1251,LibertyLovingMom,,
D1252,Missouri Democrat,,
D1253,Steve Pawlaczyk,,
D1254,ULTRA MAGA,,
D1255,OBAPC Media Group,,
D1256,Jinx,,
D1257,Joseph Birtel,,
D1258,Spencer Hakimian,,
D1259,Bkaynative,,
D1260,Unkultured ROK,,
D1261,Nextdoor Girl - Proud Garbage,,
D1262,Cory Fidler,,
D1263,P J,,
D1264,Democrats4Trump,,
D1265,Ohio Democrat Enjoyer,,
D1266,Jeff Lamb,,
D1267,Autistic Angel🦋🐢,,
D1268,Bravgirl,,
D1269,jerry,,
D1270,RJironFalcon9 ⚛️👨🏻‍🏭⚒️🔩⛓️💪🏻🏒🏋🏻‍♂️🏂🥊🥋🎸,,
D1271,Rehab President,,
D1272,John P Pakusack,,
D1273,Wesley Southerland,,
D1274,Cowboy Moody,,
D1275,Christi Johnston,,
D1276,Magpie,,
D1277,AbdulazizNosair,,
D1278,Moves Product,,
D1279,MRUSAAMERICA,,
D1280,Grumpy woman from Europe,,
D1281,Your Less-Than-Average Joe,,
D1282,c&c62,,
D1283,Christopher,,
D1284,Democrat,,
D1285,"quodscripsi is doing grand, how about you?",,
D1286,thomas,,
D1287,ShinagamiSama,,
D1288,PatientShark,,
D1289,Sassy Democrat,,
D1290,Paradise Is The Goal,,
D1291,SirGizmo170,,
D1292,Mike36561,,
D1293,Soeild Moghata,,
D1294,pain,,
D1295,SevensRun,,
D1296,Linda Frances ✝ 🐾🦅,,
D1297,Rick Rick 59,,
D1298,Jimmy C,,
D1299,🇺🇸Fed up American🇺🇸,,
D1300,Coywolph,,
D1301,PROUD 2 B DEPLORABLE,,
D1302,cameron wink,,
D1303,Annie Bond,,
D1304,Hieronymus Bust,,
D1305,naples beachcomber 🇺🇸,,
D1306,nugustan,,
D1307,Rawhisk,,
D1308,Liberal Libra Down South,,
D1309,JoDfirefighter,,
D1310,🇺🇸 Larry 🇺🇸,,
D1311,Rhonda Weiss,,
D1312,Snuggle Struggle,,
D1313,Paul Bolduc,,
D1314,BLS_888,,
D1315,Mofantafa,,
D1316,Rageoverrun,,
D1317,Gary Goldstein,,
D1318,James Terminiello,,
D1319,Lary Holland,,
D1320,Lone Wolf 📿🇺🇸,,
D1321,Mur,,
D1322,B͆i͆n͆a͆r͆y͆ A͆g͆e͆n͆t͆,,
D1323,Kathleen mccall,,
D1324,TommymyLuv,,
D1325,mashkiki93,,
D1326,viraj,,
D1327,FreeWilly2,,
D1328,Jason Jones,,
D1329,"Bob, east coast Bruin",,
D1330,Mila Joy,,
D1331,David Wohl,,
D1332,DevinNunes'Underpants StandsWithUkraine,,
D1333,Justin Case,,
D1334,DeeDee,,
D1335,thehoneybadger,,
D1336,TexasApache,,
D1337,Jeff Hard Author,,
D1338,FreeThinkNJedis,,
D1339,Mo V,,
D1340,MS JACQUIE🇨🇦,,
D1341,Alan Hooley,,
D1342,Duchess of Exeter 🌏,,
D1343,Jim Tarrant,,
D1344,JG Page,,
D1345,chriscjackson on Bluesky,,
D1346,Lumigeks,,
D1347,Jacob Robinson,,
D1348,louis 🇺🇸,,
D1349,RP,,
D1350,Not a Democrat,,
D1351,Ulrika Andersson,,
D1352,Kevin Jackson,,
D1353,Anthony Poschen,,
D1354,John Podhoretz,,
D1355,JonVB,,
D1356,Kelley Babb,,
D1357,Bingo,,
D1358,Matt montgomery,,
D1359,lululol4u,,
D1360,Karolin Michalow,,
D1361,douglas krieser,,
D1362,Doo Dah Man,,
D1363,Desiderata,,
D1364,0zerohero,,
D1365,Phillip Wilcox,,
D1366,CraigWM,,
D1367,MichaelrHallen,,
D1368,Sly Boots,,
D1369,Jim Williams,,
D1370,MJ Stock Trader,,
D1371,Andre,,
D1372,Sir Ricardo M,,
D1373,"AvaArmstrong,🇺🇸Author",,
D1374,Limeade,,
D1375,urbanmeemaw,,
D1376,WorkerWarriorEsq🌊🇺🇸,,
D1377,Dr Hess,,
D1378,Stormy,,
D1379,KS0L0,,
D1380,Mark M Miller,,
D1381,autopentupleTV,,
D1382,Zzirg ✝️ 🇺🇲 🇷🇺,,
D1383,Democrat Rick,,
D1384,Kenneth Wells,,
D1385,James Winter,,
D1386,Terrie,,
D1387,IM A MAVERICK,,
D1388,Emerald Robinson ✝️,,
D1389,TJames Kirk 🇺🇸💫,,
D1390,Marc,,
D1391,smAshley,,
D1392,"🇺🇸 Flying Tiger ""I stand with 🇺🇦""",,
D1393,Don @ Bubba Shrimp Company,,
D1394,Liberty4All,,
D1395,BobWarren,,
D1396,DemocratsAreOutraged,,
D1397,J Griff,,
D1398,Lance Davis. Democrat 🚫Maga,,
D1399,Wereman Son of Yar,,
D1400,Reformed Democrat,,
D1401,Margaret Dunivan,,
D1402,Heinrich Rutherford Hill,,
D1403,Fortune Favors the Wicked (Parody),,
D1404,Jerry Grey🐊,,
D1405,Kelly,,
D1406,Bret Weingart,,
D1407,JGpa,,
D1408,John Cardillo,,
D1409,Fringe Minority Juggernaut 🇨🇦,,
D1410,Jeff Moss,,
D1411,Interim President of the Eric Mays Fan Club,,
D1412,Rhonda Powell,,
D1413,Dems-R-Trash,,
D1414,DWH,,
D1415,Linda Smith,,
D1416,Spiffy_Wanderer,,
D1417,Liberals,,
D1418,TheIronKnees,,
D1419,Heru Shuttlesworth,,
D1420,Tortorice,,
D1421,Earth2Megan,,
D1422,Blue Collar Dad,,
D1423,Cindergarden ╓—♔,,
D1424,The Observer,,
D1425,Tired Angry American,,
D1426,RidgeRunner,,
D1427,Kevin Messer,,
D1428,Cop Perry,,
D1429,super squirrel,,
D1430,tigerloose,,
D1431,Mark David,,
D1432,John R Lott Jr.,,
D1433,Independent2020,,
D1434,Ambulatory Compost Pile,,
D1435,CARL FERRY,,
D1436,Kevin Fenter,,
D1437,Estaban Daniels,,
D1438,LAM526,,
D1439,Robert,,
D1440,Roscoe,,
D1441,Vera Eyzendooren,,
D1442,🦉PHANTOMAS🦉🎯🍊🇺🇸,,
D1443,Rod K. Barton,,
D1444,Mountain Goat,,
D1445,pmesthos,,
D1446,WRITER KOLA BOOF,,
D1447,Ian Miles Cheong,,
D1448,Dimsdale Piranha,,
D1449,The Ranch,,
D1450,Mike M.,,
D1451,Katherine Cook,,
D1452,"Cameron Spradling, Attorney & Counselor at Law",,
D1453,Timothy,,
D1454,Steve Sonnier.,,
D1455,ȚŔÅÐƐ ŘÀÌÐƐŘȘ,,
D1456,Democrat Soldier,,
D1457,Josh Crowley (sp?),,
D1458,FkositzV,,
D1459,Hattie B McDaniel 🇺🇸🇮🇱,,
D1460,Shawn Of The Red,,
D1461,I stand with Israel,,
D1462,🍉 ✌️ ☮️ Anne Nonny ☮️ ✌️🍉,,
D1463,Ewan Jamieson 🇺🇦,,
D1464,John Jaye,,
D1465,Citizen X,,
D1466,Rhodie26,,
D1467,Lee,,
D1468,kilerb,,
D1469,jennifer ducharme,,
D1470,Overhand curve,,
D1471,Derick,,
D1472,🖼️ Mae,,
D1473,CowtownCat,,
D1474,Bill H,,
D1475,townsed,,
D1476,AP24’,,
D1477,RightWingLurk’nSnake©,,
D1478,Finding Truth,,
D1479,Joyce Wood,,
D1480,Kent Packard,,
D1481,tina barajas,,
D1482,Doug Johnson,,
D1483,Kevintg 🇺🇸⛳️🦞,,
D1484,Correspondent X,,
D1485,Louetta Wilson Proud WOKE Liberal Democrat,,
D1486,gigi,,
D1487,First Responders & Veterans,,
D1488,"Democrat-Animal Lover-Democrat, He/Him/His",,
D1489,Kcatch,,
D1490,daniela chang,,
D1491,Buzz Man,,
D1492,CT Dem 🇺🇸🇺🇦 (Parody),,
D1493,rmack2x,,
D1494,Ruthann,,
D1495,W.W. Leisure,,
D1496,James Chester,,
D1497,ArmyMom224⛪️✝️🇺🇸🪖,,
D1498,Jay 🇺🇸,,
D1499,Dudley Doright,,
D1500,Jeremy’s Razor 🪒,,
D1501,DeafBlind Leadership Now,,
D1502,Nanna Whammy,,
D1503,"Scott R., 🇺🇸🔴",,
D1504,Maverickpoet,,
D1505,Cephalopoda,,
D1506,California Patriot,,
D1507,Phillip,,
D1508,John Colo,,
D1509,Gary Morgan,,
D1510,TaurusBaby,,
D1511,Lee W. 🇺🇲,,
D1512,Peteyalb #ibdtng,,
D1513,Peer Khan,,
D1514,Julia Johnson,,
D1515,xino,,
D1516,LI Patriot,,
D1517,Tiger Cat,,
D1518,Slowpoke Rodriguez,,
D1519,David Carlan,,
D1520,Brian Fendley,,
D1521,Terry,,
D1522,Principle Of Subsidiarity,,
D1523,Rodney Harris,,
D1524,Sarah Hernandez,,
D1525,Judy Tigay,,
D1526,Chad Daughtridge,,
D1527,Jenna,,
D1528,MostlyHarmless,,
D1529,Robot-ink,,
D1530,Valea Moasei,,
D1531,Joel Johnston,,
D1532,Dr. Sylvi Eon,,
D1533,Ekim Banks 🇺🇸✝️⚖️🏌🏽,,
D1534,conservative cold pizza,,
D1535,Pinkylabmouse,,
D1536,conservative memes,,
D1537,PWspoon,,
D1538,Spectre_Zel,,
D1539,Alex Sanglez,,
D1540,Michael Rosazza,,
D1541,Angela Goies,,
D1542,Jerry Vecino,,
D1543,Question Everything 23,,
D1544,mike vis,,
D1545,TheRealMcHoy,,
D1546,LQ Jones,,
D1547,Martin Gale,,
D1548,@ServsYou,,
D1549,Anne Fledderman,,
D1550,brandybgood,,
D1551,Steve Guggenmos,,
D1552,Fanny Buster,,
D1553,Major,,
D1554,"Joe Donlan, Ph.D.",,
D1555,Perperpetual Cynic,,
D1556,Kasia Z. Zasada 🇺🇸🇵🇱,,
D1557,Elmer Perkin,,
D1558,DiggaLowder3000,,
D1559,James B. 🏙️❄️🧣☕️🛩️🚂,,
D1560,Dan miller,,
D1561,rico,,
D1562,CSI*GIRL*IN*THE*HOUSE,,
D1563,"KAP, I’m a Democrat, Burg,Pa🇺🇦",,
D1564,NJ-VET4MAGA,,
D1565,Hans von Dommershitz,,
D1566,Washington bratt,,
D1567,Rick Price,,
D1568,The Celtic Gypsy,,
D1569,Bryan Lobreau,,
D1570,gene bee,,
D1571,Recovered Democrat Common Sense over Emotions,,
D1572,J J,,
D1573,Our kids are not your agents of change,,
D1574,Q,,
D1575,Glenda 🇺🇸🦅,,
D1576,Fred H. N7MHS✝️,,
D1577,Eli Sancere,,
D1578,Pekka Lindström,,
D1579,Nutcracker,,
D1580,y-vgkknights123 aces 2x 🏆 vgk 2023 🏆 (49-22-10),,
D1581,Not A Democrat 🇺🇸,,
D1582,Joanna s,,
D1583,Downtown,,
D1584,Lkweirgal,,
D1585,3Dog Mom,,
D1586,Skeptical Democrat,,
D1587,Marie,,
D1588,wilder😎🇺🇸,,
D1589,Janine Curran,,
D1590,🇺🇸 Team Trick 🏌,,
D1591,Cindy Mann,,
D1592,Tspats,,
D1593,Roger C. Thibault,,
D1594,Sooner1,,
D1595,Sidetow,,
D1596,𝕯𝖔𝖓𝖓𝖞¹²,,
D1597,Chris Patterson,,
D1598,Steve Smith,,
D1599,Valerie,,
D1600,Thomas Musket ⓒ,,
D1601,Card Shark,,
D1602,Colorado Based 🇺🇸,,
D1603,Sunny-In-Florida #ISTANDWITHTRUMP#ISTANDWITHELON,,
D1604,West Virginia,,
D1605,GeeDawg,,
D1606,Rorschach,,
D1607,Jayman,,
D1608,RMill,,
D1609,LeaningLibertarian,,
D1610,TK-421,,
D1611,RickAz,,
D1612,Keith Curtis,,
D1613,Bill Andre,,
D1614,Susan ackerson,,
D1615,Henry Bishop,,
D1616,mike fuit,,
D1617,Alejandro,,
D1618,James,,
D1619,nightowl,,
D1620,Yes Your Techness,,
D1621,Patrick J. Doheny,,
D1622,MGN,,
D1623,whatarealdemocratsays,,
D1624,Loony Canuck,,
D1625,UpIsDownRightIsWrong,,
D1626,BAMA6919,,
D1627,Odnut Nadnerb,,
D1628,BPChep,,
D1629,George Touche',,
D1630,Conspiracy Junkie,,
D1631,Kendall Edwards,,
D1632,Greenbean1775 🇺🇸,,
D1633,KTee2019 - a very pissed-off patriot,,
D1634,Country girl,,
D1635,Joy Mauney,,
D1636,Grumpy Old Guy,,
D1637,eejit,,
D1638,Hood,,
D1639,ɪɴꜰʟᴜᴇɴᴛɪᴀʟ ꜰɪɢᴜʀᴇ,,
D1640,Robert Key,,
D1641,datGuyInTheCorner,,
D1642,Jimson,,
D1643,J A,,
D1644,Lisa,,
D1645,Deeps,,
D1646,FreeRadical,,
D1647,Dwight Powers,,
D1648,tiredofthebs,,
D1649,"Keyrok,unfrozen cave consultant",,
D1650,Ty McCullough,,
D1651,TP 💫,,
D1652,Chex Lemeneux,,
D1653,Joe Jackman,,
D1654,God bless the USA! 🇺🇸🙏,,
D1655,Jake the Great,,
D1656,Don Ford - The People's Strategist -,,
D1657,Hoff2557,,
D1658,Manimal,,
D1659,Snarky Barker,,
D1660,Jo Greene,,
D1661,Guaranteed Success-66,,
D1662,Carnivore Me's Wife and Cook,,
D1663,D Cole,,
D1664,Democrat Propaganda Detected,,
D1665,AureliaDD,,
D1666,Barry Merritt☦,,
D1667,Eileen Klosek,,
D1668,Jon Ivan Car Culture🇺🇸🇺🇸,,
D1669,Mark Adler,,
D1670,stush,,
D1671,Jeff Winn,,
D1672,PillowTalker,,
D1673,Marilyn Groves,,
D1674,All Democrats Are Liars,,
D1675,Jerome Sneed Democrat,,
D1676,Miguel Gonzalez,,
D1677,99%problems 🌹🌎☮️✊🦖🦕,,
D1678,Terry Johnson,,
D1679,reliefvalvepodcast,,
D1680,Razz McDazzle,,
D1681,Ginamariec55,,
D1682,aarp,,
D1683,Blue Dog Democrat🥇,,
D1684,PREPPER BOB,,
D1685,jd,,
D1686,JBeach2018🇮🇱,,
D1687,1776 WILL BECOME LAW AGAIN,,
D1688,Obama made war fashionable,,
D1689,S Kadinsky 🇺🇸🇺🇦🇮🇱🇱🇻,,
D1690,terrifier,,
D1691,Kev 🥷 🇵🇸,,
D1692,Farrah,,
D1693,Bugbee,,
D1694,Justice Is Coming,,
D1695,Jeanne,,
D1696,"Brian Brown, Ph.D.",,
D1697,Frank White 🇺🇸,,
D1698,Hyperbolic Paraboloid,,
D1699,Robert Griggs 🇺🇸👍,,
D1700,Arlene A,,
D1701,JF Priest,,
D1702,James Smith,,
D1703,Skylark,,
D1704,GOUD Maragani,,
D1705,Keith Adams,,
D1706,USAPatriotDJK,,
D1707,Joshua@Seattle,,
D1708,Buck Russell,,
D1709,DeathMachine,,
D1710,n0surrender50,,
D1711,Anna - Never give up. No matter what is going on!,,
D1712,Charlee,,
D1713,Chris Witt,,
D1714,Father of 3,,
D1715,🔸Rob🔸Unapologetic Trump Loyalist,,
D1716,Mayor of Offshore Drilling,,
D1717,Don,,
D1718,Josette,,
D1719,Thomas Hurd,,
D1720,Led Addiction,,
D1721,V.O.G,,
D1722,Buck (Uncensored),,
D1723,Pedian ∞/21M,,
D1724,Roy Steele,,
D1725,Sharon Watson,,
D1726,Jim Weathers,,
D1727,Dukesmojo,,
D1728,Jessica 🇺🇸,,
D1729,SpriteLee1948,,
D1730,Hazel Crain,,
D1731,♡Julia♡,,
D1732,Klajd Kapinova,,
D1733,J.R.,,
D1734,KayArm,,
D1735,Bill Vasquez,,
D1736,Bob Smith,,
D1737,The_BullPup_rifle,,
D1738,Melody McCoy,,
D1739,RicRayReturns,,
D1740,Gillian Lacey,,
D1741,lifeanalyzerhq,,
D1742,roanoke75039,,
D1743,Plumbarius Maximus,,
D1744,#WalkAway Campaign,,
D1745,Julie Donakoski,,
D1746,Daniel Weber,,
D1747,𝓑𝓸𝓫 𝓢𝓶𝓲𝓽𝓱,,
D1748,1776Renewal2024,,
D1749,Roy Parker,,
D1750,Lord Jesus Christ Have Mercy On Me A Sinner,,
D1751,Sgt. Lloyd USMC,,
D1752,Barry Allen,,
D1753,Mac,,
D1754,Maddux Sports,,
D1755,RightForceOne,,
D1756,Roy Leiby,,
D1757,JohnOz1900,,
D1758,Sabrina,,
D1759,Gabriel,,
D1760,Chris Niland,,
D1761,jimboM,,
D1762,Vince P 🇺🇸 🇮🇹 🏳️‍🌈 (but not braindead),,
D1763,MikeW4DJT🇺🇲,,
D1764,Bill Hay,,
D1765,Deb Verla - Register Democrats💙 Save The World 🌎,,
D1766,Kathleen C Kiepert,,
D1767,Bruna - Tarot 💜,,
D1768,MegaTrumper,,
D1769,Marleen Hansen,,
D1770,VolatileQueen,,
D1771,Big E,,
D1772,Ben,,
D1773,Heath Pencook,,
D1774,Saxon Homesteader,,
D1775,Slanted X,,
D1776,Spartacus,,
D1777,Stan Speer,,
D1778,VictoryForTomorrow,,
D1779,Ron From NM,,
D1780,mcasual🌛Ⓜ️©️🌙,,
D1781,LSU-Pi,,
D1782,John Creighton,,
D1783,Scalia,,
D1784,AnneBonny_Pirate Democrat,,
D1785,Randal Clay,,
D1786,wanita osgood,,
D1787,Mr Palmero,,
D1788,Steve Ferguson,,
D1789,Arthur Scott,,
D1790,Celty,,
D1791,Batman2022,,
D1792,Pistol,,
D1793,Captain Canuck,,
D1794,@YINZERFRED,,
D1795,Jane Defecto,,
D1796,Nathan X Smith,,
D1797,Anthony Wooley,,
D1798,Stephen White/ManBearShrink,,
D1799,Candice W. MAGA/MAHA/We the People,,
D1800,Mike Lamb,,
D1801,3Evision 🇺🇸,,
D1802,Unclebuck,,
D1803,Aziliz Williamson,,
D1804,CorvetteChick,,
D1805,Will,,
D1806,LucyLou Dozarr,,
D1807,TJ Fighter4Freedom,,
D1808,Cyber Journey,,
D1809,🌺America🇺🇸Forever🌺,,
D1810,Karate Dude,,
D1811,Wimpy's World,,
D1812,Maximus,,
D1813,pawpaw eagle eye,,
D1814,Wally Gattor,,
D1815,Perry Bonney,,
D1816,BOBBY,,
D1817,Rex a rose,,
D1818,Arjun Budial,,
D1819,Darth Truth is mad as hell.,,
D1820,Vanessa Bryant,,
D1821,True Blue Democrat,,
D1822,bart,,
D1823,PTK,,
D1824,Louisville South Florida Sports Fan,,
D1825,TW_trading,,
D1826,MAGA Mike,,
D1827,Noah‘s Arch 🇺🇸,,
D1828,Kathleen Lynn,,
D1829,mamafarrell62,,
D1830,Don Coyote,,
D1831,Carmen Watkins,,
D1832,Charlie Richardson,,
D1833,LP,,
D1834,Claude Taylor,,
D1835,george jefferson,,
D1836,matthew mills,,
D1837,Eli,,
D1838,quick steps,,
D1839,Jim Leftwich,,
D1840,Joan Ronhock,,
D1841,arabel,,
D1842,Benjamin James,,
D1843,Keddy,,
D1844,SiouxZQ,,
D1845,UpsetLib,,
D1846,Jays Jens 🙈🙉🙊,,
D1847,Forever Banned,,
D1848,Gudjente ✝️ 🇺🇸,,
D1849,John Molak,,
D1850,G R Campbell,,
D1851,Armed Kitten,,
D1852,CharThrow,,
D1853,Jack Georges,,
D1854,Carl E. Ferolie,,
D1855,Neetu Singh,,
D1856,boraboralover,,
D1857,IthacanNomad,,
D1858,Oliver Clothesoff,,
D1859,Fempop,,
D1860,dontoverthinkit,,
D1861,"Susan ☆ Whitney ☆ E Pluribus Unum ☆Out of Many,One",,
D1862,David Stenerson,,
D1863,D Jones,,
D1864,MansQuadSpot,,
D1865,M,,
D1866,Jim Kajtoch,,
D1867,Brad Magness,,
D1868,📕,,
D1869,Richard E. Normous,,
D1870,John Brown Democrat,,
D1871,Jake Chakko,,
D1872,Terry Gremillion,,
D1873,cxx113,,
D1874,Andrew Lavender,,
D1875,Hillary,,
D1876,MFCBlake,,
D1877,Roger Adams,,
D1878,John in PA,,
D1879,NoMalarkeyMom 🇺🇸,,
D1880,Brad,,
D1881,Jay Adams,,
D1882,Johnny .s,,
D1883,Donna,,
D1884,Clyde,,
D1885,hal kurys,,
D1886,social.democrat,,
D1887,The Idiot Immolation Industrial Complex 🫡 🕳️ 🫏,,
D1888,Jen Salinas,,
D1889,edward,,
D1890,Kathy Brock NP,,
D1891,YORKIES RULE!,,
D1892,Daniel R.,,
D1893,1776Norseman“Ultra MAGA”,,
D1894,Jon Squires,,
D1895,Dr. Ombudsman,,
D1896,Grassroots Censorship Tracker,,
D1897,Pepperz,,
D1898,Unimpressed Buffalo,,
D1899,Katekate SDA Kate,,
D1900,lori_Maga24 🇺🇸🙏,,
D1901,LucyFirSC,,
D1902,Ashley Sinclair,,
D1903,♥️🇺🇸 𝓒𝓪𝓽𝓲𝓪 🇮🇹♥️,,
D1904,Jerry Conservative 101,,
D1905,EverydayisFriday,,
D1906,Denan Strong,,
D1907,Calib Pratt MD,,
D1908,*catlike whisper*,,
D1909,Tim Rippey,,
D1910,DwClark #MAGAveteran,,
D1911,Tony Minn,,
D1912,Eric,,
D1913,Chris Noblett,,
D1914,₳aire Voltaire (d/acc),,
D1915,Dave Dear,,
D1916,Steve Pello,,
D1917,Ex Missionary,,
D1918,muskieman! 🇺🇸,,
D1919,Hunter355212,,
D1920,Audrey Barrick,,
D1921,Mitchell Jones,,
D1922,Demented Rooster,,
D1923,Bitcoin is Forever,,
D1924,Tommy Sparkzz,,
D1925,jb on belair,,
D1926,AHumanBeing,,
D1927,Scott Smith,,
D1928,BiancaMMM (YOUTUBE),,
D1929,Sam (Shiny and Chrome)😶‍🌫️,,
D1930,Richard Bachert,,
D1931,Yorkie Yippy,,
D1932,AmandaMarieBrinkley💚🕊️💚Become A Peace Activist!,,
D1933,Make the Byzantine* Empire Great Again!,,
D1934,True Crime Utah Glorindellen,,
D1935,ttj 𓅆𓁳,,
D1936,mb ✌🏽🪐🖤,,
D1937,Author Adam Bray #StarWars,,
D1938,BLUNT TRUTH MEDIA 2.0,,
D1939,Ruready,,
D1940,Boston_Mom,,
D1941,DJT_IS_YOUR_PRESIDENT,,
D1942,Dave Davenport,,
D1943,Kelly Bell,,
D1944,Believe On Jesus Christ,,
D1945,Lori Damico,,
D1946,LazloFred,,
D1947,Samrat Verma,,
D1948,Crypto Wealth,,
D1949,Mike Schlinkert,,
D1950,DP,,
D1951,Mark 🇺🇸😎,,
D1952,Mark Strand,,
D1953,Anthony Westerdahl,,
D1954,John Thaler,,
D1955,Donald Tennessee,,
D1956,Joseph Cooley,,
D1957,gibby,,
D1958,Dr. Lexus,,
D1959,rgarrow,,
D1960,Rich,,
D1961,Travis,,
D1962,Benjamin C Helton,,
D1963,Mandi Rigma,,
D1964,June Jarosz,,
D1965,ETR,,
D1966,CHICAGO PIXELS,,
D1967,Ted Byck,,
D1968,Theresa m James,,
D1969,Cherish it,,
D1970,QuinnArt,,
D1971,The Pentagon,,
D1972,Bob Williams,,
D1973,Ted Peck,,
D1974,Phil Bierman - IFBB Pro,,
D1975,Based Electrician⚡️🇺🇲,,
D1976,ProudBoomer2,,
D1977,IYKYK,,
D1978,Shadow,,
D1979,Masshole Conservative,,
D1980,Mike Jackson,,
D1981,Andrew M.,,
D1982,Chief Medical Officer: #Starfleet,,
D1983,Drunk Randy,,
D1984,Johnny,,
D1985,African Warlord General Butt Naked,,
D1986,Keagnes,,
D1987,Michael Gordon,,
D1988,The Fluoride Stare,,
D1989,Michelle Michelle,,
D1990,Clyde Monroe,,
D1991,HollyCabot,,
D1992,GAgirl1967❤️🖤 is ready for spring 🍀🦋🌸,,
D1993,adamawmo,,
D1994,Ken Petroff,,
D1995,Mufukr,,
D1996,"Hillbillylogic, 62% Disruptive😊",,
D1997,JennCantrell1776,,
D1998,Stably Bancil,,
D1999,Eagle1 🇺🇸🇺🇦🇮🇱,,
D2000,Snoopstopher,,
D2001,GrenadesNham,,
D2002,Lawrence Richardson,,
D2003,John Q. Public 🇺🇸,,
D2004,Dré Mcfleuve,,
D2005,Debbie Brooks,,
D2006,Eric Greedy,,
D2007,Zane Lunden,,
D2008,GM,,
D2009,Sabrina 🐇,,
D2010,Chris Haynes,,
D2011,Roseann Washburn,,
D2012,Adversus Mendaces,,
D2013,Dr. Warren,,
D2014,America belongs to the native Indians🕊️ 🌷🍀️,,
D2015,LZFan,,
D2016,2gunMatty,,
D2017,Russell King-MAY GOD STAND BETWEEN YOU AND HARM,,
D2018,Sunny C,,
D2019,Barbara Garro,,
D2020,Bobby Hoffman,,
D2021,Miranda 🦅🇺🇸 ♏️,,
D2022,🔥I am DOGE🔥 🇱🇷,,
D2023,Opinionated Codger,,
D2024,nahte,,
D2025,judgenjuryme,,
D2026,Dadago ❌,,
D2027,No Jabs,,
D2028,cassman,,
D2029,i每日大赛C乱伦N看片D黄片k成人动漫L黄色网站C萝莉m幼女Q学生k母子O父女i偷拍M迷奸g,,
D2030,Rits de Boer,,
D2031,🇺🇸Mary SG 🇵🇱,,
D2032,Maggie Mae,,
D2033,Richard,,
D2034,Tim Kenyon,,
D2035,Timothy Mote,,
D2036,Elizabeth Howard,,
D2037,Bill M Darling,,
D2038,Myrna 𝕏,,
D2039,Murray Shaw,,
D2040,funky d. monkey,,
D2041,Lone Star Democrat,,
D2042,FREESPEECHTROLL,,
D2043,Defund the Right,,
D2044,NicknNora,,
D2045,Elizabeth Hoeppner,,
D2046,I’m done being nice,,
D2047,Torin vanLoon,,
D2048,April Nicole,,
D2049,Matthew Heran,,
D2050,Carter Giraffe,,
D2051,Citizen,,
D2052,BAY RIDGE and BEYOND,,
D2053,Photo of John Wayne,,
D2054,Globey,,
D2055,JD Law,,
D2056,Black Not Democrat,,
D2057,TDTC hatchet runner,,
D2058,Bruce CPA,,
D2059,One By One,,
D2060,Rebecca Logue,,
D2061,Mike - MarketTradersTV,,
D2062,Logicandcommonsense,,
D2063,Debbie Dingell Stan🇺🇦,,
D2064,charles sanchez,,
D2065,Norah Duckstein,,
D2066,Roger don't argue,,
D2067,Aleaiactaestphi,,
D2068,Grild Cheez,,
D2069,Keith Newkirk,,
D2070,dairyofatechsis,,
D2071,#BlackiChan 🖤,,
D2072,ColoradoCaliGurl,,
D2073,Bonnie O,,
D2074,Jon Prince,,
D2075,New Democrat Swede 🇺🇸🇮🇱🇸🇪🇺🇦,,
D2076,🇺🇸ColonelMAGAMark🇺🇸,,
D2077,Eric S,,
D2078,KelMcG,,
D2079,Jeffery Deckard,,
D2080,livin.on.the.right 🇺🇸🇺🇸,,
D2081,Miss Norma Jeane 🗽🇺🇸 🏴‍☠️💋🐾 🇺🇦,,
D2082,El Universal Oaxaca,,
D2083,Moose's mom,,
D2084,Stephen Clayton Jr 🇺🇸🤿,,
D2085,Mike R.,,
D2086,Tony @MBTA is a dumpster fire,,
D2087,Lesley Blackner,,
D2088,Edisto Bob,,
D2089,Cattywampus ✝️🇺🇸,,
D2090,Brock Friedman,,
D2091,aya SAW GUESS W BILLIE N CHARLI,,
D2092,JP,,
D2093,John Val John 🇺🇲🇸🇪🇲🇫🇫🇯,,
D2094,Boss Man,,
D2095,Nicholas Krogen,,
D2096,ACT For America,,
D2097,mcdili4usa,,
D2098,Angie,,
D2099,Juleskarr,,
D2100,Justme23,,
D2101,Jackary Zacobson,,
D2102,Nutmegger,,
D2103,The Afghan-American Foundation,,
D2104,James Pepper,,
D2105,Don  mckelvey,,
D2106,Ice Princess,,
D2107,CryptoBit 🔔,,
D2108,The Trigger Master 🇺🇸,,
D2109,Skam Coin,,
D2110,"Vote Biden to save our democracy,our Freedoms",,
D2111,Robin Messing,,
D2112,Fair Deal Dan,,
D2113,"Paul Riehle ""❤️ Memecoin""",,
D2114,cal,,
D2115,ninaworldnews,,
D2116,Kirsten Holm,,
D2117,Rich Schmitt,,
D2118,Veritas Aequitas,,
D2119,TinaMarie747,,
D2120,CNYCitizens,,
D2121,Will65438,,
D2122,Coming Home Coalition,,
D2123,chaos - self ordained Pastor,,
D2124,Jim Oates,,
D2125,Bella,,
D2126,Scott,,
D2127,Greta Biden,,
D2128,Mojo the Awkward,,
D2129,Lou Dauria,,
D2130,zionistsgo2hell,,
D2131,Johnny Johnston,,
D2132,Alberto de la Cruz,,
D2133,Representative of Family Values,,
D2134,Robert F. Kennedy Jr,,
D2135,DudeDandy 🇺🇸🇺🇸🇺🇸,,
D2136,Kurt Friel,,
D2137,KilroyJC 🥨,,
D2138,Duane Gettis,,
D2139,Steve Larson,,
D2140,Ze'ev Mishpacha bat Bonds Wolf 🇺🇲 🇮🇱 📟 🎗🤟,,
D2141,Juan P Fernandez,,
D2142,niloc1406195 Colin President Elect 😜😜😂😂,,
D2143,NathanJacoby,,
D2144,Caroline clarke,,
D2145,Ignis Rex,,
D2146,VillaNoma 🇺🇸,,
D2147,Jaded Pitbull,,
D2148,True Blue Patriot 💙 🇺🇸 🍉,,
D2149,Heather Leisure 🪷🐝💛🍦,,
D2150,Hakim,,
D2151,Gol🇺🇲,,
D2152,Heritage08,,
D2153,OldMoney,,
D2154,DeborahCyr1,,
D2155,Greta_USA,,
D2156,Rick White,,
D2157,Common Sense,,
D2158,Rockie Watts,,
D2159,George Hubbs,,
D2160,Sofldoc,,
D2161,Aketch,,
D2162,Biff the Blogger,,
D2163,Marcela Rivas,,
D2164,Reese Erick Forbes,,
D2165,Efrain Corales,,
D2166,Handy,,
D2167,Witchy Woman,,
D2168,Jose Martinez,,
D2169,Ronnie Brown,,
D2170,TheFun Shackwars,,
D2171,Dems ruined us,,
D2172,Michael Hamm,,
D2173,ֆքǟʀӄքʟʊɢ,,
D2174,Ghostofwatanabe,,
D2175,Liz Whitmer Gereghty @lizwg.bsky.social,,
D2176,Smoogally,,
D2177,New England Laurie,,
D2178,Anti-Factionalism Caucus,,
D2179,Armando Bennett,,
D2180,Texan,,
D2181,JoySeaLife,,
D2182,Elizabeth Not Aspiring to be Humble Blumberg ⚖,,
D2183,Micah Toole,,
D2184,Brian Rundle 🇺🇸🦅💙 💙💙,,
D2185,Z@k,,
D2186,Hazel Eyes,,
D2187,Scott Funkhouser,,
D2188,Andrew Le Quesne,,
D2189,Joe Gaeta,,
D2190,FSLN Cls Nicaragua,,
D2191,bobby Gene,,
D2192,I_got_questions,,
D2193,The Libertarian,,
D2194,Mary Jane Bryksa,,
D2195,Edward Fowler,,
D2196,KrisNightmare,,
D2197,Not so TIRED AMERICAN,,
D2198,Paul Danner,,
D2199,Jeff Shinn,,
D2200,Tony Longhurst,,
D2201,Susan774,,
D2202,Sarcastic Prodigy,,
D2203,Nancykdavis,,
D2204,Rabbi Isaac Jeret,,
D2205,Raymond Willis,,
D2206,Ros,,
D2207,B. McEwen,,
D2208,American Warrior for Christ,,
D2209,Alex Liaptchev,,
D2210,Suzanne,,
D2211,Maracuya,,
D2212,Julie Sargent,,
D2213,Mike from PA,,
D2214,Heavymetal,,
D2215,Spendola,,
D2216,SvC Chaos Ryu🇱🇷🇯🇵🇱🇺,,
D2217,DouM Dumas FUN🏴‍☠🏴‍☠,,
D2218,your dad,,
D2219,wakeupUSA,,
D2220,Michael Brock,,
D2221,something witty,,
D2222,L.A 🇺🇲♥️,,
D2223,Cali Birch,,
D2224,Remember the Biden 13,,
D2225,MRofAF,,
D2226,Joe Biden,,
D2227,Hotnickels,,
D2228,Cetrero,,
D2229,df8484,,
D2230,Ike Evans,,
D2231,stopscamcoins,,
D2232,Dawn Reese,,
D2233,Don Giovanni,,
D2234,BOOKS OUR PASSION,,
D2235,BestisYettoCome,,
D2236,Richard Smit 🦅🚁💰🇳🇱🇺🇸🇬🇧🇮🇱🇺🇦🇹🇼,,
D2237,Matthew Bosies,,
D2238,john basile,,
D2239,Heath Humble,,
D2240,Cory Moore,,
D2241,ed sullivan,,
D2242,Trussia,,
D2243,Jakob C 🇺🇸,,
D2244,"I'm not a smart man, but...",,
D2245,Paul Hilder,,
D2246,chuck,,
D2247,Darlyn215🙏🏽🌍☮️🕊️🇺🇦,,
D2248,ғᴇʀɴᴀɴᴅᴇᴢ ʟʏʟᴇ wɪʟʟɪᴀᴍs 🪶 #Indigenous #LandBack,,
D2249,Oscar Roberts,,
D2250,James Vincent,,
D2251,Nancy from Oregon,,
D2252,Bill Urtel,,
D2253,Freedom of Speech Guy,,
D2254,Ray Spain,,
D2255,Trump Mainstream President.,,
D2256,StewMama- Radically Moderate,,
D2257,Hotsoup,,
D2258,Kirk Saffer,,
D2259,Wirra,,
D2260,Welder1075,,
D2261,Debbie 🟦🟧✡️🇺🇸🇮🇱🪬🇺🇸🇺🇦🌻,,
D2262,mark8989,,
D2263,FirstLadyGOP 🇺🇸,,
D2264,Itt (pronouns it and that),,
D2265,matt mittens,,
D2266,Nick Adams,,
D2267,harley,,
D2268,michelle,,
D2269,Angie Blackburn 🇺🇸 🇺🇸,,
D2270,Eagles Dynasty,,
D2271,hurdur 🏁🧼🕹️,,
D2272,Hugh Berenger,,
D2273,Doug 🇺🇸🗽🐘✡️🇮🇱🎢 🎶,,
D2274,Víctor Eduardo Muñante Gutiérrez,,
D2275,鮑勃說 BobTalk,,
D2276,KeithH,,
D2277,Harris Voters Owe Us Reparations,,
D2278,the Sain🗡️,,
D2279,Wordpecker,,
D2280,America needs borders,,
D2281,Jim Bigelow,,
D2282,Red Six Standing By (buzz-off/weirdo),,
D2283,AMPP,,
D2284,Susan,,
D2285,Laura Austin,,
D2286,CLL Daisy 🌼,,
D2287,Present Tense,,
D2288,"What's a name, anyways?",,
D2289,Heston meier,,
D2290,Holly,,
D2291,Blackstone,,
D2292,Jas Rugbo,,
D2293,BobBrown,,
D2294,mandala,,
D2295,Cindy Kryk,,
D2296,Dexter,,
D2297,The ED,,
D2298,Keith Moehring,,
D2299,Abby Taylor,,
D2300,Marly Z Jurado,,
D2301,blockbuster von doosh,,
D2302,SSant66 🇺🇸,,
D2303,PropToppers,,
D2304,Morgen Dietrich,,
D2305,AIC Foundation,,
D2306,Huncle,,
D2307,TheXFactor,,
D2308,Gloria Forrester Lucioni,,
D2309,Gerald Brown,,
D2310,Brent Smith,,
D2311,Jas1245,,
D2312,TammyB,,
D2313,💗Christie💗,,
D2314,lisamarie,,
D2315,Kevin Finley,,
D2316,JRS,,
D2317,J,,
D2318,N8,,
D2319,Michele Goess,,
D2320,Drew,,
D2321,Birrion ☭🇵🇸,,
D2322,Kendo | 剣道,,
D2323,Isaac Gonzales,,
D2324,Yoly🇺🇸🇺🇸🇺🇸🇺🇸,,
D2325,JovanHuttonPulitzer™ אני לא סובל אידיוטים!,,
D2326,Jacob Barie,,
D2327,FutureFred 🇺🇸,,
D2328,John Hulse,,
D2329,dennis Grippi,,
D2330,John Hamblin,,
D2331,Infinite 🇺🇸,,
D2332,anna1973,,
D2333,Transplant MD PhD,,
D2334,maroon66,,
D2335,Michael,,
D2336,Deplorable Fighter,,
D2337,Paul Gauthier,,
D2338,Circe,,
D2339,Deplorable Joe Deal,,
D2340,Mama Orrico,,
D2341,Joe Macinnis,,
D2342,LadykarB,,
D2343,freedom,,
D2344,David Fitzpatrick 🇺🇸,,
D2345,steak/fajita(pronounced vegeta),,
D2346,Patricia M8,,
D2347,CharlesinCT,,
D2348,Suya Wang,,
D2349,Dro Biden,,
D2350,Jay Starling,,
D2351,cujo,,
D2352,The Sass AKA Emelda,,
D2353,💧Manny,,
D2354,Gaterdawg,,
D2355,Maximus D. Meridius,,
D2356,gaijingirl2004 Bronx Leftist/Green. 🦺 🇵🇸✡️,,
D2357,Nuggie,,
D2358,☢️ Robespierre's Ghost (Lin Biao) ☢️,,
D2359,Mamo Hatch,,
D2360,Trevis Farthing,,
D2361,2StarP,,
D2362,bobby v,,
D2363,Malena-PRO-CHOICE🟦🟧Fighting Tyranny!,,
D2364,All-American Okie,,
D2365,Owl Man,,
D2366,Vote Blue 🏳️‍🌈,,
D2367,Pedro L. Gonzalez,,
D2368,LightofLife,,
D2369,Baruch BenGershonhаСо,,
D2370,Marina Sapir,,
D2371,Ned Livingstone,,
D2372,Ilturos,,
D2373,Chris D. Jackson,,
D2374,Liliane colburn,,
D2375,michelle wrathell,,
D2376,Mike’s Random Thoughts,,
D2377,Louis Hooffstetter,,
D2378,Max D. Wheeler,,
D2379,The Gozerian,,
D2380,HB_Bruce,,
D2381,Edgar,,
D2382,Alvon Phillips,,
D2383,SV 108,,
D2384,judy morris,,
D2385,Dr Ellen Ripley🏳️‍🌈🇺🇦🌼🌊💉FDJT #1619 #DC51,,
D2386,Sharp,,
D2387,Release It Media Group,,
D2388,JohnnyOnTheSpot,,
D2389,Digital_Sass,,
D2390,Adequacity,,
D2391,silvia labarre,,
D2392,John Lindsey,,
D2393,Inconceivable Media,,
D2394,Bedrock,,
D2395,Dennis Lyttle,,
D2396,JoeLoftus,,
D2397,Man in the Middle,,
D2398,Danielle,,
D2399,AlphaFem,,
D2400,BG - CEO,,
D2401,Joey Garrison,,
D2402,Carmine43,,
D2403,katwilliams,,
D2404,Knight13,,
D2405,Gentry Gevers,,
D2406,طلال الجهني,,
D2407,Daniel Overby,,
D2408,Jason Barker The Bold City Saint 🇺🇸🇺🇸🇺🇸,,
D2409,TG1Democracy,,
D2410,Erin Luck,,
D2411,alle,,
D2412,Jay,,
D2413,Jeff H Reynolds - Outspoken Texas Conservative,,
D2414,Logic,,
D2415,Martin,,
D2416,"Cinnamon Bun (👹,👹)",,
D2417,Reboot Seattle,,
D2418,AndyAnderson,,
D2419,It's a struggle,,
D2420,Biden lost,,
D2421,Barbara,,
D2422,Bruh stevens,,
D2423,Provost Atticus,,
D2424,BlzLkEm,,
D2425,Old Pelican,,
D2426,LilHumansBigImpact,,
D2427,Easton Macias,,
D2428,💲,,
D2429,The Midnight King,,
D2430,Heather PS 🇨🇦🇺🇸,,
D2431,Luna Toogie,,
D2432,Marla Hohner,,
D2433,Dug,,
D2434,Todd Johnson,,
D2435,1.0 (American/Man)⚡,,
D2436,Chad Steele,,
D2437,David Barker,,
D2438,Matt Morris,,
D2439,Eric Whitaker,,
D2440,Mack,,
D2441,Hardworker,,
D2442,MrToad28,,
D2443,Sam 🥉👈 basic subscriber badge,,
D2444,phibee✬,,
D2445,U. S. Patriotic Persistence,,
D2446,Got milk 60,,
D2447,JHunter,,
D2448,Boxing Pro 🥊,,
D2449,Eric Wnuck,,
D2450,🇺🇸🇮🇱Oakland Niner ✡️🕎,,
D2451,"For God, Family & Country 🇺🇸",,
D2452,Mark Knoller,,
D2453,F_Harrison,,
D2454,Debbie 🐝,,
D2455,Miss Marjorie,,
D2456,Steve Hart,,
D2457,Andy Puzder,,
D2458,Michael Nicholas,,
D2459,Charlie @ Hellraiser,,
D2460,TheÐogeGlory,,
D2461,Roodoc74nohate,,
D2462,RedPill,,
D2463,Jason the commenter,,
D2464,Djm21,,
D2465,🦀🍉🦀Gilgamech🦀🍉🦀,,
D2466,Eddy Leger,,
D2467,Reason,,
D2468,Jonny Wu,,
D2469,PSU7893,,
D2470,johnnyMac,,
D2471,Pecan Mouton,,
D2472,Friend of Mighty,,
D2473,Chris Evans,,
D2474,Arrow Smith,,
D2475,Van,,
D2476,Anne Garrett,,
D2477,isaac (ike) standifi,,
D2478,🆆🅸🅻🅳 🅼🅰🅽🎸💥🎙,,
D2479,le slick,,
D2480,Raised Right,,
D2481,Jay Stone,,
D2482,Sherry Touchton`````,,
D2483,I,,
D2484,"The man with no name, Jim Owens",,
D2485,sherri sue,,
D2486,K ❤️🤍💙,,
D2487,Bella Anima,,
D2488,Lorne Chadwell,,
D2489,Horizon Québec Actuel,,
D2490,tc11228,,
D2491,Michael Evans,,
D2492,IAO,,
D2493,Biden's Ukrainian Pension Fund. 🌎🐾🌿💚🇵🇸🔻,,
D2494,ALEJANDRO OLMOS,,
D2495,C O A C H 🇺🇸,,
D2496,Sigma Mindset (ΣM),,
D2497,Jessica Zimmer,,
D2498,Luke MD,,
D2499,MD,,
D2500,Lorrie Ann 🇺🇲🇺🇲🇺🇸,,
D2501,America First Conservative,,
D2502,Craig Shipp,,
D2503,EyesWideOpen,,
D2504,Ike Brannon,,
D2505,Angelo Manoel,,
D2506,Librepenseur™,,
D2507,Eric J,,
D2508,Smart 🍪,,
D2509,Anti trust laws,,
D2510,🎻✨,,
D2511,猫ぐるま,,
D2512,Diane P,,
D2513,Steve Vitoff,,
D2514,ABC 7 Chicago,,
D2515,Bizarre,,
D2516,Dan Ray 🇺🇸,,
D2517,Hobson MCCain Jr.,,
D2518,MamawV🐼,,
D2519,M Brace,,
D2520,ForTrump2024,,
D2521,MattB,,
D2522,Karen 🇱🇷 🇺🇦,,
D2523,Matt Kelley,,
D2524,Leilani Athenaire,,
D2525,ℕ𝕒𝕥𝕙𝕒𝕟✨,,
D2526,awakened_goy,,
D2527,ann,,
D2528,Count Chokulah,,
D2529,Krusty Gnome 🇺🇦,,
D2530,Aristocles,,
D2531,The Chosen One™️,,
D2532,Eugene Godepski,,
D2533,Sean O'Connor,,
D2534,★ Tony. M. Weaver ★,,
D2535,Ron,,
D2536,Cowabunga flavor,,
D2537,trab🍉,,
D2538,THETRUTHREAPER,,
D2539,How Hard Is It To Answer?,,
D2540,Queen Chimerazilla ☭🐾 🏳️‍⚧️,,
D2541,William Doughty,,
D2542,JUSTABADCAT justabadcat.bsky.socia 💙🩵💙🩵💙🩵💙,,
D2543,ufologically Smug,,
D2544,justin williams,,
D2545,William Meier,,
D2546,BeforeWeWereEuropean,,
D2547,First Words,,
D2548,Filly Nelson,,
D2549,Anne Arbor,,
D2550,William,,
D2551,Nature Boy,,
D2552,PunchUpPod,,
D2553,Andrea Rowe,,
D2554,Lex Concord,,
D2555,@t363,,
D2556,KadaCombs,,
D2557,Michael Jones,,
D2558,MiG8420,,
D2559,Patriot,,
D2560,JOSH DUNLAP,,
D2561,KScores,,
D2562,Political Critic,,
D2563,Ellen,,
D2564,Craig Wilson,,
D2565,zippy 🇺🇸,,
D2566,Nancy Linta,,
D2567,David Gray,,
D2568,Fundador 🇺🇸,,
D2569,Matthew 🏴🏴🏴 Ⓐ Ⓐ Ⓐ Ⓐ,,
D2570,Peter Kindel 🇺🇦 🇩🇪,,
D2571,Clint Johnson,,
D2572,Pam 🇺🇸,,
D2573,Quds Media Network,,
D2574,mwurst,,
D2575,ANABA,,
D2576,Cypress,,
D2577,Cleo #endgenocide 🗽♿❤️🧡💛💚🩵💙💜,,
D2578,Blunko,,
D2579,Vaxxed 6fold Academies of 24fold Exhi8ited 8largus,,
D2580,MermaidMoose,,
D2581,John Hunt,,
D2582,Newman,,
D2583,Terie Milburn,,
D2584,Val,,
D2585,For the love of the game. 🦺🇺🇲,,
D2586,Thomas K. Bullock,,
D2587,@John Fortune,,
D2588,Jo Hamann,,
D2589,whiteaglesoring,,
D2590,mary ,,
D2591,Wunderlust2222,,
D2592,Lisa Baker Graas 🇻🇦🖤,,
D2593,Mickey M.,,
D2594,Chili Dog,,
D2595,Kevin Gorman,,
D2596,Nick,,
D2597,debschlagheck,,
D2598,5GenTexan!™️Republic of Texas! TEXIT🇺🇸,,
D2599,slyweazal,,
D2600,Brett Rasdall,,
D2601,The Narrative,,
D2602,amanslaughter,,
D2603,Jewls ✧,,
D2604,Farooq,,
D2605,MichaelW 🇺🇸,,
D2606,Laura Ingraham,,
D2607,Lauren,,
D2608,"Richard, Scary",,
D2609,Linda Hoch,,
D2610,bradley,,
D2611,HelenK,,
D2612,333ofHearts 🇺🇸 💜💛💜💙🤍💙 🇺🇸,,
D2613,PJ ✡️,,
D2614,Integrity,,
D2615,Enrico K.,,
D2616,Joni,,
D2617,Shandala65,,
D2618,Chris Tucker,,
D2619,alaskaborn907,,
D2620,Bonnie Reynolds,,
D2621,wek,,
D2622,Kramer 🇺🇸,,
D2623,Ben Bottomley,,
D2624,🌵Ⓜ️🅰️®️T🅰️ 💙,,
D2625,Colorado_Jet,,
D2626,Bryan Bernicky 🇺🇲,,
D2627,B Hodge,,
D2628,Asian Voice For TRUMP,,
D2629,DDCCTXGIRL,,
D2630,Phyllis,,
D2631,BullCityBoi80,,
D2632,Pranab Prakhar 🇮🇳,,
D2633,馬克Marco,,
D2634,Twila Cade,,
D2635,Ramona Arizona,,
D2636,Jim Kata,,
D2637,Étienne Fortin-Gauthier,,
D2638,Brooklyn,,
D2639,The twitch,,
D2640,Trump Is A Genius,,
D2641,anonimobits,,
D2642,Crazy Chevy's Tiny Shop,,
D2643,Gonzalo Agustin Fernandez de Azcarate,,
D2644,Childless Cat Lady too 🐈‍⬛️🐈‍⬛️😂,,
D2645,Aria D 🌐🏳️‍⚧️🇺🇦,,
D2646,Wise Squirrel,,
D2647,My Two Cents,,
D2648,MAGS,,
D2649,CTV News,,
D2650,Alford Williams,,
D2651,Jon,,
D2652,W Poitier,,
D2653,Shelley 💙🟧,,
D2654,friluftsliv,,
D2655,"Clumsy Ninja 📚 𝑆𝑜𝑟𝑟𝑦, 𝐼'𝑚 𝑏𝑜𝑜𝑘𝑒𝑑",,
D2656,Scarcely Saved,,
D2657,(((Civil_DiscourseNY)))🇺🇸🇮🇱🇺🇸,,
D2658,Robert Dienert,,
D2659,Mama Coconut,,
D2660,Catherine Runnals,,
D2661,Douggie Jones,,
D2662,Jessica Stamper,,
D2663,CharlieCroker,,
D2664,R.G.O.,,
D2665,Tony A. Phyrillas,,
D2666,Hammy ✈🇺🇲🇮🇱,,
D2667,PC Tunney,,
D2668,Holly 🇨🇦,,
D2669,Kevoshmevo Ny,,
D2670,Cb Feagin,,
D2671,Beverly,,
D2672,SomeDadGaming,,
D2673,Jjule85 Azzuro,,
D2674,The Press-Enterprise,,
D2675,Vicki Mainard 🇦🇺🕹🏀🐈,,
D2676,QWERTYUIOP,,
D2677,KrazInAz,,
D2678,Trabajo Para Me,,
D2679,Mike E Boy Italiano 🇮🇹,,
D2680,The Tribal Turtle,,
D2681,Kootenay Bob,,
D2682,kay martinez,,
D2683,Five Alarm Fire with Sam Darko,,
D2684,Jewish News Syndicate,,
D2685,Paul Sarratori,,
D2686,Jessica Vaugn,,
D2687,Phoebe Black,,
D2688,Tonys12278,,
D2689,Salem Lee Jakes 🏳️‍🌈,,
D2690,Supreme Garaad JR.,,
D2691,Derek Ho,,
D2692,Blake Ruane,,
D2693,Chipmaster69,,
D2694,Terry Constanti,,
D2695,@norootcause.surfingcomplexity.com on Bluesky,,
D2696,DClevFTW,,
D2697,Blobby Jones,,
D2698,Missileman,,
D2699,𝕃𝕖𝕤𝕝𝕚𝕖 🖼,,
D2700,SilenzeDewgud,,
D2701,RandomHappyAmerican,,
D2702,SRMichael,,
D2703,MaryWV,,
D2704,CP3O,,
D2705,B36Peacemaker,,
D2706,🐿️ 🦆 Wiffleball Tony 🇺🇸⚾️🏈🏒,,
D2707,Cmoney,,
D2708,T Pow,,
D2709,TheeÐogeC₳tcher,,
D2710,ModeratesNeedToRunTheUS,,
D2711,"BSN, AHA",,
D2712,Carolyn Weltman 🔯💙🧡🇬🇧🇺🇸🇺🇦,,
D2713,Johnnygunower,,
D2714,love the truth,,
D2715,Joe Nosef 🇺🇸,,
D2716,Com’onBEhappy70,,
D2717,Brett Laird Francis Doyle MCS,,
D2718,Skimp Shrampi,,
D2719,Bosch Fawstin,,
D2720,"Max, the Tariffer",,
D2721,anne,,
D2722,genZRNazis,,
D2723,CK19,,
D2724,NightOwl☮️🇺🇦🌈,,
D2725,ActivistHistoryTeach,,
D2726,Critical Thinker,,
D2727,Clustering,,
D2728,Comfrey Pond,,
D2729,Patriot Grandma/Diane Davis,,
D2730,Pretendisent Benedict Biden,,
D2731,Joey Rogers,,
D2732,RIP,,
D2733,Sandra k Burnette ☮️🌊🌊,,
D2734,WeAreBetterThanThis,,
D2735,Whitney Morgan,,
D2736,Joe Walker,,
D2737,Dr. Alan Blotcky,,
D2738,Philistia,,
D2739,Craven Morehead,,
D2740,BLCKDGRD,,
D2741,Dawud Ibn Adham,,
D2742,Roberto🇺🇸,,
D2743,Peter Dousma,,
D2744,Allan,,
D2745,The Greatest Showman,,
D2746,David Blinn,,
D2747,Johnny D!,,
D2748,1980s Fan,,
D2749,Anna Sucin,,
D2750,Dale Faulkner,,
D2751,phuong Tran,,
D2752,JC Craze,,
D2753,S J Pratt,,
D2754,RV Veegetaz,,
D2755,Dr_JEL,,
D2756,M A,,
D2757,m - Pirate Princess🦋,,
D2758,Tintin,,
D2759,Expert - The Game's The Game,,
D2760,John kanklepants,,
D2761,Nobody,,
D2762,William Goldrick,,
D2763,Andrew Ross,,
D2764,London,,
D2765,Antoinette,,
D2766,Bulesoak Faseonek,,
D2767,Tim Corio,,
D2768,Michael Binder,,
D2769,Ben Jiles,,
D2770,Derek O'Shea,,
D2771,QuadosCorner2,,
D2772,minimals,,
D2773,Bourgeois Bogan,,
D2774,Comrade-Idan💙🦍 (PstIdan) D Vawulence Obidient.,,
D2775,Doug Beebe,,
D2776,Derek,,
D2777,MommaKnowsBest,,
D2778,DRTinnon,,
D2779,Real JD Vance,,
D2780,Apenas um Patriota,,
D2781,Rj,,
D2782,Ice Queen,,
D2783,Newstalk ZB,,
D2784,CompassionateCurmudgeon,,
D2785,"Paul Hundred, GED",,
D2786,LostTrigger,,
D2787,Rob,,
D2788,"President Biden, I already miss you 🇺🇸🇺🇦❤️🤍💙",,
D2789,Nancy DiGiacomo 🇺🇸✝️,,
D2790,Duke Lacrosse,,
D2791,Alireza Tehrani,,
D2792,all 4 love,,
D2793,The big throwaway,,
D2794,Godsmack66,,
D2795,LDS56,,
D2796,Jack Suwinski Truther,,
D2797,LiliB,,
D2798,Dennis Lish,,
D2799,Kamau,,
D2800,Tony Cooper,,
D2801,Kenneth McLean,,
D2802,Anne Tootill,,
D2803,Dawn,,
D2804,Alex Barnett,,
D2805,Dave Allen,,
D2806,Nancy Camel,,
D2807,Woz,,
D2808,ChrispyMAGA,,
D2809,Sam Chaser,,
D2810,Merlene Peay,,
D2811,Dancin Dave,,
D2812,Warpenwar,,
D2813,Tim Sorenson,,
D2814,Luke Hatcher,,
D2815,Robert Kos,,
D2816,Lisa P71,,
D2817,Avantigirl64,,
D2818,Ralph PIlossoph,,
D2819,BEBERU BIDEN,,
D2820,Lisa Ackels,,
D2821,"Pedal to the metal ‘till you see God, then brake!",,
D2822,reddawnwolverene,,
D2823,Enzo Pontrelli,,
D2824,royalty,,
D2825,Mason22531,,
D2826,THEE MOST HUMBLE PODCAST!,,
D2827,judgepete81,,
D2828,Warwick Warwickian,,
D2829,Compassionate Contrarian,,
D2830,Hunnilaurette,,
D2831,Professor X 1111,,
D2832,K. Faber,,
D2833,Biden’s Top Resistor,,
D2834,Biden Is Not My President,,
D2835,Christine The Queen 👑,,
D2836,Hunter L Wood,,
D2837,Downhole_Expert,,
D2838,Australian Talk,,
D2839,Poder360,,
D2840,Tim Rich,,
D2841,RicHARD WOlfE,,
D2842,Richard Stone,,
D2843,Diablo Blanca,,
D2844,Joe Foster,,
D2845,Henry Deckard 🐻‍❄️🦉,,
D2846,Deisler,,
D2847,Ari Greve,,
D2848,PacoFuentes74,,
D2849,Clara Murzynski,,
D2850,MadLol,,
D2851,Edisio,,
D2852,Tasty Morsel,,
D2853,AFGCM Recipient Dave (370H55V),,
D2854,LS2Freedom 🇺🇲❤ We did it 🇺🇸 Let freedom ring ❤,,
D2855,Constitutionalist America First,,
D2856,jermaine jones,,
D2857,Evan Dyer,,
D2858,Mary Alvarez,,
D2859,DW007,,
D2860,Joseph Schwartz,,
D2861,Paul Scannella,,
D2862,Touissant,,
D2863,Diane L-S🏳️‍🌈☮️🇺🇦,,
D2864,Marla,,
D2865,Dirk Diggler,,
D2866,DionAnthonyMusic,,
D2867,CyberPatriot,,
D2868,I ain’t no circle back girl,,
D2869,Jper,,
D2870,Nômade Geek✡️,,
D2871,Krishnan Chittur,,
D2872,Daniel Friedman,,
D2873,Leeeeee27,,
D2874,Nehemia Gershuni-Aylho 🧡 👋🤟🫶,,
D2875,AliceinOH,,
D2876,Desertgramma,,
D2877,Another Sheepdawg from Georgia,,
D2878,Léia,,
D2879,Bob R,,
D2880,warbling.dorado,,
D2881,Jim neitzke,,
D2882,IMSeekingtruths,,
D2883,CK,,
D2884,tcsimon,,
D2885,Jared,,
D2886,jgiambr,,
D2887,🇺🇸 Ryan 🇺🇸,,
D2888,Ryan Reacts,,
D2889,Laera3,,
D2890,Rodney Colgin,,
D2891,Woke Amnesia,,
D2892,David Fuchs,,
D2893,rhino,,
D2894,MARK WILLIAM WALKER,,
D2895,Ginger Havel,,
D2896,DemandJustice2024,,
D2897,Dennis Lonergan,,
D2898,Metacore GX,,
D2899,Missy,,
D2900,Doug Holum convicted felon…🇺🇸🇺🇸🇺🇸,,
D2901,Ratatoskr,,
D2902,Brian Morris,,
D2903,Diana Bell,,
D2904,Agerico De Villa,,
D2905,Shane Wheeler,,
D2906,Mike Busby,,
D2907,MadMike1324,,
D2908,Carmen de Wilker,,
D2909,The Coffee Drinker,,
D2910,My 1st Amendment Podcast,,
D2911,Mark Changizi,,
D2912,Reporte Ya,,
D2913,GURU,,
D2914,Christena again🇨🇦,,
D2915,MAGA Mark,,
D2916,James Ilges,,
D2917,Amanhasnoname,,
D2918,hh,,
D2919,The Real Slim Skagmacker 🇺🇸🦅,,
D2920,sandra briggs,,
D2921,Great is our God,,
D2922,K D,,
D2923,RealNotimportant,,
D2924,MSG,,
D2925,CEOliha,,
D2926,Bratrick Mian Pooney,,
D2927,Billy Banger,,
D2928,Melody,,
D2929,Clementine,,
D2930,Terri hudson lenoir,,
D2931,TrudyKing1492,,
D2932,Dianna,,
D2933,jdkiff,,
D2934,DB,,
D2935,Reese Pond,,
D2936,GenXAF,,
D2937,Mister Bob the Tomato,,
D2938,TexasGirl45,,
D2939,James Robinson,,
D2940,Deborah Williams,,
D2941,"Political Tweets -January 20,2021- President Biden",,
D2942,Cinderella Lightfoot,,
D2943,Pamela,,
D2944,The Conversation - Australia + New Zealand,,
D2945,Sebster™🇾🇪,,
D2946,Harris Walz Radical Left Team,,
D2947,cindy carter,,
D2948,Dan Grossell,,
D2949,lhrnr001,,
D2950,Anthony Accardi,,
D2951,Abdul-Jabbar ibn Yusuf ibn Omar ibn Abdul Karim,,
D2952,TodaysLdrforTomorrow,,
D2953,Eric Amaral,,
D2954,howdy7878,,
D2955,Jesse⚡️,,
D2956,Pimpy the shrimpy,,
D2957,Joseph Mings,,
D2958,Vincent,,
D2959,Mass mailed ballots are fraud.,,
D2960,Connie Hale,,
D2961,Nicholas Langille,,
D2962,Pop Culture Political Junkie (He/Him) 🇺🇦🇵🇸🇹🇼,,
D2963,💜🇺🇸Tweety Bird🇺🇸💜,,
D2964,We DOGEd a Bullet @Annieoldenough,,
D2965,Meme Biden (Parody),,
D2966,Stevenson,,
D2967,BILL LEMOCKS,,
D2968,Keysdweller,,
D2969,Glenn O. Rutherford,,
D2970,The Conservative M. D. 🗨️🇺🇸,,
D2971,applebees 2 for $26,,
D2972,platinum sombrero,,
D2973,Sunflower,,
D2974,☭ fuck trump fuck biden too 🌹,,
D2975,Trae A Not So Gentle Reader,,
D2976,Dakotarose,,
D2977,Tami M 🇺🇸❤️🇺🇸,,
D2978,Paul,,
D2979,Mikes for Liberty,,
D2980,Wvng,,
D2981,BrindusaB,,
D2982,Kamala Harris & Joe Biden Parody,,
D2983,Mark Dobler,,
D2984,CanCanGirl’s Stepmom 🍉🌻🕊️,,
D2985,Jeffrey James,,
D2986,Worse POTUS is Biden,,
D2987,Ed Greenberger,,
D2988,Truth Ninja,,
D2989,P.J._I.AM.HIM.,,
D2990,Carol Parham,,
D2991,Sean Ely,,
D2992,karmaNdharmam,,
D2993,MichaelDRudolphstandswithIsrael🇮🇱,,
D2994,Gerard Frique,,
D2995,William CM,,
D2996,"S. Picard, #MAGA , FAFO",,
D2997,Freedom On Fire,,
D2998,D.Y,,
D2999,Veggie Dave,,
D3000,Washington Times Sports,,
D3001,Kadive🇺🇸,,
D3002,Somebody,,
D3003,Denny Saverance,,
D3004,Renee 🇺🇸❤️ 🇨🇦❤️🇺🇦,,
D3005,BillAlphonso,,
D3006,Melody Burgess,,
D3007,Sharon McLean🟧,,
D3008,Tom Currie,,
D3009,hmmm889,,
D3010,R Neidermyer,,
D3011,Kyle Powers,,
D3012,Maria C Justo,,
D3013,Captain Chillax,,
D3014,Estefanía Durán,,
D3015,Suzanne Arundale,,
D3016,John Wolf,,
D3017,George W. Heywood Jr.,,
D3018,Joan of Snarc 💙🇺🇸🦅,,
D3019,illusionist recall,,
D3020,𝐒𝐧𝐨𝐳𝐳𝐖𝐚𝐧𝐠𝐞𝐫🌻,,
D3021,- Sam -,,
D3022,"Micolash, Host of the Nightmare",,
D3023,p͎h͎y͎l͎u͎m͎ ͎s͎i͎n͎t͎e͎r͎,,
D3024,Angela Walker,,
D3025,Bruce Duck,,
D3026,McGarnagle,,
D3027,Chew on this.,,
D3028,F*** the MEDIA !!!,,
D3029,Pixie,,
D3030,johnny costa,,
D3031,damsel,,
D3032,Truth Matters,,
D3033,Moz28,,
D3034,Lake Life,,
D3035,🇺🇸🍊🧡southerngalpal 🧡🍊🇺🇸,,
D3036,AllenCharles,,
D3037,FliCK TriCK for the Come-baCK,,
D3038,Kathy rus,,
D3039,Sjb53,,
D3040,davesdynamite,,
D3041,Angel resists,,
D3042,DD,,
D3043,Jere_Memez,,
D3044,Himbo President 🇵🇸,,
D3045,Jackson Mells 🍻,,
D3046,"Lauren Steiner ""The Robust Opposition""",,
D3047,Casey Collier,,
D3048,steve brown,,
D3049,Alfred,,
D3050,TheBeerBrewer,,
D3051,Owl Gore,,
D3052,Scotty,,
D3053,Luis Caruto,,
D3054,Zel,,
D3055,Patriotwoman,,
D3056,Save America and our Republic,,
D3057,Devan Workman,,
D3058,Samuel Wilcher,,
D3059,Recall Katie Hobbs,,
D3060,Mark Leavitt 🇺🇸,,
D3061,Vicki,,
D3062,Rodney L Brown,,
D3063,Bill Perkins,,
D3064,Príncipe de Apodaca 🧨💣,,
D3065,Brian Robinson,,
D3066,Rich Rodriguez,,
D3067,La Condesa Del Bochinche 🌴🪷🥥🍉🇵🇷🇳🇬🇪🇸,,
D3068,Mindy831,,
D3069,Jay Lawson,,
D3070,Jack Kroll,,
D3071,🏴‍☠️fackcheck....,,
D3072,Blue Chatterer,,
D3073,Arlene B. Heed - POTUS Trump 2024,,
D3074,Thewokemindvirus,,
D3075,Bob Wilkinson 🌴🏝🌴 🍎,,
D3076,pellison,,
D3077,@Quiganon,,
D3078,James Roy Reese III ✝️ 🇺🇲,,
D3079,Keith,,
D3080,KarmaPolice,,
D3081,DAWN MENA,,
D3082,Barbara Spencer,,
D3083,Afueriste,,
D3084,music teacher,,
D3085,T. Johns,,
D3086,MLE,,
D3087,JIm Ruzicka,,
D3088,Restructuring Democracy,,
D3089,フーリ (FOOLY URAMESHI) 🤙🏽,,
D3090,Scraidy Wolf,,
D3091,Sandy ❤️,,
D3092,Cleghorn,,
D3093,Jennifer Harper 👍👌👍👌,,
D3094,Paul Bourgoine,,
D3095,Socalsports,,
D3096,Lyra who prays☦️,,
D3097,Kelly heisler,,
D3098,confused biden,,
D3099,Must Love 🐶,,
D3100,John Brainard,,
D3101,mckymaniac,,
D3102,RealDXS,,
D3103,QueenMommy,,
D3104,Hunter Biden’s Parm Cheese,,
D3105,Rollinginfla,,
D3106,Rob Lewis,,
D3107,Laura Gee,,
D3108,no use for a name,,
D3109,The Alchemist🎗️,,
D3110,Gary Libkuman,,
D3111,Laddiecomehome,,
D3112,Erin Sweeney,,
D3113,L.A. Abe,,
D3114,Chicoman67,,
D3115,Helen M,,
D3116,Mojavebloom,,
D3117,rex willard,,
D3118,Brendan J Walker,,
D3119,Badger,,
D3120,giggitty08,,
D3121,Carmine,,
D3122,Blades,,
D3123,J “Ghost007” Stzout,,
D3124,Productions,,
D3125,VBri,,
D3126,Mellisa Ferguson,,
D3127,Mark t Henry Jr,,
D3128,not important enough to impeach,,
D3129,SammytheSquirrel,,
D3130,X,,
D3131,Patricia Googe,,
D3132,Constance Foster,,
D3133,Kathlin Hawleys,,
D3134,cpps999,,
D3135,Cobrajet,,
D3136,DogFacePonia,,
D3137,Kevin Smith 🇺🇸,,
D3138,Garry B,,
D3139,R Tarantino,,
D3140,Benderama,,
D3141,Caydee,,
D3142,J. S. Brantley,,
D3143,🍥,,
D3144,Benjamin Lee,,
D3145,T Morabney,,
D3146,"James ""Joe"" Griffin",,
D3147,sookie,,
D3148,David Rising,,
D3149,Diana Verrall,,
D3150,Davlaw12,,
D3151,Ssjgoat,,
D3152,lisa surmacz,,
D3153,Coulton,,
D3154,Bonafide,,
D3155,Amy Gibson,,
D3156,kevin,,
D3157,Ava- I Love My USA! 🇺🇸,,
D3158,Al Jones,,
D3159,Duck,,
D3160,Hailstate G$,,
D3161,Allie Lark,,
D3162,Fran Blakely,,
D3163,L.E. Henry 🐾🐈‍⬛🐕,,
D3164,Tim Archer,,
D3165,MAGA-LODON,,
D3166,Derly ivan Salazar pezzoni,,
D3167,TexRoss,,
D3168,Sopotocientas News,,
D3169,Damian Ranger,,
D3170,Viva Frei,,
D3171,Cayce Passmore,,
D3172,Sulu,,
D3173,LenoT,,
D3174,The American Dream,,
D3175,the hot dam historian🌺,,
D3176,Beverley Neadley,,
D3177,BRIAN CHARLES,,
D3178,rich moore,,
D3179,Psalm23. 🎗🇮🇱 #AmYisraelChai 🇮🇱 🙏🇮🇱 🇮🇱,,
D3180,edna wilkinson,,
D3181,Suri Crowe 🎙️Thank You Joe Biden,,
D3182,Autos Pueblo,,
D3183,Kraut Daddy,,
D3184,Chris Castiglioni,,
D3185,Heathcliffsgirl,,
D3186,The Duke of Early,,
D3187,Karma1950,,
D3188,wade pearson,,
D3189,Rod Edwards,,
D3190,#ProudXenophobe,,
D3191,Seeker,,
D3192,die behind the wheel,,
D3193,Donald Brascoe,,
D3194,Laochra Fitheach,,
D3195,Bob4ut,,
D3196,PaulErbach 🟧,,
D3197,funinthesun,,
D3198,It's a Freak Country™,,
D3199,Eli White,,
D3200,William L.,,
D3201,Pete Chopps,,
D3202,Rachel the Lionheart🦁❤️🐈🐩🍊,,
D3203,Carl Sandburger-time,,
D3204,pablo hernandez,,
D3205,Lise Seguin,,
D3206,Curly toe coolio,,
D3207,𝔅𝔯𝔲𝔠𝔢 𝔄𝔩𝔭𝔦𝔫𝔢,,
D3208,Joe Biden (parody) Who has the bathroom key?,,
D3209,Jimbo Popowich,,
D3210,Chest Rockwell,,
D3211,S8,,
D3212,Jim Hanna,,
D3213,johnjasonchun,,
D3214,Linda,,
D3215,thx1138 ( sᴉɥʇ ),,
D3216,Jamiedoulos,,
D3217,Courtney Hyde,,
D3218,mRecouvrer,,
D3219,@ysp,,
D3220,MAGA is coming BACK #2024,,
D3221,Judith Bouvier,,
D3222,Mr. Les Govment,,
D3223,Angela Sara,,
D3224,Ken Michaels 🇺🇸 🇺🇦 Slava Ukraini. Free Iran.,,
D3225,scott jordan 🇺🇲,,
D3226,John C Newman,,
D3227,"ray. louis, mendoza",,
D3228,Robert Lynch,,
D3229,Steven Jewell,,
D3230,TJ,,
D3231,John Murray,,
D3232,What 'n Tarnation 🤠🚂,,
D3233,Inmanity,,
D3234,Peter Boros,,
D3235,Romojo 🇺🇸,,
D3236,Darci Biason,,
D3237,MagaSwagg,,
D3238,MD Mac,,
D3239,noppadon dattepe,,
D3240,nancy bowen,,
D3241,M.Mohsin,,
D3242,Konservative Kim,,
D3243,Saninicus,,
D3244,pawtwenty,,
D3245,Alana Mastrangelo,,
D3246,DuneRat,,
D3247,Tgremms,,
D3248,"Thomas O'Connor '62 baby, #GodBlessAmerica 🇺🇲",,
D3249,Fernando Amandi Sr.🌐,,
D3250,MAGA-CessPool 🇺🇸,,
D3251,George 🇺🇸 Lavoie,,
D3252,Anthony Paccione,,
D3253,Billy Democracy,,
D3254,Leanne,,
D3255,. . 🇺🇸 𝓙. 𝓜𝓪𝓻𝓽𝓲𝓷 🇺🇸 . .,,
D3256,xxXX_1984JoeBidenGeorgeSorosChuckSchumer_1984_XXxx,,
D3257,PJ,,
D3258,Jacquie Peterson,,
D3259,Veronica Sixsmith | SEND MY TAX MONEY TO UKRAINE,,
D3260,Moon Pie,,
D3261,Kyle Connery,,
D3262,EFJ,,
D3263,Nikki 🎀,,
D3264,Richard Lennon,,
D3265,Diplomatic Talk,,
D3266,Harpazo,,
D3267,I Voted For This 🇺🇸,,
D3268,Jeff Carlson,,
D3269,Ben Higdon,,
D3270,world_citizen,,
D3271,duffster,,
D3272,Queefette454,,
D3273,Dregus,,
D3274,Existential Philosopher,,
D3275,Julie Roman,,
D3276,Brett Thomas,,
D3277,Megatron0731,,
D3278,Sharon Sarotte,,
D3279,Rex Racer,,
D3280,Throttle_This,,
D3281,Theresa Beeman,,
D3282,The Libertarian Trap,,
D3283,Bubba,,
D3284,ℂ𝕙𝕣𝕚𝕤𝕥𝕠𝕡𝕙𝕖𝕣 𝕋𝕪𝕝𝕖𝕣,,
D3285,VNM-252,,
D3286,Robert Streiff,,
D3287,RLC,,
D3288,eastcoastal,,
D3289,David Alan,,
D3290,Paul Ya'all,,
D3291,Husky the Harry,,
D3292,AllAboard,,
D3293,Edwardo Sanchez,,
D3294,King bob,,
D3295,John Oregon Deplorican,,
D3296,Texas Patriot,,
D3297,Darcy Xie,,
D3298,Nicole Stewart,,
D3299,@david cagle66!!,,
D3300,R J,,
D3301,StefStillHere and Bluesky(PARODY)🍿🌊🏴‍☠️✍🏻,,
D3302,Alex Avery,,
D3303,Linda S,,
D3304,Lola for Trump ❤,,
D3305,Erin Richter,,
D3306,Patrick,,
D3307,Greymane,,
D3308,Jeffery ☘️ 🇮🇪 🇺🇸🇺🇦,,
D3309,Deb1234,,
D3310,Lucille Heil,,
D3311,Xeanakis Carter,,
D3312,Eric Ausmus,,
D3313,CremasterOfFineArt,,
D3314,Kadee 🫶🇺🇲,,
D3315,lovndaddy,,
D3316,Doc,,
D3317,LOA Talk Radio,,
D3318,Dread Pirate Roberts,,
D3319,John Farmer,,
D3320,Henry,,
D3321,IamSparticas,,
D3322,diane scott,,
D3323,Dwight Mason,,
D3324,RDW_Jr,,
D3325,LESIL5S1,,
D3326,Deinocrates,,
D3327,Biden the bozo 🤡,,
D3328,Daniel Romero,,
D3329,Fake Joe Biden,,
D3330,Ray Wang,,
D3331,Radioman,,
D3332,LIBSLAYER91,,
D3333,Left Right ✝️,,
D3334,annah gail amanda petifrere,,
D3335,Liekitisn’t,,
D3336,Jeanne Haston,,
D3337,NanLee Marie Carissimi,,
D3338,tyme,,
D3339,Christian Nationalist 🇺🇸,,
D3340,Andy Olson,,
D3341,Peter Palumbo,,
D3342,Zekey's Mom,,
D3343,Tom Jarman,,
D3344,Flipper,,
D3345,TL Rttn,,
D3346,Sam 🇮🇶🇺🇲,,
D3347,🇺🇸FBA is public enemy NO 1,,
D3348,Crypto HODL,,
D3349,Paula Hartman,,
D3350,Airborne Veteran,,
D3351,vitalyk.eth,,
D3352,Matt Storey,,
D3353,The Atheist Trucker,,
D3354,Black Barack Obama II 🦋,,
D3355,Xi Bridget Maquisard,,
D3356,Brenda Oravec,,
D3357,RICKIE ADEY⚖️ 🟧STOP TRUMP-RESIST PROJECT2025,,
D3358,Florida GOP,,
D3359,Raquel Solis,,
D3360,Mitch-O Tolestar,,
D3361,Tim,,
D3362,Sui.Generis,,
D3363,MysticDaedra,,
D3364,Daniel Rash,,
D3365,stephen parker,,
D3366,Renee,,
D3367,Tim Mullen,,
D3368,J. Rogers,,
D3369,Sir Damon Eric,,
D3370,Karen Bearss,,
D3371,Danny McClure,,
D3372,Lucille Holt,,
D3373,shadow43,,
D3374,2WAY,,
D3375,Dimmie Diamond’s,,
D3376,Richard Thrusting 🇺🇸,,
D3377,Brandi,,
D3378,TknbyWind,,
D3379,bluesintheblood,,
D3380,Ketty Chacon,,
D3381,Chaim Falkowitz,,
D3382,Mecca,,
D3383,JET,,
D3384,Gloria Keesey,,
D3385,Jeffrey Levin 🇺🇦,,
D3386,PoliticalWarrior,,
D3387,Just Jan,,
D3388,NerdsofSteel,,
D3389,Trump2024There'sNoOtherChoice ✝️🇺🇸🇺🇸🇺🇸🇺🇸,,
D3390,M.K.X.X.,,
D3391,Cameron🍉🕊️,,
D3392,🗽Unbreakable🇺🇲,,
D3393,John Gilbertson,,
D3394,Luna,,
D3395,Art Mann Studios,,
D3396,Ando,,
D3397,Elías Peralta,,
D3398,DOGE-Breath,,
D3399,angie williams,,
D3400,Brian Majka,,
D3401,Debra Brunsberg,,
D3402,mike millman,,
D3403,Cindy Luce,,
D3404,Elfie13,,
D3405,BR5-49,,
D3406,Raquel,,
D3407,GodFrey H. Maximus,,
D3408,Ruthless Truth,,
D3409,Brittany Rae,,
D3410,Annie Bonney,,
D3411,Donald Ingram,,
D3412,Dorothy Scheler nee Heinkle,,
D3413,Tie Swindell,,
D3414,SenSei Roshi,,
D3415,Ernie barbell,,
D3416,$8 Bartemy,,
D3417,Falandra,,
D3418,David Coyote,,
D3419,Graham Howard,,
D3420,Bill Cassinelli,,
D3421,Lauri Kean,,
D3422,The Conservative Read,,
D3423,Goober Biden,,
D3424,Prof. Mewtruth (Alphagetties),,
D3425,trex,,
D3426,AP 🏳️‍🌈,,
D3427,Acchile Biagioli,,
D3428,Tom W.,,
D3429,Friend of Truth,,
D3430,GunTreasure,,
D3431,Ben Aksar (My Pronouns? I Trust You),,
D3432,Puppy Love,,
D3433,WMA Runner,,
D3434,staci streich,,
D3435,Selene,,
D3436,Common Sense in MI,,
D3437,Tim Mahan,,
D3438,Anthony T Ward,,
D3439,NYANA NAMARA RITAH,,
D3440,standing with Joe Biden,,
D3441,Beverly Wendling,,
D3442,Lar,,
D3443,We The People,,
D3444,Matt Buford,,
D3445,PoliticBanker87,,
D3446,Middle East Eye,,
D3447,Edna loves America,,
D3448,Scott Romero,,
D3449,chuck schutrick,,
D3450,Pepperidge Farmer,,
D3451,desert.rat,,
D3452,gr126929,,
D3453,Rip Wheeler,,
D3454,Righteous Rover,,
D3455,"McNeece, Lucy",,
D3456,Terrie Lake,,
D3457,SearchForNeonsShadow,,
D3458,Laetitia Moreau-Gabarain MS MBA,,
D3459,whits,,
D3460,Todd Kupferer,,
D3461,American,,
D3462,AugustaWeaverJohnson 🧡,,
D3463,Shai Franklin,,
D3464,Gasser,,
D3465,DEMEXIT_HARD,,
D3466,JordanRN,,
D3467,👈🏾 ™ᙠ uɐqnƆ ˙˙˙ssǝ⅄ 👈🏾,,
D3468,VOTERIGHT,,
D3469,Chuck Rittiman,,
D3470,Official Leftist Translator. - AKA Tony,,
D3471,Voice of justice,,
D3472,jusancgal46,,
D3473,Dr. Thomas Moore,,
D3474,Sean Fitzgerald (Actual Justice Warrior),,
D3475,AdImpact Politics,,
D3476,Low,,
D3477,Dr Manhattva,,
D3478,Frid,,
D3479,Uncle Chewy,,
D3480,DEEP STATE DOUG 🇺🇸,,
D3481,"""Being an Empath is like seeing with the Soul"".🌹",,
D3482,Elle Martin,,
D3483,God Virus,,
D3484,VIVEKANAND TRIPATHI,,
D3485,Left I on the News 🇨🇺🏳️‍⚧️,,
D3486,Big Slick Energy,,
D3487,Naomi Baker,,
D3488,Jackson Lahmeyer,,
D3489,fitty bitty,,
D3490,Carl Machado,,
D3491,Upstate Gator,,
D3492,ruru,,
D3493,GateKeeper,,
D3494,Whitney Houston We Have a Problem,,
D3495,Juan Hernandez,,
D3496,FAIR LAUNCH 🟧💯🚀🌖,,
D3497,Joe Biden's Ice Cream Cone,,
D3498,Bob,,
D3499,John Carr,,
D3500,libertad,,
D3501,Steve Kerekes,,
D3502,Rodger Engebrethson,,
D3503,Sandra H Johnson aka SwampMops,,
D3504,IM HIM NOT THEM!!,,
D3505,emankinon,,
D3506,Crowenation4547,,
D3507,Anttics For sale,,
D3508,Danny Crane,,
D3509,sylvia miller,,
D3510,Upwardbound,,
D3511,Nana,,
D3512,Sojointhetruth,,
D3513,Geo Brimm,,
D3514,Your other Grandma loves you as you are!,,
D3515,𝕏SportsHawk,,
D3516,Nicolas Strawberry,,
D3517,Nonce,,
D3518,🌊WaveRider 🏄‍♂️,,
D3519,Democrats Ruin America,,
D3520,Sean 79,,
D3521,William McKinley,,
D3522,Nancy Mote,,
D3523,@Had-to-ask,,
D3524,❌SuperMan45UNfilteredAF❌,,
D3525,Hunter Biden Dem 📟 🔻🪂🎗🍉🍌,,
D3526,Gloria-Gbaby,,
D3527,Mitchy Mitch and the Funky Bunch,,
D3528,Canada Free Press,,
D3529,I Will Learn The Concertina,,
D3530,Mr Vinotinto🇻🇪,,
D3531,YO TAMPOCO LOS VOTÉ,,
D3532,TOP X News,,
D3533,oscar suarez,,
D3534,David P. Goldman,,
D3535,Bulldogs4VivekOhio,,
D3536,MPlatt,,
D3537,Triplets,,
D3538,Pam Fogelman,,
D3539,Bones 🇺🇸,,
D3540,frank579,,
D3541,giselle,,
D3542,Lori Barker,,
D3543,XMINDHIVE,,
D3544,Jim,,
D3545,Blurredvison,,
D3546,freeme0215,,
D3547,John Fox,,
D3548,Mark Alan Crook,,
D3549,thtadthtshldntb,,
D3550,Kelly deVries,,
D3551,Erik Johnsen,,
D3552,mamewhit,,
D3553,PorkFryedRice,,
D3554,WackieZomBEE,,
D3555,SamJ❤️🇺🇸💙,,
D3556,TGF-The Greatest Freedom,,
D3557,Chip for Trump 🇺🇸,,
D3558,Rancher For USA,,
D3559,Gandalf the White,,
D3560,Elizabeth Spann,,
D3561,🏳️‍🌈 Fo_Buddy_Falcon 🇺🇦🌻🇺🇳🚨🌎🌏🌍🌳🌱✊🏻,,
D3562,Nancy Cooper Wavra,,
D3563,Richard Marsh,,
D3564,West Ham Away Days,,
D3565,Parlay Stooge,,
D3566,TJM17,,
D3567,bennie snakeyes,,
D3568,cja,,
D3569,Mynameis...Miro,,
D3570,Lynne A Shapiro,,
D3571,Edwin EPP🇨🇦,,
D3572,Gidget Kyer,,
D3573,Eric Daugherty,,
D3574,Jonah Peanut,,
D3575,MsDesign,,
D3576,Carmen Rae,,
D3577,da_collection305,,
D3578,Chromzie,,
D3579,stayinright,,
D3580,Old Gringa,,
D3581,Sage Maiers,,
D3582,Lisa Jones,,
D3583,Donald E. Fehling Jr.,,
D3584,Rod Delph,,
D3585,kev arellano,,
D3586,TheMollyDuker,,
D3587,Big Buddy,,
D3588,Villager,,
D3589,Tom,,
D3590,Proud Elephant 🇺🇸🦅,,
D3591,Cardoc,,
D3592,'My World' ➖️Redacted,,
D3593,ChoctawFella🇺🇸🗽⚖️,,
D3594,Dogmom. WeThePeople LOVE PRESIDENT TRUMP#47,,
D3595,David Bosen,,
D3596,T E,,
D3597,Timothy D. Naegele,,
D3598,Mark Lark,,
D3599,mdlafleur,,
D3600,kotabay,,
D3601,NOfP-X,,
D3602,Duce McGruder,,
D3603,Craig McLaughlin,,
D3604,Finley,,
D3605,robyn sainsbury,,
D3606,andreaaaa,,
D3607,🇺🇸Woke Patriotic Cats 🇺🇦🟧💙vote=power🦅,,
D3608,william han,,
D3609,YoudontseeVic ( unemployment arc ),,
D3610,Carol,,
D3611,Rick Rascati,,
D3612,Joseph Le Taxi ( injections : 254)..,,
D3613,MADBAL,,
D3614,Four,,
D3615,Sally,,
D3616,DramaAlert,,
D3617,Piquerish,,
D3618,Samie,,
D3619,MontgomeryTN,,
D3620,Green LoadStar 1700,,
D3621,DH Green,,
D3622,"Kenneth Martin, D.Sc.",,
D3623,NotMyResident,,
D3624,BlueRadio,,
D3625,Elsie Hickman,,
D3626,Amen Oneill,,
D3627,LouisianaMimi55,,
D3628,Sam Houston,,
D3629,Aaron Hensley,,
D3630,Rocksolid,,
D3631,Panican Emeritus,,
D3632,You Should've Said Nicer Things About Joe Biden,,
D3633,Sue Pen,,
D3634,June 🙏✝️📿❤️🔥,,
D3635,Patrick Besong,,
D3636,Rain,,
D3637,💐Maggie💋,,
D3638,Simon Joseph Kalinga,,
D3639,Madame President Stan Account,,
D3640,Brent,,
D3641,The Vanilla Gorilla 👉🏻🖕🏻👈🏻 🇺🇸🏴‍☠️,,
D3642,kevony,,
D3643,JR Majewski,,
D3644,American Made 🇺🇸,,
D3645,Jeffrey Boudreau,,
D3646,Aman,,
D3647,S A L T Y 🦁 🐅 🇺🇸,,
D3648,CTinCA22,,
D3649,DV,,
D3650,Zaroda,,
D3651,Nonya,,
D3652,Maria 🥰🥰🥰,,
D3653,Luis,,
D3654,James is a brokedick,,
D3655,cbor,,
D3656,Frederick Zimmerman,,
D3657,Tamela,,
D3658,Captain Credible,,
D3659,Unacceptable Nuck,,
D3660,TSG,,
D3661,Justin Deguire,,
D3662,well-Red librarian 😷🔻,,
D3663,Kanak,,
D3664,Stuck in New Jersey,,
D3665,Baldy Baldy,,
D3666,Vampira Von Sack,,
D3667,david skelton,,
D3668,CBlanche Bethea,,
D3669,pedomosockpuppet,,
D3670,D-Blizzle,,
D3671,Apache06,,
D3672,Judson Mitchell,,
D3673,Mark E Hayes,,
D3674,DonnaLynn,,
D3675,Austin Riley,,
D3676,Manny DeBarros,,
D3677,DD Geopolitics,,
D3678,❤Red❤,,
D3679,PClaflin,,
D3680,The Nicest Boy on this Website and App,,
D3681,Titanium Chic,,
D3682,Clarabella,,
D3683,"Ari H. Mendelson ""Premier Psychic of Our Day""",,
D3684,🇺🇸 GOP For 🇺🇦 - Терпелюк,,
D3685,"Linda Wasson, G.E.D., B.S., M.F.A.🌻🇺🇦🌻🇵🇸🙏☮️",,
D3686,ᵃᵈᵃᵐ,,
D3687,EnderInciarteFan,,
D3688,Edward Marek,,
D3689,Jeff Nelson,,
D3690,Carol Daly,,
D3691,Born True Blue - Pro Democracy,,
D3692,Harry,,
D3693,Kathleen Garner,,
D3694,Monkeydjoe29,,
D3695,JGreene,,
D3696,angel kashfian,,
D3697,Rob Coates 🇺🇸,,
D3698,All I Do Is Lose,,
D3699,Speak No Evil,,
D3700,Nancy Drew,,
D3701,Common Sense Lady,,
D3702,CONSERVATIVE🍊🍎,,
D3703,Gary  Buckley™,,
D3704,Concerned Patriot,,
D3705,Chad the Barbarian,,
D3706,Brett Tiller,,
D3707,RG | Moldy_Gecko,,
D3708,USA4EVER,,
D3709,"Brian K Stine, MSISA, MBA",,
D3710,Pro America 1,,
D3711,Damnocracy,,
D3712,Barbara H. Sahlstrom,,
D3713,Brian MacKevin,,
D3714,PHOENIXufoLIGHTS,,
D3715,Gᴇᴏʀɢᴇs Jᴀᴋᴇ Bᴇɴᴛᴢ ✝️☪️‼️❌,,
D3716,Ed,,
D3717,just call me Bill,,
D3718,The Real Deal,,
D3719,Casey Spruill,,
D3720,The Silly You,,
D3721,TheMazingerZ,,
D3722,Nancy Downard,,
D3723,Beaver Girl,,
D3724,C1-10P,,
D3725,Double L,,
D3726,MAGA-PALE,,
D3727,Happy Kykendahl,,
D3728,Hathaway,,
D3729,Sandy Concord RN,,
D3730,"Manny, Moe & JackisOff",,
D3731,Phil,,
D3732,RS,,
D3733,Chuck Ardezzone,,
D3734,Jerry Watkins,,
D3735,John Delphy Tsunami🐬,,
D3736,i11umin8ed,,
D3737,Ray Buenteo,,
D3738,ItsJustMe,,
D3739,SouthernnMann,,
D3740,B Inspired by Cindy,,
D3741,Barbi 🐯💜💛⚜️,,
D3742,Israel News Pulse,,
D3743,无忧宫匿名用户,,
D3744,Jeff Bacheler,,
D3745,Diane Thomas,,
D3746,Joyce Brittle,,
D3747,Abed A. Ayoub,,
D3748,Bort,,
D3749,Mark Elliot,,
D3750,neo,,
D3751,Tom Souther,,
D3752,Brad Smith,,
D3753,Diane Edwards,,
D3754,Reggie Bombadillo,,
D3755,FranklyOnTheRight🇺🇸,,
D3756,Rudyc1954,,
D3757,Corbin Williams,,
D3758,vaporwaver,,
D3759,BasementDweller🤓,,
D3760,Joan,,
D3761,Bad Cat,,
D3762,Bostonsalesguy,,
D3763,David Kudransky,,
D3764,OldGoldminer🇺🇸,,
D3765,Lisa Blackerby Wells,,
D3766,Dump Trump…& Banish Muslims.,,
D3767,John Bailey,,
D3768,George Wade,,
D3769,Been There,,
D3770,KatsyTheremin,,
D3771,Richard Coyne,,
D3772,WhiskeySilverball,,
D3773,thesecondellen,,
D3774,Tired,,
D3775,NightmareNM,,
D3776,American Bonhoeffer 🔥🗡️,,
D3777,Sharemymind,,
D3778,Lisa Mikels,,
D3779,Texas Justice,,
D3780,Kniff,,
D3781,Maria Consolo,,
D3782,DawgsFan7,,
D3783,ERoz,,
D3784,Claude W,,
D3785,sam eisele,,
D3786,I'm just Saying,,
D3787,@Chairman_Will,,
D3788,Lao_Tzu,,
D3789,Brett From L.A.,,
D3790,Jay Atkinson,,
D3791,MN,,
D3792,This Guy,,
D3793,Nihal Bengisu Karaca,,
D3794,Sunny Hills,,
D3795,Patrick Moriarty,,
D3796,Lizette mongan,,
D3797,average6780,,
D3798,Amanda,,
D3799,Maverick,,
D3800,Chuck Finley ✝️🇺🇸,,
D3801,SH,,
D3802,_Fara_Day_,,
D3803,{#},,
D3804,Donna Leist,,
D3805,🧚🏽‍♀️Julz🧚🏽,,
D3806,FoxxyBooks has Big balls,,
D3807,Son of a Gun,,
D3808,Bereki,,
D3809,Llopart,,
D3810,Dr. Magic Panda,,
D3811,Fernando Munoz Bernal,,
D3812,Synchroid,,
D3813,⚜Harley Robertson🇺🇸,,
D3814,Charles Maglone 🟦,,
D3815,Rodger Fisher,,
D3816,Art,,
D3817,House of Life University,,
D3818,losphorwords,,
D3819,Benjamin Smith,,
D3820,Grassroots,,
D3821,Jordan,,
D3822,Guy Sanders,,
D3823,coolhandluke,,
D3824,Paul Farnon,,
D3825,🇺🇸🐩 Sophie ♥️🐩🐕🐾🇺🇸,,
D3826,R V,,
D3827,Francesco,,
D3828,Carolyn Schaedel,,
D3829,Commantha B,,
D3830,Mark Villano,,
D3831,Li-B,,
D3832,Tigersrule,,
D3833,TC,,
D3834,katie spurlock,,
D3835,🇺🇲 𝕏 DEFUND NPR 𝕏 🇺🇲,,
D3836,Charlie Rivers,,
D3837,Iblis,,
D3838,𝟚/𝟚𝟡 𝕕𝕒 𝕡𝕣𝕖𝕥𝕥𝕚𝕖𝕤𝕥,,
D3839,Jeffrey Tipton,,
D3840,sara white,,
D3841,Angela,,
D3842,DLW 🔥#MAGA,,
D3843,Ape,,
D3844,Cool Poppa Skol,,
D3845,Frostyduo,,
D3846,Florida Gators For Trump,,
D3847,reuben poupko,,
D3848,MassachusettsMike,,
D3849,Rad,,
D3850,Bunny hop,,
D3851,🇺🇸Nocturnal Roman💎☎︎🇺🇸,,
D3852,Marsgirl,,
D3853,Thomas the Twin,,
D3854,Budgeting For the Rest of Us,,
D3855,Crypto4fun2,,
D3856,Penny Lea,,
D3857,Chadwick 🇺🇸,,
D3858,Army Mom Strong,,
D3859,JakeB,,
D3860,Billy Thon,,
D3861,Arman Nikzad,,
D3862,Syn City Investor #MAGA,,
D3863,Chris Hauer,,
D3864,Lady of the Lake Magadonia,,
D3865,Juanita maría :),,
D3866,noone,,
D3867,Kansan,,
D3868,Debbie Schlussel חי-ה דבורה שליסל,,
D3869,jwilliamskind,,
D3870,Jose N.,,
D3871,Bobby Silver,,
D3872,Biden'smissingbrain,,
D3873,Frank M Noto,,
D3874,Trump for ADX Florence 2024!!! 🔥🌊🌈⭐️🌞,,
D3875,CCat,,
D3876,Finance Lady,,
D3877,Tom Jeffferson,,
D3878,Leftist can’t handle the truth,,
D3879,10 million Biden voters stayed home WTF,,
D3880,Kurt H - I Stand With President Biden,,
D3881,Jeff Lormans,,
D3882,marg mart,,
D3883,Philip Rose,,
D3884,"OutKast, Ed.",,
D3885,rb,,
D3886,Blango Ross Jr,,
D3887,MrsBootsBoots,,
D3888,Al Fox,,
D3889,Is faust in today's dual rulers episode?,,
D3890,OldmanLogan2012,,
D3891,The Fact of Other Minds Stan Acct,,
D3892,The Reckoning 💥,,
D3893,Aunt,,
D3894,Jesse Sisson,,
D3895,scampy coco,,
D3896,Natalie Ross,,
D3897,Warming Greens,,
D3898,Ultra 🇺🇲🄼🄸🄲🄷🄰🄴🄻🇺🇸,,
D3899,Extreme 🦄,,
D3900,Sammy,,
D3901,Eduardo Rodrigues 🇺🇸🇺🇸,,
D3902,EveStar,,
D3903,lia,,
D3904,GabNav,,
D3905,Ho-stradamus,,
D3906,Lisa Clovning,,
D3907,𝕷𝕰𝕲𝕴𝕺́𝕹 ☢️☣️,,
D3908,Whips_and_boots,,
D3909,Project Constitution,,
D3910,Plazmic Flame,,
D3911,Wayne Steinlein,,
D3912,TAM,,
D3913,Patrick Boyer,,
D3914,Halliwell,,
D3915,A⃣ n⃣ d⃣ y⃣,,
D3916,John W,,
D3917,Stella Ford,,
D3918,jii boo,,
D3919,Catherine Way,,
D3920,DonC,,
D3921,MKOC Garrison,,
D3922,David Etter,,
D3923,pak26,,
D3924,TurnerB_83,,
D3925,Prothean,,
D3926,Sande Freundlieb,,
D3927,Golf of 🇺🇸,,
D3928,HaveBlue77,,
D3929,Patrick Riot,,
D3930,Randomdude27 🇺🇸🇮🇱,,
D3931,TruthSpear,,
D3932,(insert name here),,
D3933,altheguy,,
D3934,Upstate Communications,,
D3935,Bill Villayne,,
D3936,journalismisdead,,
D3937,Inthefight,,
D3938,R2DHue 🔴  𝕏,,
D3939,MB SFLYT,,
D3940,Dotty,,
D3941,Don Johnson,,
D3942,Dudon Sylvie,,
D3943,Stale Crumbs,,
D3944,Viteye,,
D3945,🖕🏼,,
D3946,KittyKat,,
D3947,Realist American,,
D3948,FuzzInvasion,,
D3949,"Game Over03 ( missing you, loving you)",,
D3950,James English,,
D3951,RockyTopApologist,,
D3952,DragiV,,
D3953,Pog,,
D3954,Sarah Stone,,
D3955,Brigette Jones,,
D3956,walden,,
D3957,Heidi,,
D3958,Zan Eskelson,,
D3959,Elrond Swanson,,
D3960,BlacKanSeyKo,,
D3961,OldGrayBiker,,
D3962,olelady,,
D3963,Phyllis Arrowsmith,,
D3964,Ronald Wieck,,
D3965,Annie F.,,
D3966,Cheryl McCracken,,
D3967,Unite CT/MCTGA (Make CT Great Again),,
D3968,@jeffreycain.bsky.social,,
D3969,Michael A. Abbott,,
D3970,Jonathan Adamany,,
D3971,rrrotatori,,
D3972,Canine Collector 🇺🇸🇺🇸🇺🇸,,
D3973,Arnold Francis,,
D3974,Bellestarr1984,,
D3975,flipjackhapablap,,
D3976,Belinda,,
D3977,Joplin,,
D3978,bri🦇,,
D3979,Jan Jan🇺🇸,,
D3980,Kgwgk,,
D3981,Danny2020,,
D3982,Ray Raczkowski,,
D3983,Redven Eyes,,
D3984,LambruscoLush,,
D3985,Bob Andersen,,
D3986,DMul,,
D3987,Cole (Hedy Lamarr),,
D3988,Caligula’s Ghost,,
D3989,Valerie Manis,,
D3990,Jennie Tidwell,,
D3991,Wiliam Scorpio,,
D3992,badams1776,,
D3993,EMAN,,
D3994,Coral,,
D3995,Mad man,,
D3996,"SciFi ""Vote for Sanity. Vote Sherrod!""🇺🇦",,
D3997,W Campos,,
D3998,Lets-go-brandon,,
D3999,Charlie Goldstein,,
D4000,Home School Mom,,
D4001,Mary Benavidez,,
D4002,Ozzy,,
D4003,Julian Duron,,
D4004,NUNYA BUSINESS,,
D4005,SilenceDoGood,,
D4006,Shihoomusbobayd,,
D4007,NWRain-Judi,,
D4008,Nancy,,
D4009,"One race, infinite shades.",,
D4010,twistedmetal,,
D4011,Lucy,,
D4012,Jernzburg McJacobs,,
D4013,Pato Mas Nem Tanto!,,
D4014,Sauron’s Private Attorney,,
D4015,Elies Tapia,,
D4016,gjbern💙💙🐈😹,,
D4017,Drivewayhawk,,
D4018,Pike Maynter,,
D4019,The Patriot Oasis™,,
D4020,Susan Givens,,
D4021,Earthling Rap Ⓥ,,
D4022,Rod.,,
D4023,fable fable,,
D4024,Brenda Kay Piper,,
D4025,Resistance Chicks,,
D4026,Jonkinel,,
D4027,Chill*Out,,
D4028,Kihn,,
D4029,EdFredandRudy,,
D4030,James Cole,,
D4031,Andrew Hoss,,
D4032,Stoner Biden,,
D4033,Bruce Campo,,
D4034,New Sherif in Town.,,
D4035,ABC News Live,,
D4036,Steve Belmonte,,
D4037,Frank Peter Oliver,,
D4038,WiseAle2,,
D4039,Like a Maeve 🏳️‍⚧️,,
D4040,Dina Kim,,
D4041,wayne,,
D4042,Hagen Joachim Holtz,,
D4043,Be the freedom voice of the people of Iran,,
D4044,tarheel#5,,
D4045,Hello Cheeseland,,
D4046,Bicenntenial Baby,,
D4047,Alex Perez,,
D4048,Mountain Girl 🇺🇸,,
D4049,AP,,
D4050,Cliff Vincent,,
D4051,Rod,,
D4052,Nacho Momma 🇺🇸🇺🇸,,
D4053,Geoff Bent,,
D4054,Joseph,,
D4055,AmericanWoman🇺🇸,,
D4056,Kelkat,,
D4057,ExPaki,,
D4058,QABDJ🇽,,
D4059,Green Wassup,,
D4060,Devil Coug,,
D4061,TBOF,,
D4062,Adam,,
D4063,Linda k Harriso,,
D4064,Ali Alkhatib,,
D4065,Calvin Salyer,,
D4066,Cascade Bear,,
D4067,Reality Slap,,
D4068,It's Just Numbers,,
D4069,B3Percenter,,
D4070,Helen Marie Hargrave,,
D4071,Ernest Vega,,
D4072,America First,,
D4073,"Arpit Davé, M.D. 🇺🇸",,
D4074,IZNTREAL,,
D4075,Capt. Smiley,,
D4076,Eeryk McRae,,
D4077,Mr. Olson ✊🏻✊🏽✊🏾,,
D4078,EdBernard12,,
D4079,Phool88,,
D4080,Pilonidal Sith,,
D4081,Manuel Camacho,,
D4082,notamarxist 🎗️,,
D4083,Llamald Trump,,
D4084,KnightNocturnal,,
D4085,Biden - The Treasonous Bribe Taker,,
D4086,WILLIAM ABBOTT ,,
D4087,As_seen-on-tv,,
D4088,RomeoDoggyDog,,
D4089,Red in Texas,,
D4090,Mikołaj,,
D4091,Dawn Michele🇺🇲❤️🇮🇱,,
D4092,Roy,,
D4093,ULFHERON,,
D4094,USA,,
D4095,Aaron Darden,,
D4096,Yali Elkin,,
D4097,Bob Carter,,
D4098,gopher88,,
D4099,Don Pasha,,
D4100,“₳” Bitco XBT ॐ,,
D4101,Persian Archaeologist 🇺🇸Proud American-Mexican,,
D4102,Lars Hanon,,
D4103,EarthWrite,,
D4104,American Crusader ⚔️🇺🇸,,
D4105,DonaldB30359635,,
D4106,Caseywit33,,
D4107,Joe Mac,,
D4108,Hunter Biden’s Butthole,,
D4109,Steve C,,
D4110,AZ4G,,
D4111,❌ Proud to b an American ❌,,
D4112,Alec💯,,
D4113,Air Crew,,
D4114,Louie,,
D4115,Jean Therapy,,
D4116,Peter Rondash,,
D4117,V,,
D4118,just my opinionAmerica is a BananaRepublic,,
D4119,Stop Socialist Tyranny,,
D4120,Rafaela,,
D4121,👽Full stack - Golang .Tsx,,
D4122,Verginius - post de Decem vermes,,
D4123,Ma'at,,
D4124,Galo de Kalsa do Pix,,
D4125,JMmotown,,
D4126,fity.eth,,
D4127,Bernard Joyce,,
D4128,MkeMom,,
D4129,ChaosDaddy,,
D4130,Anderson 🔴⚫,,
D4131,poppers,,
D4132,Full steam ahead,,
D4133,Sean,,
D4134,Elizabeth Valenzuela,,
D4135,Mike Stodghill,,
D4136,Alan Covington,,
D4137,président daugtherjoe@biden,,
D4138,Paul Moog,,
D4139,Jim Thatcher,,
D4140,Only True Catholicism Saves,,
D4141,JediPeaceFrog™️,,
D4142,Celeste Warr,,
D4143,Kocovich Insights,,
D4144,Marge Massey,,
D4145,CryptoBlueCollar,,
D4146,Richard Hertz,,
D4147,Visual Fidelity,,
D4148,Travis Knoll,,
D4149,Lisa Dennis,,
D4150,PD1,,
D4151,Sherwin Amiran,,
D4152,MichaelFox,,
D4153,Franek.dolas,,
D4154,Sigma-Mama,,
D4155,Rodrigo “Head Honcho of Toronto” Hobbes,,
D4156,Robert Lavelle,,
D4157,Brandon wasn’t president. But President Trump is.,,
D4158,Randy MacDonald,,
D4159,Donald B,,
D4160,Sheila walker,,
D4161,Swede-SixTwo,,
D4162,Rebecca Kiss,,
D4163,Randy,,
D4164,WomanIsBiology 🏁,,
D4165,TweetyBird,,
D4166,Cody Freeman,,
D4167,APSTER,,
D4168,David Seaver,,
D4169,Ccruver,,
D4170,Jean Garvin,,
D4171,The Lorax hates Joe Biden,,
D4172,PalMedia,,
D4173,Samuel Endicott,,
D4174,Patricia Cassidy,,
D4175,June D’Andrea,,
D4176,Tim Hickey,,
D4177,Fresh News ظريف الاديب,,
D4178,Donald Montgomery,,
D4179,Jordiee✨♎️,,
D4180,Dennis Lasko,,
D4181,Scientist,,
D4182,⭕CAVALLER DE BORRELL II 🌟TRANSEÜNT 📡⚔️🌊,,
D4183,Amarkit Limited,,
D4184,JC,,
D4185,CMO2go,,
D4186,LoLNothingMatters,,
D4187,AhDonnelly,,
D4188,🇵🇸🏳️‍🌈Ryder Raccoon🏳️‍🌈🍉 (panda),,
D4189,AlabamaBMC,,
D4190,Mikey Aces,,
D4191,Arshia Homayouni,,
D4192,Leave The Kids Alone,,
D4193,Dan Bryda,,
D4194,Boonedocks,,
D4195,Jackie Daytona,,
D4196,Suedehead,,
D4197,hiphopblingtv,,
D4198,MAGA made me start voting Democratic,,
D4199,GMan (Ґленн) ☘️🇬🇧🇺🇦🇺🇸🇵🇱🇮🇱🍊🌻,,
D4200,Bruce Bartlett,,
D4201,Rogerio Persona,,
D4202,Charles W. Fultz,,
D4203,⭐️The FJC⭐️,,
D4204,Aaron Astor,,
D4205,Eugene Chin,,
D4206,Brenda McCoy,,
D4207,Joe hamrick,,
D4208,Gockomo,,
D4209,Ian,,
D4210,Beijing Biden,,
D4211,Lee J. Rico🙏〽️⛳🎸,,
D4212,Fredric,,
D4213,Admilson Quintino Sales Junior/AQSJR68,,
D4214,Dutch Keselowski 🇳🇱,,
D4215,PatriotGirlMom🇺🇲❤️,,
D4216,🐂,,
D4217,giaso ricci,,
D4218,Andrea Wappler,,
D4219,Iron Mike 🇺🇸 🗽,,
D4220,Butchy,,
D4221,E mc2,,
D4222,MrTennant,,
D4223,To Bree or not to Bree 🇵🇸 🪁🪶,,
D4224,"Cats, the Non-Woke Musical",,
D4225,the people's cutie patootie,,
D4226,jackie,,
D4227,Hobo Spices,,
D4228,Larry W.,,
D4229,TheMetroidPrime,,
D4230,WSD,,
D4231,Driley,,
D4232,🥓Texas Morning Coffee ☕️,,
D4233,Chad Parrish,,
D4234,Michael Maize out,,
D4235,Ozark Obstructionist,,
D4236,Winston Smith,,
D4237,CB,,
D4238,dcb,,
D4239,Jean-Michel Glachant,,
D4240,Mary Liggio Ross 🟣⚪️🟡,,
D4241,Adam Davis,,
D4242,Evan Parsons,,
D4243,Robert Jones USA,,
D4244,Sheralyn Bailey,,
D4245,kev,,
D4246,Ana Ribeiro 💙,,
D4247,🇺🇸𝘔͜𝘰͜𝘮͜𝘮͜𝘢͜ 𝘏͜𝘦͜𝘯͜ 🇺🇸,,
D4248,Vivendas🏳️‍🌈,,
D4249,Unacceptable Disheartened 🍎,,
D4250,mustardo,,
D4251,TuaPhish,,
D4252,The Marine,,
D4253,Doodle Dad,,
D4254,Kim 🇺🇸 🦅 God Bless America,,
D4255,KobeBeans,,
D4256,Liberal Lunacy,,
D4257,Christians for legal Cannabis,,
D4258,Trundi Molisher,,
D4259,Donald Richmond,,
D4260,swirkkirk,,
D4261,Arash Kamangir,,
D4262,Jesh,,
D4263,Boosh McFadden,,
D4264,Alex East,,
D4265,saveamericanfarms,,
D4266,Charlene Tappenden,,
D4267,No Name,,
D4268,Janie Johnson - America is Exceptional,,
D4269,Military Specimen Royal De La New World Rosa,,
D4270,Nicasio Ourion,,
D4271,ElonTrumpRock 🇺🇸,,
D4272,Kitty Biden-Harris Duo 🇺🇸 ⚖️ 👊 🇺🇦,,
D4273,RobertBeecroft2,,
D4274,Martini martine,,
D4275,Brian Kelley,,
D4276,2020 - No Clear Vision🇺🇦,,
D4277,Olgmir,,
D4278,SquirrelsnHawks,,
D4279,lucas,,
D4280,Stankonia Capital #MAGA 🇺🇸,,
D4281,John Ross Ewing,,
D4282,The People for Kamala Harris 🦅 🇺🇸,,
D4283,WASinOV,,
D4284,John Masters,,
D4285,BogusBillJones,,
D4286,Wes,,
D4287,Claes Wahl,,
D4288,16inParadise,,
D4289,🌈Leanne🌵- All in for Kamala! 🌈🌵,,
D4290,JBONTHEROCKS,,
D4291,The real Michael Rantala,,
D4292,J_Nan,,
D4293,IVAN CARRASQUILLO,,
D4294,Clint,,
D4295,Baani 🇺🇸🇺🇸🇺🇸,,
D4296,Kamala Harris/Tim Walz 2024 #KHive 🪷,,
D4297,Horn Man,,
D4298,Totts,,
D4299,bazingapbg,,
D4300,Meta Mato,,
D4301,VaticanAssassin,,
D4302,placekicker,,
D4303,VP Kamala Mamba Harris,,
D4304,Commotus Strix,,
D4305,Daniel Jacobson,,
D4306,New York for Harris-Walz,,
D4307,+,,
D4308,King of Cool 👓 🇺🇸🇮🇱,,
D4309,Weiner Dog,,
D4310,LostInLiberty,,
D4311,AWE629,,
D4312,TooOldtobePC,,
D4313,gil duran is on bluesky,,
D4314,2025-2029 America Renewed,,
D4315,Ivye,,
D4316,Chuck AF ™ 🇺🇸,,
D4317,Kamala Harris Chart Updates,,
D4318,Kamala Harris Stan!! 🐝💛✡️🇮🇱,,
D4319,Kamala Harris,,
D4320,Oakenblunts,,
D4321,ace boogie,,
D4322,Depressed Ginger Is Wrong,,
D4323,Democrats Wanted Trump 2 Win,,
D4324,Beach49r,,
D4325,Joe LaBelle,,
D4326,Ch'at bin'bi,,
D4327,mike @1 maga love trump!!!!,,
D4328,Livid In The Real World,,
D4329,David Jenkins,,
D4330,Failed Border Czar Kamala Harris,,
D4331,Kamala Harris is a Zionist ~,,
D4332,Vincent Tri,,
D4333,bbear1116,,
D4334,Kamala Harris & Trump are Zionists #FreePalestine,,
D4335,Baby Driver,,
D4336,Logan Smith,,
D4337,Elephant-In-The-X,,
D4338,Childless Cat Lady for VP Kamala Harris,,
D4339,Kamala Harris for President,,
D4340,David Barsky,,
D4341,David Reed,,
D4342,misteriojo,,
D4343,"Diana, Queen of Enough",,
D4344,Wiiiiiilmaaaaaa,,
D4345,Chris McKeever 🇺🇸🇮🇱,,
D4346,Drakes obituary……,,
D4347,readthenews22,,
D4348,Jack Anderson,,
D4349,Victor,,
D4350,Sandra Estok,,
D4351,best of kamala harris,,
D4352,Honovi Jones,,
D4353,Mitchell Daniels,,
D4354,Texas Jack,,
D4355,🇺🇸🏳️‍🌈Pauline⚛️🇺🇦💉🌻😷✊🏾#Boilermaker,,
D4356,Not Today Colonizer | #LandBack,,
D4357,s norquist,,
D4358,RedLilac,,
D4359,Helmut Kramer Ángel,,
D4360,Igor V. G,,
D4361,Jabotinsky,,
D4362,jake,,
D4363,Rohit Datt,,
D4364,Stacie loves Kamala Harris,,
D4365,Dr. Toolkit_Smirks_4,,
D4366,Dr. Thomas J. O'Rourke,,
D4367,maria mulambo da kamala harris 🌹,,
D4368,mhdude1,,
D4369,Linda Vose,,
D4370,PhoneyOutrage,,
D4371,Being Libertarian,,
D4372,Rock/Hard Place,,
D4373,👑,,
D4374,edwardhalleran9@gmail.com,,
D4375,DeepState Illuminate,,
D4376,VOTE 🇺🇸 🌊🌊🌊🌊🌊,,
D4377,griffi,,
D4378,Annuityguy30,,
D4379,Heidi Hatch KUTV,,
D4380,Chris Philips,,
D4381,⚔️🛡Paulo OSS🛡⚔️,,
D4382,Charlie T,,
D4383,K.C.,,
D4384,Heathala D Waters 🦜Vote for Kamala Harris!,,
D4385,Fernando Castro,,
D4386,Marxist's for Milton Friedman,,
D4387,Fabio Cunha,,
D4388,Newtown Action Alliance,,
D4389,Elsie Barker,,
D4390,y knot,,
D4391,Vicefeed,,
D4392,Bryan Kauffman,,
D4393,VerasQueSi International,,
D4394,Marc D.,,
D4395,Soapy,,
D4396,Norman McDaniel,,
D4397,Paul A. Szypula 🇺🇸,,
D4398,Curtis,,
D4399,Mare Louis,,
D4400,𝔟ⓞ𝐒т𝓞ｎ≋J™,,
D4401,Carr ***,,
D4402,andrew kotcher,,
D4403,🔥Temporary Solutions💉,,
D4404,Daraleek...,,
D4405,Simon,,
D4406,PutinVeryShortAndBald,,
D4407,Duwan ali,,
D4408,The Epoch Times Español,,
D4409,Reel Lady 🇺🇸,,
D4410,UnapologeticMagaMan,,
D4411,John Benjamin,,
D4412,Rank Badjin,,
D4413,Gus Number 23,,
D4414,Novendra Deje 💮,,
D4415,Aurondarklord-Mordred Appreciator,,
D4416,Eishero🦁🐺,,
D4417,Gray Wolf,,
D4418,Brennan,,
D4419,Ali Dost,,
D4420,Karen Ann Carr,,
D4421,Dudley Dude 🇺🇸,,
D4422,Jazz Hands,,
D4423,Bostonpostnews.org,,
D4424,Captain Howdy,,
D4425,David Veronesi,,
D4426,hellsunicorn,,
D4427,Low_projoe,,
D4428,Kendall Lewis,,
D4429,Bushra,,
D4430,Jake The Jackalope,,
D4431,Texas Border Surfer,,
D4432,Lester McClintock,,
D4433,Prince of Megiddo,,
D4434,Imemewell,,
D4435,himejoshi kamala harris,,
D4436,Warren Rowley,,
D4437,🎯Nick🎯,,
D4438,Patriot_Marine,,
D4439,Lexarraga 🌹🌈,,
D4440,Binturong,,
D4441,Critical Chris,,
D4442,Kamala Harris’ Rhythm,,
D4443,Short King for Kamala Harris ✊🏾,,
D4444,Thieves of DC,,
D4445,Becca Buono,,
D4446,Miguel Salas (Agente Sun - SSM),,
D4447,RodeoGolf,,
D4448,Buffalo,,
D4449,🇺🇸 🇷🇺 🏴‍☠️👁️,,
D4450,William Mesmer,,
D4451,Sue~Silence in the face of evil is itself evil,,
D4452,Volodymyr Soldoutskyy,,
D4453,Outdoors life,,
D4454,Real Kamala Harris,,
D4455,Alicia Phillips,,
D4456,Kamala Harris Stan Account,,
D4457,Connie Brant,,
D4458,I’m with VP Kamala Harris!,,
D4459,Jun Jung Jong ジョン・ヴィキエラErnesto 2.0,,
D4460,Teddy Schleifer,,
D4461,I’m with Kamala Harris!,,
D4462,"Sure,Jan, sure.",,
D4463,Jake8881,,
D4464,Stephen Napier,,
D4465,Phillips,,
D4466,Thomas J,,
D4467,Barry Moy,,
D4468,Unnamed Jane,,
D4469,Alan-in-Bama,,
D4470,An American Voice🇺🇸 🇮🇱 🇺🇦,,
D4471,Steve Sarich,,
D4472,Lioness60,,
D4473,F. Allan Roth,,
D4474,Ozzie Martin,,
D4475,michael shane bohmer,,
D4476,(((Keith Payne))),,
D4477,Brushy Crows,,
D4478,Henry's Cousin (A Promised Land),,
D4479,Georgie Massachusetts🇺🇸🇦🇫❤,,
D4480,Judy Curtin,,
D4481,Andrew Michaelangelo🇺🇸,,
D4482,Gordon,,
D4483,@,,
D4484,Denbo Mad,,
D4485,Memento Mori,,
D4486,Andi🇺🇲🔫,,
D4487,For King and Country,,
D4488,jeffmetcalfe,,
D4489,OnNow,,
D4490,japecake,,
D4491,Thomas Sayre,,
D4492,Bonnelli,,
D4493,Paisans for Kamala,,
D4494,Henry Danico,,
D4495,JEN⚖️,,
D4496,cspurling,,
D4497,M. Arnold,,
D4498,Ministress of UnWomanly Warfare,,
D4499,M Cassinari,,
D4500,Charlie Spiering,,
D4501,eBOA,,
D4502,Midwest Chilango,,
D4503,Kamala Harris #1 fan,,
D4504,Shecky,,
D4505,The Fall Of Rome,,
D4506,🇺🇲T-LANE23🇺🇲,,
D4507,Talesfromthewicked🖕( Parody ),,
D4508,chris m,,
D4509,Fyodor Dostoevsky,,
D4510,Natalie Orenstein,,
D4511,Cassandra Tully,,
D4512,Tuor_ofGondolin,,
D4513,TexasTamie,,
D4514,EloiseTaylor,,
D4515,Ron Ashlaw,,
D4516,David P. 🇺🇸🇮🇱,,
D4517,David Clements,,
D4518,Michael Fariello,,
D4519,Vice President Kamala Harris Archived,,
D4520,Mauricio Pérez,,
D4521,Sam Valk,,
D4522,frickfrackfruck,,
D4523,Mr. Eagle Eyes,,
D4524,MendezFamilyRevolution2024,,
D4525,Paul Franklin,,
D4526,Joseph Pino,,
D4527,❤️MyFreedom,,
D4528,TheCurlyAfro,,
D4529,GR0K3 @ Douglas VX Hoang,,
D4530,Yunchao Wen 💙💛,,
D4531,bitterandstout 🏴󠁧󠁢󠁥󠁮󠁧󠁿,,
D4532,Ewindham3,,
D4533,Carlos Salinas Maldonado,,
D4534,Serg I/O,,
D4535,Jessica Adams XX,,
D4536,Ja Wn,,
D4537,Victor Lane,,
D4538,Simon Boyi Chen,,
D4539,Alice,,
D4540,Rich Kelsey,,
D4541,David. דוד. 大卫,,
D4542,SpinRemover,,
D4543,Rafael,,
D4544,Brutal American,,
D4545,@BrennpunktUA 🇩🇪🇺🇦,,
D4546,@dewtell@sfba.social David E. (Dave) Wallace,,
D4547,Mr.Batman.777,,
D4548,☆ bleek harris ☆,,
D4549,Theresa,,
D4550,Kevin Bray,,
D4551,Anti-Globalist,,
D4552,MisterIan,,
D4553,angry conservative #democratswaronunbornchildren,,
D4554,Andy Fredes,,
D4555,Eric Cook,,
D4556,Kathy Bannon,,
D4557,"Debra Kay ""Weidler""",,
D4558,Linda Biscanto,,
D4559,GingerBlue,,
D4560,Chuck Szmanda,,
D4561,Carl Brandt,,
D4562,Larry,,
D4563,Candlestick Will,,
D4564,Stacey,,
D4565,The Washington Times,,
D4566,WanderingJackWolf 🐺🌕🍀☕🍵🥊🎸🎧🎼🎵🎶♓✝️,,
D4567,Dismantle Israel.,,
D4568,SuperDuper,,
D4569,Protect Kamala Harris ✊,,
D4570,Brad Haugan,,
D4571,Terry Foster,,
D4572,Monica Richardson,,
D4573,bl1951,,
D4574,Loreyla D'Orazio 🇻🇪🇮🇹🇺🇸,,
D4575,Lydia Moynihan,,
D4576,🥁 Drums of Kamala D. Harris 2028 🥁,,
D4577,Wilfred Reilly,,
D4578,I voted for MADAM Kamala Harris,,
D4579,Maya Gamer,,
D4580,❌Trump Music,,
D4581,Hunting Sooner🦌,,
D4582,Ashwin Rodrigues,,
D4583,Exposer of Donkey Fazoo,,
D4584,Dubby14U2,,
D4585,CHIZ 🇺🇸,,
D4586,Mr. Will Johnson,,
D4587,Brian K.,,
D4588,Conservative Mimi,,
D4589,David m@m,,
D4590,Tater Tots McGee,,
D4591,movn2uruguay,,
D4592,GeorgiaisnotBlue ?,,
D4593,FT for Schools,,
D4594,Cyn,,
D4595,Coby Warren,,
D4596,Mark Groubert,,
D4597,Mehdi Hasan,,
D4598,Kit Richardson,,
D4599,La Prensa Gráfica,,
D4600,GG_Lady,,
D4601,Evil Kamala Harris,,
D4602,Shannon 🌴🍹MAGA! 🇺🇸,,
D4603,el 🦤🌫️ in limbo,,
D4604,Alan Murdock ✈️,,
D4605,Shut Up Drew,,
D4606,Black Youngsta,,
D4607,News Monitor,,
D4608,Connee Holcomb,,
D4609,Emily Pember🪬,,
D4610,Lenilson de Mello,,
D4611,Mr.India,,
D4612,News News News,,
D4613,NickyFruitLoops: The Experience,,
D4614,Guardian Bear,,
D4615,Kim Walker,,
D4616,Hobo,,
D4617,The Spectator Index,,
D4618,Reality Escape Artist,,
D4619,David Brath,,
D4620,David Phinney,,
D4621,Bossy Boots🍊IFB,,
D4622,The West Australian,,
D4623,Trudy Gonzales,,
D4624,Michael W Tickle,,
D4625,Vaped 💨,,
D4626,Markus Samuel Gelbart,,
D4627,Mike Wible,,
D4628,Mesocricetus Incognitus,,
D4629,Virginia Witmer,,
D4630,Suresh Karanam,,
D4631,Sane Man,,
D4632,AI Liberals,,
D4633,Ty the Crusader,,
D4634,"Proud ""Garbage"" American",,
D4635,The Great Gazoo,,
D4636,NRC; Hebrews 11 NIV - Faith in Action.,,
D4637,Chris Enoch,,
D4638,Pierce Knight,,
D4639,BadWolf,,
D4640,Machine Gun Belly,,
D4641,Autumn Astri 🍂☀️🍉,,
D4642,DaPacemDomine 🇻🇦 🇺🇸 🇲🇽,,
D4643,(Gritts) W. Steven Garrett,,
D4644,Don Incognito II,,
D4645,㋡,,
D4646,M York,,
D4647,Eric Butler,,
D4648,Sheila Huber,,
D4649,Blank Slate,,
D4650,Moonrocks,,
D4651,Tteeghen Machen🇺🇸,,
D4652,Mercedes Schlapp,,
D4653,@ZdvNap,,
D4654,leon boone,,
D4655,Be the Storm,,
D4656,Lilly617,,
D4657,Brenda💙ThruNThru🚗🚕🚙,,
D4658,Dipak Deb,,
D4659,Decoding Fox News,,
D4660,T.Herbert 👨‍🎓👨‍🦳🌈👽,,
D4661,Nick Kruse,,
D4662,saveusademocracy,,
D4663,JulietteSchwartz,,
D4664,8647,,
D4665,Lulz,,
D4666,Susan Overturf☮️,,
D4667,no1special,,
D4668,Jacqueline,,
D4669,ytmndan 🌎🇺🇳🔫🇺🇸,,
D4670,Quint McDonald,,
D4671,San Francisco Chronicle,,
D4672,GungaDean🏳️‍🌈🌊🌊🌊,,
D4673,Rita B,,
D4674,Democrawonk,,
D4675,Henry Rodgers,,
D4676,Anthony Rose,,
D4677,kale,,
D4678,🪷🐝 Sharone Wellington-deAnda🖖🏾,,
D4679,Dreday1127,,
D4680,Aron Goldman,,
D4681,Jules,,
D4682,Nick Gerz,,
D4683,Deloris Williams,,
D4684,I WILL NOT OBEY IN ADVANCE … 🇺🇸🇺🇦🇺🇸,,
D4685,Soros-funded Deep State Operative 🌴🥥,,
D4686,MERICA MEMED,,
D4687,Hot Take Harry,,
D4688,Marcus C Williams,,
D4689,Robin I,,
D4690,POINT POP,,
D4691,Lukas 🌲🦋,,
D4692,Sally Lane,,
D4693,🎬 Lewis John Yule 🎥,,
D4694,Tim Young,,
D4695,AMERICA THE GREATEST🇺🇲🇺🇲🇺🇲,,
D4696,Amazing Video,,
D4697,Actualidad Internacional,,
D4698,Cheerio but not britishly,,
D4699,Roger D. Hudson,,
D4700,Resist the Mainstream,,
D4701,🇺🇲Christopher Sweeney,,
D4702,Bradford Harriman,,
D4703,Noah Rothman,,
D4704,Marc West,,
D4705,Gatherer Thompson⏩0dd.bsky.social (0 is zero),,
D4706,Donovan Morgan Grant,,
D4707,Tim Cunningham 📟,,
D4708,ніхто // slimey fan acc,,
D4709,𝕮𝖍𝖆𝖗𝖑𝖊𝖞 𝖂𝖎𝖓𝖈𝖍𝖊𝖘𝖙𝖊𝖗,,
D4710,Lady Liberty,,
D4711,rick genie,,
D4712,MM 🇧🇷🇺🇸,,
D4713,YoungHands,,
D4714,Andrew Packer,,
D4715,Neem je moeder in de maling,,
D4716,Marcos Duprat,,
D4717,Fatih Aras,,
D4718,Kenny 🇿🇦,,
D4719,Valarie Vivino,,
D4720,Jay Dot,,
D4721,Denzel,,
D4722,RPG,,
D4723,Katu Arkonada,,
D4724,️⤵𝑫𝑶𝑪𝑻𝑶𝑹r 𝑵𝑶 𝑺𝑻𝑬𝑷,,
D4725,I Don't PC,,
D4726,Jeffrey Deitrick,,
D4727,sher khan1947,,
D4728,Awallstguy,,
D4729,Damon Rambo,,
D4730,Shlomo for Kamala Harris ‘28 💙🇺🇸🐬,,
D4731,Mike Alwine,,
D4732,Bill ❌ull,,
D4733,Bawbag🇬🇧🏴󠁧󠁢󠁳󠁣󠁴󠁿🇮🇱🏴󠁧󠁢󠁥󠁮󠁧󠁿🏴‍☠,,
D4734,rsiqueira____,,
D4735,ENERGY HEALTH KC,,
D4736,Rex_Tudor_Coup,,
D4737,Roy Case,,
D4738,"NiggasG2G, Yoda",,
D4739,Psymont Lance,,
D4740,Crit-hit,,
D4741,Jim Merrill,,
D4742,Zac,,
D4743,Nickibnhistory 💙,,
D4744,Janice Hough,,
D4745,AGuyinTexas,,
D4746,rh,,
D4747,Liz Callaway,,
D4748,ROYALTY EVANGELISTA 👑💜,,
D4749,Nonya Beesnees,,
D4750,Naveed Ahmad,,
D4751,Dastardly Jules,,
D4752,Jason Walker,,
D4753,USNblackshoe ___ This Is Not a Drill,,
D4754,Cowboy T. Lamar 𐚁,,
D4755,بازگشت اصغر گورخواب,,
D4756,Larry 🇺🇸🦅#ThankYouJoe,,
D4757,Tim Rauscher 🧔🏽‍♂️👩🏽🐍💀🤰🏽✝️🛟,,
D4758,NEVER SURRENDER ✝️🇺🇲🇺🇲,,
D4759,Antonio K. Ross Jr.,,
D4760,W Rose,,
D4761,Irshwch🇺🇸🐩,,
D4762,President Potato,,
D4763,Politic-tees,,
D4764,𝒚𝒖𝒌𝒉𝒆𝒆𝒉𝒆𝒆 🐞,,
D4765,C.A. Shoultz,,
D4766,Wall Street Mav,,
D4767,Abdullah Burak Şahin🔻,,
D4768,YOYO,,
D4769,Goonie | Top .0001% of Chihuahua Prisoners,,
D4770,Norma Greenhalgh,,
D4771,Mrs. Mel Menny,,
D4772,HumphreyBohun,,
D4773,Paolo,,
D4774,Bela,,
D4775,Paul Charlson,,
D4776,SteamHappy,,
D4777,Fly Sistah 🪷,,
D4778,JiveTurkey,,
D4779,TheCampoftheSaints,,
D4780,Landon Best 🔰🗽,,
D4781,SFDB,,
D4782,Bren Christa,,
D4783,orion77,,
D4784,kamala’s toughest coconut 🥥🌴,,
D4785,Acer,,
D4786,Michael Stuart Kelly,,
D4787,🇬‌🇱‌🇦‌🇸‌🇰‌🇮‌🇩‌,,
D4788,Dean Rutherford,,
D4789,Beautiful,,
D4790,MeBoomBoomDown,,
D4791,nudnik shpilkes,,
D4792,TVMan,,
D4793,Cubania Total,,
D4794,NakedBrunch,,
D4795,FlashNeko,,
D4796,chase manaena,,
D4797,NMás,,
D4798,theStephy_Chi🇺🇸🏳️‍🌈🇺🇦🎶,,
D4799,reportvzla,,
D4800,Morgan J. Freeman,,
D4801,The Real Joyce Berry💛🐝®Proud Of VP Kamala Harris,,
D4802,IAFella,,
D4803,KCBS 106.9 FM/740 AM,,
D4804,Yeoman,,
D4805,KAMALA HARRIS DEFENDER,,
D4806,JimDelRey (Blue Doritos Checkmark),,
D4807,Atomic Pixie ,,
D4808,D Barton,,
D4809,Nancy  (Ayanna) Wyatt,,
D4810,DarkBlueBuckeye🇺🇦 🇬🇧🦋,,
D4811,James Culver,,
D4812,The Living Embodiment of Kendrick's Hate,,
D4813,HatchetmanForeva,,
D4814,WWL Radio,,
D4815,Nancy 🪷,,
D4816,I Am Lilithfair,,
D4817,𝓠ueen,,
D4818,Greek,,
D4819,🫴🏾💎,,
D4820,Did I Piss You Off?,,
D4821,Morgan Feeney,,
D4822,Peter Eckle,,
D4823,Dacoby,,
D4824,CN is Dead,,
D4825,💨 Smoky X 💨 😏 (my guy/my dude),,
D4826,Tony Seruga,,
D4827,BAH de DAH,,
D4828,Sandy,,
D4829,P Goddard,,
D4830,Smile18,,
D4831,xiaotong ma,,
D4832,Jane 🌱💙🇺🇦💚,,
D4833,Mimi,,
D4834,Blazingprojects,,
D4835,Just call me David,,
D4836,Niedja,,
D4837,Original Me 🇺🇸🦅🌊,,
D4838,theesnek.bsky.social,,
D4839,Illinois4Trump,,
D4840,Wendull Media,,
D4841,Lawrence Forbes Jr,,
D4842,Hugen Long,,
D4843,Wyldepepper 🐝 of Bianca's #KHive 💛🐝💜,,
D4844,Baad Sheep,,
D4845,Tom Lyttleton,,
D4846,@BerdineHB,,
D4847,HiramHawk,,
D4848,diana.aug,,
D4849,Jamie Jenson,,
D4850,Danny Spears,,
D4851,SomebodysMother,,
D4852,Charles Haspel,,
D4853,Vincent Raynauld,,
D4854,Aaron Parnas,,
D4855,AsleepNomore #MAGATRUTHS,,
D4856,Fred Foxx,,
D4857,Raymond K. Azar الله,,
D4858,Mitchichu,,
D4859,oceanviewunderground OVU,,
D4860,Omega,,
D4861,Wesley Hunt,,
D4862,Jane,,
D4863,John Rainwater,,
D4864,♥️🩵gwennethy❤️🩵🇧🇷🇺🇲,,
D4865,festus clark,,
D4866,Andrés Pertierra,,
D4867,Kerridwen 🏳️‍⚧️,,
D4868,Longbow Foolride,,
D4869,J.Conway,,
D4870,angie8123,,
D4871,Lance Winslow,,
D4872,none,,
D4873,Jester,,
D4874,Mayo Monkey,,
D4875,🇺🇲 Be-Honest,,
D4876,Tgcom24,,
D4877,EL PAÍS,,
D4878,Kathi Hein,,
D4879,Truth Justice ™,,
D4880,Nikki,,
D4881,Deadpool,,
D4882,UpHidedown,,
D4883,The Report App,,
D4884,SadPhillyFan,,
D4885,Paul Baxter,,
D4886,Vicente Vera,,
D4887,kmkmarty.,,
D4888,💮Texas ARCangel ™️,,
D4889,Redneck Peckerwood,,
D4890,Shannon Ford 🇺🇸,,
D4891,Vik ✈ 🇺🇸 #MAGA ✊,,
D4892,Resist hateful GOP policies,,
D4893,ReDe✝️✡️🕎✨🇺🇸,,
D4894,Gregory A. Butler,,
D4895,Azor,,
D4896,MaggieBW,,
D4897,Proud Latina Republican,,
D4898,L J M,,
D4899,ChillPhill Rivers,,
D4900,"I, Caliph",,
D4901,Eva Lopatkin Easton,,
D4902,𝄂𝄃𝄀𝄀𝄁𝄂𝄃𝄂 ⎕,,
D4903,Matthew Bell,,
D4904,TowerRat7 🇺🇸🇺🇦🇨🇦💙🫡✌️,,
D4905,HowlingMutant,,
D4906,El Cooperante,,
D4907,Emelina,,
D4908,riesi04,,
D4909,marianland.com,,
D4910,Dizznubzz,,
D4911,Craig Labenz 💙💛🥥🌴,,
D4912,(USA) 🇺🇸🇮🇹,,
D4913,Tired of being politically correct,,
D4914,Roxy 💙💙💙🌊🌊🌊🌺,,
D4915,arlene hurley,,
D4916,Sil,,
D4917,Dark of the Trump,,
D4918,Johnny J Whitaker,,
D4919,vontae,,
D4920,Johnsan64,,
D4921,Ginger McFall,,
D4922,Educated Red Neck,,
D4923,EchoRadioY,,
D4924,RealMurseJer_RN,,
D4925,CJ Pearson,,
D4926,BAIJ,,
D4927,Center for Cognitive & Behavioral Wellness,,
D4928,Brian E,,
D4929,Alan Roberts,,
D4930,I drink ur milkshake,,
D4931,Marc Lobliner - IFBB Pro,,
D4932,NumberOneShoupFan,,
D4933,San Diego Live Data,,
D4934,DEL,,
D4935,leonardeuler,,
D4936,Chris Katsiamides,,
D4937,Ofhoseok⁷💜,,
D4938,Greg Sample,,
D4939,Fox News,,
D4940,Jason Says Things,,
D4941,Monika Preisner🍉💙💛BlueCrew 2024 #RESIST🥄🥄🥄,,
D4942,Greg Mead,,
D4943,† Crusader,,
D4944,Nancy M,,
D4945,"Karlyn Borysenko, anti-communist cult leader",,
D4946,jerry rains,,
D4947,AnonRoberto,,
D4948,Bonnie Kirker,,
D4949,Kumar Krishna,,
D4950,Mark Bechtel,,
D4951,CaRe,,
D4952,Kathy Young,,
D4953,grantee,,
D4954,marilyn bostick,,
D4955,Eric Kenner ,,
D4956,Romich,,
D4957,Betsybug777 ✝️✡️🕎🇺🇸⭐️,,
D4958,UltraMAGAIndependent🇺🇸🇮🇹,,
D4959,steve martens,,
D4960,Neftali Cajina,,
D4961,Chuckk Finnley,,
D4962,Ebehere,,
D4963,RaideRon,,
D4964,Sixofone Halfdozen Ofanother,,
D4965,Mark G,,
D4966,MAGA 2028🇮🇱,,
D4967,G. Behn,,
D4968,Jeno Mozes,,
D4969,Luciana,,
D4970,JSTaylor,,
D4971,Prello,,
D4972,MarianneForLiberty🇺🇸,,
D4973,🇺🇸 ↪️aptain Ⓜ️organ 🇺🇸,,
D4974,One Cat Short of Crazy,,
D4975,Margaret Reed,,
D4976,LMCANE,,
D4977,Rich Story - Slave to the King☕️🎧🎙✝️,,
D4978,#DoNotComplyInAdvance #ProtectTruth 🇺🇸,,
D4979,Ken Maeda,,
D4980,Ziggyfly Jen 🇨🇦,,
D4981,Sunny,,
D4982,"G. ""Clay"" Mitchell",,
D4983,PAV68,,
D4984,Russell W. Knudson,,
D4985,Alex Bruesewitz 🇺🇸,,
D4986,America First Annie 🇺🇸 MAGA,,
D4987,Allan Zimmerman,,
D4988,Página|12,,
D4989,IUIC Tupelo,,
D4990,Donna Hart,,
D4991,Eddie Rey,,
D4992,SimplyEve💋,,
D4993,Gotti,,
D4994,Barry Phillips,,
D4995,John K. Amanchukwu Sr.,,
D4996,Damian Woods,,
D4997,UnhandledException ❁,,
D4998,Patriots' Soapbox News & Entertainment,,
D4999,God's Best Creation,,
D5000,Rick Farmer,,
D5001,Ken Gordon,,
D5002,K Johnson,,
D5003,Andy Marquis 🐆🍓🍉🇺🇸,,
D5004,bbrabozo,,
D5005,Rooted n routes,,
D5006,Acyn,,
D5007,Ref sch,,
D5008,Pete Peters,,
D5009,Dean Mackin,,
D5010,Télégramme360,,
D5011,CaribbeanTelevisionNetwork,,
D5012,DeetsJacque,,
D5013,Bev,,
D5014,Dean,,
D5015,Quony Wick,,
D5016,Ric Ball 🌈✌️🤟🏼 🕎🌻🏳️‍🌈 ☕️. GOP=fascism.,,
D5017,William Acevedo,,
D5018,JakaD,,
D5019,AJ Huber,,
D5020,Charm | DEMOCRATS deliver & NO CHAOS! 🇯🇲 💙🌊,,
D5021,Jerry Rivers,,
D5022,Jan cohill,,
D5023,Maria Romero,,
D5024,Amy L Marckel ✊🏼🇺🇦,,
D5025,Texas Pete,,
D5026,"Taleed El-Sabawi, JD, PhD",,
D5027,Dee Jaye,,
D5028,mary ྀིྀིྀིྀིྀིྀིྀིྀི,,
D5029,Michael Freeman,,
D5030,myrtle,,
D5031,@Elandroide,,
D5032,IntegralAnswers,,
D5033,Dave McCormick,,
D5034,Harry Martin,,
D5035,The Khemist - WLTH 1370AM/92.7FM,,
D5036,Eugene Daniels,,
D5037,Mötley Jëw,,
D5038,🏴󠁧󠁢󠁳󠁣󠁴󠁿 Lucky Country with A Labor Govt!!,,
D5039,"Markets, Options & more📈",,
D5040,DAPPER DON DHARSHI • K A M I L •,,
D5041,Amos Zuck,,
D5042,Jarvis 🏳️‍🌈,,
D5043,Teresa A Polychronis,,
D5044,David Marcus,,
D5045,Leigh Belle,,
D5046,최준호,,
D5047,BumFightClub,,
D5048,Max Pain,,
D5049,Kevin Jones,,
D5050,Charles G.,,
D5051,Alejandro Pescador 🇲🇽🇮🇱🇺🇦🇹🇼🇵🇭,,
D5052,Trumpusa1,,
D5053,Pete,,
D5054,Olga,,
D5055,teresah,,
D5056,Yes Raj,,
D5057,Stephanie Rader (she/her)🏳️‍🌈🟧🟪✡️💙🌈,,
D5058,𝔾𝕠𝕝𝕗&𝕋𝕣𝕚 🏊🏼‍♀️🚴🏼‍♀️🏃🏻‍♀️⛳️🇺🇸,,
D5059,Daedalus27,,
D5060,CoachSmith,,
D5061,Wayne Tanzer,,
D5062,MotivatedMom,,
D5063,Kris For #Trump 2024,,
D5064,attorneybyprofession,,
D5065,Steve Metal Man,,
D5066,✭Izzy✭,,
D5067,Debra C Han,,
D5068,Doctor Professor Buffett,,
D5069,Brandon,,
D5070,DeanJones,,
D5071,bratNvet,,
D5072,somervilleny.bsky.social,,
D5073,Within Our Lifetime,,
D5074,Mr Tad,,
D5075,Gio DeBatta 🍸,,
D5076,JusTradez,,
D5077,David Siegel ⚖️🌊,,
D5078,XY can NEVER equal XX,,
D5079,Matthew Argo,,
D5080,Marlene Robertson,,
D5081,James Jackson,,
D5082,CWebb,,
D5083,Luciano Yassuda,,
D5084,Lefthand_stan,,
D5085,Scott Foster,,
D5086,Cindy Clouse,,
D5087,Monica ❤️‍🔥❤️‍🔥❤️‍🔥,,
D5088,Gerardo de la Madrid,,
D5089,M Hirschbrunnen 🍌,,
D5090,Dr Vincent Sativa 🇺🇸,,
D5091,Breaking 4 News,,
D5092,Josepch (JosephCW),,
D5093,Mario Wagner,,
D5094,Dandeld,,
D5095,Thomas R. Stevenson,,
D5096,Fran Collins,,
D5097,xalfeed,,
D5098,Victor I. Cares,,
D5099,Dennis,,
D5100,Views - From a Common Man,,
D5101,Sam DeMarco 🇺🇸🇮🇱,,
D5102,JG (@hocsoc1 on TruthSocial),,
D5103,ERICA MALARKEY!!! #WeWantDrew #IStandWithUkraine,,
D5104,JohnA,,
D5105,georgia ann,,
D5106,Darlene Ryan 🇨🇦,,
D5107,Res Ipsa Loquitur,,
D5108,MandolinMike,,
D5109,Go America!,,
D5110,Jerry Gallagher,,
D5111,Rep. Russ Fulcher,,
D5112,ebony,,
D5113,Jeff Hall,,
D5114,Arni,,
D5115,JH@JoJo,,
D5116,Steak for Breakfast,,
D5117,Anxious Pickle 🟧🟦🟣,,
D5118,Long Island Press,,
D5119,Peter Fraser,,
D5120,Francisco Miralles,,
D5121,S. Templar,,
D5122,Janet Hernandez,,
D5123,Kamala Harris' Black Father,,
D5124,Jonathan the Goalie,,
D5125,🇺🇸✝️🎮Brett Yeamans🎮✝️🇺🇸,,
D5126,Happy H. JoyJoy,,
D5127,Lee Borden,,
D5128,DeJuanathon,,
D5129,terri vaillancourt,,
D5130,David Greenslit,,
D5131,VALPARAISO 01,,
D5132,noah,,
D5133,Arthur Fleck,,
D5134,Captain America First,,
D5135,Richard Medlock,,
D5136,ALC Trades🛡️,,
D5137,Joshua(the gay one💜🏳️‍🌈🇺🇸),,
D5138,The News Index,,
D5139,Kay,,
D5140,🧇Northwoods Goblin 🧇,,
D5141,SCMcGee Never Give Up On Hope,,
D5142,ECP408,,
D5143,Chad Nodine,,
D5144,Susan Laughead 🇺🇸 🇺🇦,,
D5145,wolf_patriot737,,
D5146,"Joy Gjersvold, Troublemaker",,
D5147,Soquel by the Creek,,
D5148,Guy R Costa,,
D5149,TrumpLivesRentFreeInYourHead😂,,
D5150,René p Pico silva,,
D5151,J.S,,
D5152,The Hypocritical Cynic,,
D5153,Project Coherence,,
D5154,Jason Taylor,,
D5155,Don Penim,,
D5156,Colin,,
D5157,Travis Ogle,,
D5158,Gramzy7,,
D5159,Robbie Johnson,,
D5160,Pete Parnell,,
D5161,alexander bowen,,
D5162,Frank Grimeson,,
D5163,Nico,,
D5164,David de Sola,,
D5165,Freedom Lover,,
D5166,shean elem,,
D5167,Henry Lewkowicz,,
D5168,Roberto,,
D5169,Michael Davis,,
D5170,El Financiero,,
D5171,Tony and Stacey Blankenship,,
D5172,Gays 4 Kamala Harris 🏳️‍🌈,,
D5173,J Rod,,
D5174,ETMarsSpaceGod,,
D5175,James Pope,,
D5176,RiftTV,,
D5177,The Vigilant Fox 🦊,,
D5178,DyAnn,,
D5179,PrincessPeach,,
D5180,Whybean K,,
D5181,Shaun Humphrey,,
D5182,Janine Kreikemeier,,
D5183,Paroxycus 🥷🏾🏴‍☠️,,
D5184,Gigi Ann,,
D5185,Shane Schaetzel,,
D5186,Griffin,,
D5187,Martine St-Victor,,
D5188,ROJO ME VOLVIÓ A DAR SIDA,,
D5189,Chris Tan,,
D5190,🦅🇺🇸 e w brown 🇺🇸🦅,,
D5191,enjoynCHI,,
D5192,AlFromBayShore,,
D5193,segaffredo 🇺🇲🇮🇹🇧🇷,,
D5194,NahBabyNah,,
D5195,Anita,,
D5196,strike,,
D5197,J P Chamberlain,,
D5198,davidberens,,
D5199,Darth Vader,,
D5200,American Eagleman🇺🇸🇮🇱,,
D5201,The News You Dont See,,
D5202,MerrieMelodies Fan,,
D5203,Jegenmeister,,
D5204,KAW,,
D5205,🌎❄️ Maia ❄️ 🦋 🇺🇦,,
D5206,Look! Up in the sky!,,
D5207,GunTotingTemplar,,
D5208,Mrs Malindo,,
D5209,He stirs up the people,,
D5210,Scotty Cooper🇺🇸🇮🇱🇺🇸🇮🇱🙏🏻,,
D5211,Cheryl Dumas,,
D5212,Dwain Morris Beep/Bop/Boop,,
D5213,Spider-Lou 🕸️↙️,,
D5214,eice 🐇,,
D5215,Caressa_8,,
D5216,Dystopian🐉🌻💜🇺🇸,,
D5217,The Punisher,,
D5218,Scott Zlanski,,
D5219,Homesky,,
D5220,Eddie Cruise,,
D5221,Sherpa Dai (2025 ⏩️),,
D5222,Abbreviated,,
D5223,Toolman,,
D5224,Om Sa Bishnoi,,
D5225,Alison Haws,,
D5226,Capt_Ache,,
D5227,Lou Mendez,,
D5228,Singela 🦅🦅🦅,,
D5229,Trump War Room,,
D5230,Think for Yourself,,
D5231,Vivian,,
D5232,ꪻꫝể ꪻꫝể,,
D5233,Frank Luntz,,
D5234,Double Protection 🇺🇸,,
D5235,Honu,,
D5236,NoUN2030NoOpenBordersDEPLORABLE1s,,
D5237,NormaHorvitz,,
D5238,Viking Prairie K9™️,,
D5239,Dr. Rob Golf 🦣 2% Leggo Deplorable Neanderth🇮🇱,,
D5240,Mark Maxwell,,
D5241,Lona Shockley,,
D5242,Impacto Latino,,
D5243,Yacht Rock Enjoyer,,
D5244,Dr Mahima singh Rathore,,
D5245,DisappointedBoricano,,
D5246,Beef Jerky,,
D5247,Kelly4Trump,,
D5248,Paul H. Kircher III,,
D5249,Jason Anderson,,
D5250,End Stage Jessup,,
D5251,Arizona Guy One,,
D5252,Zomb Zomb,,
D5253,scroll tharepy,,
D5254,Shawn Cabbagestalk,,
D5255,Wendylyn,,
D5256,Alain Auclair,,
D5257,Joseph Mansmann,,
D5258,Jeff Butler TO,,
D5259,Tracy Ann,,
D5260,Pro America Politics,,
D5261,Donna Smith,,
D5262,Tom L,,
D5263,Carrie G,,
D5264,@GreatUSA1,,
D5265,LWC,,
D5266,Jeremy Martin,,
D5267,The Crip Crusader,,
D5268,Tonto_Fighter,,
D5269,Terrence K. Williams,,
D5270,⚜️💎👑 Queen Katerina 👑💎⚜️,,
D5271,Judy CONSERVATIVE,,
D5272,richard trevino jr,,
D5273,Jonnie Wilson,,
D5274,ChrisO,,
D5275,SusieB@SusieB,,
D5276,Pat,,
D5277,Standup For Equality For ALL,,
D5278,Gina,,
D5279,"George Altom, Radio Free America",,
D5280,♠️ ACE of Spades™,,
D5281,OswaldV767,,
D5282,Osiona,,
D5283,John Q,,
D5284,army Brett proud mountaineer,,
D5285,Ashley Paillet,,
D5286,Patrick Page,,
D5287,Doug Judy,,
D5288,Carlos Muscat,,
D5289,Someone Important,,
D5290,SkeeterBombay,,
D5291,Tom Sabanick,,
D5292,Dashing Downward,,
D5293,@amuse,,
D5294,Dennis Koch,,
D5295,Privacy'Rights,,
D5296,Protect Democracy: Elect Kamala! 🌊🌊,,
D5297,Anthony John Hoyer,,
D5298,Albert Zibell,,
D5299,MARY EDNA DAVIS,,
D5300,@Praetorian6Actual,,
D5301,Robin Redlecki,,
D5302,Jeannene,,
D5303,Mary White,,
D5304,vivyan,,
D5305,Frederick,,
D5306,Putin Validus,,
D5307,Insurrection Barbie,,
D5308,タ○ちょんぎるぞ！！,,
D5309,Ross Willett,,
D5310,Distilled Thought 🇺🇸,,
D5311,ً,,
D5312,Independents 4 Independence,,
D5313,Stephen Crane,,
D5314,Mịke,,
D5315,Jeff T,,
D5316,@NewDayUSA,,
D5317,Ms Tracy✌🏼 🇺🇸,,
D5318,SAHARA RENEE 🇺🇸,,
D5319,Harry Scrubbz,,
D5320,Proud American,,
D5321,Black Butterfella 🐜🐝🦋 MitiEve,,
D5322,Subliminal7,,
D5323,Invictus Ghost,,
D5324,2ADan,,
D5325,Gino Delgado,,
D5326,Daniel Doyle,,
D5327,Whitey,,
D5328,Bennetta Elliott,,
D5329,yaya2seven (Li),,
D5330,Jo S,,
D5331,Curious Gazelle,,
D5332,Humanity,,
D5333,Levy Sibling+,,
D5334,Gerald Broflovski,,
D5335,The Ace Convict,,
D5336,Harold Gielow,,
D5337,Elon Musk - Parody,,
D5338,Mister Justice,,
D5339,ScanMyPhotos.com® 💖 SINCE 1990,,
D5340,IDF Soulja ☭,,
D5341,Frank L Douglas,,
D5342,🇺🇸 ALF 🇺🇸,,
D5343,EL Fuser,,
D5344,VS,,
D5345,Edward Forbess,,
D5346,Patrick Gentzler,,
D5347,X - GoAvsGo || Mermann || TEAM SAM & TOM,,
D5348,Hawaii Shira,,
D5349,Dr. Charles Narasi,,
D5350,AGOSTINO,,
D5351,RealPoCoTex,,
D5352,ShahramJabarizadegan,,
D5353,Chuck Karl,,
D5354,Iris,,
D5355,MrCritterfur,,
D5356,Iron tiger Son of God,,
D5357,MMCOWRD (AKA.. MadCow),,
D5358,Kathy Obear,,
D5359,TheMiamiDolfan,,
D5360,Christine Loter,,
D5361,sebastiao figalo,,
D5362,weldermanll,,
D5363,John D. Elmstedt Jr.,,
D5364,Emergent Perspective,,
D5365,Lynn PIlette,,
D5366,Husband & Wife,,
D5367,Jonathan Lin,,
D5368,“ИНСПЕКТОР” 🇺🇸🦅2A,,
D5369,umichvoter 🏳️‍🌈,,
D5370,Donald E. Hodge,,
D5371,MaryEtta Poli,,
D5372,Linda Marie Lovison,,
D5373,keith pelkey,,
D5374,Gregg Weeks,,
D5375,Based Opinions,,
D5376,Bitcoin Collector.,,
D5377,Scott Green,,
D5378,Trí Thức VN,,
D5379,“UNACCEPTABLE Views (former Deplorable) ”,,
D5380,Becky Triplett,,
D5381,Christine 🌴,,
D5382,"Dr Sassy Daisy, PsyD 🌸",,
D5383,Marley Longstreet,,
D5384,Cherub Rock 💜,,
D5385,Kate Sullivan,,
D5386,Texanon𝕏™,,
D5387,Whittier Daily News,,
D5388,Nathaniel,,
D5389,Mary Johnson,,
D5390,GT O'Shea,,
D5391,Mousie4,,
D5392,WhiteMamabama,,
D5393,corey boatwright,,
D5394,Richard Bryce Bennett,,
D5395,tulsaforkamala,,
D5396,PEP,,
D5397,Robert R. Samuel,,
D5398,Alexander 🎧,,
D5399,Mark in California,,
D5400,"Prof. M Reza Salami, Ph.D., P.E.",,
D5401,Ben Kaplan,,
D5402,Hills,,
D5403,James Rio,,
D5404,Ron Guerrero,,
D5405,🇺🇸 GW Hughes 🇺🇸,,
D5406,Angela Hildenbrandt,,
D5407,American Asylum Seeker 🇺🇲,,
D5408,harry thznuts,,
D5409,PraiseIndy,,
D5410,Ron Sapp,,
D5411,Benjamin Button🔻🇵🇸🇸🇩🇨🇩🇾🇪,,
D5412,Undecided,,
D5413,liveXclique,,
D5414,Cassie Nguyen,,
D5415,Bruce Terra,,
D5416,TrumpsTaxes (@trumpstaxes.com on bsky),,
D5417,GateKeepTheCulture🏁,,
D5418,Frank Fayston,,
D5419,mathewk,,
D5420,BuyInTheRed,,
D5421,MILLIONAIRES & BILLIONAIRES PLAYGROUND,,
D5422,Satoshi Nakamoto 🇺🇦🇮🇱🏳️‍⚧️🇵🇸🏳️‍🌈💉😷,,
D5423,Art Candee 🍿🥤,,
D5424,Kj Valentine,,
D5425,KatG🇺🇸,,
D5426,Alex Blantly,,
D5427,Harriet caldwell,,
D5428,Varela Doy,,
D5429,Fuzzy Wuzzy 💙🇺🇸,,
D5430,TracyWilson,,
D5431,Mel,,
D5432,da boy,,
D5433,GRANDMA4PEACE,,
D5434,George F Carr,,
D5435,Doug Bright,,
D5436,Hiro Watanabe,,
D5437,Wayne e allard,,
D5438,wagenseil,,
D5439,Marta Norona,,
D5440,MD Taufique,,
D5441,Dali_Naz_Kool1,,
D5442,Derrick Bailey,,
D5443,Meta Resistance 🦅,,
D5444,The New Republic,,
D5445,Ghislain Bédard,,
D5446,Little Covfefe,,
D5447,Cedric Tillman,,
D5448,PONCHO,,
D5449,Butt Ugly Babies,,
D5450,Steve Cortes,,
D5451,Bruce,,
D5452,Stephanie Myles,,
D5453,Scott McDaniels 🇺🇸🇺🇸🚀👀,,
D5454,Cₕₑᵣₑₗₗₑ bₑ ₜₐₗₖᵢₙ ₛₕᵢₜ! 🏴🇲🇽 🇺🇸,,
D5455,A Gene Robinson,,
D5456,Christie,,
D5457,Marcia Dumoulin,,
D5458,Angry Elephant,,
D5459,SheyDawg,,
D5460,Tami,,
D5461,larry knight,,
D5462,Pirates for Kamala Harris,,
D5463,Lisa Diaz,,
D5464,CollinB,,
D5465,"""Elegant"" Adam",,
D5466,shy boi,,
D5467,Monica Domingue,,
D5468,Tom Williams,,
D5469,sybil,,
D5470,sarainitaly 🌷🌷🌷,,
D5471,DTNBS,,
D5472,need more copium,,
D5473,Lori Hill,,
D5474,SilenceDooGoode,,
D5475,Juan Soto,,
D5476,Kitzy,,
D5477,Nash,,
D5478,thndrfk,,
D5479,Jessica Gomez,,
D5480,sweet wan,,
D5481,The Extreme Truth & Liberty Barsh Consulting Co.,,
D5482,Prosecutor vs Felon,,
D5483,Jf,,
D5484,demsRgarbage,,
D5485,Chetter 🌊🏳️‍🌈🇺🇦🗽⚖ Democracy needs YOU!,,
D5486,R.L. Zee,,
D5487,Anaiis Jurs,,
D5488,OtisCampbell,,
D5489,Diego Franco Molina,,
D5490,LindaE,,
D5491,nathan🇵🇷,,
D5492,just me,,
D5493,•,,
D5494,daniel_evansworth,,
D5495,AmericaUncensored,,
D5496,Bryan Key,,
D5497,Decentralize,,
D5498,Gary Carpenter,,
D5499,Carrie Bowman,,
D5500,The Maven,,
D5501,bigpoppajackhole,,
D5502,Doctor Swankenstein PhD M.F.I.C.,,
D5503,Nickolas Medina,,
D5504,Chuck Callesto,,
D5505,SUPER ULTRA MEGA MAGADONIAN 🇺🇸,,
D5506,Abe,,
D5507,Marlon East Of The Pecos,,
D5508,M. S. Watts,,
D5509,Free-to-Think,,
D5510,Theocratic Dictator,,
D5511,Jebb Young,,
D5512,Abraham Márquez,,
D5513,J:DATA,,
D5514,John Miksad,,
D5515,Rush Limbaughs Ghost,,
D5516,Carey,,
D5517,No Word Salad,,
D5518,Kamala Harris Parody,,
D5519,KᗴᒪᒪᗴY ✰,,
D5520,JKar,,
D5521,Gary Metzinger,,
D5522,David Arcano,,
D5523,hotpathd,,
D5524,Lou Parun,,
D5525,William Brady,,
D5526,MAZE,,
D5527,Discovery ✨,,
D5528,9ja Breed,,
D5529,🇮🇱∑:BigTing( っ'-')╮/̵͇̿̿/'̿'̿ ̿ ̿̿ ̿̿ ̿̿,,
D5530,Privacy Camp,,
D5531,Supercidal,,
D5532,K1ll3rMAGA84,,
D5533,Toasty-Mex Con Queso,,
D5534,Jill Lawrence,,
D5535,SAVE THE WORLD END GAIN OF FAUCI RESEARCH,,
D5536,Evan,,
D5537,jessica 👩🏻‍💻,,
D5538,Alan Reisman,,
D5539,wendy smit,,
D5540,GD Cox,,
D5541,Gwen Witt,,
D5542,Barry Rudd,,
D5543,Dre W,,
D5544,The.arch.angel,,
D5545,jeanSL.bsky.social,,
D5546,Monyea Crawford,,
D5547,Michael Nimmons,,
D5548,Annthenthere2020,,
D5549,Mariam,,
D5550,Midwest Traci,,
D5551,Maral Mardi,,
D5552,🇺🇦 Ayah 🇺🇦,,
D5553,Meezmo April,,
D5554,Friedrich List,,
D5555,𐚁LEVII’S JEANS🤍,,
D5556,Lucy Bibb 🇺🇸,,
D5557,AutoSpies,,
D5558,J. Manuel Pires,,
D5559,Frogman,,
D5560,FreddieFred,,
D5561,Bruce Harmon,,
D5562,KLFY NEWS 10,,
D5563,Marie Oakes,,
D5564,Mr BigE Raider,,
D5565,Dr. Squidget Tinklestein,,
D5566,Rhuds,,
D5567,"Kato Cooks (he, him, his)",,
D5568,Jamé Wingood,,
D5569,victor w monsura,,
D5570,R k Sindhi,,
D5571,hunchojack19,,
D5572,SaveAslave,,
D5573,LidiaWillListen,,
D5574,Donn Lovett,,
D5575,Delona Woods,,
D5576,mr rock,,
D5577,Toxicus Masculinicus Maximus,,
D5578,John Hood,,
D5579,👵🏻 Harris/Walz2024,,
D5580,ElCid,,
D5581,Norm MacDonald…clips,,
D5582,bielemabro,,
D5583,Raptured Night,,
D5584,Gypsy,,
D5585,The Card Walrus 🎴🎴,,
D5586,Will Langan,,
D5587,Cheryl Mednick,,
D5588,"Atheist since2017🔬🧬🔭Science,Blm,Lgtb,Choice",,
D5589,B-RI,,
D5590,Chris Dijkhuis,,
D5591,gatorbait,,
D5592,DXRiley,,
D5593,State Senator RaShaun Kemp,,
D5594,Jai,,
D5595,Rashad Al Farooq,,
D5596,@Least2DaysLateJake,,
D5597,Philip Anderson,,
D5598,Nini⁴ ᡣ𐭩,,
D5599,rmp,,
D5600,GraftedIn,,
D5601,🍊JayneJo,,
D5602,¸,,
D5603,Laura Loomer,,
D5604,Sun Belt Politics,,
D5605,All World News,,
D5606,Gary Magnan,,
D5607,Tom Sharp,,
D5608,"Frank Zabierek (Saved by Jesus, & keeps God first)",,
D5609,Jennifer,,
D5610,juju_marie1,,
D5611,🌊WaterIsLife🌊,,
D5612,Phobiaphobe,,
D5613,CC #MAGA #MolonLabe,,
D5614,Celestine Garr,,
D5615,Marie Reshel,,
D5616,KMTruckeritsme,,
D5617,MJTruthUltra,,
D5618,Lisa 🇺🇸 ( Parody ),,
D5619,Robin-Luke Tanudra,,
D5620,🦅,,
D5621,Case1030🇺🇸✝️☘️,,
D5622,The ULTRA Craftsman 🇺🇸🔨☢️,,
D5623,Wall Street Apes,,
D5624,Free Speecher,,
D5625,Dannyinsight,,
D5626,Randy One,,
D5627,Porsche 911 Turbo S is the best,,
D5628,SkyMax ✝️ 🇺🇸🐾 MAGA,,
D5629,Eidorian,,
D5630,Raina Fortini,,
D5631,Rula,,
D5632,rcjc2in1@sbcglobal.n,,
D5633,I LOVE KAMALA’s LAUGHTER,,
D5634,Augostin Almazi 🇱🇧 🇺🇸,,
D5635,Leonard  Willie,,
D5636,"It’s Chinatown, Jake",,
D5637,Big G,,
D5638,Terri Green,,
D5639,कृष्णप्रेमी Amitt📿🚩,,
D5640,Kathleen Trader,,
D5641,The Editorial Board,,
D5642,Merry Smit,,
D5643,Joel Martinez,,
D5644,⚜️𝐏𝐇𝐎𝐄𝐍𝐈𝕏 ֍ 𝐃𝐑𝐀𝐆𝐎𝐍⚜️,,
D5645,TrumpTrain,,
D5646,Kathy R. Elect Dems 💙 🟧 Don't whine. Act! 🌊🌊,,
D5647,🇺🇸🇺🇸Bob🇮🇱🇺🇸,,
D5648,BrightOcular,,
D5649,Vic James,,
D5650,Alex Flores,,
D5651,Gary Nunn 🏳️‍🌈🚴🏼🇬🇧🇦🇺,,
D5652,🇺🇸 Bottom 🇺🇸,,
D5653,Karen wants to #SmashTheDuopoly🌹,,
D5654,Dazzle Sprinklestone,,
D5655,Robert Edgemon,,
D5656,@MimodaSil,,
D5657,Gerry Identifies as American,,
D5658,राष्ट्रीय महिला एकता संगठन,,
D5659,tl scott,,
D5660,MAGA Resource,,
D5661,Edward Rivera,,
D5662,Andrew the Millwright,,
D5663,America News Base,,
D5664,Carolyn Vasconcello,,
D5665,Mindes 🇳🇱🇨🇴,,
D5666,Josh T,,
D5667,Seik Jaboote,,
D5668,droughtwart on 𝕏,,
D5669,David Jaewon Oh,,
D5670,श्रवण बिश्नोई (किसान),,
D5671,P Thoms,,
D5672,WhizBuddy,,
D5673,Bobby Bananas 🌎,,
D5674,The SHEPHERD's,,
D5675,Simon Ateba,,
D5676,VitaMan,,
D5677,Nicki Luto,,
D5678,✝️Pray Without Ceasing✝️,,
D5679,Nino Brodin,,
D5680,pfunk,,
D5681,Pᴀʙʟᴏ Kʟᴇɪɴᴍᴀɴ שלמה בן יהודה,,
D5682,Mountain Widower,,
D5683,Schiff’s Pencil Neck,,
D5684,Louise Litzenberg,,
D5685,Keith Mattox,,
D5686,Tom Morrow,,
D5687,The Stone that the Builder Refused,,
D5688,GMAN Radio,,
D5689,K&L Always,,
D5690,Tom Sjostedt,,
D5691,Allen,,
D5692,Yo Momma likes me,,
D5693,William Castillo,,
D5694,distantThunder,,
D5695,David Wood,,
D5696,John Morello,,
D5697,Robert MAGA Summers,,
D5698,DAVID MACLEOD,,
D5699,Rick Danna,,
D5700,Red Red,,
D5701,Candace Angelillo,,
D5702,Wes Perry,,
D5703,JeVerna Lynn Haynes,,
D5704,Dashhy,,
D5705,jeannieqh 🇺🇸🇺🇸🇺🇸🇺🇸,,
D5706,Milton Cromwell 🌲,,
D5707,David.,,
D5708,Next News Network 🇺🇲,,
D5709,Barbara  Lee,,
D5710,𝕭𝖗𝖚𝖙𝖚𝖘 𝕮𝖆𝖘𝖘𝖎𝖚𝖘,,
D5711,Cannabi$Crusader$,,
D5712,Forward Blue,,
D5713,Speaking_Tree,,
D5714,NORDIC 🇵🇱 🇪🇺 🇺🇦 🇺🇸 #Trzaskowski,,
D5715,CRC,,
D5716,Brasshawk,,
D5717,Connie Pelchat,,
D5718,charmaine mceachern,,
D5719,Certified Independent,,
D5720,Carol Diaz,,
D5721,Deep Blue DMV (DCMdVa),,
D5722,Tiffany Hunter,,
D5723,CAP Action,,
D5724,Sean S,,
D5725,Tactical Newbie,,
D5726,Ikigai🇯🇲,,
D5727,Chris Christie Fan,,
D5728,Shadow Actual,,
D5729,Salty Raven PNW,,
D5730,Reimy Acosta,,
D5731,Scott TX Golf,,
D5732,John Vasilakos,,
D5733,OC Patriot,,
D5734,Mark Mason,,
D5735,Jared Blank,,
D5736,squirrelly,,
D5737,Madmaximus333,,
D5738,onehandedbandit,,
D5739,Anna Matson,,
D5740,Dian,,
D5741,Peach the Pest🦟❌,,
D5742,America for Americans!,,
D5743,Sue Bunn,,
D5744,Bluegrass music is the best.,,
D5745,Alberto Escamilla 🇺🇸,,
D5746,Barry Downing,,
D5747,Your Mom,,
D5748,Laura Riggaro,,
D5749,Bobi Dalesandro,,
D5750,KnottBob,,
D5751,I Can't Take,,
D5752,✝️ Timothy 🇺🇸,,
D5753,Green-Jarvis Ben-Ellis,,
D5754,Izzmee Ofcourse,,
D5755,RUSHBEDAMNED,,
D5756,⭐Eagle One⭐,,
D5757,Barbara A. Rice fka fabucat,,
D5758,Cardenaldo,,
D5759,Boniface,,
D5760,Cathy Pearce,,
D5761,Margaret Arross,,
D5762,Roger That!,,
D5763,Jim Blue,,
D5764,Will Whitez,,
D5765,Jose,,
D5766,lzz -Slava Ukraini 🌻☮️ 🇺🇦,,
D5767,Ricardo Cruz,,
D5768,Lakers On 𝕏,,
D5769,Virgin Mary 🗳🌊🇺🇸🇺🇦,,
D5770,Sharon Mattis,,
D5771,George William,,
D5772,FleeceIII,,
D5773,AlteredDNA,,
D5774,angraj karan jhansi,,
D5775,MichaelCorona,,
D5776,(G2K5M69) FLAME ONI,,
D5777,Gabriel Gomes,,
D5778,Terry W. Robertson,,
D5779,ElectedMAGA,,
D5780,Publius,,
D5781,European Tribalist,,
D5782,Rural Juror 2: Urban Fervor,,
D5783,America4True,,
D5784,Newbounds,,
D5785,Suzi,,
D5786,Youssef Sbai,,
D5787,MaryMo,,
D5788,Stop Repeating History,,
D5789,Winnie Hewett☮️😎,,
D5790,bigz,,
D5791,Hammancheez,,
D5792,Lois Levine Fishman,,
D5793,Richard ~ 𝕹𝖔𝖗𝖙𝖍 𝕾𝖙𝖆𝖗 ✨,,
D5794,BAA BAA zZzZ,,
D5795,George JB,,
D5796,jburd,,
D5797,Alberto E. Martinez,,
D5798,Mediaverse.news,,
D5799,Manic Doge,,
D5800,Brenda Johnson,,
D5801,In This Together 🌏🗳🌊,,
D5802,"Bryon the sailor the policy wonk, the USA patriot",,
D5803,Daniel Stakleff,,
D5804,Ian Jaeger,,
D5805,The Popsicle Protector,,
D5806,Ultra MAGA Rebel,,
D5807,Chip,,
D5808,Dana Brown,,
D5809,Nikon Kovalev,,
D5810,Lillian Smith,,
D5811,Chris 🇨🇦🍁,,
D5812,beachsunfun,,
D5813,(((Ltd))),,
D5814,Michael Spurlock,,
D5815,truth seeker,,
D5816,KiNGxCrUnK,,
D5817,JamielovesAmerica,,
D5818,My Inner Pundit,,
D5819,B.A.Davis,,
D5820,Susan Cooper 💙🌊💙🇺🇸💙,,
D5821,Daniela Collins,,
D5822,Exposing Absurdity,,
D5823,Loretta Metcalf,,
D5824,Harriette Sucher Author Blogger,,
D5825,ScottMiller,,
D5826,"Nancy Lowell: Military Mom, Kamala 2024",,
D5827,Blue Ice Cream 🍦😋🍨,,
D5828,Apple Lamps,,
D5829,dennis bible,,
D5830,john chiar,,
D5831,Marlene,,
D5832,Jim Longo,,
D5833,TKat97,,
D5834,FloridaTarheel,,
D5835,Douglass Mackey,,
D5836,❤️RelentlessMAGA❤️,,
D5837,journovox69,,
D5838,Constantin Purcaru,,
D5839,vbspurs,,
D5840,Top-news,,
D5841,Paul Villarreal (AKA Vince Manfeld),,
D5842,Trump Posts on 𝕏,,
D5843,Patrice Roy,,
D5844,Burt Convy,,
D5845,Mario Nawfal,,
D5846,Bruce Wright,,
D5847,ghizi,,
D5848,sceptic,,
D5849,opinion,,
D5850,Robert Kurdek,,
D5851,Subrayado,,
D5852,Entérate Cali - Noticias Cali,,
D5853,Kaelan Dorr,,
D5854,RichardThynne,,
D5855,David🌟Nguyen Wonderful Future World,,
D5856,cgedg,,
D5857,Brendan Gutenschwager,,
D5858,Chief Nerd,,
D5859,Bliobleheris,,
D5860,Just An Avg Guy Invictus Maneo,,
D5861,Sir Doge of the Coin ⚔️,,
D5862,Wolf Who Stands,,
D5863,Finance Wiki,,
D5864,Talent blasters,,
D5865,Snapping1Turtle,,
D5866,Madame to you,,
D5867,JJ,,
D5868,Issac Abraham,,
D5869,Billy M,,
D5870,HawaiiANon,,
D5871,Sharon,,
D5872,Jimmy G,,
D5873,,,
D5874,ZXRRSTEVE,,
D5875,bobs,,
D5876,Duncan McLean,,
D5877,Bobbie Flowers,,
D5878,Tim Nelson,,
D5879,nʞᴉu,,
D5880,slaw,,
D5881,Ruben Garcia,,
D5882,Human☮🇺🇸🇺🇦🇺🇸🌊,,
D5883,Bluecaribe,,
D5884,Patria61,,
D5885,The Washington Post,,
D5886,MrTaterhead,,
D5887,VOTE 2020,,
D5888,Debby Kirby,,
D5889,Darryl Reese,,
D5890,☧ Truth_Talker ☦︎︎ 🇺🇸🐊,,
D5891,Mayor of ToX™️,,
D5892,Kirk,,
D5893,Ruthy,,
D5894,LogicOnly,,
D5895,The Based Harbor Butcher,,
D5896,Crump🎈,,
D5897,Aidan,,
D5898,Proud CO Patriot 🦅Conservative 🇺🇲🇺🇲 MAGA,,
D5899,LiveLife 🇺🇸,,
D5900,Neal Williams,,
D5901,Roe Jiden,,
D5902,Sneak Nurse,,
D5903,Bojanglesbojangles,,
D5904,Rah Rah,,
D5905,GreatQuake,,
D5906,Judy White,,
D5907,The Sardonic Patriot,,
D5908,David Read,,
D5909,Lee Shelton,,
D5910,t,,
D5911,Adam Schiffylus,,
D5912,Omoola,,
D5913,Lesiba Sebothoma,,
D5914,Rafael Santiago,,
D5915,jan,,
D5916,Kathy Lindsey,,
D5917,Janet the Writer,,
D5918,John Tibbs,,
D5919,BeerMe909🍻,,
D5920,Michelle Braun,,
D5921,Penny Calls a Lid 🇺🇸🇮🇹,,
D5922,GerritGeraghty,,
D5923,Dave 🦕🇵🇸,,
D5924,"Stephen A. Boyd, Ph.D.",,
D5925,Valerie O,,
D5926,Justin The Patriot,,
D5927,My Dad's Son,,
D5928,ME Action Now,,
D5929,HuffPost Ent,,
D5930,smm,,
D5931,meri🌻,,
D5932,lizlizardbreath,,
D5933,Nancy Lund,,
D5934,Patriotic Phenom,,
D5935,Laura,,
D5936,Insert Whiskey,,
D5937,Benjamino,,
D5938,Working toward a Better Future for All!,,
D5939,HuffPost Politics,,
D5940,GMJ1971,,
D5941,Robert L. Peters,,
D5942,Andrew Kortright,,
D5943,I_Speak_For_All,,
D5944,Immolate,,
D5945,Randi White,,
D5946,QuoteDigger,,
D5947,Fifty Days,,
D5948,Kim C,,
D5949,Jackie Sloane,,
D5950,Frank Oppong,,
D5951,Jim Beau7,,
D5952,Remy Michaels,,
D5953,Caressa,,
D5954,Timjbo 🇦🇺,,
D5955,General™️,,
D5956,Steven Kennedy,,
D5957,waqas,,
D5958,Granny Still Rocks,,
D5959,Sleepysb,,
D5960,JDVFLFedUpJewess,,
D5961,Jorge Dominguez Beltrán,,
D5962,Ethan Park,,
D5963,Bradley D ✝️,,
D5964,john@utd 🇬🇧🌊💙🇺🇦,,
D5965,Tom Navarro,,
D5966,"Dr. Gennadi Glinsky, MD, Ph.D.",,
D5967,Diana,,
D5968,David Dell,,
D5969,William Jennings,,
D5970,Margi,,
D5971,David Munoz,,
D5972,WayneOfPayne,,
D5973,Kitty,,
D5974,R. Shantz/Robinson,,
D5975,Fools Lightly,,
D5976,Cameron Franklin,,
D5977,Linda🇺🇸,,
D5978,AmericanProud,,
D5979,William Ringo,,
D5980,JLM,,
D5981,O Pacheco,,
D5982,BM,,
D5983,Patty Wolfe,,
D5984,BITCOIN • DATA • HEALTH ™️,,
D5985,Ethanol29Oilers,,
D5986,Mary Sadler,,
D5987,anouk,,
D5988,@natalie_1788,,
D5989,Herb Scribner,,
D5990,nedsed,,
D5991,Suppressed News.,,
D5992,ALigi,,
D5993,Silent A Productions,,
D5994,yosoylaluz,,
D5995,EL NORTE,,
D5996,Rep. Elise Stefanik,,
D5997,Lord Aughenbaugh 👸,,
D5998,Derick T,,
D5999,Brian Bishop,,
D6000,JeanSand - Just Keeping It Real,,
D6001,AloePlantMastero,,
D6002,Tade Minera Corzo,,
D6003,Rob Carl,,
D6004,Nikol,,
D6005,K,,
D6006,Brian Kelly,,
D6007,Monica McQuinn,,
D6008,Margarita Babayan,,
D6009,Ole Farmer,,
D6010,pacopaco Lopez,,
D6011,She B Right,,
D6012,JaM2,,
D6013,Slingshot News,,
D6014,Irrelevant Legend,,
D6015,Nick Flor 🥋+🇺🇸,,
D6016,DiMor~#PeaceThroughStrength #MAGA #MAHA,,
D6017,kinoti kaluma,,
D6018,Praxedes,,
D6019,Harris Sultan,,
D6020,Amy2u,,
D6021,🇺🇸American Woman🇺🇸,,
D6022,Mark Frascone,,
D6023,Eugene Kirari Rutaganda,,
D6024,Duphorn⭐️⭐️⭐️,,
D6025,Fucking Guy,,
D6026,Jackson 🇺🇸,,
D6027,Adam Wienieski,,
D6028,Randy DaLegend,,
D6029,Thomas Everhart 🇺🇸 🇺🇸,,
D6030,Mook,,
D6031,Cheese&Onions,,
D6032,Minnesotamaidin,,
D6033,Doc Galazkiewicz,,
D6034,Alpha News,,
D6035,Charles Dempewolf,,
D6036,Kris Vox,,
D6037,FreeThinkerAndMaga,,
D6038,daviss,,
D6039,"Ginsengaddict says pick Tim Walz, please",,
D6040,Tim B. Walz,,
D6041,DEI Executive Officer of America,,
D6042,Globe,,
D6043,@Metrogram.bsky.social,,
D6044,Nate 🇺🇸,,
D6045,Torey Van Oot,,
D6046,Silvija V. stands w Harris/Walz! 🇺🇸 🇱🇻 🌻,,
D6047,Bolts,,
D6048,507PatriotMN,,
D6049,FOX 9,,
D6050,MaryK,,
D6051,Gov. Tim Walz (Troll - Minneutopia),,
D6052,lil g,,
D6053,Iron Range Rocks and Cows,,
D6054,Governor Tim Walz,,
D6055,Gorlock the Destroyer,,
D6056,Black Moses,,
D6057,Walter1776,,
D6058,CrackinCrayPas,,
D6059,Carmz,,
D6060,Tim Walz' Sanpaku Eyes,,
D6061,Dr. Rube Lance,,
D6062,Bill Glahn,,
D6063,Sean Nienow,,
D6064,Jim R.,,
D6065,Tim Walz' School Shooter Friend,,
D6066,Boris Karlott,,
D6067,🇺🇸RED SHE SAID🇺🇸America First!🇺🇸,,
D6068,Nik Coop,,
D6069,Stigmabase | NORTH,,
D6070,West Central Tribune,,
D6071,Tim Walz drinks horse semen,,
D6072,Axadle,,
D6073,north dweller,,
D6074,aquarius,,
D6075,corky,,
D6076,Carl Spackler0,,
D6077,CF Politics,,
D6078,Joseph McElprang,,
D6079,🇺🇸THE Original Mr. Johnson 🇺🇲🐊,,
D6080,Mike Espo,,
D6081,Ross Fenner,,
D6082,whoknew,,
D6083,Walid Radwan,,
D6084,txpas,,
D6085,Ricky Wright,,
D6086,Craig Merriman,,
D6087,M Jørg,,
D6088,K. Martin,,
D6089,Susie🇺🇸,,
D6090,The real Nancy,,
D6091,🚩Jimmy anderson🚩🇺🇲,,
D6092,Dpete239,,
D6093,Sue Conn,,
D6094,Shaft Golf,,
D6095,Carl,,
D6096,Muggsy,,
D6097,SFuchs,,
D6098,The Dude Abides (Parody),,
D6099,American Heathen,,
D6100,jay3361,,
D6101,BFL,,
D6102,James Sanford,,
D6103,Jonathan Keller🇺🇸,,
D6104,Governor Bob Ferguson,,
D6105,jkdee26,,
D6106,Faith over Fear Trump 2024 or B4,,
D6107,"Hello, My Name Is",,
D6108,JAH,,
D6109,FedUpMomInMN,,
D6110,officer christ,,
D6111,JillJMusings,,
D6112,AmericanVenom The Prominent,,
D6113,Operation Chromedome,,
D6114,Theresa Sanders,,
D6115,NGK,,
D6116,Lifting Libertarian,,
D6117,Donald J. Trump 🌲🇺🇦🇹🇼🇱🇸 (PARODY),,
D6118,onremlop,,
D6119,Doug,,
D6120,Dar Hanson,,
D6121,tonyt82849692 #maga #Bitcoin,,
D6122,LEAHmemes,,
D6123,Jeff Hallett,,
D6124,Lazarus Antichrist,,
D6125,Farming_gal16version2,,
D6126,Hunter Bidens Laptop,,
D6127,5thGenMN,,
D6128,HildegardLee,,
D6129,Y G,,
D6130,Paulette Wilkins,,
D6131,lisapatrick,,
D6132,liz,,
D6133,Smokey,,
D6134,Airbag Moments hates everything,,
D6135,ThatJasonB,,
D6136,angelique anthony,,
D6137,An American,,
D6138,@kberg2020🇱🇷,,
D6139,Karen,,
D6140,🇺🇸Mr. MAK🇺🇸,,
D6141,Christopher Himsl,,
D6142,Stephen j. Olko,,
D6143,Don’t Tread On Me,,
D6144,Cori Jobman,,
D6145,lindseystrand,,
D6146,Walter Kovalenko,,
D6147,Rebecca Imsande,,
D6148,Judith Bruton,,
D6149,Bop,,
D6150,Trump Won “Again” Trump2028,,
D6151,Anna Marlowe,,
D6152,National Wind Watch,,
D6153,"Senator Steve Carlson, Trumpocrat",,
D6154,Buckshot,,
D6155,Hemingway’s Minneapolis,,
D6156,J | 9 days until YOU S5 🍉,,
D6157,ET Daria 🌹🧦 🇵🇸🇺🇦🇦🇲🇲🇲🇾🇪🇸🇩,,
D6158,Tim Walz is Mega Weird,,
D6159,Patty 🌻🇺🇸🌵,,
D6160,Paddywhack4547,,
D6161,LawEnforcementToday,,
D6162,Tyler Hackner 🇺🇦🇺🇦🇵🇸🇵🇸☮️☮️🟧🟧,,
D6163,Ray Anderson,,
D6164,ABC 6 News - KAAL TV,,
D6165,AJ Geezer,,
D6166,Professional Zoomer 🌹,,
D6167,Dan B,,
D6168,Aaron Isaacs,,
D6169,Kris Kranz,,
D6170,Marshmof,,
D6171,Brandon Rogers,,
D6172,s0phistry.bsky.social 🥥🌴,,
D6173,Wuhan Walz,,
D6174,Nancy Reynolds,,
D6175,Steven Gerard,,
D6176,Kellie L. Aldrich,,
D6177,True Patriot Voice,,
D6178,Terry McCarty,,
D6179,America’s Golden Age,,
D6180,Timothy Bellman,,
D6181,MsZucc,,
D6182,Reggie,,
D6183,Elena Schneider,,
D6184,Don Scartelli,,
D6185,Candace Gonzalez,,
D6186,Joann Floyd,,
D6187,Petrice Makinlaw,,
D6188,justinmango,,
D6189,dan wickham,,
D6190,Sheila Traughber,,
D6191,Doremus Jessup,,
D6192,Tim Walz pitchbot 🟧,,
D6193,Mo in Columbus OH Voting BLUE Harris Walz 2024,,
D6194,Jean Freestone,,
D6195,Big Swede,,
D6196,Rebecca Huber,,
D6197,Andy Aplikowski🍎 🐄 🎿,,
D6198,Para bellum,,
D6199,MrJimmy,,
D6200,Area Individual,,
D6201,CMSMC,,
D6202,Allthewayjumper 🇺🇸🪂,,
D6203,ASarcasticHyperbolicGuyFromMinnesota,,
D6204,Jesus is Coming 2024,,
D6205,Kevin McDonald,,
D6206,Joe McKenna,,
D6207,Jonald,,
D6208,Sandy Kay,,
D6209,Dicky McGeezak,,
D6210,ConspiraSeaGirl,,
D6211,KK Celeste,,
D6212,SafetyLine Lone Worker,,
D6213,"Sports , Politics , Race ,HipHop",,
D6214,Andrew Wagner,,
D6215,Elya,,
D6216,BATMAN 🇺🇸 🙏🤎🏒⛳️,,
D6217,Peter Callaghan,,
D6218,YoYoMa,,
D6219,XRPREKT,,
D6220,Dawn Westerberg 🇺🇸,,
D6221,Tru🇺🇸Patriot,,
D6222,CR NETWORK,,
D6223,Scott Conoryea,,
D6224,George Norris Stan,,
D6225,TerribleTimmy,,
D6226,Steven Kuhn,,
D6227,Dr. Bob,,
D6228,Barb Schommer,,
D6229,Dave B.,,
D6230,Tim Droogsma,,
D6231,Koda,,
D6232,robert snyder,,
D6233,Nunya,,
D6234,Steve Lentini,,
D6235,Bethanne Spires. Defender of Democracy 💙🇺🇲,,
D6236,My Pet Baboon,,
D6237,Dr. Dawn Wright + @deepseadawn.bsky.social 🇺🇦,,
D6238,Dr Katie Hall,,
D6239,Mary L,,
D6240,MN Republicans Northland Edition,,
D6241,Mr. Republican 🇺🇸🇻🇦,,
D6242,DJD,,
D6243,Ben Crump,,
D6244,Jeff Brinkman,,
D6245,john dragonball (real),,
D6246,Skål På Viskin,,
D6247,Michael M,,
D6248,RSH_Trader,,
D6249,Public Booking Engines Rip You Off!,,
D6250,LJR,,
D6251,Jeff Densmore,,
D6252,Mtheaded12,,
D6253,nice,,
D6254,Frank,,
D6255,AshCoinum.xyo,,
D6256,Alec,,
D6257,Midwest55912,,
D6258,Atom,,
D6259,Caroline Stacey,,
D6260,Brezhnev's Eyebrows,,
D6261,🌹Northshore Enthusiast🌹△🪶🌪️,,
D6262,spicytwix,,
D6263,Wayne Schultz,,
D6264,Gone Fishing 🎣,,
D6265,2-n's&2-t's,,
D6266,Cindy Bellrichard🥃,,
D6267,⚔️1 Viking Patriot 🇺🇸⚔️,,
D6268,NaNa Jackie,,
D6269,SheilaD,,
D6270,Brandon Aguillard,,
D6271,Nana_55,,
D6272,Masked Mirage,,
D6273,Tom Reed,,
D6274,jack stroker,,
D6275,Kim,,
D6276,Brian Kallio,,
D6277,GumbyDammit,,
D6278,Melkboer🚜🐄🚛,,
D6279,Shazam 🇺🇸 💙 Vote Kamala Harris -Tim Walz 2024,,
D6280,Michael Joseph Murray,,
D6281,The Gadfly,,
D6282,Dean Nunyo,,
D6283,Freddie Wins,,
D6284,PlumeriaMoon0514,,
D6285,Liz Cheney - 🇺🇦 (Democrat),,
D6286,Eric Henly,,
D6287,Ces,,
D6288,IKD,,
D6289,"Lee Ritz, MD (Ob/Vee/Us)",,
D6290,🇺🇸Rockin' My World,,
D6291,MinPinny,,
D6292,DeniseMG 🙏♥🤍💙🇺🇲🇧🇷,,
D6293,Stones On fire,,
D6294,Michael Zimmerli,,
D6295,Jerry Gladis,,
D6296,Big Boots,,
D6297,Rebellions_By_Candlelight 🇺🇸,,
D6298,whiskeytangofoxtrot,,
D6299,DH Richardson,,
D6300,Az,,
D6301,Noah Thomsen,,
D6302,ladyshootz,,
D6303,Scott Holzerland,,
D6304,spikemj8311,,
D6305,Tom Adler #GetMoneyOut #FDRDem,,
D6306,Mark L,,
D6307,chris grant,,
D6308,Crash Campbell 🪙,,
D6309,Big Bear,,
D6310,Koko,,
D6311,Weaponized Autism,,
D6312,Trashbandicoot,,
D6313,Scott Nelson,,
D6314,CNNonsense,,
D6315,Thomas Sheehey,,
D6316,Jeffrey Hulme,,
D6317,Terry glomski,,
D6318,Miliano Xolotli 🐢,,
D6319,All1sONE,,
D6320,blind squirrel,,
D6321,TRondo,,
D6322,WernerKlopek,,
D6323,J42766,,
D6324,31’s Tweets,,
D6325,Molly South,,
D6326,Rivka Leah,,
D6327,Ooey Kablooey,,
D6328,cottso,,
D6329,Elon Musty 🍉,,
D6330,GZ,,
D6331,Chris A. Robinson,,
D6332,Rosette🩵the halfbreed 🇺🇸,,
D6333,match,,
D6334,David Hogg 🟧,,
D6335,The Dude,,
D6336,Patty,,
D6337,Zippy,,
D6338,Arun Dev,,
D6339,jeanette mckay,,
D6340,American Woman,,
D6341,Calypsho,,
D6342,@kevinone2003,,
D6343,IsaMcC 🥀 CEASEFIRE NOW,,
D6344,Thee Eff Everything.⚖💛💜🪷,,
D6345,marley4142,,
D6346,Debra Strege,,
D6347,Wendy R. Anderson,,
D6348,Jesahn O,,
D6349,polkaqueen,,
D6350,Jeff777,,
D6351,Elisabeth Olson 🇺🇦,,
D6352,JBN RN,,
D6353,logan.,,
D6354,bed of whys,,
D6355,Dean Winchester🇺🇸,,
D6356,Jeffrey Becks,,
D6357,J in Florida 🇺🇲🦅,,
D6358,DJS,,
D6359,Goof,,
D6360,jb goode,,
D6361,jessica deweerth,,
D6362,John Birke,,
D6363,Chicago,,
D6364,Bernie Hesse,,
D6365,Ethan Lane,,
D6366,Maximinus Thrax (AKA Pundit Paranoia),,
D6367,Hester Prynne,,
D6368,Audrey Wauchope Lieberstein,,
D6369,KeepCalmandVOTE 🛹☮️ 🪁✌🏼,,
D6370,Vincent Frank,,
D6371,The Gen X Fact Checker,,
D6372,Ralf Landmesser,,
D6373,Gin,,
D6374,John L. Lucci,,
D6375,Claudia DeSimone,,
D6376,LivLaughLove,,
D6377,Dr. Cole #47Resister,,
D6378,Minnesota McMurphy,,
D6379,Tanner Pierce,,
D6380,Ribelle,,
D6381,Tim Gadsden,,
D6382,Lauri🇺🇸❤️✊️,,
D6383,Metta Force,,
D6384,CustodialFather in Texas,,
D6385,into life,,
D6386,universal cousin,,
D6387,DC,,
D6388,𐂂ƦƲƊЄ♕ƬӇƦƛƝƊƲƖԼ𐂂,,
D6389,JM Rogers,,
D6390,Eve Yearwood,,
D6391,Patrick Roan,,
D6392,Jose Ortal,,
D6393,nate,,
D6394,Jean-Noël,,
D6395,Not Woke,,
D6396,🦋🦎,,
D6397,Chance Wayne,,
D6398,Russell Dinkins,,
D6399,♻️ TJ ♻️,,
D6400,Carol Tekavec,,
D6401,Nicholas,,
D6402,HrrlBrrllyHrrjack the WASP Overlord,,
D6403,Stok,,
D6404,Mitchell Loch,,
D6405,Debbie Leslie,,
D6406,Snowcone❄️,,
D6407,SharonTaylor,,
D6408,RLeeinVA,,
D6409,TheMNGal-Tammy,,
D6410,Jules G,,
D6411,20Bigs,,
D6412,Marissa Peterson 🦅,,
D6413,Allison for Democracy 🌴🥥🐱🐶🌸☮️🇺🇸,,
D6414,Tom Youngell,,
D6415,uOMi,,
D6416,Black Lives Matter 860 (Hartford CT) 🍉,,
D6417,George New,,
D6418,Monica 🇺🇸🗽💙🌊🇮🇹🇲🇽,,
D6419,David Marquardt,,
D6420,Dreams of a Cabin by the Lake 💙🌊🇺🇸,,
D6421,Floyd Midler,,
D6422,Nancy Dahl,,
D6423,Steve Lewis,,
D6424,Tim Griffin,,
D6425,Misty,,
D6426,Dave Thul,,
D6427,Chad Moen,,
D6428,Roo,,
D6429,Jim of Pennsyltucky,,
D6430,One Million Experts,,
D6431,"SteveSherwood, should I not be in this group chat?",,
D6432,InFreedomITrust,,
D6433,Stan J. Leino.,,
D6434,Crews’n🇺🇸✝️,,
D6435,Wizards_Lady-AntiFa🦠🪳,,
D6436,Neil Misra for State Rep.,,
D6437,Adam Gantz,,
D6438,NealWiser,,
D6439,JGaraf,,
D6440,KittenClawsandCatnip 🍌📟🐈‍⬛🧡,,
D6441,Johnny Utah,,
D6442,kamala2024 brat 🇺🇲🦅,,
D6443,Neil Misra (N.H.),,
D6444,elizabeth,,
D6445,Cary Stone,,
D6446,StPaulsilver,,
D6447,Alyssa Everett 🐉🥥🌴,,
D6448,Harry Morant,,
D6449,Sue dennis,,
D6450,Carl Wagner 🇺🇸,,
D6451,Nathaniel Hawthorne's Ghost,,
D6452,Jami,,
D6453,DreamWeaver,,
D6454,Willy,,
D6455,MnMike,,
D6456,Rich Smith,,
D6457,Tom P,,
D6458,Change,,
D6459,my2dogs,,
D6460,Melech.,,
D6461,NANCY OSHEA 🇺🇸 🇺🇦 🌈👩‍⚖️,,
D6462,Bass Windu,,
D6463,"CooktKitten (defund bike lanes, Tim's cat)",,
D6464,Julian Roô,,
D6465,Djv,,
D6466,FDR Wallace Dem 🌹✊🏾🏳️‍🌈🇵🇸,,
D6467,DanaBlankenhorn,,
D6468,Roseblite,,
D6469,Alex Ross,,
D6470,TRUMP IS A PIECE OF SHIT!!! 💩CEASEFIRE,,
D6471,@rickrollrumble.xyz on BlueSky,,
D6472,Marisa #UnionStrong🏴‍☠️✨,,
D6473,Normal,,
D6474,Todd,,
D6475,Renee Lascala,,
D6476,Liss J Schmidt,,
D6477,Rebecca Lassie Veralice,,
D6478,🤷🏻‍♀️,,
D6479,P🔆seidon🇵🇸,,
D6480,just jennifer,,
D6481,Nom Chompsky,,
D6482,Wolf of Wallstreet,,
D6483,Jordan 🥥🐝,,
D6484,Dayib,,
D6485,Sensei 🥋,,
D6486,🌷,,
D6487,FBP,,
D6488,Tess Malone,,
D6489,Paratrooper Brady™,,
D6490,joe miller,,
D6491,luciearl,,
D6492,JRock,,
D6493,Elon Altman,,
D6494,💕🌸Phyllis🌸💕💔,,
D6495,Wiz 🇺🇸,,
D6496,Ellsworth Cowcat III Esq.,,
D6497,Molly Ploofkins,,
D6498,TSD,,
D6499,Ezekiel Stern,,
D6500,Michele ✨,,
D6501,MissouriBluebird 💔,,
D6502,WEF Comedy Jam,,
D6503,Braaap_RoKker,,
D6504,Kelly lauritsen,,
D6505,Tweeting@ThemSoftly,,
D6506,mommy and daddy are fighting,,
D6507,Sara7795,,
D6508,However,,
D6509,Dean Krouse,,
D6510,Bonnie Rawson,,
D6511,Karen J,,
D6512,Steve Timmer 📷🇺🇦 🇵🇸 🇱🇧,,
D6513,Pellie J,,
D6514,James Mielke 💀 @milkman.bsky.social,,
D6515,Interstellar Dweller,,
D6516,Meg Polk,,
D6517,Mr.Lucky_130 🍀,,
D6518,Connoisseur of Fine Internets,,
D6519,Santa Claus,,
D6520,mickde,,
D6521,KimmyAnne (swtdreams1007 on blsk),,
D6522,Art Vandelay,,
D6523,james50eric2005@gmail.com,,
D6524,Dom sal,,
D6525,Blue Bee,,
D6526,Jeifri Beltre,,
D6527,Irene,,
D6528,Mark Hutcheson,,
D6529,laissez claire,,
D6530,🇺🇸🇺🇸 AMERICA’S BACK🇺🇸🇺🇸,,
D6531,DOGE SuperFan,,
D6532,liberal logic (parody),,
D6533,ClassicFilm,,
D6534,🇨🇦Christy🇺🇸,,
D6535,TheFavorite,,
D6536,Evermint 🏳️‍🌈🇺🇸,,
D6537,Hippiebear,,
D6538,ruth,,
D6539,DP Panthers,,
D6540,logen,,
D6541,Rex Boykin,,
D6542,AJ McDavid,,
D6543,The Primitive,,
D6544,Piss,,
D6545,Carolyn Stanley,,
D6546,Tyler Wilson,,
D6547,Darla,,
D6548,Billz,,
D6549,Sharpe Lewis,,
D6550,STΣVΣ W₳LSH,,
D6551,flynnde,,
D6552,NotAFollower,,
D6553,ProudPatriotUS🇺🇲,,
D6554,Israel Cruz 4 Pennsylvania Governor,,
D6555,detour 66,,
D6556,BB,,
D6557,Joshua Hartley,,
D6558,Lindsay Barton #NAFO,,
D6559,EMPIntelligenceNet©,,
D6560,EnthusiasticallyBored,,
D6561,Alistar,,
D6562,RacerX507,,
D6563,🇧🇷Paulo Gonzales,,
D6564,Boerboel,,
D6565,Patriot Vibes,,
D6566,Lovable_Adversary,,
D6567,wolfv,,
D6568,Levi Beaird,,
D6569,Barry Gabrewski 🇺🇲,,
D6570,Ryan,,
D6571,Constantine,,
D6572,jpll,,
D6573,FIFI,,
D6574,Live Strong,,
D6575,Robert Tilley,,
D6576,Spitfire,,
D6577,Jed Clampit,,
D6578,UltraMAGA King Dr Car Guy,,
D6579,Delta Lima,,
D6580,Chris Scott,,
D6581,Heather Thomas,,
D6582,saltySusana,,
D6583,ShogunAssassin,,
D6584,"Egberto Willies, Politics Done Right host 🇺🇲🇵🇦",,
D6585,commonsenseMD,,
D6586,Lacey Allerson 🇺🇸,,
D6587,Simian Wrench (The sarcasm is made with 80% recyc),,
D6588,Keeping it Real,,
D6589,Gregstradamus,,
D6590,Karen Tench,,
D6591,Mama,,
D6592,Kent Holland,,
D6593,Misha Tarasenko,,
D6594,Stumbling to Nineveh,,
D6595,❤️‍🩹 Ms.Outlaw '💋,,
D6596,Facts and Truth Seeker,,
D6597,NPC_Identifier,,
D6598,P0liticalN3rd,,
D6599,cole didonato,,
D6600,Paris Alexander,,
D6601,David Burks; 데이비드 벅스; デビッド・バークス; 大卫·伯克斯,,
D6602,C C,,
D6603,GNJ39110,,
D6604,Latina USA 🇨🇺🇺🇸🇻🇪,,
D6605,John Fitzgerald,,
D6606,Oh Geez Louise,,
D6607,Zack Stewart 🇺🇸,,
D6608,C. Lane,,
D6609,💙 Dr. MemeNstein votes 💙 BLUE 🇺🇸🦅,,
D6610,The Nighttime Diplomatist,,
D6611,Citizen Blue 🇺🇸 🇺🇦,,
D6612,Burne Garth,,
D6613,BLUE and BLONDE,,
D6614,Jerry Price,,
D6615,WhatDoIKnow! 🇺🇸🇪🇨🇺🇦🇮🇱,,
D6616,Cash Loren,,
D6617,I Came; I Saw; I Got Over Macho Grande,,
D6618,AloeWhale,,
D6619,Steven Decker,,
D6620,CB—,,
D6621,Lisa B Southern Lady,,
D6622,Needles,,
D6623,Bohica,,
D6624,Cleopatra,,
D6625,Mike Foley,,
D6626,🗽Sharon 🌻 a_nhdoglover ⚖️🕊,,
D6627,Amanda🇺🇸🤝🏻🇺🇦🦅,,
D6628,TheBean,,
D6629,ModelMeow,,
D6630,Mockingbird,,
D6631,Pamela M Jones 🇺🇸✝️,,
D6632,Greg goes wild,,
D6633,larry duncan,,
D6634,Matt Kavanagh,,
D6635,Pam Berg,,
D6636,Deanna Hodson,,
D6637,Wise,,
D6638,saddy mayonnaise,,
D6639,Boyd Linhart,,
D6640,Make America Sane Again 🇺🇸,,
D6641,mike W,,
D6642,MeidasTouch,,
D6643,...,,
D6644,Chris 🥥🌴💃🏼💚🇺🇸,,
D6645,scott immordino,,
D6646,Robert Douglas,,
D6647,Eric Russell 🦬,,
D6648,pj082323,,
D6649,JenNJuice,,
D6650,Kicknitnaz2,,
D6651,Gary Scheib,,
D6652,Grizzly.,,
D6653,Connie Fanelli,,
D6654,"Skippy Baird,",,
D6655,Alltime,,
D6656,Patrick Wallace Ebertz,,
D6657,RyRyEberhart,,
D6658,Zachary Bewley,,
D6659,Mike .A. Davids( The Lord is Here),,
D6660,James Wade,,
D6661,doug mycko,,
D6662,Jon Veitch,,
D6663,terry k.,,
D6664,Billy,,
D6665,Fights4TheUsers,,
D6666,I hate Elon-noise not sees,,
D6667,twippx,,
D6668,Kit Olson,,
D6669,🇨🇦 Jay MacDonald 🇨🇦,,
D6670,Birddog,,
D6671,Patrick Henry,,
D6672,Joshin,,
D6673,Gerat Justa 🏹🏹🏹,,
D6674,The Utopitarian,,
D6675,Edward Fox,,
D6676,Man 6,,
D6677,Don Frontotemporal Dementia,,
D6678,MAGA2024,,
D6679,Robert R.,,
D6680,Maxamus Sarcasticus,,
D6681,LadyWhistleDown,,
D6682,just so you know,,
D6683,:),,
D6684,Nicholas Grapsas,,
D6685,Baseline14,,
D6686,X - JakoAndrew,,
D6687,CoogieBear,,
D6688,BC,,
D6689,bocacatlover,,
D6690,Ⓥ on Venus,,
D6691,asinancyc,,
D6692,Kevin Kyle is 👀 from 🇦🇺,,
D6693,Max Andrews,,
D6694,Dan Phillippi,,
D6695,We Are All Rebels Now,,
D6696,Don’t believe everything,,
D6697,Babbylou,,
D6698,TexasStong,,
D6699,R Lewis,,
D6700,Odds,,
D6701,abrama1,,
D6702,Jeremy McCartin 👍🏻,,
D6703,Zortan PR,,
D6704,Doctor,,
D6705,Nudge-Nudge Wink-Wink,,
D6706,Belvy Benjamin Button,,
D6707,tom brennan,,
D6708,lovelybbong,,
D6709,NEMO,,
D6710,Brian Goggin,,
D6711,SimpleJack_Trader,,
D6712,Zandra Millien,,
D6713,David L. Goldberg,,
D6714,Troy Kuhn,,
D6715,The Big Chubby,,
D6716,Timothy Terbay. Daddy maker.,,
D6717,Spears Mullen,,
D6718,ronald lane,,
D6719,Jeff Christenson,,
D6720,Are you helping,,
D6721,Brighid,,
D6722,J.L.,,
D6723,Georgina dellaPorta,,
D6724,Karon Villaverde,,
D6725,Shaker2,,
D6726,Tony D,,
D6727,jasonsthoughts,,
D6728,Mike Whitefield,,
D6729,Audit Washington DC,,
D6730,MAGA Elvis 🇺🇸,,
D6731,L͎i͎q͎u͎i͎D͎💧,,
D6732,Arch621,,
D6733,Amy Raines,,
D6734,Rob Harding,,
D6735,Jpratte 🇺🇸🇺🇸,,
D6736,Too Big to Rig (TRUMP 2024),,
D6737,Fred Nyc,,
D6738,James Whittom,,
D6739,Rambling Al,,
D6740,Joseph Warren,,
D6741,Aphrodite,,
D6742,Christine M,,
D6743,Dummydonald,,
D6744,Paul Gosal,,
D6745,Carolynthechef,,
D6746,JedLogic,,
D6747,Stella’s Ladrido 🐾 🦴🐾,,
D6748,Josh '𝓣𝓱𝓮 𝓝𝓸𝓽𝓸𝓻𝓲𝓸𝓾𝓼 𝓙𝓟𝓖 ' Gray 🌵,,
D6749,Nancy Hicks 🟧 🟦,,
D6750,"Meowdy, Y'all",,
D6751,Haleysleuthwho,,
D6752,🏳️‍🌈NEVER~tRump🇺🇸,,
D6753,psionics,,
D6754,Andrea 🇺🇸,,
D6755,𝑪𝒂𝒏𝒅𝒊𝒄𝒆 𝑨𝒏𝒅𝒆𝒓𝒔𝒐𝒏,,
D6756,catrescue,,
D6757,Peter Schweizer,,
D6758,Sons of Issachar,,
D6759,Karl,,
D6760,PhilliesCHAMPS80,,
D6761,DougJBalloon,,
D6762,Notable Exception,,
D6763,WFLA NEWS,,
D6764,Rick have gun will travel,,
D6765,Phil Maness,,
D6766,Raven Song Farm 🏳️‍🌈 🏳️‍⚧️🇺🇦🇺🇸,,
D6767,AnnieTheRunner,,
D6768,leftists are cowardly panicans,,
D6769,DogFart,,
D6770,Motty Grun 🇺🇸🎗️,,
D6771,SSThunder98,,
D6772,Sue,,
D6773,bigben,,
D6774,Barbara M,,
D6775,kristopher convissar,,
D6776,LVH Harrow,,
D6777,Brewtus’ Dad,,
D6778,juicy smolhatz,,
D6779,Marijan,,
D6780,Eagleman267,,
D6781,Brine,,
D6782,GBfromPartsUnknown,,
D6783,Never Smoked Hope,,
D6784,José Freitas,,
D6785,Debbie,,
D6786,NeverTrump@biden2020,,
D6787,schmilly,,
D6788,Bonnie,,
D6789,Cathie Hall,,
D6790,Joni Job,,
D6791,ak1950,,
D6792,Paramom🇺🇸,,
D6793,Rose Gardener,,
D6794,Dylan Compton,,
D6795,Gregory Ross,,
D6796,Ann Rose Thomas …silence is complicity…,,
D6797,Yassamin Ansari,,
D6798,Wm. Brady🇺🇸🇮🇱🇮🇪,,
D6799,Dom Dur,,
D6800,Karan Dixon 🇺🇸 Arkansas 🇺🇦 Slava Ukraine 🇺🇦,,
D6801,Money N Vision🟥🟧🗽🌆🌳🌞,,
D6802,Florida Man 🐊,,
D6803,Shelley,,
D6804,Lisa 🗳 Vote 2026 🌊🌻♿,,
D6805,Kendu_Vision Astrology,,
D6806,Kat Granz 🇺🇸 🧵non X payor,,
D6807,StopBeingSheep,,
D6808,🇺🇸James in🍑SW🍑GA🇺🇸🕊️🇮🇱Go🏈Noles!🍢🕊️☯️🥋,,
D6809,parrishd,,
D6810,ccmccormick811,,
D6811,Nubbins,,
D6812,Dr. Turnleftundkoff,,
D6813,Angie Chambers,,
D6814,Patriot Boss 🇺🇸🤘🏼,,
D6815,X-Ray Cat,,
D6816,Nuke Laloosh,,
D6817,🇺🇸🇺🇸55🇺🇸🇺🇸,,
D6818,ATLien Patriot 🇺🇸,,
D6819,JUJU,,
D6820,Old Seattle,,
D6821,BurnCoal2,,
D6822,Truth In Motion,,
D6823,Virginia Dentata,,
D6824,Jim Mayer,,
D6825,SaintNorth12,,
D6826,NoLongerSupportTrump,,
D6827,Jim Goodloe,,
D6828,SUSAN HODDER,,
D6829,Watchman,,
D6830,habbernack,,
D6831,Cathy Kitterle Stands with Ukraine,,
D6832,KAGDUDE,,
D6833,Robert Spencer,,
D6834,gskrptr_b,,
D6835,bigwhitelunchbox,,
D6836,⚘🍊🇺🇸🐳 Stop NJ Overreach,,
D6837,First Lady of Frontierland,,
D6838,Drivernator,,
D6839,Armchair QB1,,
D6840,Robert Dziezynski,,
D6841,Just right enough,,
D6842,monticellos child,,
D6843,Kelle Goracke,,
D6844,realDavidLee 𝕏,,
D6845,Sandy Kroll,,
D6846,Dimitri,,
D6847,Sgaud,,
D6848,Brenda,,
D6849,Payfwd,,
D6850,Guinea Pig Jesus,,
D6851,Ellen M. Perrault,,
D6852,Erin Dustin,,
D6853,frontrowseats,,
D6854,Oregon E𝕏posed,,
D6855,Ken Walkling,,
D6856,"God-zilla is king, MAGA, Trump Vance 2024",,
D6857,MamaMia408,,
D6858,Benny Sinclare,,
D6859,No human being is illegal ❤️,,
D6860,DarkKnight27,,
D6861,what's the deal,,
D6862,charlesknutson,,
D6863,Tony Shaffer,,
D6864,Gene McArthur,,
D6865,Jawny Reb 🍺,,
D6866,John Straub,,
D6867,DoTellMichelle,,
D6868,Kenneth Everett Williams ☮️🇺🇦,,
D6869,Kyle Phoenix ✝️🙏⚔️🇺🇸🇮🇱,,
D6870,TRUMPISKING,,
D6871,Paul Wiggins 🍺,,
D6872,Go to czarshaw.bsky.social,,
D6873,Jethalal,,
D6874,tasMAGADonian,,
D6875,Gerty,,
D6876,Defend the Truth and Defeat the Lies,,
D6877,Oliver John,,
D6878,✨Justice Girl ✨,,
D6879,Jack Miceli,,
D6880,💜☮️🌻Jaynell,,
D6881,Del Meath,,
D6882,Tick Magnet,,
D6883,DToro,,
D6884,Taz,,
D6885,Wavy D🇺🇸🦅✊🏾,,
D6886,JOHN YOUNG - US NAVY - Ret. #MAGA!,,
D6887,GoldadorMom🐾🐾,,
D6888,MrMeme,,
D6889,Sandra Deere,,
D6890,CliffordPeache,,
D6891,Barbara Riley,,
D6892,Sam410,,
D6893,bruiser78,,
D6894,Talon2Texas,,
D6895,sassylily,,
D6896,KevB 🇺🇸,,
D6897,MissKitty,,
D6898,Damo Vdk,,
D6899,Dalton Harris,,
D6900,Tim Bates,,
D6901,Steven Noyes,,
D6902,🇺🇸 #IAmTheNRA Rosenblum,,
D6903,Translation Goat,,
D6904,James Douglas Morrison,,
D6905,rachetgear,,
D6906,Bert,,
D6907,Liberty and Justice for All,,
D6908,Justice4theunborn,,
D6909,monkey man,,
D6910,vulpes grumpes,,
D6911,🏴‍☠️ False Flag 🏴‍☠️,,
D6912,Deniese,,
D6913,TheNakedTruthReport,,
D6914,THE MIRROR OF TRUTH,,
D6915,Kelly Doll 😡⚧✊🏼📢🗽⚖️,,
D6916,blacklabsRbest,,
D6917,TheEducator,,
D6918,Devil's Advocate,,
D6919,Questions?,,
D6920,Stephanie S.,,
D6921,Rosie,,
D6922,steve peck,,
D6923,Barbara 💐,,
D6924,Meera’s Bubbie,,
D6925,American Patriot Voice,,
D6926,Sidharth Saha,,
D6927,NATShan RESIST 🇺🇸,,
D6928,Tim Turner,,
D6929,Rich Garza,,
D6930,Steven Carp,,
D6931,Josey Wang,,
D6932,Dave Fox,,
D6933,evie1015,,
D6934,SpeedGibson,,
D6935,Deborah Gibson,,
D6936,Cochise County Democratic Party,,
D6937,THEE Kimberly Taylor 💛 🐝,,
D6938,Lana Haight,,
D6939,Spam,,
D6940,KeyReal,,
D6941,Thomas Polizzi Sr,,
D6942,Patriot Girl 🇺🇸♥️🇺🇸🤍🇺🇸💙,,
D6943,Norm Detels,,
D6944,Peter Ferguson,,
D6945,DB Cooper,,
D6946,BMan,,
D6947,bbstacker - 🇺🇸,,
D6948,Anne Ludlow,,
D6949,Scot Jean,,
D6950,Andy Cohen ☮️,,
D6951,The Welch,,
D6952,Dean in Waukesha ✝🇺🇸🇵🇬🇮🇱🇺🇦🇹🇼,,
D6953,Quinn Proquo 🐀 Parody noted as required,,
D6954,"No, I’m not hitting on U ☮️🇺🇦 🌈 NOLISTS🦨🌻🇺🇸",,
D6955,AZ NATIVE,,
D6956,Corrupt_Politicians_Everywhere,,
D6957,Tec-9,,
D6958,kastfan1,,
D6959,American_Trooper🇺🇲,,
D6960,told you so 🤷,,
D6961,Jamal Gurhan ✡️✝️☪️,,
D6962,"Mr. Snow, The Real 𝕏 -Era",,
D6963,japiatek,,
D6964,Mike - Resist the Red Idiots 💖🏳️‍🌈🇺🇦⚾️🖕,,
D6965,June Bosworth🇺🇸🇺🇸🇺🇸,,
D6966,BourbonFreedomBills,,
D6967,JoAnn Pencek,,
D6968,paradise lost,,
D6969,Truth is Key,,
D6970,JRB ent,,
D6971,tabula rasa,,
D6972,Cigar Monkey,,
D6973,NowYouHaveDoneIt,,
D6974,yogi,,
D6975,"General Catton, soon warlord of former Seattle",,
D6976,AuntWheezie (Queen Consort),,
D6977,Terry R. Green,,
D6978,The Midwest Connect,,
D6979,Not_a_Fed_Jed | Fighting for MN,,
D6980,icandy,,
D6981,LindaC,,
D6982,Blake,,
D6983,FriedasMom7,,
D6984,FreddyK,,
D6985,MinnieS0da 🇺🇸,,
D6986,Prishpreed,,
D6987,Sandpot,,
D6988,Zugly747,,
D6989,Ëric's Åtta Hëre,,
D6990,47deekz,,
D6991,TX Dodge Dude,,
D6992,Nina,,
D6993,Tony Novak,,
D6994,Wadisloff,,
D6995,John Young,,
D6996,Wh1skerz,,
D6997,john nile updegraff,,
D6998,Britt $$,,
D6999,You Actually Typed That?,,
D7000,shannonwegscheid@mailfence.com,,
D7001,OG Blue Collar Bastard 2.0,,
D7002,NostraThomas Horvath,,
D7003,Joey Hann,,
D7004,DebW,,
D7005,The Rogue Politico,,
D7006,MAGA Dubz 47,,
D7007,Gary Wybenga,,
D7008,Zach man,,
D7009,Earle Smith,,
D7010,G in the Lou $8,,
D7011,John Moore,,
D7012,KETR,,
D7013,Queenbink,,
D7014,Rob Pierce,,
D7015,Miss_Nyra,,
D7016,TwijfelBewaren!,,
D7017,bleep,,
D7018,The Feminist Misogynist,,
D7019,joy,,
D7020,Monty's Garden,,
D7021,KA3L,,
D7022,Juneaudave,,
D7023,DKExpat,,
D7024,KAL,,
D7025,I Memnoch,,
D7026,Wendy Bitzan,,
D7027,Persto,,
D7028,Sir Walter,,
D7029,Nick karas,,
D7030,🇺🇲 Grey Cat Tweet 🇺🇲,,
D7031,todd green,,
D7032,Frank Castillo,,
D7033,Missie🐝Me,,
D7034,Pedroroadrunner,,
D7035,Lonestarusmc,,
D7036,roxymusic46@gmail.com,,
D7037,Linda Moline,,
D7038,kenzo,,
D7039,Jedi Master Phallic,,
D7040,MLL,,
D7041,Les Grossman,,
D7042,Dedee,,
D7043,tucsonscorruptleadership.com,,
D7044,FiddleKnits 💙🗳💙,,
D7045,James Turpen,,
D7046,pablo escobar,,
D7047,#Trump2024 #MAGA 45 & 47,,
D7048,Taylor,,
D7049,PA Sports Fan,,
D7050,Jerron Carlson,,
D7051,FAFFRN,,
D7052,Irish Tiger 224,,
D7053,L.R.,,
D7054,🔫 4th Estate is a 5th Column ☮️,,
D7055,Becky Yeager,,
D7056,Jeff Ross,,
D7057,Shaheen Khurana,,
D7058,Constitutional_Republican🇺🇸,,
D7059,Ann Marie,,
D7060,RA,,
D7061,das Framke 🇺🇸,,
D7062,Chuck Soltys,,
D7063,Texas proud 🇺🇸,,
D7064,Gordon Shumway,,
D7065,VinoVeritas1985,,
D7066,✨ MoneeMadeMeDoIt ✨,,
D7067,TexasSpartan,,
D7068,Leonard Roxon,,
D7069,DEBRA HOLMES,,
D7070,570TiKi,,
D7071,Conservative 138,,
D7072,Layla loves America 🇺🇸🍊 🇺🇸,,
D7073,Annette Ross,,
D7074,hallandnash96,,
D7075,Earl,,
D7076,LINK give me the link please Project-B,,
D7077,Pat 🐝,,
D7078,Dave Mason,,
D7079,Liz Sisk,,
D7080,Jim O’Rourke,,
D7081,Kathy Akers,,
D7082,OFFICIALTRIGASHES,,
D7083,Jennifer Bell #LetsMeetInTheMiddle,,
D7084,John Solomon,,
D7085,Just the News,,
D7086,Cato,,
D7087,InventorBLADES,,
D7088,【正義の虎™ 】Ken D. Blackwell (◯),,
D7089,RRhae🇺🇸 I DISSENT🦅🫘,,
D7090,pizzmoe™,,
D7091,Marvin Bulas,,
D7092,GingerSpice❄️💙,,
D7093,not_havinit,,
D7094,John Theobald,,
D7095,moyeti,,
D7096,roberto bonacors,,
D7097,getwrecked,,
D7098,TRUMP TRUTHS TRUMP IS RIGHT ABOUT EVERYTHING!,,
D7099,lambo200530,,
D7100,Karen Coombs,,
D7101,Maureen,,
D7102,Glock Barbie 45 🇺🇸,,
D7103,Don RLX 🟧 🇺🇲🏴󠁧󠁢󠁳󠁣󠁴󠁿,,
D7104,Cynthia Skuce,,
D7105,King Trump 🇺🇸,,
D7106,Snapshots & Soundbites,,
D7107,Dieter Söngen 🇪🇺🇮🇱🇺🇦,,
D7108,CaptainGiggleFarts,,
D7109,Abby Rosenberg,,
D7110,Marjorie Trailer Greene,,
D7111,Thomas G.,,
D7112,Rick Blevins,,
D7113,Carrie Gee,,
D7114,Rebelcat,,
D7115,Brian BOIL,,
D7116,Eddie B 🇨🇦🇮🇪🇺🇸🥥🌴,,
D7117,Lazy Alligator,,
D7118,Rheva Acevedo,,
D7119,Rosehead,,
D7120,YouDontKnowMe,,
D7121,Spiny_Norman,,
D7122,Akuila Yabaki - Jnr,,
D7123,dash,,
D7124,Drill Dog,,
D7125,Bfish,,
D7126,Paul Revere,,
D7127,TheHammer,,
D7128,𝕷𝖎𝖋𝖊 𝕰𝖓𝖏𝖔𝖞𝖊𝖗 🇺🇸🍺🐎🚜🌽🐄🤠,,
D7129,Brandi 🇺🇸,,
D7130,Mysteriescrimes,,
D7131,"""Doctor"" Mags McBruin",,
D7132,holy father himself,,
D7133,MamaMaximus,,
D7134,DFG,,
D7135,Chris Wilson,,
D7136,Max Spooky,,
D7137,Arthur McNamee,,
D7138,Blue no matter who!,,
D7139,Bluntimus Prime,,
D7140,Little Richarf,,
D7141,Ocir,,
D7142,Bowwitz Von Klowwitz,,
D7143,Sword of the LORD,,
D7144,Kenny Powers🇺🇸,,
D7145,Ned Flanders is punk rock,,
D7146,Dr. Martha Pocan,,
D7147,Christine,,
D7148,Jimmy Revelates,,
D7149,Dave Durham,,
D7150,John Durbin,,
D7151,Vishal says Mafia Must Go,,
D7152,The Minnesota Star Tribune,,
D7153,Thomas Jay 🇺🇸,,
D7154,Em 🇺🇸🇺🇸,,
D7155,Sour Sooie,,
D7156,PoliticalArmy,,
D7157,Granny,,
D7158,ShamrockButterfly,,
D7159,RedGirls,,
D7160,Jude,,
D7161,John Gunther,,
D7162,Irishrose,,
D7163,berger24,,
D7164,JaseTheAceApe,,
D7165,Diesel TwinTurbo,,
D7166,Joe Concha,,
D7167,LovelyLauren,,
D7168,S David Sultzer,,
D7169,Gina Pressley,,
D7170,Wolf of AYCE,,
D7171,SKAFREGBEAT70,,
D7172,JUSTICE IS COMING ...🇺🇸🍊,,
D7173,rencar_10,,
D7174,David ⚾️,,
D7175,Traci Parker,,
D7176,The Big Bobulinsky 🏌️🇺🇸,,
D7177,Carmen Holmes,,
D7178,David326,,
D7179,DR RnR MT,,
D7180,Roller Coaster,,
D7181,Tweedyboy57,,
D7182,DC_Pat,,
D7183,taf,,
D7184,Mark Goodson,,
D7185,Greg Peter,,
D7186,Sharon Fogal,,
D7187,Bobby Marshall,,
D7188,Nancy Biddinger,,
D7189,Mud,,
D7190,duane poole @ Duanepoole,,
D7191,Tim Sharp 🍊 🍊 🇺🇸,,
D7192,t r allen,,
D7193,Annamaria,,
D7194,Bibster,,
D7195,Ultra Padrino 🇺🇸,,
D7196,Willow,,
D7197,TakeIt,,
D7198,RUawake,,
D7199,"Vote Blue, Bleed Green ☘️",,
D7200,Duffthis!,,
D7201,Bee Girl,,
D7202,tincanman,,
D7203,Cenia Montero,,
D7204,D Lenon,,
D7205,🇺🇸 Big Al On The Prowl⭐️,,
D7206,RT and Bogie✌️🇺🇸 🦼,,
D7207,Daisy Hellofaday,,
D7208,Justice_Seeker,,
D7209,Deborah Spivey,,
D7210,Can You Believe,,
D7211,Crazy Jay,,
D7212,Godspeed,,
D7213,Gregorio du Mont 🇺🇸🇺🇦🇨🇦,,
D7214,SenatorStar,,
D7215,JDawg 🇺🇸,,
D7216,Twin Auditor,,
D7217,Jim Moretto,,
D7218,Barron Shipley,,
D7219,Chuck McGuigan,,
D7220,R Michael Crabtree,,
D7221,Submariner60🔱,,
D7222,Francisco d'Anconia 🇨🇮 🇺🇸,,
D7223,Richard Myles,,
D7224,DCrease,,
D7225,Trump Train. All Aboard!!,,
D7226,Bruce Davidson,,
D7227,Michele,,
D7228,Ladonna Shanks,,
D7229,A Ruthless,,
D7230,Ayanna Pressley,,
D7231,Defend Our Flag,,
D7232,Malati,,
D7233,ABC7 Eyewitness News,,
D7234,Joel Schamber,,
D7235,"Rodney K. Nickens Jr., J.D.🌴🥥",,
D7236,ToddB,,
D7237,The American Mom,,
D7238,airBart,,
D7239,Nicola,,
D7240,Joshua Shelton,,
D7241,Splady,,
D7242,Inf3rn00,,
D7243,Sydney Issacson,,
D7244,chore boy fred,,
D7245,Firearms Lawyer,,
D7246,Bwood,,
D7247,Artax,,
D7248,Lighten Up,,
D7249,GranTweets2,,
D7250,JoPublic,,
D7251,John Griggs Jr,,
D7252,Y’all TRIPPIN trippin,,
D7253,Robinteljon,,
D7254,SecretSquirrel1965,,
D7255,Elizabeth Roselle,,
D7256,Jdfire,,
D7257,James Kreger,,
D7258,Mr. Politico 🍎,,
D7259,MJ,,
D7260,WanderingGypsy,,
D7261,Jason Adams,,
D7262,cindi,,
D7263,Tommy,,
D7264,Sean Graf,,
D7265,PJ Steel,,
D7266,Paul The Apostle (Parody),,
D7267,MattWGraver,,
D7268,rpuma,,
D7269,Tyler Fitzgerald 🇺🇸🇺🇸🇺🇸🇺🇸,,
D7270,Carissa S.,,
D7271,WilMich 🇺🇸🎗,,
D7272,BOJANGLES,,
D7273,Jones County Dems,,
D7274,Virginia Project,,
D7275,McKean Taylor,,
D7276,Tim Potter,,
D7277,BlueDotCountry 🇺🇸 🦅,,
D7278,BrianTerry180,,
D7279,Rob B 1 🌻🌊 ✌,,
D7280,Audry,,
D7281,Scott James,,
D7282,SKILLET,,
D7283,Audrey.I,,
D7284,ATSV-Bro,,
D7285,SilenceDoGoodRedux,,
D7286,Joe Soderlund,,
D7287,Tom Sawyer,,
D7288,Alfonse Tobea,,
D7289,Politic Enthusiast,,
D7290,MIKΞ STAHL,,
D7291,🇺🇸MainStreetBoys🇺🇸,,
D7292,Vivianagrey7,,
D7293,Mike Mann,,
D7294,John Fugelsang (Parody),,
D7295,daddy_t🍊🍊,,
D7296,AZ Jedi,,
D7297,alsays.99,,
D7298,Bill Neumiller,,
D7299,Sandy Skeans,,
D7300,Doomaa,,
D7301,rerun,,
D7302,CatoTheElder556,,
D7303,roamin_empire,,
D7304,Mary thomason,,
D7305,BRIAN REMBISH,,
D7306,Rick Sherwood,,
D7307,Rob Castle,,
D7308,Lawrence Otto,,
D7309,SCC,,
D7310,#MakeCanadaGreatAgain-Sorry to offend Poilievre,,
D7311,JEFF TURNER,,
D7312,OlympicDane 🟧🇺🇲 🇩🇰,,
D7313,Jay SOreal,,
D7314,Jacob,,
D7315,cwilliams1113wy,,
D7316,Walt,,
D7317,BooMcSlim,,
D7318,lexaandclarke,,
D7319,Westerly1,,
D7320,Tye Solaris,,
D7321,Ketello59!,,
D7322,esmooth,,
D7323,Greg McCartney,,
D7324,Priests for Life,,
D7325,ArmyBrat68,,
D7326,John Michael Fay III,,
D7327,richard chalaire,,
D7328,Dargo Smith 🇺🇸,,
D7329,Budd,,
D7330,The Right Side,,
D7331,Peltola Stan 🌴🥥🇵🇱🇺🇦,,
D7332,Hollise Wood,,
D7333,OldLefty,,
D7334,Architect of Possibility • Digital Realmsmith,,
D7335,Proud Neanderthal,,
D7336,Teeflix Mart,,
D7337,Sig,,
D7338,Pima County Democratic Party,,
D7339,jaybakerAZ,,
D7340,Jim McGovern,,
D7341,chuckd_2323,,
D7342,sandyhighfield,,
D7343,Ann Bauer,,
D7344,Puddski,,
D7345,Smurf It Up Podcast,,
D7346,simbathesnotnosedog,,
D7347,Mike Zavalanski,,
D7348,Never Mind,,
D7349,Gary Deinhard,,
D7350,Mr. Baker,,
D7351,mario roldan garcia,,
D7352,David Schoeps,,
D7353,pd-,,
D7354,Tinamarie🇺🇲🌊,,
D7355,Preston Waters (Blue check mark),,
D7356,Steffen Pflug,,
D7357,Marian,,
D7358,torquedoctor,,
D7359,Sleepwalker66,,
D7360,Cliff,,
D7361,Rochellemaryn 🌹🕊️,,
D7362,Log Home Mom and Dad,,
D7363,American Brown Chick,,
D7364,Drumblebum,,
D7365,Jo🌪,,
D7366,Pvenuti,,
D7367,🔥👊🏼💥ӀƬ'Տ_❤︎︎ᗰᗩGᗩ❤︎︎_ƁӀƬƇӇҼՏ💥👊🏼🔥,,
D7368,Joanne Wood,,
D7369,Ginger Kirby,,
D7370,Khashoggi’s Ghost 🇺🇦🌻,,
D7371,Jonny,,
D7372,JF 🇺🇲🇸🇻🇬🇹,,
D7373,JJTLOCO3,,
D7374,Publius Valerius Publicola,,
D7375,Doreen Ciccone,,
D7376,I’m Mimi,,
D7377,Mark Cowley,,
D7378,Ibrahim Reyes,,
D7379,JTG,,
D7380,capitalistms,,
D7381,Voice Of Valor,,
D7382,msm =🗑️,,
D7383,Donna Jurado,,
D7384,Bobby Fesser,,
D7385,let the hunger games begin,,
D7386,Lisimba,,
D7387,Buffering,,
D7388,Golly77,,
D7389,Khemi,,
D7390,Regular American,,
D7391,Phat Brain,,
D7392,JustDan,,
D7393,ChicagoBlackhawks1,,
D7394,CaptnAutismo🇦🇺,,
D7395,🐈i🇺🇸,,
D7396,Vicente,,
D7397,Tony Le,,
D7398,MikeMac,,
D7399,K3LCountry⬆️Party🦅,,
D7400,colleen,,
D7401,Scotty V.,,
D7402,Klondog,,
D7403,Jeremy Gayler,,
D7404,Mama Cloud,,
D7405,MikeD,,
D7406,Golden Age Patriot,,
D7407,Indigo Soul June,,
D7408,ZV-Esteeb: Deo vindice!,,
D7409,Westgirl2,,
D7410,Vidian 🏴‍☠️🌪,,
D7411,Eric Lyons,,
D7412,that-guy,,
D7413,Jake Smith,,
D7414,Me,,
D7415,Rocks and Cows Against Tim Walz,,
D7416,Thomas Lawler,,
D7417,Steven McTowelie 🇺🇸,,
D7418,Anthony Spano,,
D7419,Corpo Scribe,,
D7420,Toughest Rooster in LetterKenny,,
D7421,Albert Latham,,
D7422,Bruce Wood,,
D7423,honoredebalzac,,
D7424,Techzodia,,
D7425,Dangerusman,,
D7426,Jan Marie,,
D7427,Russian bot 🇺🇸,,
D7428,Richard Jones,,
D7429,Megaphone Without Permit,,
D7430,Truth Reports 🇺🇸,,
D7431,The Coprolitesmith,,
D7432,Sandyfeet,,
D7433,MingieBret,,
D7434,democratsarecriminals,,
D7435,Philafan Selby,,
D7436,Im Just Looking For My Watch 🦬,,
D7437,AmericaFirst,,
D7438,Schottelkotte,,
D7439,❌ AmPatriot ❌,,
D7440,Q (Joe Jones),,
D7441,Deplorable Native American,,
D7442,joey,,
D7443,CaptainAmerica,,
D7444,DanishAmerican Warrior,,
D7445,wil@64469,,
D7446,Reeee!NICKulous,,
D7447,Janeth vargas,,
D7448,Hardtrialrun,,
D7449,Jason Webster,,
D7450,SeekerOfTruth42,,
D7451,Freaks Everywhere,,
D7452,Nitra X 金属花 🤘,,
D7453,Charburger,,
D7454,PermianLigand,,
D7455,Gary Basnett,,
D7456,The SITREP Podcast,,
D7457,T.Roll de Ouso,,
D7458,Shelly Siddoway,,
D7459,Camille Lean,,
D7460,EmAzRN 🇺🇸,,
D7461,Seriously,,
D7462,Kathy Hochul Press Release (Parody),,
D7463,The Math Master,,
D7464,RMS💙 Constitutional Patriot - Save Democracy,,
D7465,Skyscraper,,
D7466,Garbo72,,
D7467,Thomas Collins,,
D7468,Afrolatina-Unfiltered,,
D7469,DaveO,,
D7470,ethan smith,,
D7471,Bill Eldredge,,
D7472,NoCountryForLibs,,
D7473,t.gwenn,,
D7474,Marco Zaragoza 🇺🇸🇲🇽,,
D7475,Dave Jetman,,
D7476,Great Awakening,,
D7477,Avspook 👻,,
D7478,tim mason,,
D7479,🇺🇸 Sandy Beach 🇺🇸,,
D7480,Franck,,
D7481,Dominic Jackson (Business & Financial Coach),,
D7482,🍀Beth🍀,,
D7483,Star News,,
D7484,The Never Mind Girl,,
D7485,babette,,
D7486,Kit Wellington,,
D7487,Joyreaper,,
D7488,Jeanjean,,
D7489,knowitall,,
D7490,ᴛʜᴇ ᴅᴜᴅᴇ,,
D7491,tommyboy,,
D7492,NoHoldsBarred2,,
D7493,Erick Park,,
D7494,Crow,,
D7495,RHperc,,
D7496,Dani,,
D7497,Toell Nemesis,,
D7498,"Backfrom""banning""",,
D7499,Jason cummins,,
D7500,Aim,,
D7501,Francesca Garfield,,
D7502,Christina H,,
D7503,LUI$ 🦸🏻‍♂️,,
D7504,Free 🍝 Pasta 🍝 Line ✡️🇮🇱,,
D7505,Joseph Masini 🇺🇸👷‍♂️,,
D7506,Ex liberal,,
D7507,Edna Phillips,,
D7508,Ned,,
D7509,The Hoffman Lenses,,
D7510,B,,
D7511,SOMEONE,,
D7512,Jeffro Bodeen,,
D7513,JD’s burner,,
D7514,TheWetBeaver,,
D7515,Elena Corti,,
D7516,SketchDanger,,
D7517,ClearlyCanadian🇨🇦,,
D7518,Brea Trant,,
D7519,Tony,,
D7520,Brooke,,
D7521,MAGA Mimi 🇺🇸,,
D7522,#CapTimMess☮️,,
D7523,MAGACatDaddy,,
D7524,Edwin Davison Jr,,
D7525,Greg Speicher,,
D7526,Bourbon Moon. 🥃🌕 XY.,,
D7527,Russ Hogie🇺🇸ULTRA MAGA🇺🇲TRUMP2024,,
D7528,WYATT EARP™️🇨🇦🇺🇸,,
D7529,I'm not a political tool.,,
D7530,Dr McQueen Lady She,,
D7531,Leep,,
D7532,Dave Millar,,
D7533,Zoey dog,,
D7534,jjmd,,
D7535,Do Not Enter,,
D7536,Ken  Sessoms,,
D7537,Barbara Hendrick,,
D7538,Shalom,,
D7539,KH,,
D7540,Neil Axelrod 🇺🇸,,
D7541,TT,,
D7542,Maria Lynn,,
D7543,round2,,
D7544,Glenn Watts,,
D7545,Daniel Karbowitz,,
D7546,linhares.og,,
D7547,MAGA JEFF,,
D7548,CTTT Will,,
D7549,Michael Hobb,,
D7550,Kathleen Wood,,
D7551,Towelie,,
D7552,Kellie 🇺🇸,,
D7553,madmaxbeyondthebs2,,
D7554,✝️🥛Milk Drinker🥛,,
D7555,Carl Wheless,,
D7556,#GodWinsALWAYS🐸🇺🇸,,
D7557,Stretch,,
D7558,NoWorldOrder,,
D7559,br0therj0e,,
D7560,Andy Allen,,
D7561,DukeDaily5 with Horror Movies,,
D7562,Brenda Jess,,
D7563,asssad hadeeer,,
D7564,🇺🇸Brett🇺🇸,,
D7565,blairmc,,
D7566,Cheryl Lynch,,
D7567,Cal Dean,,
D7568,WRM,,
D7569,Fantasy Maestro,,
D7570,Houdini1000,,
D7571,Jim Sullivan,,
D7572,"Jere, there and everywhere",,
D7573,Don Suda,,
D7574,Noah Wylie,,
D7575,Robin Sorensen,,
D7576,Bris Records,,
D7577,Don’t M8,,
D7578,Wisdom.,,
D7579,Holly Hulu,,
D7580,🇺🇸Mike🇺🇸,,
D7581,JLee,,
D7582,BaBaJewey,,
D7583,Kelly Ellis,,
D7584,Disciple M,,
D7585,Jimmy Kreie,,
D7586,judiek,,
D7587,What Goes Around Comes Around,,
D7588,Sharron Steele,,
D7589,Nendail Smith,,
D7590,Kitch,,
D7591,"i know this is a real weird take, but",,
D7592,Charlie Uniform Charlie Kilo,,
D7593,MAGA_Jeff1776,,
D7594,Allen (An alien),,
D7595,sethtrill,,
D7596,Hugh Jorgen,,
D7597,D'yer Mak'er,,
D7598,Justin Haliday 🇺🇸,,
D7599,lynn skurka,,
D7600,End The Agenda,,
D7601,Warren,,
D7602,Alexander Wynn,,
D7603,Connie,,
D7604,Rick Dean,,
D7605,Free bro,,
D7606,DEEZ🥜,,
D7607,Bruce E Keeler,,
D7608,Cat Lou May 🇺🇸🦅,,
D7609,X Tigerizer,,
D7610,Krista Rich,,
D7611,Bluedog76,,
D7612,Skipper the Kitty,,
D7613,Mike G Dorsett,,
D7614,FSB,,
D7615,Andrew John-Edwin Anderdom,,
D7616,Jeff Regan,,
D7617,Graham,,
D7618,alipibra,,
D7619,Greg Hardwick,,
D7620,Regina Connell,,
D7621,VICIOUS_RESULTS,,
D7622,Michael Bischel,,
D7623,Em Bays,,
D7624,Evander lopez,,
D7625,Eva,,
D7626,PrettiestFreeMind🦋,,
D7627,Juanito Bandito,,
D7628,Farrell,,
D7629,Naira Diary,,
D7630,Arkansas Gal,,
D7631,SpiceyPatriotReal,,
D7632,Kristopher Heenk,,
D7633,Memow 2020,,
D7634,Edwin,,
D7635,Zeke Mazilli,,
D7636,Leoncio👁️,,
D7637,Curtis Bailey,,
D7638,netcit,,
D7639,Debra Guild,,
D7640,Freckle Face,,
D7641,mtb mike @fredsparky,,
D7642,God + Trump + Patriots Save USA,,
D7643,RealVinnieJames,,
D7644,jacpton.bluesky.social,,
D7645,Corey B.,,
D7646,Trade 2 Win,,
D7647,Thomas Morris,,
D7648,Problematik,,
D7649,Blaise MacNEIL,,
D7650,CherylAJudy,,
D7651,Fawn Hoang,,
D7652,Talks a bit,,
D7653,Jerry Miller,,
D7654,Dm 714,,
D7655,Southern By Choice,,
D7656,Gerd Hansma,,
D7657,Naliq Aula,,
D7658,TheGrandeTop10☀️,,
D7659,🍞Yeetbread🍞,,
D7660,Darlene Horton,,
D7661,Amy Hartung,,
D7662,CAPT FLASH,,
D7663,eyes_of_texas🤘🏻,,
D7664,Slinky,,
D7665,Arizonaisred,,
D7666,The True Corrective (Patrick),,
D7667,msteresa1987,,
D7668,Steve West,,
D7669,Adrian.Demery.Jr,,
D7670,Karl Elander 👨🤝👩,,
D7671,Lore,,
D7672,donna burwell,,
D7673,Michele 🇺🇸,,
D7674,jt russell,,
D7675,AJinMN,,
D7676,Shelly Byrnes,,
D7677,Ricky Mac,,
D7678,Spegrogy 🔆🌹🇵🇸🇺🇦🇹🇼🇦🇲⚖️🌲,,
D7679,Fighting Liberal🇺🇸🌈🌊🌊🌊🇺🇦🇺🇸,,
D7680,Jean,,
D7681,diamondgirl,,
D7682,SotanodeJose🇺🇸🙏🇺🇸🗽🎃,,
D7683,RLLANDERS,,
D7684,passionatemom,,
D7685,Ray Foss,,
D7686,SOS,,
D7687,Ash,,
D7688,preshdera,,
D7689,Patti Putko,,
D7690,Corey Hawk,,
D7691,Cole Oshtamebaghe,,
D7692,N l,,
D7693,I HATE TIM WALZ,,
D7694,Sumo Magoomo,,
D7695,Mind Your Memes,,
D7696,Resister Sister,,
D7697,ouidafrazer,,
D7698,Jennifer Davis aka garbage deplorable #notwithher,,
D7699,CMartinez,,
D7700,Bluegin,,
D7701,@MsLillie,,
D7702,Libhyps,,
D7703,Beantown (Angry Abe),,
D7704,Mass Minuteman,,
D7705,i aint wrong,,
D7706,Unwoke Heather,,
